seq,send_ns,recv_ns,latency_ms,jitter_us,pkt_size
0,1000000000000,1000006953124,6.953124,88.2,128
1,1000001000000,1000005195545,4.195545,-31.03,128
2,1000002000000,1000006528600,4.528601,-121.63,128
3,1000003000000,1000008460971,5.460972,-137.3,128
4,1000004000000,1000010373154,6.373155,162.64,128
5,1000005000000,1000010765827,5.765827,-169.16,128
6,1000006000000,1000009596704,3.596704,-347.71,128
7,1000007000000,1000012387575,5.387575,-150.7,128
8,1000008000000,1000015145285,7.145286,124.72,128
9,1000009000000,1000016146122,7.146123,395.04,128
10,1000010000000,1000016762328,6.762329,87.68,128
11,1000011000000,1000015012433,4.012433,67.46,128
12,1000012000000,1000016747704,4.747704,608.53,128
13,1000013000000,1000018926932,5.926932,16.46,128
14,1000014000000,1000018435249,4.43525,195.1,128
15,1000015000000,1000020300918,5.300919,-169.43,128
16,1000016000000,1000021296088,5.296089,-190.13,128
17,1000017000000,1000021366906,4.366906,-17.76,128
18,1000018000000,1000025190526,7.190526,149.09,128
19,1000019000000,1000024058422,5.058422,459.99,128
20,1000020000000,1000024212108,4.212109,-117.49,128
21,1000021000000,1000024338504,3.338505,116.57,128
22,1000022000000,1000027588272,5.588273,-213.17,128
23,1000023000000,1000026920226,3.920226,-28.09,128
24,1000024000000,1000029200616,5.200617,461.43,128
25,1000025000000,1000029052262,4.052262,-265.54,128
26,1000026000000,1000030161549,4.161549,-464.66,128
27,1000027000000,1000031142352,4.142352,338.27,128
28,1000028000000,1000033539642,5.539643,-53.45,128
29,1000029000000,1000034680901,5.680901,183.81,128
30,1000030000000,1000033514076,3.514077,-30.83,128
31,1000031000000,1000037798398,6.798399,15.74,128
32,1000032000000,1000037890841,5.890842,80.52,128
33,1000033000000,1000038144206,5.144207,-177.09,128
34,1000034000000,1000041715313,7.715313,-171.6,128
35,1000035000000,1000038605972,3.605972,-206.67,128
36,1000036000000,1000040423874,4.423875,-465.92,128
37,1000037000000,1000040677038,3.677038,172.07,128
38,1000038000000,1000045292912,7.292913,208.94,128
39,1000039000000,1000046219019,7.21902,-295.17,128
40,1000040000000,1000043833112,3.833113,-276.11,128
41,1000041000000,1000045553340,4.553341,125.2,128
42,1000042000000,1000047031763,5.031763,-115.54,128
43,1000043000000,1000047839706,4.839707,-250.08,128
44,1000044000000,1000049125874,5.125874,381.54,128
45,1000045000000,1000051229848,6.229849,404.23,128
46,1000046000000,1000050465853,4.465853,-50.28,128
47,1000047000000,1000051874989,4.874989,-134.43,128
48,1000048000000,1000052773344,4.773344,253.42,128
49,1000049000000,1000052803291,3.803291,124.66,128
50,1000050000000,1000054381246,4.381247,198.74,128
51,1000051000000,1000055024221,4.024221,168.63,128
52,1000052000000,1000057454480,5.45448,322.38,128
53,1000053000000,1000055599369,2.599369,29.3,128
54,1000054000000,1000058350100,4.3501,283.6,128
55,1000055000000,1000058806023,3.806024,626.9,128
56,1000056000000,1000062311351,6.311351,-211.2,128
57,1000057000000,1000060744099,3.744099,74.31,128
58,1000058000000,1000062246661,4.246662,29.1,128
59,1000059000000,1000062575549,3.57555,-479.06,128
60,1000060000000,1000065373370,5.373371,-58.36,128
61,1000061000000,1000065448369,4.44837,-676.29,128
62,1000062000000,1000066279099,4.279099,175.64,128
63,1000063000000,1000066756215,3.756216,-26.34,128
64,1000064000000,1000071214544,7.214545,-687.03,128
65,1000065000000,1000068554531,3.554532,157.04,128
66,1000066000000,1000071828144,5.828144,334.75,128
67,1000067000000,1000071062697,4.062698,259.83,128
68,1000068000000,1000073323023,5.323024,35.12,128
69,1000069000000,1000074762558,5.762559,315.27,128
70,1000070000000,1000075799091,5.799092,-148.55,128
71,1000071000000,1000075120567,4.120567,209.98,128
72,1000072000000,1000075850478,3.850478,-260.91,128
73,1000073000000,1000078791282,5.791283,362.62,128
74,1000074000000,1000082676567,8.676568,215.25,128
75,1000075000000,1000080616041,5.616041,-138.23,128
76,1000076000000,1000079713564,3.713565,-126.65,128
77,1000077000000,1000082045604,5.045605,776.53,128
78,1000078000000,1000083365395,5.365395,602.26,128
79,1000079000000,1000085163392,6.163393,186.69,128
80,1000080000000,1000086365541,6.365541,-136.59,128
81,1000081000000,1000085910327,4.910327,101.34,128
82,1000082000000,1000088927823,6.927823,8.25,128
83,1000083000000,1000088342581,5.342581,-297.03,128
84,1000084000000,1000088537377,4.537378,29.71,128
85,1000085000000,1000092569962,7.569963,-224.83,128
86,1000086000000,1000093818876,7.818876,32.29,128
87,1000087000000,1000093926574,6.926575,-8.23,128
88,1000088000000,1000094222354,6.222354,156.21,128
89,1000089000000,1000093071376,4.071376,-97.95,128
90,1000090000000,1000095898224,5.898225,426.87,128
91,1000091000000,1000096236338,5.236338,87.73,128
92,1000092000000,1000097593757,5.593758,15.09,128
93,1000093000000,1000096735254,3.735254,355.1,128
94,1000094000000,1000098022626,4.022626,212.98,128
95,1000095000000,1000101071662,6.071663,123.65,128
96,1000096000000,1000102542761,6.542762,562.66,128
97,1000097000000,1000102050303,5.050303,114.6,128
98,1000098000000,1000102060411,4.060412,-404.88,128
99,1000099000000,1000103544064,4.544064,162.92,128
100,1000100000000,1000103653725,3.653726,-319.9,128
101,1000101000000,1000105822642,4.822642,-29.79,128
102,1000102000000,1000106967692,4.967692,-275.24,128
103,1000103000000,1000109204299,6.204299,86.05,128
104,1000104000000,1000108978148,4.978149,-203.34,128
105,1000105000000,1000110830998,5.830998,283.69,128
106,1000106000000,1000110656429,4.65643,32.25,128
107,1000107000000,1000112479789,5.479789,-213.07,128
108,1000108000000,1000112992767,4.992767,-0.17,128
109,1000109000000,1000115032613,6.032614,131.66,128
110,1000110000000,1000114785571,4.785572,-398.37,128
111,1000111000000,1000116347613,5.347613,52.58,128
112,1000112000000,1000115617381,3.617381,-130.5,128
113,1000113000000,1000117855622,4.855623,-241.73,128
114,1000114000000,1000118050188,4.050188,-289.07,128
115,1000115000000,1000120245369,5.245369,3.01,128
116,1000116000000,1000121676656,5.676656,100.81,128
117,1000117000000,1000120971130,3.97113,116.01,128
118,1000118000000,1000124385532,6.385532,-126.29,128
119,1000119000000,1000123501432,4.501433,43.22,128
120,1000120000000,1000127051815,7.051815,-66.26,128
121,1000121000000,1000127045980,6.045981,247.42,128
122,1000122000000,1000126621612,4.621613,79.9,128
123,1000123000000,1000125959552,2.959552,-144.46,128
124,1000124000000,1000127661870,3.661871,287.78,128
125,1000125000000,1000129160039,4.16004,-114.12,128
126,1000126000000,1000130088341,4.088341,457.51,128
127,1000127000000,1000132753261,5.753261,-370.02,128
128,1000128000000,1000134043977,6.043977,13.69,128
129,1000129000000,1000134029972,5.029973,-129.05,128
130,1000130000000,1000135081189,5.081189,169.77,128
131,1000131000000,1000137527601,6.527601,-545.4,128
132,1000132000000,1000136314285,4.314285,-33.22,128
133,1000133000000,1000136651970,3.651971,38.24,128
134,1000134000000,1000138529457,4.529458,-260.36,128
135,1000135000000,1000141027094,6.027094,-20.01,128
136,1000136000000,1000141578641,5.578641,540.21,128
137,1000137000000,1000141952573,4.952573,-250.74,128
138,1000138000000,1000143134349,5.13435,561.88,128
139,1000139000000,1000142643479,3.64348,-422.35,128
140,1000140000000,1000143939780,3.93978,72.77,128
141,1000141000000,1000145291812,4.291812,-335.05,128
142,1000142000000,1000147289647,5.289647,-303.85,128
143,1000143000000,1000151035321,8.035322,135.06,128
144,1000144000000,1000149550489,5.55049,-149.02,128
145,1000145000000,1000149218461,4.218461,-242.84,128
146,1000146000000,1000150908905,4.908905,-93.09,128
147,1000147000000,1000154027752,7.027752,-226.82,128
148,1000148000000,1000151920777,3.920778,-514.45,128
149,1000149000000,1000154861619,5.86162,384.31,128
150,1000150000000,1000154186502,4.186503,-132.65,128
151,1000151000000,1000155145410,4.14541,-325.03,128
152,1000152000000,1000156319481,4.319482,-201.75,128
153,1000153000000,1000157863218,4.863218,60.06,128
154,1000154000000,1000158297478,4.297478,-220.18,128
155,1000155000000,1000159841241,4.841242,373.43,128
156,1000156000000,1000164151021,8.151022,241.88,128
157,1000157000000,1000162075475,5.075476,-48.53,128
158,1000158000000,1000162972837,4.972837,44.81,128
159,1000159000000,1000164337174,5.337174,222.66,128
160,1000160000000,1000166624114,6.624114,10.47,128
161,1000161000000,1000166261669,5.261669,-127.65,128
162,1000162000000,1000166789189,4.78919,-199.52,128
163,1000163000000,1000168461945,5.461945,-57.63,128
164,1000164000000,1000169831539,5.83154,-200.84,128
165,1000165000000,1000170389370,5.38937,-405.79,128
166,1000166000000,1000169701934,3.701935,130.97,128
167,1000167000000,1000174249493,7.249494,-53.88,128
168,1000168000000,1000173452651,5.452651,-56.44,128
169,1000169000000,1000174402665,5.402666,-47.11,128
170,1000170000000,1000177301832,7.301832,-105.8,128
171,1000171000000,1000177529647,6.529647,358.87,128
172,1000172000000,1000178206926,6.206927,-539.23,128
173,1000173000000,1000178568213,5.568213,-136.35,128
174,1000174000000,1000181364495,7.364495,45.57,128
175,1000175000000,1000179632713,4.632713,-109.45,128
176,1000176000000,1000182905633,6.905634,387.28,128
177,1000177000000,1000181243595,4.243595,1.22,128
178,1000178000000,1000181971425,3.971425,-164.48,128
179,1000179000000,1000186446613,7.446614,-463.21,128
180,1000180000000,1000185756552,5.756552,201.44,128
181,1000181000000,1000185673547,4.673547,-146.04,128
182,1000182000000,1000187300800,5.300801,-32.07,128
183,1000183000000,1000187628277,4.628278,-45.49,128
184,1000184000000,1000187608019,3.60802,254.58,128
185,1000185000000,1000190310594,5.310595,-140.49,128
186,1000186000000,1000190604732,4.604733,328.51,128
187,1000187000000,1000191883468,4.883469,-252.69,128
188,1000188000000,1000194895140,6.895141,29.16,128
189,1000189000000,1000194337193,5.337193,895.08,128
190,1000190000000,1000195011284,5.011284,-119.92,128
191,1000191000000,1000194494150,3.494151,-359.69,128
192,1000192000000,1000196152136,4.152137,327.46,128
193,1000193000000,1000197955998,4.955998,-113.87,128
194,1000194000000,1000199770829,5.770829,48.28,128
195,1000195000000,1000201069698,6.069699,-287.52,128
196,1000196000000,1000200602939,4.60294,-42.68,128
197,1000197000000,1000201274499,4.274499,-635.72,128
198,1000198000000,1000202193167,4.193167,-612.27,128
199,1000199000000,1000203971144,4.971145,-3.17,128
200,1000200000000,1000203797166,3.797167,-251.38,128
201,1000201000000,1000208516509,7.51651,128.75,128
202,1000202000000,1000207067522,5.067523,-421.44,128
203,1000203000000,1000208138707,5.138707,-611.57,128
204,1000204000000,1000209976422,5.976423,-207.49,128
205,1000205000000,1000210476149,5.47615,347.53,128
206,1000206000000,1000211720205,5.720205,322.04,128
207,1000207000000,1000212934368,5.934369,-447.2,128
208,1000208000000,1000214933653,6.933653,-337.88,128
209,1000209000000,1000213501074,4.501074,-223.68,128
210,1000210000000,1000215289619,5.289619,577.79,128
211,1000211000000,1000219015486,8.015487,522.0,128
212,1000212000000,1000218157293,6.157293,-25.95,128
213,1000213000000,1000216706202,3.706202,613.55,128
214,1000214000000,1000219289928,5.289929,105.0,128
215,1000215000000,1000219868139,4.868139,35.84,128
216,1000216000000,1000221528703,5.528703,262.75,128
217,1000217000000,1000222442808,5.442808,25.42,128
218,1000218000000,1000222992757,4.992758,-370.65,128
219,1000219000000,1000224179508,5.179509,251.29,128
220,1000220000000,1000225689140,5.689141,211.17,128
221,1000221000000,1000226600200,5.600201,-44.54,128
222,1000222000000,1000227664885,5.664885,-299.58,128
223,1000223000000,1000228567521,5.567521,335.57,128
224,1000224000000,1000228805911,4.805912,286.16,128
225,1000225000000,1000231552310,6.552311,617.07,128
226,1000226000000,1000230815598,4.815599,407.12,128
227,1000227000000,1000231827897,4.827897,-56.7,128
228,1000228000000,1000234731984,6.731985,-47.1,128
229,1000229000000,1000237886426,8.886426,51.5,128
230,1000230000000,1000235543039,5.543039,72.56,128
231,1000231000000,1000236019183,5.019183,78.72,128
232,1000232000000,1000237538118,5.538119,188.28,128
233,1000233000000,1000239386595,6.386595,193.05,128
234,1000234000000,1000238556241,4.556241,-135.02,128
235,1000235000000,1000240572810,5.572811,48.76,128
236,1000236000000,1000243964304,7.964305,-187.84,128
237,1000237000000,1000241504858,4.504859,-9.2,128
238,1000238000000,1000244197940,6.19794,-681.98,128
239,1000239000000,1000246553012,7.553013,-412.68,128
240,1000240000000,1000245032313,5.032314,-96.23,128
241,1000241000000,1000246753489,5.75349,300.12,128
242,1000242000000,1000246087843,4.087844,334.21,128
243,1000243000000,1000250008900,7.0089,-471.0,128
244,1000244000000,1000251939240,7.93924,-55.65,128
245,1000245000000,1000251476785,6.476786,-193.72,128
246,1000246000000,1000250498616,4.498617,259.34,128
247,1000247000000,1000253083913,6.083913,18.9,128
248,1000248000000,1000253438833,5.438833,379.13,128
249,1000249000000,1000255503538,6.503538,-161.15,128
250,1000250000000,1000254718346,4.718347,167.79,128
251,1000251000000,1000257047636,6.047637,240.38,128
252,1000252000000,1000255667403,3.667403,-563.12,128
253,1000253000000,1000259515099,6.515099,209.01,128
254,1000254000000,1000257844593,3.844594,158.1,128
255,1000255000000,1000259784880,4.784881,365.1,128
256,1000256000000,1000261539694,5.539695,-173.1,128
257,1000257000000,1000261845596,4.845597,12.29,128
258,1000258000000,1000262670937,4.670938,49.58,128
259,1000259000000,1000265342635,6.342635,-42.73,128
260,1000260000000,1000265001898,5.001898,106.86,128
261,1000261000000,1000265914098,4.914098,131.89,128
262,1000262000000,1000266493211,4.493211,-189.55,128
263,1000263000000,1000267485938,4.485939,320.07,128
264,1000264000000,1000268281565,4.281565,105.59,128
265,1000265000000,1000271566796,6.566796,-14.56,128
266,1000266000000,1000273555102,7.555103,-92.42,128
267,1000267000000,1000271879669,4.879669,-388.42,128
268,1000268000000,1000274373889,6.37389,4.58,128
269,1000269000000,1000274217628,5.217629,-81.65,128
270,1000270000000,1000273804295,3.804295,-268.62,128
271,1000271000000,1000274418263,3.418263,-46.9,128
272,1000272000000,1000277233443,5.233444,330.53,128
273,1000273000000,1000278141589,5.141589,225.56,128
274,1000274000000,1000280461177,6.461178,-35.38,128
275,1000275000000,1000279864937,4.864937,-74.81,128
276,1000276000000,1000281566023,5.566023,46.53,128
277,1000277000000,1000280340115,3.340116,-197.39,128
278,1000278000000,1000282980333,4.980333,4.88,128
279,1000279000000,1000283453582,4.453582,-236.91,128
280,1000280000000,1000285361440,5.361441,69.76,128
281,1000281000000,1000287688975,6.688976,-210.72,128
282,1000282000000,1000287875601,5.875601,-120.02,128
283,1000283000000,1000288909454,5.909455,-310.89,128
284,1000284000000,1000289030996,5.030997,23.02,128
285,1000285000000,1000289935427,4.935427,-389.35,128
286,1000286000000,1000290068053,4.068053,157.67,128
287,1000287000000,1000292407048,5.407048,-129.84,128
288,1000288000000,1000292471184,4.471185,-499.84,128
289,1000289000000,1000294297675,5.297676,328.25,128
290,1000290000000,1000295345727,5.345728,-460.35,128
291,1000291000000,1000295185140,4.185141,-247.01,128
292,1000292000000,1000295595538,3.595539,-524.33,128
293,1000293000000,1000296868169,3.868169,288.27,128
294,1000294000000,1000298902025,4.902026,159.97,128
295,1000295000000,1000299835357,4.835358,-52.71,128
296,1000296000000,1000300242193,4.242194,41.14,128
297,1000297000000,1000302437938,5.437939,330.78,128
298,1000298000000,1000303452877,5.452877,19.81,128
299,1000299000000,1000306971599,7.971599,23.92,128
300,1000300000000,1000305359841,5.359841,-58.34,128
301,1000301000000,1000306972964,5.972965,384.74,128
302,1000302000000,1000306547173,4.547174,-179.15,128
303,1000303000000,1000306385230,3.385231,599.74,128
304,1000304000000,1000309354243,5.354243,2.68,128
305,1000305000000,1000310108843,5.108843,-202.36,128
306,1000306000000,1000312090125,6.090126,26.87,128
307,1000307000000,1000311932231,4.932232,-285.37,128
308,1000308000000,1000312858468,4.858469,184.74,128
309,1000309000000,1000316030901,7.030902,-39.05,128
310,1000310000000,1000314118718,4.118719,-648.38,128
311,1000311000000,1000317045851,6.045851,-312.63,128
312,1000312000000,1000317159427,5.159427,-15.25,128
313,1000313000000,1000318160975,5.160976,2.56,128
314,1000314000000,1000319054947,5.054947,-16.99,128
315,1000315000000,1000317887486,2.887487,46.3,128
316,1000316000000,1000321345423,5.345424,-328.09,128
317,1000317000000,1000321442846,4.442847,300.9,128
318,1000318000000,1000321488066,3.488067,-262.5,128
319,1000319000000,1000323947868,4.947868,-98.9,128
320,1000320000000,1000325344896,5.344897,-203.04,128
321,1000321000000,1000326610619,5.610619,-33.9,128
322,1000322000000,1000327629094,5.629095,-312.07,128
323,1000323000000,1000327948502,4.948503,-70.73,128
324,1000324000000,1000327943196,3.943197,-253.33,128
325,1000325000000,1000330706070,5.706071,-53.32,128
326,1000326000000,1000331581962,5.581963,153.22,128
327,1000327000000,1000331964593,4.964594,-181.22,128
328,1000328000000,1000333175342,5.175343,7.78,128
329,1000329000000,1000335503454,6.503454,59.13,128
330,1000330000000,1000335341689,5.34169,453.69,128
331,1000331000000,1000334263579,3.26358,-106.57,128
332,1000332000000,1000336352572,4.352572,167.27,128
333,1000333000000,1000337607911,4.607912,-414.89,128
334,1000334000000,1000338001449,4.001449,-185.35,128
335,1000335000000,1000339446547,4.446547,-3.9,128
336,1000336000000,1000340866038,4.866038,-164.51,128
337,1000337000000,1000340839749,3.83975,-417.39,128
338,1000338000000,1000342895985,4.895986,-388.79,128
339,1000339000000,1000344878610,5.87861,-325.12,128
340,1000340000000,1000344005238,4.005239,-419.15,128
341,1000341000000,1000346237238,5.237239,8.66,128
342,1000342000000,1000346559645,4.559646,-22.85,128
343,1000343000000,1000347293209,4.293209,-562.31,128
344,1000344000000,1000350015738,6.015739,133.47,128
345,1000345000000,1000349692893,4.692894,38.97,128
346,1000346000000,1000352176885,6.176886,-263.68,128
347,1000347000000,1000353110037,6.110038,-298.89,128
348,1000348000000,1000351942430,3.94243,28.11,128
349,1000349000000,1000353145681,4.145681,346.59,128
350,1000350000000,1000354178800,4.1788,-138.64,128
351,1000351000000,1000355621832,4.621833,23.0,128
352,1000352000000,1000355508396,3.508397,120.88,128
353,1000353000000,1000357956957,4.956958,643.53,128
354,1000354000000,1000359505927,5.505927,173.37,128
355,1000355000000,1000359221374,4.221375,-417.29,128
356,1000356000000,1000360122027,4.122028,-134.46,128
357,1000357000000,1000362583601,5.583601,-629.71,128
358,1000358000000,1000362191550,4.191551,132.91,128
359,1000359000000,1000363774737,4.774737,262.19,128
360,1000360000000,1000367141674,7.141675,-92.71,128
361,1000361000000,1000364533724,3.533725,8.12,128
362,1000362000000,1000367240628,5.240629,-603.1,128
363,1000363000000,1000368025423,5.025424,89.6,128
364,1000364000000,1000369099279,5.099279,-344.4,128
365,1000365000000,1000368993198,3.993198,316.58,128
366,1000366000000,1000370400289,4.40029,-65.76,128
367,1000367000000,1000371866331,4.866331,-3.72,128
368,1000368000000,1000373679373,5.679374,-127.31,128
369,1000369000000,1000373482509,4.482509,266.36,128
370,1000370000000,1000376000042,6.000042,162.44,128
371,1000371000000,1000375860997,4.860998,-352.8,128
372,1000372000000,1000377277747,5.277747,122.54,128
373,1000373000000,1000379433235,6.433235,851.84,128
374,1000374000000,1000379457193,5.457193,-230.34,128
375,1000375000000,1000381030627,6.030627,-190.31,128
376,1000376000000,1000383191425,7.191425,-208.26,128
377,1000377000000,1000380846754,3.846755,193.73,128
378,1000378000000,1000385528486,7.528487,136.75,128
379,1000379000000,1000383634898,4.634899,11.18,128
380,1000380000000,1000383577565,3.577566,-194.26,128
381,1000381000000,1000386599389,5.59939,31.63,128
382,1000382000000,1000386737930,4.737931,370.32,128
383,1000383000000,1000388808689,5.80869,-384.06,128
384,1000384000000,1000387948635,3.948636,-610.19,128
385,1000385000000,1000391007060,6.00706,207.78,128
386,1000386000000,1000390958462,4.958463,65.43,128
387,1000387000000,1000391881095,4.881096,370.27,128
388,1000388000000,1000392466046,4.466047,-232.43,128
389,1000389000000,1000394004660,5.004661,221.28,128
390,1000390000000,1000395652770,5.652771,-638.52,128
391,1000391000000,1000396332321,5.332321,267.04,128
392,1000392000000,1000396506405,4.506405,137.07,128
393,1000393000000,1000400451029,7.451029,127.17,128
394,1000394000000,1000400153762,6.153762,308.23,128
395,1000395000000,1000400110583,5.110584,-493.83,128
396,1000396000000,1000400490243,4.490243,-281.2,128
397,1000397000000,1000403276207,6.276207,647.43,128
398,1000398000000,1000404889193,6.889193,359.92,128
399,1000399000000,1000403343959,4.343959,-253.37,128
400,1000400000000,1000404272176,4.272177,-13.45,128
401,1000401000000,1000406832111,5.832112,565.79,128
402,1000402000000,1000406897220,4.89722,-141.96,128
403,1000403000000,1000408026925,5.026925,-415.26,128
404,1000404000000,1000411250780,7.25078,256.47,128
405,1000405000000,1000409494558,4.494559,362.05,128
406,1000406000000,1000410430875,4.430876,-136.38,128
407,1000407000000,1000412248352,5.248352,-254.91,128
408,1000408000000,1000413454895,5.454896,-33.31,128
409,1000409000000,1000416194286,7.194286,16.0,128
410,1000410000000,1000415545488,5.545488,217.97,128
411,1000411000000,1000415563218,4.563219,528.62,128
412,1000412000000,1000416266523,4.266524,-30.61,128
413,1000413000000,1000417644302,4.644303,182.52,128
414,1000414000000,1000420023210,6.02321,-275.78,128
415,1000415000000,1000420473738,5.473738,-224.84,128
416,1000416000000,1000420991443,4.991444,-77.32,128
417,1000417000000,1000422200207,5.200208,-447.2,128
418,1000418000000,1000422685916,4.685916,92.24,128
419,1000419000000,1000424279379,5.279379,-277.13,128
420,1000420000000,1000423654046,3.654046,-70.5,128
421,1000421000000,1000426578232,5.578233,402.16,128
422,1000422000000,1000426316173,4.316173,-95.38,128
423,1000423000000,1000428320139,5.320139,281.83,128
424,1000424000000,1000429229108,5.229108,225.6,128
425,1000425000000,1000430414004,5.414004,-20.89,128
426,1000426000000,1000432418087,6.418088,414.07,128
427,1000427000000,1000431494816,4.494817,222.6,128
428,1000428000000,1000433992674,5.992675,-8.16,128
429,1000429000000,1000435359505,6.359505,-857.22,128
430,1000430000000,1000435843530,5.843531,78.22,128
431,1000431000000,1000434535023,3.535024,-216.42,128
432,1000432000000,1000436811970,4.81197,-337.89,128
433,1000433000000,1000436973788,3.973788,-396.86,128
434,1000434000000,1000437792361,3.792362,-14.4,128
435,1000435000000,1000440678133,5.678133,-13.62,128
436,1000436000000,1000442080511,6.080512,101.78,128
437,1000437000000,1000440722526,3.722526,-77.84,128
438,1000438000000,1000442086678,4.086679,-169.95,128
439,1000439000000,1000445044747,6.044748,-256.56,128
440,1000440000000,1000444928204,4.928205,-136.33,128
441,1000441000000,1000445182686,4.182686,204.31,128
442,1000442000000,1000446357884,4.357885,-51.68,128
443,1000443000000,1000447542838,4.542839,-238.27,128
444,1000444000000,1000447975193,3.975194,-508.54,128
445,1000445000000,1000449151925,4.151926,-88.01,128
446,1000446000000,1000451425252,5.425253,129.71,128
447,1000447000000,1000451847811,4.847812,174.75,128
448,1000448000000,1000451995184,3.995184,-129.94,128
449,1000449000000,1000454118380,5.118381,67.35,128
450,1000450000000,1000454742817,4.742817,-270.21,128
451,1000451000000,1000456239420,5.23942,-147.78,128
452,1000452000000,1000457467971,5.467971,-512.85,128
453,1000453000000,1000458397863,5.397863,204.64,128
454,1000454000000,1000459405470,5.405471,88.35,128
455,1000455000000,1000458222936,3.222937,62.44,128
456,1000456000000,1000461471118,5.471118,386.94,128
457,1000457000000,1000462443459,5.44346,338.14,128
458,1000458000000,1000462457947,4.457947,226.86,128
459,1000459000000,1000463585944,4.585944,-367.51,128
460,1000460000000,1000463984901,3.984902,250.15,128
461,1000461000000,1000464794044,3.794045,170.78,128
462,1000462000000,1000467642460,5.64246,199.84,128
463,1000463000000,1000468050011,5.050012,134.56,128
464,1000464000000,1000468935570,4.935571,-581.91,128
465,1000465000000,1000468914685,3.914685,-96.2,128
466,1000466000000,1000470307720,4.30772,-448.72,128
467,1000467000000,1000471135395,4.135395,-218.86,128
468,1000468000000,1000473093348,5.093349,-606.93,128
469,1000469000000,1000473920290,4.920291,30.45,128
470,1000470000000,1000475938659,5.93866,52.2,128
471,1000471000000,1000475789363,4.789363,-366.55,128
472,1000472000000,1000477261586,5.261587,384.72,128
473,1000473000000,1000478567460,5.56746,188.29,128
474,1000474000000,1000478991429,4.991429,130.99,128
475,1000475000000,1000479867714,4.867715,279.19,128
476,1000476000000,1000480689467,4.689468,-278.05,128
477,1000477000000,1000481936714,4.936715,-437.15,128
478,1000478000000,1000484311732,6.311733,-109.86,128
479,1000479000000,1000483016202,4.016203,11.58,128
480,1000480000000,1000484220337,4.220338,-445.23,128
481,1000481000000,1000486453631,5.453632,244.9,128
482,1000482000000,1000486349806,4.349806,299.88,128
483,1000483000000,1000487422821,4.422821,-151.44,128
484,1000484000000,1000490010523,6.010524,-540.42,128
485,1000485000000,1000489237113,4.237113,97.97,128
486,1000486000000,1000490470202,4.470202,396.75,128
487,1000487000000,1000491916119,4.916119,16.73,128
488,1000488000000,1000491883443,3.883444,355.73,128
489,1000489000000,1000493511989,4.511989,20.79,128
490,1000490000000,1000496882159,6.882159,-300.81,128
491,1000491000000,1000494424742,3.424742,105.34,128
492,1000492000000,1000495984925,3.984926,563.46,128
493,1000493000000,1000499270167,6.270167,485.11,128
494,1000494000000,1000498798708,4.798709,463.03,128
495,1000495000000,1000499564026,4.564026,144.93,128
496,1000496000000,1000500283857,4.283857,67.76,128
497,1000497000000,1000501785384,4.785385,-275.73,128
498,1000498000000,1000502748033,4.748033,289.57,128
499,1000499000000,1000504430491,5.430491,119.83,128
500,1000500000000,1000505793070,5.793071,412.49,128
501,1000501000000,1000504703516,3.703517,48.15,128
502,1000502000000,1000507250569,5.250569,-218.39,128
503,1000503000000,1000508920862,5.920862,-131.94,128
504,1000504000000,1000510280902,6.280903,-196.58,128
505,1000505000000,1000509577096,4.577097,-0.89,128
506,1000506000000,1000510517239,4.51724,291.74,128
507,1000507000000,1000511762207,4.762207,221.91,128
508,1000508000000,1000511088883,3.088884,-132.99,128
509,1000509000000,1000515770723,6.770723,-316.21,128
510,1000510000000,1000513890409,3.89041,-212.06,128
511,1000511000000,1000515247680,4.24768,-415.96,128
512,1000512000000,1000516674597,4.674597,-821.73,128
513,1000513000000,1000518567487,5.567487,157.42,128
514,1000514000000,1000519235537,5.235538,-768.55,128
515,1000515000000,1000520371457,5.371458,242.0,128
516,1000516000000,1000523307530,7.30753,-30.05,128
517,1000517000000,1000522022057,5.022058,47.95,128
518,1000518000000,1000521318435,3.318436,567.46,128
519,1000519000000,1000524096531,5.096532,-801.81,128
520,1000520000000,1000524042853,4.042853,-391.39,128
521,1000521000000,1000526666311,5.666311,117.25,128
522,1000522000000,1000527555778,5.555778,-78.67,128
523,1000523000000,1000527733793,4.733793,-127.4,128
524,1000524000000,1000529000269,5.000269,-655.36,128
525,1000525000000,1000529982057,4.982058,85.12,128
526,1000526000000,1000531726522,5.726523,133.11,128
527,1000527000000,1000532467527,5.467528,-385.09,128
528,1000528000000,1000533062254,5.062255,206.85,128
529,1000529000000,1000533359072,4.359073,-54.83,128
530,1000530000000,1000536772508,6.772508,-158.78,128
531,1000531000000,1000536514498,5.514499,-33.33,128
532,1000532000000,1000537269763,5.269764,284.98,128
533,1000533000000,1000539707429,6.707429,114.7,128
534,1000534000000,1000541229121,7.229121,117.7,128
535,1000535000000,1000539386500,4.3865,-84.15,128
536,1000536000000,1000543428920,7.428921,97.41,128
537,1000537000000,1000541869231,4.869232,104.93,128
538,1000538000000,1000545269792,7.269793,-12.89,128
539,1000539000000,1000543921477,4.921477,-266.37,128
540,1000540000000,1000546381993,6.381993,65.78,128
541,1000541000000,1000545678837,4.678838,452.05,128
542,1000542000000,1000547666645,5.666646,-91.27,128
543,1000543000000,1000546855856,3.855856,-37.95,128
544,1000544000000,1000549316738,5.316738,156.84,128
545,1000545000000,1000550301281,5.301282,81.79,128
546,1000546000000,1000552611062,6.611062,-36.91,128
547,1000547000000,1000552671019,5.671019,-592.68,128
548,1000548000000,1000553295719,5.295719,-231.57,128
549,1000549000000,1000554203383,5.203383,96.92,128
550,1000550000000,1000555906686,5.906687,-98.26,128
551,1000551000000,1000556293239,5.293239,-74.06,128
552,1000552000000,1000556123892,4.123892,220.92,128
553,1000553000000,1000558024274,5.024274,-0.59,128
554,1000554000000,1000558948870,4.94887,-163.24,128
555,1000555000000,1000560140189,5.140189,191.93,128
556,1000556000000,1000560947755,4.947756,132.28,128
557,1000557000000,1000562154320,5.15432,-117.47,128
558,1000558000000,1000564379803,6.379803,-618.96,128
559,1000559000000,1000563882644,4.882645,-314.87,128
560,1000560000000,1000564770351,4.770352,-212.23,128
561,1000561000000,1000568158035,7.158036,-187.13,128
562,1000562000000,1000566175497,4.175497,-204.18,128
563,1000563000000,1000568959388,5.959389,184.74,128
564,1000564000000,1000569028649,5.02865,405.01,128
565,1000565000000,1000569866331,4.866332,15.3,128
566,1000566000000,1000568950918,2.950918,412.65,128
567,1000567000000,1000571352951,4.352951,104.7,128
568,1000568000000,1000572943982,4.943983,170.41,128
569,1000569000000,1000573343052,4.343052,-144.48,128
570,1000570000000,1000573258951,3.258951,37.93,128
571,1000571000000,1000576793859,5.793859,-384.67,128
572,1000572000000,1000576363265,4.363266,-3.64,128
573,1000573000000,1000577802958,4.802959,58.68,128
574,1000574000000,1000579068164,5.068165,123.85,128
575,1000575000000,1000581490776,6.490777,41.0,128
576,1000576000000,1000581743241,5.743242,136.93,128
577,1000577000000,1000580483312,3.483313,-27.86,128
578,1000578000000,1000583481802,5.481802,18.78,128
579,1000579000000,1000582890614,3.890614,-159.86,128
580,1000580000000,1000584399033,4.399034,118.15,128
581,1000581000000,1000586757276,5.757276,-34.76,128
582,1000582000000,1000587311816,5.311817,-138.39,128
583,1000583000000,1000588481851,5.481852,172.18,128
584,1000584000000,1000589397205,5.397205,-309.25,128
585,1000585000000,1000591228245,6.228245,-381.86,128
586,1000586000000,1000591078095,5.078095,3.92,128
587,1000587000000,1000592731060,5.731061,-175.52,128
588,1000588000000,1000592360257,4.360258,187.74,128
589,1000589000000,1000592414844,3.414845,-373.0,128
590,1000590000000,1000595332699,5.332699,-598.74,128
591,1000591000000,1000595869742,4.869742,115.54,128
592,1000592000000,1000595774022,3.774023,-219.68,128
593,1000593000000,1000597215260,4.215261,-77.58,128
594,1000594000000,1000598971951,4.971952,-183.38,128
595,1000595000000,1000598231798,3.231799,-207.28,128
596,1000596000000,1000601515784,5.515785,80.36,128
597,1000597000000,1000601456654,4.456654,-82.62,128
598,1000598000000,1000604110025,6.110025,180.94,128
599,1000599000000,1000603358626,4.358627,220.06,128
600,1000600000000,1000606474531,6.474531,-227.58,128
601,1000601000000,1000606844494,5.844494,-329.38,128
602,1000602000000,1000607728599,5.728599,360.16,128
603,1000603000000,1000608819643,5.819644,442.63,128
604,1000604000000,1000607732416,3.732416,20.08,128
605,1000605000000,1000611042247,6.042248,-319.14,128
606,1000606000000,1000611724175,5.724176,-205.97,128
607,1000607000000,1000611580257,4.580257,-173.51,128
608,1000608000000,1000612223311,4.223311,154.13,128
609,1000609000000,1000613454130,4.454131,400.5,128
610,1000610000000,1000615033706,5.033707,180.46,128
611,1000611000000,1000616009672,5.009673,-258.53,128
612,1000612000000,1000617310198,5.310199,-391.58,128
613,1000613000000,1000618995652,5.995653,102.18,128
614,1000614000000,1000618202490,4.202491,-256.82,128
615,1000615000000,1000619806313,4.806314,-93.7,128
616,1000616000000,1000621325714,5.325714,334.05,128
617,1000617000000,1000622674288,5.674289,-133.06,128
618,1000618000000,1000621135040,3.135041,-250.54,128
619,1000619000000,1000624962215,5.962215,-123.01,128
620,1000620000000,1000624780456,4.780457,-213.14,128
621,1000621000000,1000625900196,4.900197,748.1,128
622,1000622000000,1000626361099,4.3611,-167.6,128
623,1000623000000,1000627486652,4.486652,-12.73,128
624,1000624000000,1000629568084,5.568085,-190.78,128
625,1000625000000,1000628105623,3.105623,196.03,128
626,1000626000000,1000630334586,4.334586,-50.33,128
627,1000627000000,1000631349831,4.349831,377.15,128
628,1000628000000,1000631772718,3.772719,322.1,128
629,1000629000000,1000633996648,4.996648,255.14,128
630,1000630000000,1000636007526,6.007526,1.0,128
631,1000631000000,1000638210746,7.210747,-130.12,128
632,1000632000000,1000636847404,4.847404,15.01,128
633,1000633000000,1000638286115,5.286116,39.9,128
634,1000634000000,1000637570543,3.570543,177.13,128
635,1000635000000,1000640970830,5.97083,2.29,128
636,1000636000000,1000639877961,3.877962,105.96,128
637,1000637000000,1000641917044,4.917044,-147.02,128
638,1000638000000,1000643165232,5.165232,401.83,128
639,1000639000000,1000643135801,4.135801,-73.64,128
640,1000640000000,1000645583484,5.583484,-164.84,128
641,1000641000000,1000646129492,5.129492,-1.78,128
642,1000642000000,1000647230096,5.230097,-104.77,128
643,1000643000000,1000646640271,3.640271,-185.62,128
644,1000644000000,1000648424860,4.42486,-302.93,128
645,1000645000000,1000648433455,3.433455,436.82,128
646,1000646000000,1000652035157,6.035158,244.75,128
647,1000647000000,1000651999989,4.999989,-621.59,128
648,1000648000000,1000653733447,5.733448,575.99,128
649,1000649000000,1000655142695,6.142696,-193.15,128
650,1000650000000,1000655107720,5.107721,-15.28,128
651,1000651000000,1000655784176,4.784176,-419.06,128
652,1000652000000,1000657348851,5.348851,-105.38,128
653,1000653000000,1000657343234,4.343235,238.14,128
654,1000654000000,1000658576986,4.576986,240.29,128
655,1000655000000,1000659276633,4.276634,277.12,128
656,1000656000000,1000660731044,4.731044,-569.86,128
657,1000657000000,1000661679005,4.679006,-193.3,128
658,1000658000000,1000666105369,8.105369,-104.9,128
659,1000659000000,1000662555457,3.555457,-422.25,128
660,1000660000000,1000664792452,4.792453,-205.11,128
661,1000661000000,1000666482147,5.482147,-3.47,128
662,1000662000000,1000665066090,3.066091,307.32,128
663,1000663000000,1000667805857,4.805857,107.06,128
664,1000664000000,1000669507544,5.507544,115.56,128
665,1000665000000,1000670244728,5.244729,-297.33,128
666,1000666000000,1000670763498,4.763499,292.85,128
667,1000667000000,1000671336787,4.336788,10.88,128
668,1000668000000,1000671555395,3.555396,-440.15,128
669,1000669000000,1000675119477,6.119478,-496.85,128
670,1000670000000,1000675742434,5.742434,-32.48,128
671,1000671000000,1000675593585,4.593586,308.94,128
672,1000672000000,1000676855704,4.855705,-27.26,128
673,1000673000000,1000677946364,4.946364,544.45,128
674,1000674000000,1000679976751,5.976752,-157.71,128
675,1000675000000,1000680565983,5.565984,900.34,128
676,1000676000000,1000681789405,5.789406,-30.38,128
677,1000677000000,1000684668892,7.668892,-109.02,128
678,1000678000000,1000682644650,4.644651,19.4,128
679,1000679000000,1000685510450,6.510451,42.14,128
680,1000680000000,1000684639598,4.639598,106.47,128
681,1000681000000,1000686565404,5.565404,550.75,128
682,1000682000000,1000685298483,3.298484,499.76,128
683,1000683000000,1000686615180,3.61518,113.29,128
684,1000684000000,1000690078047,6.078047,-152.64,128
685,1000685000000,1000690067843,5.067843,385.54,128
686,1000686000000,1000690161898,4.161899,141.49,128
687,1000687000000,1000691078674,4.078674,177.62,128
688,1000688000000,1000691896241,3.896241,120.26,128
689,1000689000000,1000693465116,4.465117,-84.22,128
690,1000690000000,1000696534634,6.534634,-48.28,128
691,1000691000000,1000697467795,6.467796,-38.38,128
692,1000692000000,1000697257972,5.257972,451.14,128
693,1000693000000,1000698399714,5.399714,-98.15,128
694,1000694000000,1000698576859,4.57686,359.33,128
695,1000695000000,1000699784992,4.784992,368.91,128
696,1000696000000,1000700650418,4.650419,15.9,128
697,1000697000000,1000703350933,6.350934,-89.01,128
698,1000698000000,1000701996669,3.99667,-51.46,128
699,1000699000000,1000703675744,4.675744,-282.57,128
700,1000700000000,1000704069575,4.069575,40.57,128
701,1000701000000,1000709273085,8.273086,4.17,128
702,1000702000000,1000706247858,4.247858,68.6,128
703,1000703000000,1000707684186,4.684186,299.96,128
704,1000704000000,1000708964673,4.964674,-538.43,128
705,1000705000000,1000708707848,3.707849,-3.94,128
706,1000706000000,1000711733448,5.733449,593.78,128
707,1000707000000,1000712023790,5.02379,-376.55,128
708,1000708000000,1000713467601,5.467601,69.58,128
709,1000709000000,1000715214236,6.214237,-290.89,128
710,1000710000000,1000715355585,5.355586,381.68,128
711,1000711000000,1000716867154,5.867154,595.87,128
712,1000712000000,1000717023704,5.023704,195.69,128
713,1000713000000,1000718942933,5.942933,-179.14,128
714,1000714000000,1000718384814,4.384815,-324.81,128
715,1000715000000,1000719723519,4.723519,-329.48,128
716,1000716000000,1000721560528,5.560528,-64.05,128
717,1000717000000,1000721955915,4.955915,304.16,128
718,1000718000000,1000722466493,4.466494,155.57,128
719,1000719000000,1000724014519,5.014519,191.67,128
720,1000720000000,1000726461673,6.461674,-233.37,128
721,1000721000000,1000727183812,6.183813,329.44,128
722,1000722000000,1000728049323,6.049324,147.5,128
723,1000723000000,1000727054027,4.054028,102.27,128
724,1000724000000,1000728102187,4.102187,316.58,128
725,1000725000000,1000730262724,5.262724,48.94,128
726,1000726000000,1000729017483,3.017483,208.1,128
727,1000727000000,1000732764481,5.764482,-75.81,128
728,1000728000000,1000733155461,5.155461,46.63,128
729,1000729000000,1000732867797,3.867798,-75.39,128
730,1000730000000,1000734523184,4.523184,439.01,128
731,1000731000000,1000738987348,7.987348,220.73,128
732,1000732000000,1000737195640,5.195641,163.71,128
733,1000733000000,1000737317180,4.31718,-334.55,128
734,1000734000000,1000739110217,5.110218,2.1,128
735,1000735000000,1000739224547,4.224548,275.8,128
736,1000736000000,1000741107300,5.107301,327.26,128
737,1000737000000,1000742540761,5.540761,816.25,128
738,1000738000000,1000744906560,6.90656,-393.61,128
739,1000739000000,1000744966737,5.966737,49.32,128
740,1000740000000,1000744163384,4.163385,-4.04,128
741,1000741000000,1000746635897,5.635898,-178.52,128
742,1000742000000,1000747910055,5.910056,121.0,128
743,1000743000000,1000748729102,5.729102,-332.46,128
744,1000744000000,1000752324652,8.324653,552.61,128
745,1000745000000,1000749656842,4.656843,25.29,128
746,1000746000000,1000751375624,5.375624,80.39,128
747,1000747000000,1000753463878,6.463878,-387.02,128
748,1000748000000,1000754183118,6.183118,44.38,128
749,1000749000000,1000755767383,6.767383,2.3,128
750,1000750000000,1000753263316,3.263316,411.34,128
751,1000751000000,1000755389942,4.389942,-302.03,128
752,1000752000000,1000756837680,4.837681,-61.93,128
753,1000753000000,1000758596923,5.596924,-148.66,128
754,1000754000000,1000759476269,5.47627,473.29,128
755,1000755000000,1000761665845,6.665845,-283.78,128
756,1000756000000,1000761372282,5.372283,-118.44,128
757,1000757000000,1000763831921,6.831922,-38.81,128
758,1000758000000,1000763614686,5.614686,40.71,128
759,1000759000000,1000762476059,3.476059,-385.33,128
760,1000760000000,1000764461735,4.461735,-145.79,128
761,1000761000000,1000766459591,5.459592,241.39,128
762,1000762000000,1000766602659,4.60266,366.38,128
763,1000763000000,1000767336151,4.336152,-83.65,128
764,1000764000000,1000769587908,5.587908,229.64,128
765,1000765000000,1000769376341,4.376341,301.03,128
766,1000766000000,1000770655574,4.655575,329.65,128
767,1000767000000,1000771984548,4.984549,17.33,128
768,1000768000000,1000774030031,6.030032,298.27,128
769,1000769000000,1000773044918,4.044918,-64.15,128
770,1000770000000,1000773537875,3.537875,438.34,128
771,1000771000000,1000774068841,3.068841,-88.95,128
772,1000772000000,1000775782830,3.78283,346.21,128
773,1000773000000,1000775985306,2.985307,-212.0,128
774,1000774000000,1000779652440,5.652441,-90.24,128
775,1000775000000,1000780354541,5.354541,74.47,128
776,1000776000000,1000781705787,5.705787,-86.99,128
777,1000777000000,1000781279743,4.279743,211.72,128
778,1000778000000,1000781689504,3.689504,-46.78,128
779,1000779000000,1000783313846,4.313847,-73.57,128
780,1000780000000,1000786310493,6.310494,45.47,128
781,1000781000000,1000786739664,5.739664,132.95,128
782,1000782000000,1000787337549,5.337549,-373.74,128
783,1000783000000,1000786909516,3.909517,-307.69,128
784,1000784000000,1000789892118,5.892119,314.12,128
785,1000785000000,1000789496399,4.496399,314.54,128
786,1000786000000,1000789720323,3.720323,-302.57,128
787,1000787000000,1000793120319,6.12032,127.04,128
788,1000788000000,1000792794848,4.794849,269.59,128
789,1000789000000,1000793422946,4.422947,-92.65,128
790,1000790000000,1000794903519,4.90352,134.39,128
791,1000791000000,1000796524535,5.524535,246.78,128
792,1000792000000,1000798142728,6.142729,179.36,128
793,1000793000000,1000798774551,5.774552,356.47,128
794,1000794000000,1000800289032,6.289033,-395.23,128
795,1000795000000,1000799878240,4.87824,397.73,128
796,1000796000000,1000803500304,7.500304,-343.94,128
797,1000797000000,1000802343781,5.343782,-202.79,128
798,1000798000000,1000802959557,4.959558,-141.53,128
799,1000799000000,1000805574546,6.574547,124.4,128
800,1000800000000,1000804579006,4.579006,-271.12,128
801,1000801000000,1000805125234,4.125235,166.5,128
802,1000802000000,1000807802507,5.802507,-638.45,128
803,1000803000000,1000806990335,3.990336,-373.01,128
804,1000804000000,1000809936227,5.936228,467.17,128
805,1000805000000,1000810765397,5.765397,448.69,128
806,1000806000000,1000810512378,4.512379,-111.58,128
807,1000807000000,1000811838831,4.838832,-47.1,128
808,1000808000000,1000813158768,5.158768,-44.78,128
809,1000809000000,1000814223996,5.223996,-274.09,128
810,1000810000000,1000814071910,4.071911,-255.37,128
811,1000811000000,1000817083191,6.083192,-301.3,128
812,1000812000000,1000816993243,4.993243,122.17,128
813,1000813000000,1000816599207,3.599208,-284.63,128
814,1000814000000,1000818345680,4.34568,104.15,128
815,1000815000000,1000820307361,5.307361,-240.4,128
816,1000816000000,1000819990711,3.990712,-470.65,128
817,1000817000000,1000821837950,4.83795,165.51,128
818,1000818000000,1000821443141,3.443142,72.23,128
819,1000819000000,1000824563877,5.563878,71.47,128
820,1000820000000,1000824671175,4.671176,148.25,128
821,1000821000000,1000826072584,5.072584,-272.91,128
822,1000822000000,1000831091251,9.091251,92.43,128
823,1000823000000,1000830527137,7.527138,83.56,128
824,1000824000000,1000829858426,5.858426,-86.33,128
825,1000825000000,1000830042424,5.042424,-85.94,128
826,1000826000000,1000830465507,4.465508,249.15,128
827,1000827000000,1000832062138,5.062138,447.69,128
828,1000828000000,1000832787896,4.787896,39.47,128
829,1000829000000,1000835405982,6.405983,246.82,128
830,1000830000000,1000833346144,3.346144,-16.1,128
831,1000831000000,1000835377071,4.377072,-470.91,128
832,1000832000000,1000838064549,6.064549,56.61,128
833,1000833000000,1000838487706,5.487707,361.62,128
834,1000834000000,1000839478322,5.478323,240.61,128
835,1000835000000,1000840234039,5.23404,283.01,128
836,1000836000000,1000841514115,5.514115,-117.78,128
837,1000837000000,1000841203910,4.20391,524.01,128
838,1000838000000,1000842649239,4.649239,-192.2,128
839,1000839000000,1000844153647,5.153647,-324.8,128
840,1000840000000,1000846580543,6.580544,-122.72,128
841,1000841000000,1000845977841,4.977841,229.16,128
842,1000842000000,1000846852725,4.852725,-384.76,128
843,1000843000000,1000848958117,5.958118,-61.12,128
844,1000844000000,1000850137936,6.137936,111.51,128
845,1000845000000,1000848602893,3.602894,272.97,128
846,1000846000000,1000853072375,7.072375,113.97,128
847,1000847000000,1000853281932,6.281933,277.76,128
848,1000848000000,1000853676657,5.676657,-512.57,128
849,1000849000000,1000853923664,4.923665,-269.59,128
850,1000850000000,1000854154348,4.154349,122.73,128
851,1000851000000,1000858280088,7.280088,64.44,128
852,1000852000000,1000856676753,4.676753,48.9,128
853,1000853000000,1000856359312,3.359313,60.81,128
854,1000854000000,1000859139746,5.139747,-424.54,128
855,1000855000000,1000858879576,3.879577,-321.3,128
856,1000856000000,1000861777252,5.777252,-491.01,128
857,1000857000000,1000861467750,4.46775,193.95,128
858,1000858000000,1000863868832,5.868832,102.34,128
859,1000859000000,1000862543824,3.543824,-342.76,128
860,1000860000000,1000863720780,3.72078,530.71,128
861,1000861000000,1000868657603,7.657603,648.46,128
862,1000862000000,1000866940112,4.940113,82.28,128
863,1000863000000,1000866712841,3.712841,162.34,128
864,1000864000000,1000869552928,5.552928,887.63,128
865,1000865000000,1000869467699,4.4677,130.45,128
866,1000866000000,1000869877823,3.877824,-375.92,128
867,1000867000000,1000874918311,7.918312,-282.41,128
868,1000868000000,1000871819869,3.81987,298.24,128
869,1000869000000,1000874498774,5.498774,362.93,128
870,1000870000000,1000874356108,4.356109,47.31,128
871,1000871000000,1000878765566,7.765566,-482.96,128
872,1000872000000,1000876601940,4.60194,57.93,128
873,1000873000000,1000879104236,6.104237,-328.78,128
874,1000874000000,1000878569346,4.569347,13.47,128
875,1000875000000,1000878526062,3.526062,-155.79,128
876,1000876000000,1000880759761,4.759761,43.61,128
877,1000877000000,1000881375202,4.375203,-413.23,128
878,1000878000000,1000883194031,5.194032,133.28,128
879,1000879000000,1000885468076,6.468076,-613.5,128
880,1000880000000,1000884080047,4.080047,114.08,128
881,1000881000000,1000883388869,2.38887,-339.82,128
882,1000882000000,1000886611376,4.611377,193.79,128
883,1000883000000,1000887816360,4.816361,94.57,128
884,1000884000000,1000889501683,5.501683,-46.78,128
885,1000885000000,1000889419297,4.419297,122.71,128
886,1000886000000,1000892607675,6.607676,-329.68,128
887,1000887000000,1000891475828,4.475829,-131.34,128
888,1000888000000,1000892449139,4.44914,-47.11,128
889,1000889000000,1000893288404,4.288405,124.8,128
890,1000890000000,1000899081858,9.081859,24.77,128
891,1000891000000,1000895781673,4.781673,93.98,128
892,1000892000000,1000895514634,3.514634,85.39,128
893,1000893000000,1000896764675,3.764675,-174.98,128
894,1000894000000,1000899175528,5.175528,281.54,128
895,1000895000000,1000898893528,3.893528,122.5,128
896,1000896000000,1000901593984,5.593984,-51.2,128
897,1000897000000,1000904299563,7.299564,-60.18,128
898,1000898000000,1000902858734,4.858735,-332.87,128
899,1000899000000,1000904074207,5.074207,-155.77,128
900,1000900000000,1000905221275,5.221276,-145.57,128
901,1000901000000,1000906466569,5.46657,491.58,128
902,1000902000000,1000906063265,4.063266,15.84,128
903,1000903000000,1000909661429,6.66143,-2.54,128
904,1000904000000,1000909921883,5.921883,73.65,128
905,1000905000000,1000910447519,5.44752,-238.55,128
906,1000906000000,1000912259286,6.259287,2.62,128
907,1000907000000,1000912091310,5.091311,-77.94,128
908,1000908000000,1000914260655,6.260656,133.61,128
909,1000909000000,1000913992996,4.992997,38.63,128
910,1000910000000,1000915064395,5.064396,-302.62,128
911,1000911000000,1000916968779,5.96878,-245.32,128
912,1000912000000,1000917632732,5.632733,488.68,128
913,1000913000000,1000917386080,4.38608,-131.16,128
914,1000914000000,1000917361039,3.361039,-65.89,128
915,1000915000000,1000919542820,4.542821,178.37,128
916,1000916000000,1000921301733,5.301733,-82.38,128
917,1000917000000,1000923391599,6.391599,94.62,128
918,1000918000000,1000924467399,6.467399,-155.63,128
919,1000919000000,1000925822695,6.822696,452.04,128
920,1000920000000,1000924680715,4.680715,-391.04,128
921,1000921000000,1000927559067,6.559068,251.35,128
922,1000922000000,1000928418991,6.418992,48.81,128
923,1000923000000,1000926652284,3.652285,-77.39,128
924,1000924000000,1000929189132,5.189133,-56.83,128
925,1000925000000,1000929784117,4.784117,-190.87,128
926,1000926000000,1000930908146,4.908147,810.32,128
927,1000927000000,1000931678119,4.678119,135.79,128
928,1000928000000,1000931269184,3.269184,92.63,128
929,1000929000000,1000933278165,4.278165,-311.68,128
930,1000930000000,1000936019986,6.019986,227.65,128
931,1000931000000,1000935990329,4.990329,-186.08,128
932,1000932000000,1000937957590,5.957591,-494.68,128
933,1000933000000,1000937600536,4.600536,389.6,128
934,1000934000000,1000938269004,4.269005,0.84,128
935,1000935000000,1000938326696,3.326697,-156.64,128
936,1000936000000,1000941561353,5.561354,-64.92,128
937,1000937000000,1000941047924,4.047924,-649.43,128
938,1000938000000,1000942058269,4.058269,405.09,128
939,1000939000000,1000942918839,3.91884,232.68,128
940,1000940000000,1000945697913,5.697914,-540.02,128
941,1000941000000,1000945748745,4.748746,278.39,128
942,1000942000000,1000946672838,4.672838,295.22,128
943,1000943000000,1000947866099,4.8661,-331.32,128
944,1000944000000,1000947856429,3.85643,256.95,128
945,1000945000000,1000951174720,6.17472,-614.61,128
946,1000946000000,1000951651687,5.651688,101.08,128
947,1000947000000,1000952026169,5.026169,301.38,128
948,1000948000000,1000952023923,4.023924,-327.21,128
949,1000949000000,1000955250065,6.250066,464.84,128
950,1000950000000,1000956154194,6.154194,291.68,128
951,1000951000000,1000955021977,4.021977,-348.0,128
952,1000952000000,1000956814535,4.814535,284.22,128
953,1000953000000,1000957625659,4.62566,-262.24,128
954,1000954000000,1000959018596,5.018596,-270.26,128
955,1000955000000,1000960961309,5.961309,-49.36,128
956,1000956000000,1000960539173,4.539173,-32.38,128
957,1000957000000,1000962223117,5.223118,450.92,128
958,1000958000000,1000962270578,4.270579,-102.92,128
959,1000959000000,1000964081582,5.081583,61.23,128
960,1000960000000,1000963501558,3.501559,170.06,128
961,1000961000000,1000966767788,5.767789,-107.63,128
962,1000962000000,1000967118692,5.118692,1.99,128
963,1000963000000,1000968697161,5.697161,285.31,128
964,1000964000000,1000969253528,5.253528,-322.25,128
965,1000965000000,1000970889317,5.889318,-34.71,128
966,1000966000000,1000971928776,5.928777,276.83,128
967,1000967000000,1000972379080,5.37908,-176.69,128
968,1000968000000,1000973993015,5.993016,580.32,128
969,1000969000000,1000975291858,6.291859,-425.01,128
970,1000970000000,1000975991846,5.991847,-157.96,128
971,1000971000000,1000976521363,5.521363,-598.4,128
972,1000972000000,1000977461378,5.461378,323.56,128
973,1000973000000,1000978832079,5.832079,-126.19,128
974,1000974000000,1000980825446,6.825446,-28.15,128
975,1000975000000,1000980290710,5.290711,-70.08,128
976,1000976000000,1000982067246,6.067247,-327.72,128
977,1000977000000,1000982744190,5.744191,284.26,128
978,1000978000000,1000983559274,5.559274,319.17,128
979,1000979000000,1000983459404,4.459405,-59.44,128
980,1000980000000,1000985741540,5.741541,-91.86,128
981,1000981000000,1000984890135,3.890136,153.91,128
982,1000982000000,1000987931658,5.931659,-266.93,128
983,1000983000000,1000987925873,4.925874,-117.23,128
984,1000984000000,1000989083591,5.083591,-104.4,128
985,1000985000000,1000992399206,7.399206,690.21,128
986,1000986000000,1000992481726,6.481727,-303.25,128
987,1000987000000,1000990745776,3.745777,-328.58,128
988,1000988000000,1000992449113,4.449113,-146.19,128
989,1000989000000,1000992302636,3.302637,-8.18,128
990,1000990000000,1000996034844,6.034845,-496.96,128
991,1000991000000,1000995332033,4.332034,158.18,128
992,1000992000000,1000998046517,6.046518,-131.82,128
993,1000993000000,1000996630816,3.630816,249.63,128
994,1000994000000,1001000215910,6.215911,313.26,128
995,1000995000000,1000998586922,3.586923,426.98,128
996,1000996000000,1001003134715,7.134715,-134.37,128
997,1000997000000,1001002984154,5.984154,-662.98,128
998,1000998000000,1001001256468,3.256468,147.06,128
999,1000999000000,1001003765436,4.765437,-469.91,128
1000,1001000000000,1001004776752,4.776752,42.09,128
1001,1001001000000,1001006658693,5.658693,-908.89,128
1002,1001002000000,1001007625008,5.625008,-536.63,128
1003,1001003000000,1001008112726,5.112726,283.39,128
1004,1001004000000,1001007405786,3.405786,11.73,128
1005,1001005000000,1001011949124,6.949125,132.75,128
1006,1001006000000,1001013067785,7.067785,620.63,128
1007,1001007000000,1001010914864,3.914865,-176.89,128
1008,1001008000000,1001012750101,4.750102,97.66,128
1009,1001009000000,1001014913360,5.913361,497.4,128
1010,1001010000000,1001015333825,5.333825,520.19,128
1011,1001011000000,1001014812109,3.81211,-828.21,128
1012,1001012000000,1001018202851,6.202851,191.63,128
1013,1001013000000,1001018077418,5.077418,227.77,128
1014,1001014000000,1001019694599,5.694599,562.51,128
1015,1001015000000,1001019665619,4.665619,-24.76,128
1016,1001016000000,1001019830963,3.830963,-543.79,128
1017,1001017000000,1001022377151,5.377151,40.25,128
1018,1001018000000,1001022690378,4.690378,-275.08,128
1019,1001019000000,1001024994427,5.994427,-31.51,128
1020,1001020000000,1001025105338,5.105339,218.38,128
1021,1001021000000,1001025491393,4.491394,865.84,128
1022,1001022000000,1001025936142,3.936142,149.14,128
1023,1001023000000,1001028147213,5.147213,-720.63,128
1024,1001024000000,1001027877778,3.877778,-99.94,128
1025,1001025000000,1001030245680,5.245681,369.37,128
1026,1001026000000,1001031353664,5.353664,-47.11,128
1027,1001027000000,1001032067683,5.067683,-351.64,128
1028,1001028000000,1001032120042,4.120042,470.03,128
1029,1001029000000,1001033855278,4.855279,-568.36,128
1030,1001030000000,1001034066354,4.066355,-170.31,128
1031,1001031000000,1001036464484,5.464485,116.48,128
1032,1001032000000,1001035180338,3.180339,373.04,128
1033,1001033000000,1001039223426,6.223426,-173.03,128
1034,1001034000000,1001038773071,4.773072,418.26,128
1035,1001035000000,1001040184209,5.184209,-34.77,128
1036,1001036000000,1001041738272,5.738272,317.16,128
1037,1001037000000,1001042046973,5.046973,-168.37,128
1038,1001038000000,1001042028051,4.028052,350.15,128
1039,1001039000000,1001044943105,5.943105,-168.99,128
1040,1001040000000,1001046451991,6.451992,-398.98,128
1041,1001041000000,1001046284241,5.284241,94.01,128
1042,1001042000000,1001046738500,4.738501,-215.0,128
1043,1001043000000,1001046660049,3.66005,262.22,128
1044,1001044000000,1001048952369,4.952369,-362.53,128
1045,1001045000000,1001051209753,6.209754,43.32,128
1046,1001046000000,1001050602053,4.602053,-85.58,128
1047,1001047000000,1001053324810,6.32481,96.63,128
1048,1001048000000,1001053970895,5.970895,392.43,128
1049,1001049000000,1001053076603,4.076603,-216.02,128
1050,1001050000000,1001055186433,5.186433,-516.34,128
1051,1001051000000,1001056039517,5.039517,-221.33,128
1052,1001052000000,1001058610609,6.610609,13.91,128
1053,1001053000000,1001057455072,4.455073,71.65,128
1054,1001054000000,1001058872667,4.872667,-231.25,128
1055,1001055000000,1001059330405,4.330405,-427.9,128
1056,1001056000000,1001060253682,4.253683,82.95,128
1057,1001057000000,1001061237674,4.237675,578.73,128
1058,1001058000000,1001061911607,3.911608,-350.87,128
1059,1001059000000,1001062759011,3.759012,526.15,128
1060,1001060000000,1001064993513,4.993513,-14.82,128
1061,1001061000000,1001065283023,4.283024,95.86,128
1062,1001062000000,1001067142089,5.142089,203.14,128
1063,1001063000000,1001068658409,5.65841,-258.29,128
1064,1001064000000,1001068621764,4.621764,-45.96,128
1065,1001065000000,1001070609648,5.609648,39.61,128
1066,1001066000000,1001070610978,4.610979,-537.8,128
1067,1001067000000,1001070981122,3.981123,-95.22,128
1068,1001068000000,1001075416370,7.416371,-260.1,128
1069,1001069000000,1001074317604,5.317605,-114.2,128
1070,1001070000000,1001074326280,4.32628,194.95,128
1071,1001071000000,1001075919317,4.919318,-489.08,128
1072,1001072000000,1001077802582,5.802583,-517.75,128
1073,1001073000000,1001076120316,3.120316,-320.5,128
1074,1001074000000,1001079415348,5.415348,-308.11,128
1075,1001075000000,1001079946678,4.946679,-419.9,128
1076,1001076000000,1001080952198,4.952199,41.18,128
1077,1001077000000,1001082753797,5.753798,-246.67,128
1078,1001078000000,1001083624845,5.624846,-31.54,128
1079,1001079000000,1001083188694,4.188694,-419.67,128
1080,1001080000000,1001085188016,5.188016,402.04,128
1081,1001081000000,1001085469099,4.4691,-8.19,128
1082,1001082000000,1001086029421,4.029422,-267.07,128
1083,1001083000000,1001087328254,4.328255,429.7,128
1084,1001084000000,1001090073151,6.073152,-282.6,128
1085,1001085000000,1001089634512,4.634512,212.41,128
1086,1001086000000,1001090784255,4.784255,443.48,128
1087,1001087000000,1001092398065,5.398066,164.1,128
1088,1001088000000,1001091458016,3.458017,-41.32,128
1089,1001089000000,1001094808951,5.808952,-151.4,128
1090,1001090000000,1001094404932,4.404932,573.64,128
1091,1001091000000,1001096141880,5.14188,66.81,128
1092,1001092000000,1001097268423,5.268423,335.77,128
1093,1001093000000,1001097952100,4.9521,-357.52,128
1094,1001094000000,1001098711511,4.711512,300.82,128
1095,1001095000000,1001100953044,5.953045,149.35,128
1096,1001096000000,1001105417624,9.417624,578.82,128
1097,1001097000000,1001100614609,3.61461,-180.8,128
1098,1001098000000,1001102357903,4.357904,-20.73,128
1099,1001099000000,1001102983813,3.983814,198.0,128
1100,1001100000000,1001104081778,4.081779,-444.91,128
1101,1001101000000,1001105651912,4.651912,123.59,128
1102,1001102000000,1001106717249,4.717249,-73.6,128
1103,1001103000000,1001107718102,4.718103,-292.08,128
1104,1001104000000,1001107514246,3.514246,-30.25,128
1105,1001105000000,1001110009780,5.00978,145.0,128
1106,1001106000000,1001112027025,6.027025,-100.51,128
1107,1001107000000,1001112529502,5.529502,785.54,128
1108,1001108000000,1001112518487,4.518487,37.1,128
1109,1001109000000,1001113385690,4.385691,314.29,128
1110,1001110000000,1001113943303,3.943303,636.38,128
1111,1001111000000,1001115754302,4.754303,-380.49,128
1112,1001112000000,1001115918614,3.918614,-419.43,128
1113,1001113000000,1001116666162,3.666163,-113.91,128
1114,1001114000000,1001120636646,6.636646,-592.83,128
1115,1001115000000,1001121851881,6.851881,-270.45,128
1116,1001116000000,1001121006541,5.006541,-13.03,128
1117,1001117000000,1001124641458,7.641458,300.76,128
1118,1001118000000,1001123498097,5.498097,347.01,128
1119,1001119000000,1001123057612,4.057612,-239.77,128
1120,1001120000000,1001124455806,4.455806,531.16,128
1121,1001121000000,1001128084380,7.084381,-448.32,128
1122,1001122000000,1001128257128,6.257128,-293.61,128
1123,1001123000000,1001126786225,3.786225,-499.34,128
1124,1001124000000,1001127780085,3.780086,-14.45,128
1125,1001125000000,1001129999704,4.999705,-613.25,128
1126,1001126000000,1001132919939,6.91994,-174.6,128
1127,1001127000000,1001131743631,4.743632,658.07,128
1128,1001128000000,1001132807594,4.807595,-339.25,128
1129,1001129000000,1001134741507,5.741508,-304.67,128
1130,1001130000000,1001133980347,3.980347,-53.18,128
1131,1001131000000,1001136967900,5.967901,-4.19,128
1132,1001132000000,1001138270266,6.270266,406.91,128
1133,1001133000000,1001139047118,6.047118,176.84,128
1134,1001134000000,1001138525322,4.525322,-232.83,128
1135,1001135000000,1001139114553,4.114554,312.38,128
1136,1001136000000,1001143708011,7.708011,-492.45,128
1137,1001137000000,1001143645533,6.645533,-385.85,128
1138,1001138000000,1001143181796,5.181797,235.98,128
1139,1001139000000,1001143933076,4.933077,94.6,128
1140,1001140000000,1001145153510,5.153511,51.64,128
1141,1001141000000,1001146003462,5.003463,-109.2,128
1142,1001142000000,1001145968665,3.968666,-202.12,128
1143,1001143000000,1001148367596,5.367597,-351.85,128
1144,1001144000000,1001149953372,5.953373,217.66,128
1145,1001145000000,1001151135080,6.135081,-674.12,128
1146,1001146000000,1001150964029,4.964029,166.79,128
1147,1001147000000,1001154398440,7.39844,-475.54,128
1148,1001148000000,1001152678282,4.678283,129.36,128
1149,1001149000000,1001154492333,5.492334,-170.18,128
1150,1001150000000,1001155155921,5.155921,21.68,128
1151,1001151000000,1001155355011,4.355012,356.01,128
1152,1001152000000,1001156118634,4.118635,66.01,128
1153,1001153000000,1001157629434,4.629434,288.42,128
1154,1001154000000,1001159674107,5.674107,459.67,128
1155,1001155000000,1001160364291,5.364292,-488.07,128
1156,1001156000000,1001160999343,4.999343,203.15,128
1157,1001157000000,1001163515737,6.515737,144.97,128
1158,1001158000000,1001163245466,5.245467,-27.12,128
1159,1001159000000,1001163301928,4.301929,359.48,128
1160,1001160000000,1001166349787,6.349788,2.03,128
1161,1001161000000,1001166871307,5.871307,440.16,128
1162,1001162000000,1001165379790,3.37979,-558.7,128
1163,1001163000000,1001168609447,5.609447,-307.24,128
1164,1001164000000,1001168945503,4.945504,213.9,128
1165,1001165000000,1001169667145,4.667145,-453.27,128
1166,1001166000000,1001170255317,4.255318,-33.59,128
1167,1001167000000,1001172725060,5.72506,239.63,128
1168,1001168000000,1001172473464,4.473465,192.44,128
1169,1001169000000,1001173016670,4.01667,-227.58,128
1170,1001170000000,1001174941627,4.941627,11.25,128
1171,1001171000000,1001177087646,6.087647,-0.73,128
1172,1001172000000,1001176663062,4.663062,240.72,128
1173,1001173000000,1001177616064,4.616065,66.21,128
1174,1001174000000,1001180979628,6.979629,870.89,128
1175,1001175000000,1001181855546,6.855546,94.09,128
1176,1001176000000,1001180593684,4.593684,-346.54,128
1177,1001177000000,1001182132675,5.132676,380.38,128
1178,1001178000000,1001184025607,6.025607,63.12,128
1179,1001179000000,1001182683384,3.683385,485.21,128
1180,1001180000000,1001185776922,5.776922,-18.64,128
1181,1001181000000,1001188044645,7.044646,-130.24,128
1182,1001182000000,1001186798607,4.798608,-282.76,128
1183,1001183000000,1001187040503,4.040504,-186.42,128
1184,1001184000000,1001190237945,6.237945,527.97,128
1185,1001185000000,1001189800872,4.800873,-83.95,128
1186,1001186000000,1001189811658,3.811658,32.8,128
1187,1001187000000,1001192955674,5.955675,4.96,128
1188,1001188000000,1001192001974,4.001974,-502.53,128
1189,1001189000000,1001195448017,6.448017,12.65,128
1190,1001190000000,1001194034799,4.0348,223.63,128
1191,1001191000000,1001197774973,6.774973,-325.39,128
1192,1001192000000,1001195863549,3.863549,105.09,128
1193,1001193000000,1001197540059,4.540059,-63.3,128
1194,1001194000000,1001198940281,4.940281,-286.25,128
1195,1001195000000,1001200178895,5.178895,-181.78,128
1196,1001196000000,1001201996172,5.996172,37.55,128
1197,1001197000000,1001200745146,3.745146,73.47,128
1198,1001198000000,1001203360856,5.360856,-248.99,128
1199,1001199000000,1001203856704,4.856705,138.53,128
1200,1001200000000,1001204946265,4.946265,-134.42,128
1201,1001201000000,1001204228145,3.228145,1.03,128
1202,1001202000000,1001207382799,5.382799,251.56,128
1203,1001203000000,1001206820968,3.820969,-106.82,128
1204,1001204000000,1001208587518,4.587519,-127.11,128
1205,1001205000000,1001210184905,5.184906,511.97,128
1206,1001206000000,1001211622643,5.622644,223.54,128
1207,1001207000000,1001215106032,8.106033,-7.45,128
1208,1001208000000,1001211268088,3.268089,133.86,128
1209,1001209000000,1001213996624,4.996624,-379.3,128
1210,1001210000000,1001214216877,4.216878,379.46,128
1211,1001211000000,1001216007745,5.007745,316.68,128
1212,1001212000000,1001218426372,6.426373,22.83,128
1213,1001213000000,1001217178478,4.178478,137.53,128
1214,1001214000000,1001217526174,3.526174,-307.72,128
1215,1001215000000,1001219937497,4.937498,-252.62,128
1216,1001216000000,1001221521239,5.52124,-295.44,128
1217,1001217000000,1001223543676,6.543677,18.56,128
1218,1001218000000,1001221981000,3.981001,156.71,128
1219,1001219000000,1001224779608,5.779609,-456.41,128
1220,1001220000000,1001224893748,4.893749,278.6,128
1221,1001221000000,1001226214007,5.214008,358.85,128
1222,1001222000000,1001227037402,5.037402,366.23,128
1223,1001223000000,1001228758807,5.758808,272.46,128
1224,1001224000000,1001228316187,4.316188,-105.75,128
1225,1001225000000,1001231408173,6.408174,614.54,128
1226,1001226000000,1001231141200,5.1412,321.76,128
1227,1001227000000,1001231101321,4.101321,105.39,128
1228,1001228000000,1001233864469,5.86447,255.14,128
1229,1001229000000,1001234800907,5.800907,-15.15,128
1230,1001230000000,1001236677961,6.677961,144.84,128
1231,1001231000000,1001236509543,5.509543,660.88,128
1232,1001232000000,1001236009199,4.0092,-86.74,128
1233,1001233000000,1001238369480,5.369481,-64.24,128
1234,1001234000000,1001238088692,4.088692,302.94,128
1235,1001235000000,1001241236889,6.236889,407.31,128
1236,1001236000000,1001240141297,4.141297,-374.99,128
1237,1001237000000,1001241717785,4.717786,-115.93,128
1238,1001238000000,1001242699891,4.699891,-307.96,128
1239,1001239000000,1001245144271,6.144272,-175.25,128
1240,1001240000000,1001246317969,6.31797,310.9,128
1241,1001241000000,1001248270227,7.270228,166.68,128
1242,1001242000000,1001247025242,5.025242,-332.68,128
1243,1001243000000,1001247635361,4.635362,116.59,128
1244,1001244000000,1001249014471,5.014472,-583.35,128
1245,1001245000000,1001248554358,3.554359,-126.35,128
1246,1001246000000,1001252544143,6.544143,21.4,128
1247,1001247000000,1001251970880,4.970881,92.65,128
1248,1001248000000,1001254236829,6.236829,301.45,128
1249,1001249000000,1001251863588,2.863589,-196.88,128
1250,1001250000000,1001253323005,3.323006,487.18,128
1251,1001251000000,1001256823789,5.82379,-7.87,128
1252,1001252000000,1001256899631,4.899632,236.69,128
1253,1001253000000,1001258503012,5.503013,-434.94,128
1254,1001254000000,1001258139735,4.139736,709.12,128
1255,1001255000000,1001260387969,5.387969,-459.6,128
1256,1001256000000,1001261181521,5.181521,263.74,128
1257,1001257000000,1001261170717,4.170718,465.36,128
1258,1001258000000,1001263713078,5.713078,90.61,128
1259,1001259000000,1001264378790,5.37879,9.08,128
1260,1001260000000,1001265022543,5.022543,-23.72,128
1261,1001261000000,1001265808126,4.808127,61.2,128
1262,1001262000000,1001268366979,6.36698,-303.57,128
1263,1001263000000,1001268059000,5.059,-557.55,128
1264,1001264000000,1001269859159,5.859159,-200.51,128
1265,1001265000000,1001268477134,3.477135,228.44,128
1266,1001266000000,1001270561199,4.561199,8.4,128
1267,1001267000000,1001271880681,4.880682,-215.75,128
1268,1001268000000,1001274285402,6.285402,462.62,128
1269,1001269000000,1001275023538,6.023538,152.29,128
1270,1001270000000,1001274595349,4.59535,-122.75,128
1271,1001271000000,1001275736071,4.736072,-784.8,128
1272,1001272000000,1001276410827,4.410827,-110.63,128
1273,1001273000000,1001278486593,5.486593,-21.12,128
1274,1001274000000,1001278572800,4.572801,-342.51,128
1275,1001275000000,1001280693334,5.693335,-220.47,128
1276,1001276000000,1001281670294,5.670295,274.03,128
1277,1001277000000,1001280812054,3.812054,-381.04,128
1278,1001278000000,1001285749695,7.749695,-229.93,128
1279,1001279000000,1001283868063,4.868064,-17.2,128
1280,1001280000000,1001286840359,6.84036,-574.97,128
1281,1001281000000,1001287431275,6.431276,103.65,128
1282,1001282000000,1001286084774,4.084775,396.05,128
1283,1001283000000,1001287438213,4.438213,311.78,128
1284,1001284000000,1001288432893,4.432893,445.69,128
1285,1001285000000,1001289681027,4.681027,428.87,128
1286,1001286000000,1001289832077,3.832078,117.46,128
1287,1001287000000,1001291085132,4.085133,245.22,128
1288,1001288000000,1001294121502,6.121502,-337.76,128
1289,1001289000000,1001293044918,4.044918,-463.43,128
1290,1001290000000,1001295891827,5.891827,345.23,128
1291,1001291000000,1001298107467,7.107468,247.69,128
1292,1001292000000,1001296022221,4.022222,-440.66,128
1293,1001293000000,1001297181382,4.181382,-33.98,128
1294,1001294000000,1001299057894,5.057895,-262.36,128
1295,1001295000000,1001299235312,4.235312,42.46,128
1296,1001296000000,1001301997754,5.997754,-264.89,128
1297,1001297000000,1001301415455,4.415455,-406.89,128
1298,1001298000000,1001303716942,5.716943,-362.76,128
1299,1001299000000,1001303330623,4.330623,-174.6,128
1300,1001300000000,1001306795356,6.795357,199.85,128
1301,1001301000000,1001306290224,5.290225,-184.32,128
1302,1001302000000,1001306208054,4.208054,57.07,128
1303,1001303000000,1001306986236,3.986236,86.44,128
1304,1001304000000,1001309831184,5.831185,-481.06,128
1305,1001305000000,1001308992735,3.992736,-275.06,128
1306,1001306000000,1001312361921,6.361921,-333.39,128
1307,1001307000000,1001311469078,4.469078,-159.06,128
1308,1001308000000,1001313199957,5.199958,116.72,128
1309,1001309000000,1001314632574,5.632574,-117.38,128
1310,1001310000000,1001313974699,3.9747,-23.48,128
1311,1001311000000,1001316166025,5.166025,-127.69,128
1312,1001312000000,1001316601975,4.601975,215.82,128
1313,1001313000000,1001316925970,3.92597,-134.79,128
1314,1001314000000,1001318992815,4.992816,419.74,128
1315,1001315000000,1001320952962,5.952962,-48.36,128
1316,1001316000000,1001321123542,5.123543,123.75,128
1317,1001317000000,1001320363101,3.363102,242.03,128
1318,1001318000000,1001322823995,4.823996,85.64,128
1319,1001319000000,1001326663168,7.663169,367.67,128
1320,1001320000000,1001324962076,4.962077,146.98,128
1321,1001321000000,1001325962006,4.962007,-219.92,128
1322,1001322000000,1001326415006,4.415006,-374.39,128
1323,1001323000000,1001327784423,4.784424,706.96,128
1324,1001324000000,1001329362022,5.362022,-277.35,128
1325,1001325000000,1001329166071,4.166071,-70.94,128
1326,1001326000000,1001330622262,4.622263,68.14,128
1327,1001327000000,1001333587500,6.587501,-410.18,128
1328,1001328000000,1001333074374,5.074375,165.26,128
1329,1001329000000,1001333792309,4.79231,454.85,128
1330,1001330000000,1001333824914,3.824915,141.33,128
1331,1001331000000,1001336500581,5.500581,-55.04,128
1332,1001332000000,1001335488227,3.488228,-179.55,128
1333,1001333000000,1001338153179,5.153179,197.93,128
1334,1001334000000,1001338717240,4.717241,-97.21,128
1335,1001335000000,1001340769794,5.769794,231.12,128
1336,1001336000000,1001341702555,5.702556,-486.32,128
1337,1001337000000,1001341587336,4.587337,40.25,128
1338,1001338000000,1001343463625,5.463625,340.46,128
1339,1001339000000,1001343542322,4.542322,-247.11,128
1340,1001340000000,1001346407439,6.40744,-191.06,128
1341,1001341000000,1001346877731,5.877732,305.31,128
1342,1001342000000,1001347655343,5.655343,149.12,128
1343,1001343000000,1001347298057,4.298057,-1.5,128
1344,1001344000000,1001349721487,5.721488,422.35,128
1345,1001345000000,1001349924501,4.924501,201.81,128
1346,1001346000000,1001351780309,5.78031,-92.96,128
1347,1001347000000,1001351408976,4.408976,-65.33,128
1348,1001348000000,1001351220123,3.220124,-21.86,128
1349,1001349000000,1001353187369,4.18737,31.05,128
1350,1001350000000,1001353149328,3.149328,-195.59,128
1351,1001351000000,1001355946327,4.946328,233.07,128
1352,1001352000000,1001357716823,5.716823,-601.91,128
1353,1001353000000,1001357472001,4.472001,262.67,128
1354,1001354000000,1001359159257,5.159257,-158.04,128
1355,1001355000000,1001359836521,4.836521,-166.13,128
1356,1001356000000,1001360959223,4.959223,458.9,128
1357,1001357000000,1001361761123,4.761123,-288.34,128
1358,1001358000000,1001363327762,5.327763,-294.31,128
1359,1001359000000,1001363271446,4.271446,-271.47,128
1360,1001360000000,1001364445266,4.445267,146.69,128
1361,1001361000000,1001365449171,4.449172,1.08,128
1362,1001362000000,1001369540636,7.540637,-115.75,128
1363,1001363000000,1001366823272,3.823273,136.82,128
1364,1001364000000,1001370191508,6.191509,3.89,128
1365,1001365000000,1001370999975,5.999975,-10.59,128
1366,1001366000000,1001369378308,3.378308,9.95,128
1367,1001367000000,1001370517730,3.517731,348.62,128
1368,1001368000000,1001373355778,5.355779,12.12,128
1369,1001369000000,1001374576432,5.576432,-455.56,128
1370,1001370000000,1001375940796,5.940796,-64.59,128
1371,1001371000000,1001375174592,4.174592,23.73,128
1372,1001372000000,1001378020080,6.02008,344.35,128
1373,1001373000000,1001379234643,6.234643,79.7,128
1374,1001374000000,1001377615195,3.615195,125.58,128
1375,1001375000000,1001379312906,4.312906,-24.17,128
1376,1001376000000,1001380492121,4.492122,383.06,128
1377,1001377000000,1001382073642,5.073643,253.07,128
1378,1001378000000,1001384638963,6.638964,316.67,128
1379,1001379000000,1001383972543,4.972543,377.87,128
1380,1001380000000,1001386257640,6.257641,-138.27,128
1381,1001381000000,1001388098918,7.098919,816.97,128
1382,1001382000000,1001387448584,5.448585,-655.1,128
1383,1001383000000,1001388267252,5.267253,-169.94,128
1384,1001384000000,1001388219224,4.219224,65.53,128
1385,1001385000000,1001388992590,3.992591,233.72,128
1386,1001386000000,1001390681696,4.681697,-58.76,128
1387,1001387000000,1001393207398,6.207398,-60.64,128
1388,1001388000000,1001392723782,4.723783,162.41,128
1389,1001389000000,1001393850811,4.850811,-30.91,128
1390,1001390000000,1001393154290,3.15429,-182.67,128
1391,1001391000000,1001395119318,4.119319,-218.94,128
1392,1001392000000,1001397448720,5.44872,-206.97,128
1393,1001393000000,1001399425036,6.425036,213.21,128
1394,1001394000000,1001399189420,5.18942,-224.51,128
1395,1001395000000,1001400003790,5.003791,-9.68,128
1396,1001396000000,1001400840234,4.840235,-421.33,128
1397,1001397000000,1001400931595,3.931596,397.41,128
1398,1001398000000,1001402129992,4.129992,295.04,128
1399,1001399000000,1001404410681,5.410682,505.92,128
1400,1001400000000,1001407687538,7.687539,-260.07,128
1401,1001401000000,1001405839778,4.839779,601.94,128
1402,1001402000000,1001406665950,4.66595,-223.41,128
1403,1001403000000,1001408175573,5.175574,19.3,128
1404,1001404000000,1001408268848,4.268848,-105.54,128
1405,1001405000000,1001410036324,5.036325,15.11,128
1406,1001406000000,1001410925834,4.925835,76.13,128
1407,1001407000000,1001410850209,3.85021,110.65,128
1408,1001408000000,1001414404640,6.404641,-111.87,128
1409,1001409000000,1001413601965,4.601965,262.92,128
1410,1001410000000,1001414622576,4.622576,-172.86,128
1411,1001411000000,1001415499423,4.499424,88.6,128
1412,1001412000000,1001418480558,6.480559,-481.99,128
1413,1001413000000,1001419985247,6.985248,617.53,128
1414,1001414000000,1001418269403,4.269403,-208.98,128
1415,1001415000000,1001419866844,4.866844,182.96,128
1416,1001416000000,1001422718988,6.718989,-23.48,128
1417,1001417000000,1001421637517,4.637518,-204.57,128
1418,1001418000000,1001423620775,5.620775,160.75,128
1419,1001419000000,1001423165597,4.165597,-174.3,128
1420,1001420000000,1001425290350,5.290351,74.23,128
1421,1001421000000,1001425193880,4.19388,-146.88,128
1422,1001422000000,1001426068454,4.068454,-597.89,128
1423,1001423000000,1001428609730,5.60973,-105.01,128
1424,1001424000000,1001427781765,3.781766,353.0,128
1425,1001425000000,1001432295707,7.295707,-243.06,128
1426,1001426000000,1001430468552,4.468553,205.71,128
1427,1001427000000,1001432754364,5.754365,-388.36,128
1428,1001428000000,1001431971488,3.971488,160.73,128
1429,1001429000000,1001434519018,5.519018,142.75,128
1430,1001430000000,1001435309589,5.309589,-154.39,128
1431,1001431000000,1001437722630,6.72263,-136.64,128
1432,1001432000000,1001436733355,4.733355,-356.6,128
1433,1001433000000,1001437054114,4.054115,-157.35,128
1434,1001434000000,1001441276458,7.276458,-325.85,128
1435,1001435000000,1001440880863,5.880864,166.33,128
1436,1001436000000,1001444527369,8.527369,553.75,128
1437,1001437000000,1001442772321,5.772322,-221.26,128
1438,1001438000000,1001442890818,4.890819,-97.5,128
1439,1001439000000,1001444151518,5.151518,-41.02,128
1440,1001440000000,1001445541131,5.541131,205.5,128
1441,1001441000000,1001447776215,6.776215,-408.21,128
1442,1001442000000,1001447432344,5.432345,-287.64,128
1443,1001443000000,1001446181682,3.181682,155.83,128
1444,1001444000000,1001448787552,4.787552,-28.98,128
1445,1001445000000,1001449859523,4.859523,549.54,128
1446,1001446000000,1001452154092,6.154093,65.92,128
1447,1001447000000,1001452712271,5.712272,67.47,128
1448,1001448000000,1001451849968,3.849968,-305.48,128
1449,1001449000000,1001453986090,4.986091,246.4,128
1450,1001450000000,1001454503642,4.503643,-136.54,128
1451,1001451000000,1001457181135,6.181136,-269.4,128
1452,1001452000000,1001456773977,4.773977,-199.56,128
1453,1001453000000,1001456486275,3.486276,-82.15,128
1454,1001454000000,1001460853194,6.853194,-354.21,128
1455,1001455000000,1001460021124,5.021125,65.15,128
1456,1001456000000,1001459943888,3.943888,-472.53,128
1457,1001457000000,1001462351671,5.351671,122.31,128
1458,1001458000000,1001464147733,6.147734,264.44,128
1459,1001459000000,1001463867773,4.867773,155.47,128
1460,1001460000000,1001464133714,4.133714,-37.19,128
1461,1001461000000,1001465534901,4.534901,-403.01,128
1462,1001462000000,1001466485471,4.485471,121.34,128
1463,1001463000000,1001467728226,4.728227,28.46,128
1464,1001464000000,1001469224214,5.224214,73.84,128
1465,1001465000000,1001470760723,5.760723,160.8,128
1466,1001466000000,1001469810822,3.810823,97.41,128
1467,1001467000000,1001471972052,4.972052,21.76,128
1468,1001468000000,1001473943245,5.943246,-373.56,128
1469,1001469000000,1001473725016,4.725016,-70.51,128
1470,1001470000000,1001473763535,3.763535,-275.14,128
1471,1001471000000,1001475828104,4.828105,40.6,128
1472,1001472000000,1001476577999,4.577999,107.66,128
1473,1001473000000,1001478964407,5.964407,242.36,128
1474,1001474000000,1001480760728,6.760729,-189.83,128
1475,1001475000000,1001481817559,6.817559,-1192.89,128
1476,1001476000000,1001480333622,4.333623,8.02,128
1477,1001477000000,1001482237120,5.237121,132.96,128
1478,1001478000000,1001482833918,4.833919,-121.29,128
1479,1001479000000,1001484479543,5.479543,817.73,128
1480,1001480000000,1001485056834,5.056835,-435.26,128
1481,1001481000000,1001486418756,5.418756,-401.94,128
1482,1001482000000,1001486868753,4.868753,-115.12,128
1483,1001483000000,1001488914885,5.914885,99.72,128
1484,1001484000000,1001490637645,6.637645,636.33,128
1485,1001485000000,1001489269816,4.269816,-615.02,128
1486,1001486000000,1001490868283,4.868284,290.84,128
1487,1001487000000,1001492283942,5.283943,-260.95,128
1488,1001488000000,1001492830062,4.830063,-197.71,128
1489,1001489000000,1001495798344,6.798344,362.63,128
1490,1001490000000,1001493418802,3.418802,40.79,128
1491,1001491000000,1001495726633,4.726633,23.75,128
1492,1001492000000,1001498346139,6.346139,94.54,128
1493,1001493000000,1001499342237,6.342238,-500.3,128
1494,1001494000000,1001498546850,4.54685,-21.67,128
1495,1001495000000,1001501865821,6.865822,157.9,128
1496,1001496000000,1001502033650,6.033651,137.02,128
1497,1001497000000,1001501867363,4.867363,79.54,128
1498,1001498000000,1001501860893,3.860894,-89.58,128
1499,1001499000000,1001504443312,5.443313,-170.53,128
1500,1001500000000,1001506462589,6.46259,-93.56,128
1501,1001501000000,1001504873730,3.87373,186.75,128
1502,1001502000000,1001507163884,5.163884,-344.81,128
1503,1001503000000,1001508198195,5.198196,-7.24,128
1504,1001504000000,1001507434156,3.434157,128.21,128
1505,1001505000000,1001508272321,3.272322,102.95,128
1506,1001506000000,1001510692217,4.692217,-207.02,128
1507,1001507000000,1001513388329,6.388329,174.89,128
1508,1001508000000,1001515079240,7.07924,114.15,128
1509,1001509000000,1001515407147,6.407148,-331.09,128
1510,1001510000000,1001514189832,4.189832,312.59,128
1511,1001511000000,1001515215743,4.215743,-236.37,128
1512,1001512000000,1001518684050,6.684051,-587.8,128
1513,1001513000000,1001518211557,5.211558,-98.08,128
1514,1001514000000,1001518483691,4.483692,262.16,128
1515,1001515000000,1001519835616,4.835616,360.22,128
1516,1001516000000,1001521647567,5.647567,-439.43,128
1517,1001517000000,1001521267284,4.267285,-357.51,128
1518,1001518000000,1001522942757,4.942757,344.17,128
1519,1001519000000,1001523602123,4.602123,-300.56,128
1520,1001520000000,1001525483691,5.483692,-287.82,128
1521,1001521000000,1001528088809,7.088809,17.6,128
1522,1001522000000,1001528526614,6.526615,-212.91,128
1523,1001523000000,1001529312491,6.312492,31.57,128
1524,1001524000000,1001530137256,6.137257,627.0,128
1525,1001525000000,1001530871300,5.871301,-260.02,128
1526,1001526000000,1001530145128,4.145129,28.17,128
1527,1001527000000,1001531018938,4.018939,-234.38,128
1528,1001528000000,1001532965565,4.965566,-858.25,128
1529,1001529000000,1001532485633,3.485633,-32.3,128
1530,1001530000000,1001534197009,4.19701,183.32,128
1531,1001531000000,1001535272066,4.272067,-324.81,128
1532,1001532000000,1001537141806,5.141807,-246.72,128
1533,1001533000000,1001536989389,3.98939,-498.87,128
1534,1001534000000,1001540731257,6.731258,-107.99,128
1535,1001535000000,1001541124343,6.124343,212.4,128
1536,1001536000000,1001539960354,3.960355,70.73,128
1537,1001537000000,1001542579520,5.57952,279.82,128
1538,1001538000000,1001544192832,6.192832,201.19,128
1539,1001539000000,1001544866351,5.866351,-183.45,128
1540,1001540000000,1001545773335,5.773335,23.49,128
1541,1001541000000,1001547853860,6.853861,-193.91,128
1542,1001542000000,1001547610088,5.610089,-13.41,128
1543,1001543000000,1001547192634,4.192635,412.64,128
1544,1001544000000,1001549101587,5.101587,7.3,128
1545,1001545000000,1001551052573,6.052573,-178.11,128
1546,1001546000000,1001550594042,4.594042,662.33,128
1547,1001547000000,1001551233030,4.23303,180.27,128
1548,1001548000000,1001552160161,4.160161,-23.21,128
1549,1001549000000,1001553432511,4.432512,126.21,128
1550,1001550000000,1001554339685,4.339686,-305.2,128
1551,1001551000000,1001557430427,6.430428,314.48,128
1552,1001552000000,1001559070288,7.070288,-45.24,128
1553,1001553000000,1001558910672,5.910672,-303.57,128
1554,1001554000000,1001560728897,6.728897,152.51,128
1555,1001555000000,1001560571612,5.571612,-116.02,128
1556,1001556000000,1001562254718,6.254718,74.85,128
1557,1001557000000,1001563826857,6.826858,-6.38,128
1558,1001558000000,1001561697033,3.697034,-232.94,128
1559,1001559000000,1001564445220,5.445221,-8.62,128
1560,1001560000000,1001563212195,3.212195,-191.42,128
1561,1001561000000,1001566006400,5.0064,71.27,128
1562,1001562000000,1001568802731,6.802731,288.63,128
1563,1001563000000,1001568128847,5.128847,4.9,128
1564,1001564000000,1001568304000,4.304001,396.75,128
1565,1001565000000,1001571121638,6.121639,-30.27,128
1566,1001566000000,1001571215690,5.215691,-294.35,128
1567,1001567000000,1001571405136,4.405137,444.2,128
1568,1001568000000,1001572853430,4.853431,34.88,128
1569,1001569000000,1001573819474,4.819474,-166.71,128
1570,1001570000000,1001574105192,4.105192,-37.28,128
1571,1001571000000,1001576923190,5.92319,-168.93,128
1572,1001572000000,1001577983452,5.983453,-69.78,128
1573,1001573000000,1001577379197,4.379198,489.66,128
1574,1001574000000,1001579827157,5.827158,78.99,128
1575,1001575000000,1001580125079,5.12508,-158.41,128
1576,1001576000000,1001580255757,4.255758,-365.45,128
1577,1001577000000,1001582599118,5.599118,-261.03,128
1578,1001578000000,1001584700644,6.700644,-522.24,128
1579,1001579000000,1001586254717,7.254718,174.84,128
1580,1001580000000,1001588405047,8.405047,-245.87,128
1581,1001581000000,1001584812905,3.812906,-410.64,128
1582,1001582000000,1001587524681,5.524682,85.69,128
1583,1001583000000,1001587372229,4.372229,-76.02,128
1584,1001584000000,1001590249700,6.2497,-416.03,128
1585,1001585000000,1001589446730,4.44673,313.79,128
1586,1001586000000,1001591942022,5.942022,98.07,128
1587,1001587000000,1001592238933,5.238933,-9.73,128
1588,1001588000000,1001592948345,4.948345,-145.59,128
1589,1001589000000,1001593785871,4.785872,98.33,128
1590,1001590000000,1001596004353,6.004353,569.05,128
1591,1001591000000,1001596476709,5.47671,229.81,128
1592,1001592000000,1001596340516,4.340516,198.26,128
1593,1001593000000,1001598284523,5.284524,258.12,128
1594,1001594000000,1001598064158,4.064159,137.71,128
1595,1001595000000,1001599001690,4.001691,-74.16,128
1596,1001596000000,1001601879723,5.879723,-38.85,128
1597,1001597000000,1001603672263,6.672264,-324.37,128
1598,1001598000000,1001601760549,3.760549,263.16,128
1599,1001599000000,1001604338045,5.338045,121.24,128
1600,1001600000000,1001604232147,4.232148,-307.24,128
1601,1001601000000,1001606567175,5.567176,358.57,128
1602,1001602000000,1001606199442,4.199443,-134.21,128
1603,1001603000000,1001608113120,5.11312,-277.12,128
1604,1001604000000,1001607822449,3.82245,-93.07,128
1605,1001605000000,1001608446259,3.44626,236.24,128
1606,1001606000000,1001610628010,4.628011,-584.82,128
1607,1001607000000,1001612548829,5.548829,109.09,128
1608,1001608000000,1001613988228,5.988229,-73.93,128
1609,1001609000000,1001615330457,6.330457,502.33,128
1610,1001610000000,1001615175532,5.175532,-163.51,128
1611,1001611000000,1001616302756,5.302756,-3.09,128
1612,1001612000000,1001617928159,5.92816,433.03,128
1613,1001613000000,1001618426269,5.426269,356.32,128
1614,1001614000000,1001618700951,4.700952,-109.81,128
1615,1001615000000,1001618782564,3.782565,303.94,128
1616,1001616000000,1001620044313,4.044314,-435.55,128
1617,1001617000000,1001622309477,5.309478,15.07,128
1618,1001618000000,1001622890611,4.890612,154.3,128
1619,1001619000000,1001624237398,5.237399,24.72,128
1620,1001620000000,1001623763566,3.763566,162.69,128
1621,1001621000000,1001626522261,5.522261,166.95,128
1622,1001622000000,1001626660513,4.660513,-236.66,128
1623,1001623000000,1001628032643,5.032644,-162.94,128
1624,1001624000000,1001628801842,4.801843,-42.85,128
1625,1001625000000,1001630712190,5.712191,-374.81,128
1626,1001626000000,1001632556403,6.556403,-190.97,128
1627,1001627000000,1001631740961,4.740962,510.57,128
1628,1001628000000,1001634230509,6.23051,-117.71,128
1629,1001629000000,1001635056824,6.056825,-27.35,128
1630,1001630000000,1001635083359,5.08336,-203.19,128
1631,1001631000000,1001635079531,4.079532,135.89,128
1632,1001632000000,1001637877165,5.877166,276.27,128
1633,1001633000000,1001639971879,6.971879,-232.68,128
1634,1001634000000,1001637807906,3.807907,-39.8,128
1635,1001635000000,1001640370448,5.370449,-75.73,128
1636,1001636000000,1001640552123,4.552124,25.5,128
1637,1001637000000,1001642656907,5.656907,-518.86,128
1638,1001638000000,1001643988940,5.98894,637.62,128
1639,1001639000000,1001643892865,4.892866,-243.92,128
1640,1001640000000,1001644329198,4.329198,223.31,128
1641,1001641000000,1001646410152,5.410152,-322.94,128
1642,1001642000000,1001647060292,5.060293,-13.48,128
1643,1001643000000,1001648104205,5.104206,116.04,128
1644,1001644000000,1001648722938,4.722939,306.38,128
1645,1001645000000,1001651098007,6.098008,-253.43,128
1646,1001646000000,1001652373704,6.373705,147.02,128
1647,1001647000000,1001653359405,6.359405,11.96,128
1648,1001648000000,1001651905680,3.905681,24.92,128
1649,1001649000000,1001653626764,4.626764,-172.4,128
1650,1001650000000,1001654655029,4.655029,61.79,128
1651,1001651000000,1001655692323,4.692323,39.38,128
1652,1001652000000,1001656239942,4.239943,-209.5,128
1653,1001653000000,1001659188346,6.188347,-244.9,128
1654,1001654000000,1001658441547,4.441547,-479.51,128
1655,1001655000000,1001660685004,5.685005,436.04,128
1656,1001656000000,1001660384662,4.384662,-113.92,128
1657,1001657000000,1001661738620,4.73862,-631.74,128
1658,1001658000000,1001664008918,6.008918,173.36,128
1659,1001659000000,1001663727004,4.727004,398.73,128
1660,1001660000000,1001664312305,4.312306,-40.68,128
1661,1001661000000,1001665894704,4.894704,255.85,128
1662,1001662000000,1001666217997,4.217997,71.21,128
1663,1001663000000,1001668345781,5.345782,-176.09,128
1664,1001664000000,1001669001129,5.00113,56.93,128
1665,1001665000000,1001670407248,5.407249,607.11,128
1666,1001666000000,1001670920186,4.920187,-146.56,128
1667,1001667000000,1001672771004,5.771005,155.18,128
1668,1001668000000,1001673013394,5.013394,-357.45,128
1669,1001669000000,1001673203759,4.20376,-407.1,128
1670,1001670000000,1001675440155,5.440155,-19.43,128
1671,1001671000000,1001676478380,5.478381,60.36,128
1672,1001672000000,1001679254632,7.254633,-86.92,128
1673,1001673000000,1001679985413,6.985413,96.53,128
1674,1001674000000,1001680802231,6.802232,-179.41,128
1675,1001675000000,1001680663891,5.663891,-148.98,128
1676,1001676000000,1001680578323,4.578324,584.72,128
1677,1001677000000,1001681508114,4.508115,122.07,128
1678,1001678000000,1001683895481,5.895481,176.45,128
1679,1001679000000,1001684766394,5.766395,75.14,128
1680,1001680000000,1001684077805,4.077805,-254.07,128
1681,1001681000000,1001686669684,5.669685,-351.49,128
1682,1001682000000,1001687271047,5.271048,-206.66,128
1683,1001683000000,1001688760367,5.760367,-97.63,128
1684,1001684000000,1001689854774,5.854775,258.34,128
1685,1001685000000,1001688607848,3.607849,-151.45,128
1686,1001686000000,1001691270902,5.270902,65.38,128
1687,1001687000000,1001691887495,4.887495,211.78,128
1688,1001688000000,1001694741669,6.741669,-564.62,128
1689,1001689000000,1001692578630,3.578631,104.66,128
1690,1001690000000,1001697017160,7.01716,209.35,128
1691,1001691000000,1001695356405,4.356406,452.25,128
1692,1001692000000,1001695486381,3.486381,-171.66,128
1693,1001693000000,1001697686144,4.686145,-98.51,128
1694,1001694000000,1001698019840,4.019841,111.6,128
1695,1001695000000,1001701431241,6.431242,-160.89,128
1696,1001696000000,1001700256697,4.256698,-332.64,128
1697,1001697000000,1001702709531,5.709532,127.34,128
1698,1001698000000,1001704167360,6.16736,246.15,128
1699,1001699000000,1001703517976,4.517976,-126.77,128
1700,1001700000000,1001707489879,7.48988,-237.35,128
1701,1001701000000,1001705730598,4.730598,-3.11,128
1702,1001702000000,1001706584916,4.584917,2.81,128
1703,1001703000000,1001708736337,5.736337,33.65,128
1704,1001704000000,1001708070920,4.070921,-688.65,128
1705,1001705000000,1001710636199,5.636199,414.06,128
1706,1001706000000,1001710272389,4.272389,-288.57,128
1707,1001707000000,1001710266473,3.266474,-253.26,128
1708,1001708000000,1001712987114,4.987114,456.22,128
1709,1001709000000,1001716215320,7.21532,-13.0,128
1710,1001710000000,1001715400985,5.400985,-427.93,128
1711,1001711000000,1001715793246,4.793247,370.9,128
1712,1001712000000,1001715271499,3.2715,-18.22,128
1713,1001713000000,1001717570421,4.570422,508.8,128
1714,1001714000000,1001718278013,4.278014,287.44,128
1715,1001715000000,1001719564420,4.564421,304.67,128
1716,1001716000000,1001720357315,4.357316,198.54,128
1717,1001717000000,1001723610191,6.610191,288.15,128
1718,1001718000000,1001723969989,5.96999,-87.88,128
1719,1001719000000,1001722975218,3.975219,164.54,128
1720,1001720000000,1001725804914,5.804915,102.09,128
1721,1001721000000,1001725347543,4.347544,5.13,128
1722,1001722000000,1001726878519,4.878519,-156.35,128
1723,1001723000000,1001730116869,7.11687,263.13,128
1724,1001724000000,1001728287068,4.287068,184.04,128
1725,1001725000000,1001731080413,6.080414,106.41,128
1726,1001726000000,1001731450668,5.450669,33.93,128
1727,1001727000000,1001735595032,8.595032,84.11,128
1728,1001728000000,1001733289724,5.289724,-431.59,128
1729,1001729000000,1001733731710,4.731711,-166.44,128
1730,1001730000000,1001735034616,5.034616,319.47,128
1731,1001731000000,1001735284146,4.284146,205.98,128
1732,1001732000000,1001736821958,4.821959,-115.81,128
1733,1001733000000,1001736967982,3.967983,-214.57,128
1734,1001734000000,1001738446299,4.4463,96.15,128
1735,1001735000000,1001740605726,5.605727,-465.21,128
1736,1001736000000,1001741842039,5.84204,-52.29,128
1737,1001737000000,1001743189654,6.189654,602.43,128
1738,1001738000000,1001742103915,4.103915,-59.39,128
1739,1001739000000,1001745092830,6.092831,-122.06,128
1740,1001740000000,1001745706363,5.706364,80.48,128
1741,1001741000000,1001745621185,4.621185,-872.02,128
1742,1001742000000,1001747539084,5.539084,-269.18,128
1743,1001743000000,1001747674791,4.674792,197.74,128
1744,1001744000000,1001747412609,3.41261,-218.21,128
1745,1001745000000,1001751635011,6.635012,186.22,128
1746,1001746000000,1001751521718,5.521719,-598.82,128
1747,1001747000000,1001752612877,5.612878,-66.48,128
1748,1001748000000,1001752586160,4.58616,-253.4,128
1749,1001749000000,1001753807673,4.807673,-74.59,128
1750,1001750000000,1001757924304,7.924304,-559.95,128
1751,1001751000000,1001758231566,7.231567,177.64,128
1752,1001752000000,1001756220120,4.22012,676.69,128
1753,1001753000000,1001758908328,5.908329,433.41,128
1754,1001754000000,1001761170817,7.170818,88.17,128
1755,1001755000000,1001759368558,4.368559,353.69,128
1756,1001756000000,1001761659274,5.659274,-633.35,128
1757,1001757000000,1001761702681,4.702682,94.34,128
1758,1001758000000,1001762958297,4.958297,231.31,128
1759,1001759000000,1001762593944,3.593944,-99.02,128
1760,1001760000000,1001766095530,6.09553,666.56,128
1761,1001761000000,1001766480147,5.480147,-29.35,128
1762,1001762000000,1001768456268,6.456268,-379.05,128
1763,1001763000000,1001767420433,4.420434,-120.22,128
1764,1001764000000,1001769834881,5.834882,337.24,128
1765,1001765000000,1001769812643,4.812643,-289.67,128
1766,1001766000000,1001772757169,6.757169,192.38,128
1767,1001767000000,1001770721578,3.721578,-164.03,128
1768,1001768000000,1001772214262,4.214263,-295.49,128
1769,1001769000000,1001773579374,4.579375,-127.05,128
1770,1001770000000,1001776389084,6.389084,31.35,128
1771,1001771000000,1001774000906,3.000906,205.31,128
1772,1001772000000,1001776303275,4.303275,-43.54,128
1773,1001773000000,1001778057776,5.057777,-218.42,128
1774,1001774000000,1001779095346,5.095347,-82.41,128
1775,1001775000000,1001778674921,3.674922,-238.09,128
1776,1001776000000,1001780180580,4.18058,364.77,128
1777,1001777000000,1001780903261,3.903262,-143.11,128
1778,1001778000000,1001783478342,5.478342,130.25,128
1779,1001779000000,1001784895676,5.895676,-28.67,128
1780,1001780000000,1001784498141,4.498141,224.06,128
1781,1001781000000,1001788600063,7.600064,-276.7,128
1782,1001782000000,1001787459512,5.459513,-307.66,128
1783,1001783000000,1001789720650,6.72065,-424.16,128
1784,1001784000000,1001788778115,4.778115,15.97,128
1785,1001785000000,1001790394675,5.394676,50.18,128
1786,1001786000000,1001789662406,3.662407,83.41,128
1787,1001787000000,1001790505969,3.50597,415.5,128
1788,1001788000000,1001794507470,6.50747,38.58,128
1789,1001789000000,1001793974668,4.974668,489.17,128
1790,1001790000000,1001793949983,3.949984,-205.31,128
1791,1001791000000,1001794557717,3.557717,288.34,128
1792,1001792000000,1001796075660,4.075661,-73.69,128
1793,1001793000000,1001797871462,4.871462,-162.28,128
1794,1001794000000,1001799335593,5.335593,-965.18,128
1795,1001795000000,1001799834584,4.834585,272.93,128
1796,1001796000000,1001802275193,6.275193,498.96,128
1797,1001797000000,1001802999100,5.9991,-393.2,128
1798,1001798000000,1001802417353,4.417353,-469.01,128
1799,1001799000000,1001805523257,6.523258,-106.97,128
1800,1001800000000,1001805482313,5.482313,227.43,128
1801,1001801000000,1001806037689,5.037689,188.15,128
1802,1001802000000,1001805456780,3.456781,115.44,128
1803,1001803000000,1001807768661,4.768661,457.51,128
1804,1001804000000,1001808400474,4.400475,-638.58,128
1805,1001805000000,1001810193341,5.193342,-148.27,128
1806,1001806000000,1001811426729,5.426729,144.25,128
1807,1001807000000,1001810781213,3.781214,-810.18,128
1808,1001808000000,1001814670705,6.670705,480.91,128
1809,1001809000000,1001813205959,4.20596,-429.74,128
1810,1001810000000,1001815269312,5.269313,-530.3,128
1811,1001811000000,1001815530531,4.530531,247.54,128
1812,1001812000000,1001819026308,7.026309,-174.72,128
1813,1001813000000,1001819411164,6.411164,151.59,128
1814,1001814000000,1001822097977,8.097978,171.08,128
1815,1001815000000,1001819519409,4.51941,124.01,128
1816,1001816000000,1001820299815,4.299816,396.75,128
1817,1001817000000,1001822368703,5.368704,168.62,128
1818,1001818000000,1001822228471,4.228471,310.73,128
1819,1001819000000,1001825095548,6.095549,288.7,128
1820,1001820000000,1001825296330,5.296331,56.74,128
1821,1001821000000,1001825868084,4.868085,-240.49,128
1822,1001822000000,1001827689178,5.689178,-132.37,128
1823,1001823000000,1001828446169,5.446169,-126.33,128
1824,1001824000000,1001828843519,4.84352,-33.07,128
1825,1001825000000,1001829572134,4.572134,-175.63,128
1826,1001826000000,1001831151803,5.151804,42.8,128
1827,1001827000000,1001830288507,3.288508,-2.0,128
1828,1001828000000,1001834453059,6.45306,-372.25,128
1829,1001829000000,1001834224909,5.22491,-22.38,128
1830,1001830000000,1001837227820,7.227821,495.16,128
1831,1001831000000,1001836428840,5.42884,99.46,128
1832,1001832000000,1001836900271,4.900271,132.65,128
1833,1001833000000,1001838252831,5.252832,-300.29,128
1834,1001834000000,1001837347575,3.347576,131.75,128
1835,1001835000000,1001841975704,6.975704,-120.32,128
1836,1001836000000,1001841126141,5.126141,312.91,128
1837,1001837000000,1001843958975,6.958976,-130.26,128
1838,1001838000000,1001843735940,5.73594,-330.12,128
1839,1001839000000,1001842729504,3.729505,335.6,128
1840,1001840000000,1001846425565,6.425566,254.84,128
1841,1001841000000,1001844930889,3.93089,-255.87,128
1842,1001842000000,1001846665569,4.66557,546.85,128
1843,1001843000000,1001847605496,4.605497,-740.73,128
1844,1001844000000,1001849891710,5.891711,-79.22,128
1845,1001845000000,1001849504767,4.504767,697.37,128
1846,1001846000000,1001850573649,4.573649,93.59,128
1847,1001847000000,1001851681536,4.681537,-477.8,128
1848,1001848000000,1001852539720,4.53972,224.97,128
1849,1001849000000,1001853388007,4.388007,185.25,128
1850,1001850000000,1001854040281,4.040282,-253.99,128
1851,1001851000000,1001854770228,3.770229,-412.44,128
1852,1001852000000,1001856779373,4.779374,457.08,128
1853,1001853000000,1001857484676,4.484676,-457.15,128
1854,1001854000000,1001857689937,3.689937,-257.31,128
1855,1001855000000,1001860745900,5.7459,359.22,128
1856,1001856000000,1001859946565,3.946565,351.85,128
1857,1001857000000,1001860745642,3.745643,315.24,128
1858,1001858000000,1001862797025,4.797026,424.73,128
1859,1001859000000,1001862325607,3.325607,-184.6,128
1860,1001860000000,1001866851816,6.851816,-130.76,128
1861,1001861000000,1001867214365,6.214365,575.82,128
1862,1001862000000,1001868531752,6.531752,432.98,128
1863,1001863000000,1001868818997,5.818998,7.54,128
1864,1001864000000,1001870112586,6.112586,303.01,128
1865,1001865000000,1001869002077,4.002077,9.94,128
1866,1001866000000,1001871023282,5.023283,24.2,128
1867,1001867000000,1001872929554,5.929554,-111.31,128
1868,1001868000000,1001873213251,5.213252,-509.55,128
1869,1001869000000,1001874561800,5.5618,238.96,128
1870,1001870000000,1001874010817,4.010817,176.59,128
1871,1001871000000,1001875277417,4.277417,142.75,128
1872,1001872000000,1001878157309,6.157309,275.57,128
1873,1001873000000,1001877900534,4.900535,112.67,128
1874,1001874000000,1001879364064,5.364064,126.7,128
1875,1001875000000,1001880524409,5.52441,558.05,128
1876,1001876000000,1001880575314,4.575314,-74.41,128
1877,1001877000000,1001881949794,4.949795,296.3,128
1878,1001878000000,1001883264890,5.264891,-323.35,128
1879,1001879000000,1001883163712,4.163712,229.81,128
1880,1001880000000,1001884418397,4.418398,60.92,128
1881,1001881000000,1001885152624,4.152625,372.27,128
1882,1001882000000,1001887281287,5.281287,316.48,128
1883,1001883000000,1001887208704,4.208705,60.84,128
1884,1001884000000,1001889247643,5.247643,-121.1,128
1885,1001885000000,1001889805229,4.805229,-51.38,128
1886,1001886000000,1001892786924,6.786924,57.72,128
1887,1001887000000,1001891949226,4.949227,313.45,128
1888,1001888000000,1001892299790,4.299791,-156.48,128
1889,1001889000000,1001892736898,3.736898,-304.3,128
1890,1001890000000,1001896643192,6.643192,-129.53,128
1891,1001891000000,1001894404017,3.404017,-116.65,128
1892,1001892000000,1001896586602,4.586602,48.87,128
1893,1001893000000,1001898238790,5.23879,-92.41,128
1894,1001894000000,1001897533203,3.533204,-132.17,128
1895,1001895000000,1001899279276,4.279276,-331.48,128
1896,1001896000000,1001902423142,6.423142,-170.45,128
1897,1001897000000,1001902375238,5.375238,240.46,128
1898,1001898000000,1001902768663,4.768664,746.19,128
1899,1001899000000,1001905239663,6.239663,-111.02,128
1900,1001900000000,1001905736879,5.736879,-138.46,128
1901,1001901000000,1001906102996,5.102996,8.85,128
1902,1001902000000,1001907647655,5.647655,254.25,128
1903,1001903000000,1001906672162,3.672163,221.08,128
1904,1001904000000,1001908520861,4.520862,-543.82,128
1905,1001905000000,1001908910823,3.910823,-310.52,128
1906,1001906000000,1001910894337,4.894338,139.47,128
1907,1001907000000,1001911612299,4.6123,293.39,128
1908,1001908000000,1001913796054,5.796054,233.41,128
1909,1001909000000,1001914797647,5.797647,57.91,128
1910,1001910000000,1001914366883,4.366883,42.73,128
1911,1001911000000,1001916693399,5.6934,-387.69,128
1912,1001912000000,1001917877735,5.877736,85.42,128
1913,1001913000000,1001916823587,3.823588,180.62,128
1914,1001914000000,1001918315327,4.315327,421.55,128
1915,1001915000000,1001918384343,3.384343,37.07,128
1916,1001916000000,1001921255299,5.255299,339.71,128
1917,1001917000000,1001921446342,4.446342,-126.31,128
1918,1001918000000,1001923753306,5.753307,-27.25,128
1919,1001919000000,1001924735738,5.735739,135.98,128
1920,1001920000000,1001925841733,5.841734,-107.88,128
1921,1001921000000,1001925601742,4.601743,-64.56,128
1922,1001922000000,1001925795927,3.795928,53.89,128
1923,1001923000000,1001928290790,5.290791,203.37,128
1924,1001924000000,1001929925230,5.925231,252.61,128
1925,1001925000000,1001928592337,3.592338,-65.16,128
1926,1001926000000,1001928967955,2.967955,287.53,128
1927,1001927000000,1001932525109,5.52511,23.82,128
1928,1001928000000,1001933896007,5.896007,-45.73,128
1929,1001929000000,1001936481263,7.481263,-194.86,128
1930,1001930000000,1001935461668,5.461668,206.82,128
1931,1001931000000,1001935073095,4.073096,514.82,128
1932,1001932000000,1001936386990,4.38699,101.03,128
1933,1001933000000,1001938085851,5.085852,153.4,128
1934,1001934000000,1001938006714,4.006714,-337.48,128
1935,1001935000000,1001940212917,5.212918,-285.77,128
1936,1001936000000,1001942321628,6.321629,-196.32,128
1937,1001937000000,1001945539847,8.539848,277.37,128
1938,1001938000000,1001942455085,4.455085,167.09,128
1939,1001939000000,1001942360208,3.360208,-453.98,128
1940,1001940000000,1001947133305,7.133306,197.25,128
1941,1001941000000,1001945032884,4.032884,426.66,128
1942,1001942000000,1001946556893,4.556894,-612.64,128
1943,1001943000000,1001947937488,4.937488,-112.79,128
1944,1001944000000,1001948865390,4.86539,-159.16,128
1945,1001945000000,1001950832770,5.83277,-193.74,128
1946,1001946000000,1001951461729,5.46173,741.95,128
1947,1001947000000,1001951652354,4.652355,-52.48,128
1948,1001948000000,1001952581507,4.581507,462.83,128
1949,1001949000000,1001954680694,5.680694,104.96,128
1950,1001950000000,1001955019775,5.019776,-867.84,128
1951,1001951000000,1001956116873,5.116873,189.4,128
1952,1001952000000,1001957048776,5.048776,179.33,128
1953,1001953000000,1001958716567,5.716567,479.12,128
1954,1001954000000,1001959415580,5.41558,94.73,128
1955,1001955000000,1001961362946,6.362946,66.37,128
1956,1001956000000,1001960835604,4.835604,135.71,128
1957,1001957000000,1001961162150,4.162151,-695.02,128
1958,1001958000000,1001961394827,3.394828,127.11,128
1959,1001959000000,1001964055016,5.055017,48.69,128
1960,1001960000000,1001964358989,4.358989,272.67,128
1961,1001961000000,1001964405770,3.40577,424.25,128
1962,1001962000000,1001966224711,4.224712,258.53,128
1963,1001963000000,1001968453679,5.45368,276.36,128
1964,1001964000000,1001968888056,4.888057,-356.45,128
1965,1001965000000,1001971273721,6.273722,173.52,128
1966,1001966000000,1001971674804,5.674804,272.99,128
1967,1001967000000,1001971005283,4.005284,305.76,128
1968,1001968000000,1001973183321,5.183322,-45.86,128
1969,1001969000000,1001973313498,4.313498,165.06,128
1970,1001970000000,1001975148418,5.148419,-548.34,128
1971,1001971000000,1001976083203,5.083204,-112.82,128
1972,1001972000000,1001976320169,4.320169,-326.12,128
1973,1001973000000,1001977431867,4.431867,-242.58,128
1974,1001974000000,1001979707018,5.707019,76.66,128
1975,1001975000000,1001979129720,4.129721,178.93,128
1976,1001976000000,1001979987204,3.987205,815.29,128
1977,1001977000000,1001980077327,3.077328,-366.19,128
1978,1001978000000,1001983141092,5.141092,-37.32,128
1979,1001979000000,1001984237989,5.23799,221.86,128
1980,1001980000000,1001984182469,4.18247,-708.37,128
1981,1001981000000,1001985329555,4.329556,236.33,128
1982,1001982000000,1001985777965,3.777965,-438.8,128
1983,1001983000000,1001987089631,4.089632,-14.21,128
1984,1001984000000,1001991074886,7.074886,516.86,128
1985,1001985000000,1001988984506,3.984506,-29.42,128
1986,1001986000000,1001991584206,5.584207,-887.58,128
1987,1001987000000,1001991131212,4.131213,213.67,128
1988,1001988000000,1001994183369,6.183369,-207.59,128
1989,1001989000000,1001993652471,4.652472,118.14,128
1990,1001990000000,1001994089609,4.089609,157.28,128
1991,1001991000000,1001997343312,6.343312,-407.65,128
1992,1001992000000,1001997529694,5.529694,-63.42,128
1993,1001993000000,1001996880491,3.880492,136.97,128
1994,1001994000000,1002001544384,7.544384,-105.48,128
1995,1001995000000,1002001867323,6.867323,204.81,128
1996,1001996000000,1001999806613,3.806614,-362.41,128
1997,1001997000000,1002000936054,3.936054,-164.32,128
1998,1001998000000,1002002751157,4.751157,-150.55,128
1999,1001999000000,1002003992949,4.992949,-431.19,128
2000,1002000000000,1002006094320,6.09432,135.28,128
2001,1002001000000,1002007523873,6.523873,-56.23,128
2002,1002002000000,1002007490936,5.490937,121.86,128
2003,1002003000000,1002006556671,3.556671,-212.03,128
2004,1002004000000,1002007897273,3.897274,-187.42,128
2005,1002005000000,1002010692959,5.692959,441.73,128
2006,1002006000000,1002013717246,7.717247,-509.74,128
2007,1002007000000,1002014746353,7.746353,96.33,128
2008,1002008000000,1002013299504,5.299505,-395.7,128
2009,1002009000000,1002013013672,4.013672,361.8,128
2010,1002010000000,1002013874115,3.874115,-430.02,128
2011,1002011000000,1002016454401,5.454402,277.83,128
2012,1002012000000,1002017730602,5.730602,220.96,128
2013,1002013000000,1002015970972,2.970972,115.34,128
2014,1002014000000,1002017992888,3.992889,171.64,128
2015,1002015000000,1002019166563,4.166563,168.44,128
2016,1002016000000,1002023018298,7.018299,433.68,128
2017,1002017000000,1002022622803,5.622803,344.75,128
2018,1002018000000,1002021628162,3.628163,283.07,128
2019,1002019000000,1002025183614,6.183614,-74.27,128
2020,1002020000000,1002023892551,3.892552,293.38,128
2021,1002021000000,1002025076834,4.076834,207.88,128
2022,1002022000000,1002025539711,3.539712,-63.29,128
2023,1002023000000,1002027562613,4.562614,-169.87,128
2024,1002024000000,1002028091206,4.091206,-108.5,128
2025,1002025000000,1002031019091,6.019092,311.39,128
2026,1002026000000,1002029718092,3.718092,289.22,128
2027,1002027000000,1002033643931,6.643931,581.3,128
2028,1002028000000,1002034101935,6.101936,-116.09,128
2029,1002029000000,1002033924553,4.924553,514.8,128
2030,1002030000000,1002034980203,4.980204,404.77,128
2031,1002031000000,1002036075851,5.075852,112.46,128
2032,1002032000000,1002038083507,6.083508,348.81,128
2033,1002033000000,1002036384883,3.384884,-226.14,128
2034,1002034000000,1002039579155,5.579155,-537.94,128
2035,1002035000000,1002040020910,5.020911,245.88,128
2036,1002036000000,1002039890722,3.890722,-193.4,128
2037,1002037000000,1002042048916,5.048917,576.2,128
2038,1002038000000,1002043561920,5.56192,277.99,128
2039,1002039000000,1002045313482,6.313482,-269.99,128
2040,1002040000000,1002045602801,5.602802,16.31,128
2041,1002041000000,1002048137014,7.137015,-14.67,128
2042,1002042000000,1002047297557,5.297557,-237.1,128
2043,1002043000000,1002048307175,5.307176,42.06,128
2044,1002044000000,1002049013672,5.013673,264.83,128
2045,1002045000000,1002050232327,5.232328,40.82,128
2046,1002046000000,1002052419272,6.419272,254.15,128
2047,1002047000000,1002051455563,4.455563,-101.7,128
2048,1002048000000,1002053683345,5.683345,257.72,128
2049,1002049000000,1002053973332,4.973332,383.88,128
2050,1002050000000,1002053441799,3.441799,161.47,128
2051,1002051000000,1002055644096,4.644096,353.52,128
2052,1002052000000,1002056629895,4.629895,189.76,128
2053,1002053000000,1002058470234,5.470234,47.62,128
2054,1002054000000,1002058100703,4.100704,-329.19,128
2055,1002055000000,1002061521646,6.521647,230.41,128
2056,1002056000000,1002060450787,4.450788,96.83,128
2057,1002057000000,1002061371978,4.371979,-498.24,128
2058,1002058000000,1002064688513,6.688514,-241.36,128
2059,1002059000000,1002064260243,5.260244,-11.56,128
2060,1002060000000,1002064822398,4.822399,-267.86,128
2061,1002061000000,1002067166701,6.166701,518.07,128
2062,1002062000000,1002068428845,6.428845,32.63,128
2063,1002063000000,1002067817381,4.817382,330.79,128
2064,1002064000000,1002070849910,6.849911,370.14,128
2065,1002065000000,1002069869503,4.869504,-166.35,128
2066,1002066000000,1002072167116,6.167116,230.34,128
2067,1002067000000,1002073524043,6.524044,-427.39,128
2068,1002068000000,1002071267249,3.267249,37.46,128
2069,1002069000000,1002073561553,4.561554,-135.06,128
2070,1002070000000,1002075395912,5.395912,34.44,128
2071,1002071000000,1002079557919,8.55792,78.37,128
2072,1002072000000,1002075993418,3.993418,118.03,128
2073,1002073000000,1002077982523,4.982524,-67.68,128
2074,1002074000000,1002077872402,3.872402,-42.79,128
2075,1002075000000,1002080215305,5.215305,-131.29,128
2076,1002076000000,1002082642257,6.642258,30.57,128
2077,1002077000000,1002081637045,4.637045,202.93,128
2078,1002078000000,1002082838395,4.838395,153.45,128
2079,1002079000000,1002083042640,4.042641,100.92,128
2080,1002080000000,1002084369159,4.369159,-219.78,128
2081,1002081000000,1002086455521,5.455521,267.79,128
2082,1002082000000,1002087119527,5.119527,270.27,128
2083,1002083000000,1002088935371,5.935371,-318.62,128
2084,1002084000000,1002087774192,3.774193,-354.15,128
2085,1002085000000,1002088894705,3.894706,172.65,128
2086,1002086000000,1002091688611,5.688611,181.58,128
2087,1002087000000,1002093226189,6.22619,-371.21,128
2088,1002088000000,1002092855558,4.855559,-79.58,128
2089,1002089000000,1002093093655,4.093655,-12.99,128
2090,1002090000000,1002094562189,4.56219,-198.5,128
2091,1002091000000,1002095301056,4.301056,-46.22,128
2092,1002092000000,1002096897613,4.897614,165.73,128
2093,1002093000000,1002096991719,3.991719,-467.09,128
2094,1002094000000,1002099757560,5.75756,202.52,128
2095,1002095000000,1002099532931,4.532931,951.3,128
2096,1002096000000,1002100045947,4.045947,-249.2,128
2097,1002097000000,1002102151756,5.151756,299.42,128
2098,1002098000000,1002102548446,4.548446,-177.73,128
2099,1002099000000,1002103594398,4.594398,-356.36,128
2100,1002100000000,1002103178407,3.178408,76.88,128
2101,1002101000000,1002105763962,4.763963,220.91,128
2102,1002102000000,1002106507727,4.507727,224.14,128
2103,1002103000000,1002107374792,4.374793,-366.32,128
2104,1002104000000,1002109755166,5.755166,43.28,128
2105,1002105000000,1002109435093,4.435093,-243.62,128
2106,1002106000000,1002111399098,5.399098,-62.84,128
2107,1002107000000,1002112392915,5.392916,64.28,128
2108,1002108000000,1002112798724,4.798724,-371.73,128
2109,1002109000000,1002113039001,4.039001,483.88,128
2110,1002110000000,1002117192748,7.192748,193.38,128
2111,1002111000000,1002116659108,5.659108,203.82,128
2112,1002112000000,1002116575844,4.575844,-334.62,128
2113,1002113000000,1002117071806,4.071807,571.19,128
2114,1002114000000,1002118076095,4.076096,274.45,128
2115,1002115000000,1002119804576,4.804577,358.36,128
2116,1002116000000,1002119839936,3.839937,350.54,128
2117,1002117000000,1002123398466,6.398466,241.98,128
2118,1002118000000,1002122711716,4.711716,221.24,128
2119,1002119000000,1002124226301,5.226302,156.3,128
2120,1002120000000,1002126191362,6.191362,-331.18,128
2121,1002121000000,1002125169775,4.169775,226.53,128
2122,1002122000000,1002126184888,4.184889,148.32,128
2123,1002123000000,1002128497975,5.497975,143.67,128
2124,1002124000000,1002128457988,4.457989,173.57,128
2125,1002125000000,1002130530358,5.530359,-83.12,128
2126,1002126000000,1002129798196,3.798196,-49.16,128
2127,1002127000000,1002135677749,8.67775,193.83,128
2128,1002128000000,1002132677839,4.67784,-109.52,128
2129,1002129000000,1002132762876,3.762877,-103.15,128
2130,1002130000000,1002135429627,5.429628,-240.59,128
2131,1002131000000,1002135505095,4.505095,14.2,128
2132,1002132000000,1002136462359,4.462359,415.64,128
2133,1002133000000,1002140354869,7.35487,-183.21,128
2134,1002134000000,1002136661121,2.661121,-33.68,128
2135,1002135000000,1002141152417,6.152417,-79.75,128
2136,1002136000000,1002145402553,9.402553,46.31,128
2137,1002137000000,1002143379146,6.379147,186.24,128
2138,1002138000000,1002143341629,5.341629,119.12,128
2139,1002139000000,1002145561838,6.561838,41.68,128
2140,1002140000000,1002145450862,5.450863,76.74,128
2141,1002141000000,1002145791551,4.791551,15.23,128
2142,1002142000000,1002150341100,8.341101,-174.09,128
2143,1002143000000,1002146949386,3.949386,412.41,128
2144,1002144000000,1002150773633,6.773634,366.42,128
2145,1002145000000,1002148903071,3.903072,-178.28,128
2146,1002146000000,1002150492465,4.492465,-134.17,128
2147,1002147000000,1002152865711,5.865711,150.54,128
2148,1002148000000,1002152530017,4.530018,530.25,128
2149,1002149000000,1002153226025,4.226026,340.1,128
2150,1002150000000,1002153995471,3.995471,35.18,128
2151,1002151000000,1002157779133,6.779134,110.97,128
2152,1002152000000,1002155978601,3.978602,216.6,128
2153,1002153000000,1002158538403,5.538404,160.05,128
2154,1002154000000,1002158536875,4.536876,157.5,128
2155,1002155000000,1002158678563,3.678563,454.2,128
2156,1002156000000,1002161471731,5.471731,-206.85,128
2157,1002157000000,1002163397723,6.397723,-9.3,128
2158,1002158000000,1002163352533,5.352534,-209.83,128
2159,1002159000000,1002163332792,4.332793,-223.42,128
2160,1002160000000,1002163781105,3.781106,-53.08,128
2161,1002161000000,1002164914198,3.914199,-353.57,128
2162,1002162000000,1002166514370,4.514371,-92.94,128
2163,1002163000000,1002167386957,4.386958,850.87,128
2164,1002164000000,1002167421232,3.421233,-379.76,128
2165,1002165000000,1002169747835,4.747835,-230.88,128
2166,1002166000000,1002171987848,5.987848,178.91,128
2167,1002167000000,1002173488101,6.488101,198.34,128
2168,1002168000000,1002176835540,8.835541,431.45,128
2169,1002169000000,1002173222086,4.222087,-363.77,128
2170,1002170000000,1002175370408,5.370409,-545.05,128
2171,1002171000000,1002177354298,6.354299,-385.07,128
2172,1002172000000,1002177433478,5.433478,-649.07,128
2173,1002173000000,1002178036578,5.036579,367.18,128
2174,1002174000000,1002178566979,4.566979,-191.1,128
2175,1002175000000,1002179417265,4.417265,-550.48,128
2176,1002176000000,1002181137229,5.13723,456.34,128
2177,1002177000000,1002181160083,4.160083,436.65,128
2178,1002178000000,1002185059767,7.059767,467.49,128
2179,1002179000000,1002184340008,5.340008,-341.15,128
2180,1002180000000,1002185463601,5.463602,-243.62,128
2181,1002181000000,1002186227628,5.227628,-0.65,128
2182,1002182000000,1002187222531,5.222531,-76.57,128
2183,1002183000000,1002187641622,4.641622,-38.0,128
2184,1002184000000,1002189205503,5.205504,-67.7,128
2185,1002185000000,1002188930629,3.93063,151.81,128
2186,1002186000000,1002190192049,4.19205,-363.42,128
2187,1002187000000,1002190868696,3.868697,173.88,128
2188,1002188000000,1002193745103,5.745104,6.07,128
2189,1002189000000,1002193873903,4.873904,-30.43,128
2190,1002190000000,1002195495502,5.495503,185.28,128
2191,1002191000000,1002196801395,5.801395,201.57,128
2192,1002192000000,1002197681875,5.681876,-55.39,128
2193,1002193000000,1002197735219,4.73522,-518.1,128
2194,1002194000000,1002198004714,4.004714,565.62,128
2195,1002195000000,1002199736063,4.736064,73.51,128
2196,1002196000000,1002201677761,5.677762,522.89,128
2197,1002197000000,1002201608025,4.608026,96.23,128
2198,1002198000000,1002205165070,7.16507,262.34,128
2199,1002199000000,1002204483829,5.483829,-315.23,128
2200,1002200000000,1002206075973,6.075974,-7.53,128
2201,1002201000000,1002206529147,5.529148,79.25,128
2202,1002202000000,1002208900524,6.900525,93.81,128
2203,1002203000000,1002207773122,4.773122,51.62,128
2204,1002204000000,1002209226535,5.226535,101.5,128
2205,1002205000000,1002208657207,3.657207,-19.53,128
2206,1002206000000,1002210288820,4.288821,-180.86,128
2207,1002207000000,1002210615687,3.615687,56.67,128
2208,1002208000000,1002214550631,6.550632,254.76,128
2209,1002209000000,1002215262858,6.262859,-381.61,128
2210,1002210000000,1002214374065,4.374066,97.95,128
2211,1002211000000,1002216859676,5.859677,152.64,128
2212,1002212000000,1002217642284,5.642284,-135.26,128
2213,1002213000000,1002218074627,5.074628,298.82,128
2214,1002214000000,1002219315740,5.315741,250.66,128
2215,1002215000000,1002221262961,6.262962,211.46,128
2216,1002216000000,1002221626121,5.626122,-104.43,128
2217,1002217000000,1002221668705,4.668706,105.47,128
2218,1002218000000,1002221497175,3.497175,122.01,128
2219,1002219000000,1002223940964,4.940965,-848.87,128
2220,1002220000000,1002224285689,4.285689,-72.24,128
2221,1002221000000,1002224781464,3.781464,-79.03,128
2222,1002222000000,1002226209575,4.209575,5.02,128
2223,1002223000000,1002227569425,4.569425,-69.38,128
2224,1002224000000,1002230308284,6.308284,89.76,128
2225,1002225000000,1002229358055,4.358055,31.54,128
2226,1002226000000,1002230174406,4.174407,-112.15,128
2227,1002227000000,1002230932055,3.932055,611.17,128
2228,1002228000000,1002233877623,5.877624,432.38,128
2229,1002229000000,1002234644138,5.644139,394.24,128
2230,1002230000000,1002238332939,8.33294,366.8,128
2231,1002231000000,1002237573882,6.573882,312.7,128
2232,1002232000000,1002236147195,4.147195,-161.01,128
2233,1002233000000,1002236346849,3.34685,75.32,128
2234,1002234000000,1002239277384,5.277384,-301.02,128
2235,1002235000000,1002240812804,5.812805,497.99,128
2236,1002236000000,1002240958615,4.958615,252.79,128
2237,1002237000000,1002241641700,4.641701,130.49,128
2238,1002238000000,1002243582136,5.582136,395.54,128
2239,1002239000000,1002243664524,4.664524,372.61,128
2240,1002240000000,1002243971676,3.971676,-25.31,128
2241,1002241000000,1002245248733,4.248733,-429.89,128
2242,1002242000000,1002245463567,3.463568,-483.09,128
2243,1002243000000,1002247369371,4.369372,196.7,128
2244,1002244000000,1002248981081,4.981082,432.9,128
2245,1002245000000,1002249701430,4.70143,449.8,128
2246,1002246000000,1002252396514,6.396515,154.25,128
2247,1002247000000,1002253835163,6.835163,125.32,128
2248,1002248000000,1002252464612,4.464613,750.94,128
2249,1002249000000,1002252673169,3.67317,307.08,128
2250,1002250000000,1002255068578,5.068578,-322.14,128
2251,1002251000000,1002257194569,6.194569,15.99,128
2252,1002252000000,1002257178788,5.178789,127.43,128
2253,1002253000000,1002257264481,4.264481,-112.53,128
2254,1002254000000,1002257668175,3.668175,222.14,128
2255,1002255000000,1002262679432,7.679432,110.37,128
2256,1002256000000,1002260294764,4.294765,475.17,128
2257,1002257000000,1002262679162,5.679163,-310.26,128
2258,1002258000000,1002263682617,5.682617,124.56,128
2259,1002259000000,1002263262290,4.26229,346.69,128
2260,1002260000000,1002264563745,4.563746,-227.54,128
2261,1002261000000,1002265490606,4.490606,161.09,128
2262,1002262000000,1002267431768,5.431769,225.01,128
2263,1002263000000,1002268408107,5.408108,-563.49,128
2264,1002264000000,1002268523065,4.523065,-28.91,128
2265,1002265000000,1002268782825,3.782825,-74.69,128
2266,1002266000000,1002273778258,7.778259,29.89,128
2267,1002267000000,1002272979483,5.979484,-8.04,128
2268,1002268000000,1002274228027,6.228027,231.06,128
2269,1002269000000,1002274243415,5.243416,-16.88,128
2270,1002270000000,1002276997140,6.997141,-269.89,128
2271,1002271000000,1002277583414,6.583415,-449.1,128
2272,1002272000000,1002276051542,4.051542,-250.28,128
2273,1002273000000,1002277607429,4.60743,109.24,128
2274,1002274000000,1002279883252,5.883253,225.14,128
2275,1002275000000,1002280669719,5.669719,4.63,128
2276,1002276000000,1002281952896,5.952897,-192.71,128
2277,1002277000000,1002281794924,4.794925,106.95,128
2278,1002278000000,1002283269304,5.269304,160.55,128
2279,1002279000000,1002283008940,4.00894,-369.93,128
2280,1002280000000,1002285294491,5.294492,-7.34,128
2281,1002281000000,1002285389306,4.389307,-264.49,128
2282,1002282000000,1002286478680,4.47868,-238.33,128
2283,1002283000000,1002287021695,4.021695,246.75,128
2284,1002284000000,1002287571715,3.571715,-142.31,128
2285,1002285000000,1002289061865,4.061866,-86.23,128
2286,1002286000000,1002291560385,5.560385,297.54,128
2287,1002287000000,1002292883939,5.88394,338.14,128
2288,1002288000000,1002293846676,5.846676,-49.68,128
2289,1002289000000,1002296220104,7.220105,-90.36,128
2290,1002290000000,1002294468459,4.468459,104.05,128
2291,1002291000000,1002297869008,6.869009,-169.79,128
2292,1002292000000,1002295677013,3.677013,-4.08,128
2293,1002293000000,1002299757000,6.757001,-222.78,128
2294,1002294000000,1002298213252,4.213253,86.15,128
2295,1002295000000,1002300454493,5.454493,-53.36,128
2296,1002296000000,1002300723050,4.72305,-546.5,128
2297,1002297000000,1002302481571,5.481572,-281.6,128
2298,1002298000000,1002303185067,5.185067,242.72,128
2299,1002299000000,1002304182521,5.182522,-156.07,128
2300,1002300000000,1002305702545,5.702545,387.41,128
2301,1002301000000,1002306531945,5.531945,-10.43,128
2302,1002302000000,1002307928958,5.928959,-21.21,128
2303,1002303000000,1002309392689,6.392689,127.06,128
2304,1002304000000,1002308413143,4.413143,316.26,128
2305,1002305000000,1002310137868,5.137868,200.29,128
2306,1002306000000,1002313227363,7.227363,-55.55,128
2307,1002307000000,1002310687301,3.687302,-424.18,128
2308,1002308000000,1002313682515,5.682515,-699.76,128
2309,1002309000000,1002312044155,3.044155,226.23,128
2310,1002310000000,1002314747428,4.747429,-104.78,128
2311,1002311000000,1002316608306,5.608306,-113.22,128
2312,1002312000000,1002317311166,5.311167,-221.6,128
2313,1002313000000,1002318274460,5.274461,-117.39,128
2314,1002314000000,1002319699615,5.699616,126.9,128
2315,1002315000000,1002318373162,3.373163,-398.66,128
2316,1002316000000,1002321172487,5.172488,120.58,128
2317,1002317000000,1002322781698,5.781699,101.13,128
2318,1002318000000,1002321410360,3.41036,287.1,128
2319,1002319000000,1002323856424,4.856424,-370.46,128
2320,1002320000000,1002324841798,4.841799,597.57,128
2321,1002321000000,1002325188105,4.188105,-194.71,128
2322,1002322000000,1002325414212,3.414213,425.34,128
2323,1002323000000,1002326690955,3.690955,-63.29,128
2324,1002324000000,1002330260634,6.260634,250.66,128
2325,1002325000000,1002329747463,4.747464,166.54,128
2326,1002326000000,1002330112183,4.112183,-26.67,128
2327,1002327000000,1002333227254,6.227254,-400.82,128
2328,1002328000000,1002333782467,5.782468,-239.3,128
2329,1002329000000,1002334746002,5.746003,-232.68,128
2330,1002330000000,1002333286523,3.286523,-941.47,128
2331,1002331000000,1002335925558,4.925558,180.42,128
2332,1002332000000,1002337323970,5.32397,-32.11,128
2333,1002333000000,1002338594395,5.594396,-151.33,128
2334,1002334000000,1002339818292,5.818293,286.36,128
2335,1002335000000,1002339227113,4.227114,187.41,128
2336,1002336000000,1002342238798,6.238798,-351.06,128
2337,1002337000000,1002341843162,4.843163,118.81,128
2338,1002338000000,1002343064531,5.064531,-325.82,128
2339,1002339000000,1002345133397,6.133397,243.57,128
2340,1002340000000,1002344989493,4.989493,132.99,128
2341,1002341000000,1002345015806,4.015806,-126.54,128
2342,1002342000000,1002345287665,3.287665,-299.45,128
2343,1002343000000,1002347510307,4.510307,-299.05,128
2344,1002344000000,1002349148793,5.148793,174.29,128
2345,1002345000000,1002350342912,5.342913,-172.79,128
2346,1002346000000,1002349543672,3.543672,-147.91,128
2347,1002347000000,1002351661251,4.661251,-36.28,128
2348,1002348000000,1002354207581,6.207581,-569.27,128
2349,1002349000000,1002354103878,5.103879,-300.16,128
2350,1002350000000,1002355228946,5.228946,-286.13,128
2351,1002351000000,1002355814788,4.814788,183.76,128
2352,1002352000000,1002357395205,5.395206,-19.81,128
2353,1002353000000,1002357328862,4.328863,375.37,128
2354,1002354000000,1002360190405,6.190406,-157.31,128
2355,1002355000000,1002360017611,5.017612,-185.5,128
2356,1002356000000,1002362825720,6.825721,-116.53,128
2357,1002357000000,1002361375679,4.37568,360.56,128
2358,1002358000000,1002362635902,4.635902,320.43,128
2359,1002359000000,1002362464042,3.464043,-566.72,128
2360,1002360000000,1002363846089,3.846089,365.65,128
2361,1002361000000,1002365514358,4.514359,282.21,128
2362,1002362000000,1002368841753,6.841753,-304.07,128
2363,1002363000000,1002368940669,5.94067,515.41,128
2364,1002364000000,1002369305743,5.305743,-299.52,128
2365,1002365000000,1002368683413,3.683414,-192.56,128
2366,1002366000000,1002371303320,5.30332,-96.4,128
2367,1002367000000,1002372349443,5.349444,183.57,128
2368,1002368000000,1002375361995,7.361996,-503.65,128
2369,1002369000000,1002374441414,5.441415,59.46,128
2370,1002370000000,1002375734484,5.734485,396.83,128
2371,1002371000000,1002375159610,4.15961,295.73,128
2372,1002372000000,1002377099824,5.099824,-90.06,128
2373,1002373000000,1002377876374,4.876375,-113.98,128
2374,1002374000000,1002383708057,9.708057,432.79,128
2375,1002375000000,1002378979352,3.979352,159.49,128
2376,1002376000000,1002379433506,3.433506,9.3,128
2377,1002377000000,1002381725298,4.725299,217.91,128
2378,1002378000000,1002382176561,4.176562,-560.46,128
2379,1002379000000,1002387110119,8.11012,161.63,128
2380,1002380000000,1002384861236,4.861237,73.88,128
2381,1002381000000,1002385158695,4.158696,44.53,128
2382,1002382000000,1002388314167,6.314167,-119.13,128
2383,1002383000000,1002388295383,5.295383,173.98,128
2384,1002384000000,1002389768832,5.768833,-96.38,128
2385,1002385000000,1002389103993,4.103993,45.9,128
2386,1002386000000,1002390636569,4.63657,-196.24,128
2387,1002387000000,1002391437842,4.437842,194.34,128
2388,1002388000000,1002393337179,5.33718,-97.03,128
2389,1002389000000,1002394407542,5.407542,-243.43,128
2390,1002390000000,1002396753641,6.753641,-465.36,128
2391,1002391000000,1002395786893,4.786894,835.38,128
2392,1002392000000,1002400482690,8.48269,297.87,128
2393,1002393000000,1002397126560,4.126561,-260.41,128
2394,1002394000000,1002398038057,4.038058,-557.45,128
2395,1002395000000,1002399650376,4.650376,-93.2,128
2396,1002396000000,1002401757654,5.757654,206.3,128
2397,1002397000000,1002404234841,7.234842,82.22,128
2398,1002398000000,1002402822536,4.822537,843.18,128
2399,1002399000000,1002404461277,5.461277,-446.69,128
2400,1002400000000,1002406773123,6.773123,-282.72,128
2401,1002401000000,1002404439153,3.439154,-238.9,128
2402,1002402000000,1002406251093,4.251093,-578.21,128
2403,1002403000000,1002406304371,3.304371,212.33,128
2404,1002404000000,1002407836900,3.8369,-311.84,128
2405,1002405000000,1002410842772,5.842772,224.29,128
2406,1002406000000,1002412097043,6.097043,-497.98,128
2407,1002407000000,1002411459143,4.459144,385.42,128
2408,1002408000000,1002412429130,4.42913,-130.37,128
2409,1002409000000,1002413624766,4.624766,-57.82,128
2410,1002410000000,1002415629922,5.629922,-310.96,128
2411,1002411000000,1002417131401,6.131401,-384.4,128
2412,1002412000000,1002416800263,4.800263,43.66,128
2413,1002413000000,1002418076982,5.076982,-256.46,128
2414,1002414000000,1002419719432,5.719433,-240.67,128
2415,1002415000000,1002418824029,3.824029,-522.37,128
2416,1002416000000,1002420749127,4.749128,362.62,128
2417,1002417000000,1002420951784,3.951784,586.91,128
2418,1002418000000,1002422525458,4.525459,-863.71,128
2419,1002419000000,1002423165874,4.165874,378.77,128
2420,1002420000000,1002426457829,6.45783,37.95,128
2421,1002421000000,1002427330437,6.330438,419.69,128
2422,1002422000000,1002428351848,6.351849,-50.71,128
2423,1002423000000,1002428900866,5.900866,543.6,128
2424,1002424000000,1002428652411,4.652412,246.38,128
2425,1002425000000,1002431087232,6.087232,50.58,128
2426,1002426000000,1002430995425,4.995425,74.07,128
2427,1002427000000,1002430177983,3.177983,652.87,128
2428,1002428000000,1002432504920,4.50492,174.21,128
2429,1002429000000,1002432923863,3.923863,-22.19,128
2430,1002430000000,1002435370209,5.37021,121.87,128
2431,1002431000000,1002435441480,4.441481,-102.42,128
2432,1002432000000,1002436672585,4.672585,90.75,128
2433,1002433000000,1002437929131,4.929132,99.0,128
2434,1002434000000,1002441825016,7.825017,-115.2,128
2435,1002435000000,1002440688526,5.688526,66.41,128
2436,1002436000000,1002441017751,5.017752,337.92,128
2437,1002437000000,1002442414558,5.414559,-239.17,128
2438,1002438000000,1002442124230,4.124231,-232.95,128
2439,1002439000000,1002445082080,6.082081,-434.55,128
2440,1002440000000,1002450261617,10.261617,-441.67,128
2441,1002441000000,1002445283755,4.283755,134.93,128
2442,1002442000000,1002445790557,3.790558,505.54,128
2443,1002443000000,1002449733730,6.73373,509.34,128
2444,1002444000000,1002448893647,4.893647,395.68,128
2445,1002445000000,1002449407419,4.407419,172.11,128
2446,1002446000000,1002450667453,4.667453,-106.48,128
2447,1002447000000,1002452388515,5.388515,-293.07,128
2448,1002448000000,1002452180624,4.180625,386.93,128
2449,1002449000000,1002454837620,5.83762,-378.56,128
2450,1002450000000,1002454884756,4.884756,201.3,128
2451,1002451000000,1002456620330,5.62033,-281.66,128
2452,1002452000000,1002458344734,6.344735,918.67,128
2453,1002453000000,1002457469426,4.469426,-6.69,128
2454,1002454000000,1002461189589,7.18959,207.0,128
2455,1002455000000,1002461145116,6.145116,-196.94,128
2456,1002456000000,1002460417547,4.417548,-104.19,128
2457,1002457000000,1002463105881,6.105881,132.77,128
2458,1002458000000,1002463207569,5.207569,406.74,128
2459,1002459000000,1002464081037,5.081038,203.57,128
2460,1002460000000,1002464134293,4.134294,-54.93,128
2461,1002461000000,1002463633243,2.633244,-25.54,128
2462,1002462000000,1002466545059,4.545059,34.97,128
2463,1002463000000,1002467215273,4.215274,82.31,128
2464,1002464000000,1002468621004,4.621004,-58.67,128
2465,1002465000000,1002470364463,5.364464,52.5,128
2466,1002466000000,1002471045101,5.045101,271.13,128
2467,1002467000000,1002472499112,5.499113,-654.09,128
2468,1002468000000,1002472890557,4.890558,-258.05,128
2469,1002469000000,1002473057143,4.057143,-194.99,128
2470,1002470000000,1002475433023,5.433023,130.93,128
2471,1002471000000,1002475229770,4.229771,97.23,128
2472,1002472000000,1002479167109,7.16711,508.19,128
2473,1002473000000,1002477063749,4.063749,-396.9,128
2474,1002474000000,1002479471862,5.471862,29.21,128
2475,1002475000000,1002481174904,6.174905,109.27,128
2476,1002476000000,1002480484014,4.484015,128.17,128
2477,1002477000000,1002481498205,4.498206,42.4,128
2478,1002478000000,1002483024081,5.024081,-772.63,128
2479,1002479000000,1002484315841,5.315841,-490.89,128
2480,1002480000000,1002483061807,3.061807,632.68,128
2481,1002481000000,1002484787230,3.78723,-723.16,128
2482,1002482000000,1002486007033,4.007034,-64.08,128
2483,1002483000000,1002487585813,4.585814,-160.55,128
2484,1002484000000,1002488593780,4.59378,127.88,128
2485,1002485000000,1002490645481,5.645481,85.16,128
2486,1002486000000,1002490296505,4.296506,144.74,128
2487,1002487000000,1002491682168,4.682169,252.84,128
2488,1002488000000,1002491868315,3.868315,-252.18,128
2489,1002489000000,1002494773762,5.773763,-239.31,128
2490,1002490000000,1002493046554,3.046554,-77.06,128
2491,1002491000000,1002496971918,5.971918,-65.23,128
2492,1002492000000,1002497454008,5.454009,-50.18,128
2493,1002493000000,1002497067235,4.067235,143.96,128
2494,1002494000000,1002499318087,5.318088,79.19,128
2495,1002495000000,1002499829383,4.829383,-330.72,128
2496,1002496000000,1002500130648,4.130649,-21.23,128
2497,1002497000000,1002501927730,4.92773,-230.77,128
2498,1002498000000,1002501766042,3.766042,471.28,128
2499,1002499000000,1002503700675,4.700675,469.68,128
2500,1002500000000,1002503798430,3.79843,-148.3,128
2501,1002501000000,1002505715372,4.715372,147.77,128
2502,1002502000000,1002507594089,5.594089,316.61,128
2503,1002503000000,1002509577108,6.577109,32.58,128
2504,1002504000000,1002509226901,5.226902,275.83,128
2505,1002505000000,1002509283189,4.28319,556.9,128
2506,1002506000000,1002512070438,6.070438,271.76,128
2507,1002507000000,1002515554963,8.554963,-517.04,128
2508,1002508000000,1002512233035,4.233036,120.91,128
2509,1002509000000,1002515653543,6.653544,54.05,128
2510,1002510000000,1002514541856,4.541856,340.84,128
2511,1002511000000,1002514961506,3.961506,100.16,128
2512,1002512000000,1002516370866,4.370866,-86.68,128
2513,1002513000000,1002519189815,6.189815,268.26,128
2514,1002514000000,1002519249648,5.249649,-50.66,128
2515,1002515000000,1002518154336,3.154336,214.96,128
2516,1002516000000,1002521593499,5.593499,-231.47,128
2517,1002517000000,1002520478643,3.478644,166.82,128
2518,1002518000000,1002524810840,6.81084,420.29,128
2519,1002519000000,1002523466646,4.466646,-321.14,128
2520,1002520000000,1002525853876,5.853877,8.09,128
2521,1002521000000,1002527324176,6.324177,189.03,128
2522,1002522000000,1002527102985,5.102986,251.92,128
2523,1002523000000,1002529153549,6.153549,226.43,128
2524,1002524000000,1002527922256,3.922256,465.98,128
2525,1002525000000,1002529489977,4.489978,-258.51,128
2526,1002526000000,1002530951681,4.951681,132.15,128
2527,1002527000000,1002531479608,4.479609,54.73,128
2528,1002528000000,1002532915119,4.91512,301.55,128
2529,1002529000000,1002536553034,7.553035,-44.64,128
2530,1002530000000,1002534968077,4.968077,88.71,128
2531,1002531000000,1002534911209,3.91121,-75.03,128
2532,1002532000000,1002535960365,3.960366,228.43,128
2533,1002533000000,1002537099396,4.099396,210.71,128
2534,1002534000000,1002539699927,5.699927,-207.49,128
2535,1002535000000,1002540669308,5.669309,-511.98,128
2536,1002536000000,1002539875004,3.875004,-4.26,128
2537,1002537000000,1002542252199,5.252199,150.31,128
2538,1002538000000,1002542553367,4.553367,-101.8,128
2539,1002539000000,1002544264935,5.264935,-287.69,128
2540,1002540000000,1002545552439,5.552439,161.18,128
2541,1002541000000,1002547618196,6.618197,327.97,128
2542,1002542000000,1002546761167,4.761167,614.0,128
2543,1002543000000,1002549111828,6.111829,373.49,128
2544,1002544000000,1002548571424,4.571424,-67.47,128
2545,1002545000000,1002549620912,4.620912,-115.79,128
2546,1002546000000,1002551064991,5.064991,-459.06,128
2547,1002547000000,1002552288799,5.2888,-23.9,128
2548,1002548000000,1002553336377,5.336378,382.39,128
2549,1002549000000,1002554881128,5.881128,643.22,128
2550,1002550000000,1002554764880,4.76488,-273.33,128
2551,1002551000000,1002557005444,6.005445,-441.03,128
2552,1002552000000,1002556142342,4.142343,-90.24,128
2553,1002553000000,1002558728394,5.728394,310.02,128
2554,1002554000000,1002558981402,4.981402,212.64,128
2555,1002555000000,1002560491515,5.491516,-3.94,128
2556,1002556000000,1002562126085,6.126086,-456.63,128
2557,1002557000000,1002563417538,6.417538,33.96,128
2558,1002558000000,1002563768508,5.768508,411.13,128
2559,1002559000000,1002565337971,6.337971,-252.27,128
2560,1002560000000,1002566397143,6.397144,75.93,128
2561,1002561000000,1002564348311,3.348312,-251.72,128
2562,1002562000000,1002566492094,4.492095,403.52,128
2563,1002563000000,1002567722352,4.722353,170.05,128
2564,1002564000000,1002569361435,5.361435,-12.91,128
2565,1002565000000,1002570880881,5.880882,16.31,128
2566,1002566000000,1002572407856,6.407856,-44.6,128
2567,1002567000000,1002572621528,5.621528,-314.33,128
2568,1002568000000,1002571531254,3.531254,180.06,128
2569,1002569000000,1002574115551,5.115552,-410.98,128
2570,1002570000000,1002575036093,5.036093,355.52,128
2571,1002571000000,1002577490250,6.49025,-1.3,128
2572,1002572000000,1002576482210,4.482211,450.18,128
2573,1002573000000,1002576990480,3.99048,341.45,128
2574,1002574000000,1002581272623,7.272623,93.47,128
2575,1002575000000,1002578419967,3.419967,294.41,128
2576,1002576000000,1002580749476,4.749477,-471.63,128
2577,1002577000000,1002582371056,5.371056,-569.1,128
2578,1002578000000,1002584029296,6.029296,-785.71,128
2579,1002579000000,1002586241621,7.241621,-131.15,128
2580,1002580000000,1002584660329,4.66033,546.47,128
2581,1002581000000,1002584834673,3.834673,157.23,128
2582,1002582000000,1002585947422,3.947422,-29.31,128
2583,1002583000000,1002587749346,4.749347,-240.89,128
2584,1002584000000,1002587786703,3.786704,-343.45,128
2585,1002585000000,1002590964763,5.964764,265.91,128
2586,1002586000000,1002590701992,4.701992,-47.68,128
2587,1002587000000,1002591815963,4.815964,-469.48,128
2588,1002588000000,1002594170574,6.170575,44.58,128
2589,1002589000000,1002593498851,4.498852,206.1,128
2590,1002590000000,1002594420659,4.42066,-332.11,128
2591,1002591000000,1002595457941,4.457941,526.34,128
2592,1002592000000,1002596898699,4.8987,260.53,128
2593,1002593000000,1002599875378,6.875379,-320.5,128
2594,1002594000000,1002599075789,5.07579,-110.1,128
2595,1002595000000,1002599085897,4.085898,-27.55,128
2596,1002596000000,1002602452825,6.452826,-181.22,128
2597,1002597000000,1002603220357,6.220358,-54.24,128
2598,1002598000000,1002602603192,4.603193,9.25,128
2599,1002599000000,1002603729681,4.729682,-112.65,128
2600,1002600000000,1002603679835,3.679835,-607.46,128
2601,1002601000000,1002604535476,3.535476,-213.35,128
2602,1002602000000,1002607410613,5.410614,-186.01,128
2603,1002603000000,1002607493607,4.493607,460.57,128
2604,1002604000000,1002607846280,3.846281,-413.32,128
2605,1002605000000,1002609669706,4.669707,-0.06,128
2606,1002606000000,1002609497151,3.497152,-226.53,128
2607,1002607000000,1002613007615,6.007615,-140.56,128
2608,1002608000000,1002612481801,4.481801,100.1,128
2609,1002609000000,1002613053327,4.053328,231.29,128
2610,1002610000000,1002614991535,4.991535,-178.97,128
2611,1002611000000,1002615548390,4.548391,111.36,128
2612,1002612000000,1002617669406,5.669406,7.18,128
2613,1002613000000,1002617401778,4.401778,252.3,128
2614,1002614000000,1002619580440,5.580441,-119.95,128
2615,1002615000000,1002618748057,3.748057,-58.18,128
2616,1002616000000,1002619953656,3.953657,-275.02,128
2617,1002617000000,1002620920826,3.920826,293.54,128
2618,1002618000000,1002624053937,6.053937,128.41,128
2619,1002619000000,1002623493241,4.493242,-104.64,128
2620,1002620000000,1002625143578,5.143578,215.05,128
2621,1002621000000,1002625117397,4.117397,170.61,128
2622,1002622000000,1002625722898,3.722899,-255.35,128
2623,1002623000000,1002627577999,4.578,-23.19,128
2624,1002624000000,1002627879115,3.879115,-209.25,128
2625,1002625000000,1002632019082,7.019083,-376.94,128
2626,1002626000000,1002630685919,4.68592,-86.61,128
2627,1002627000000,1002632267710,5.26771,52.28,128
2628,1002628000000,1002632146044,4.146044,22.79,128
2629,1002629000000,1002634127315,5.127315,229.34,128
2630,1002630000000,1002634348042,4.348043,-7.35,128
2631,1002631000000,1002635878570,4.87857,59.52,128
2632,1002632000000,1002637888788,5.888788,95.85,128
2633,1002633000000,1002637100492,4.100492,309.95,128
2634,1002634000000,1002638632359,4.632359,450.15,128
2635,1002635000000,1002638612906,3.612907,289.24,128
2636,1002636000000,1002641307069,5.30707,-38.44,128
2637,1002637000000,1002643915715,6.915716,-577.32,128
2638,1002638000000,1002640916080,2.916081,-156.41,128
2639,1002639000000,1002643953478,4.953479,67.87,128
2640,1002640000000,1002644660945,4.660946,-330.22,128
2641,1002641000000,1002644422165,3.422166,-36.45,128
2642,1002642000000,1002646807325,4.807326,-71.23,128
2643,1002643000000,1002648729131,5.729132,286.53,128
2644,1002644000000,1002646897692,2.897693,-113.57,128
2645,1002645000000,1002648895746,3.895747,174.65,128
2646,1002646000000,1002652257389,6.257389,142.86,128
2647,1002647000000,1002651850076,4.850077,18.61,128
2648,1002648000000,1002652934177,4.934178,-419.82,128
2649,1002649000000,1002655669177,6.669177,205.38,128
2650,1002650000000,1002655983048,5.983048,152.52,128
2651,1002651000000,1002656295843,5.295843,339.92,128
2652,1002652000000,1002656394023,4.394024,-98.75,128
2653,1002653000000,1002658190202,5.190203,-238.93,128
2654,1002654000000,1002659660465,5.660465,-59.05,128
2655,1002655000000,1002659142270,4.142271,292.06,128
2656,1002656000000,1002660459513,4.459514,-289.76,128
2657,1002657000000,1002660582826,3.582826,-464.13,128
2658,1002658000000,1002663106448,5.106448,286.07,128
2659,1002659000000,1002664790504,5.790504,-251.79,128
2660,1002660000000,1002663963421,3.963421,-29.68,128
2661,1002661000000,1002666527332,5.527333,-88.56,128
2662,1002662000000,1002668728948,6.728948,-674.81,128
2663,1002663000000,1002666464879,3.46488,89.34,128
2664,1002664000000,1002669198603,5.198603,218.59,128
2665,1002665000000,1002669279257,4.279257,527.41,128
2666,1002666000000,1002672298925,6.298926,361.0,128
2667,1002667000000,1002672476379,5.476379,-170.47,128
2668,1002668000000,1002671781893,3.781894,-648.75,128
2669,1002669000000,1002673214565,4.214566,-268.31,128
2670,1002670000000,1002675719801,5.719802,471.31,128
2671,1002671000000,1002677612657,6.612658,548.51,128
2672,1002672000000,1002676617581,4.617581,-217.63,128
2673,1002673000000,1002678935207,5.935208,353.03,128
2674,1002674000000,1002678400965,4.400965,159.08,128
2675,1002675000000,1002680415633,5.415633,138.59,128
2676,1002676000000,1002679851210,3.85121,186.35,128
2677,1002677000000,1002682519062,5.519062,-31.58,128
2678,1002678000000,1002682919800,4.9198,-374.28,128
2679,1002679000000,1002684882719,5.88272,-246.5,128
2680,1002680000000,1002685230049,5.230049,-55.31,128
2681,1002681000000,1002684612771,3.612772,-832.82,128
2682,1002682000000,1002686311979,4.311979,21.54,128
2683,1002683000000,1002687709172,4.709173,121.03,128
2684,1002684000000,1002688782354,4.782355,350.1,128
2685,1002685000000,1002691033381,6.033382,142.8,128
2686,1002686000000,1002690180485,4.180485,-186.89,128
2687,1002687000000,1002695725614,8.725614,-37.75,128
2688,1002688000000,1002696040650,8.04065,431.63,128
2689,1002689000000,1002693992670,4.992671,-388.64,128
2690,1002690000000,1002696008823,6.008823,-454.36,128
2691,1002691000000,1002696648383,5.648383,-486.0,128
2692,1002692000000,1002696178888,4.178889,-104.79,128
2693,1002693000000,1002699102216,6.102216,-364.17,128
2694,1002694000000,1002698880097,4.880097,-111.3,128
2695,1002695000000,1002700084937,5.084938,-65.53,128
2696,1002696000000,1002700756162,4.756163,92.62,128
2697,1002697000000,1002700525044,3.525045,122.84,128
2698,1002698000000,1002702870375,4.870375,-128.76,128
2699,1002699000000,1002703181830,4.18183,244.76,128
2700,1002700000000,1002704482166,4.482166,506.11,128
2701,1002701000000,1002705056906,4.056906,504.08,128
2702,1002702000000,1002708227178,6.227178,-136.32,128
2703,1002703000000,1002708045021,5.045021,-521.08,128
2704,1002704000000,1002708187362,4.187363,190.65,128
2705,1002705000000,1002710111001,5.111002,-20.52,128
2706,1002706000000,1002710857319,4.857319,-305.12,128
2707,1002707000000,1002713025325,6.025326,0.07,128
2708,1002708000000,1002712682450,4.682451,179.27,128
2709,1002709000000,1002714014759,5.014759,287.96,128
2710,1002710000000,1002716497575,6.497576,412.17,128
2711,1002711000000,1002715283867,4.283868,-274.93,128
2712,1002712000000,1002716998377,4.998378,120.65,128
2713,1002713000000,1002718830425,5.830426,152.69,128
2714,1002714000000,1002719341201,5.341202,-306.22,128
2715,1002715000000,1002720962026,5.962026,74.9,128
2716,1002716000000,1002722102016,6.102017,80.74,128
2717,1002717000000,1002722441336,5.441337,-7.94,128
2718,1002718000000,1002722972534,4.972535,-262.04,128
2719,1002719000000,1002725476936,6.476937,-111.03,128
2720,1002720000000,1002725019723,5.019723,-82.4,128
2721,1002721000000,1002727113623,6.113623,-303.97,128
2722,1002722000000,1002727639244,5.639245,454.71,128
2723,1002723000000,1002728347146,5.347147,140.72,128
2724,1002724000000,1002729977418,5.977419,-186.09,128
2725,1002725000000,1002730328901,5.328902,-131.82,128
2726,1002726000000,1002730018658,4.018659,-55.8,128
2727,1002727000000,1002731917990,4.917991,-298.24,128
2728,1002728000000,1002733573250,5.573251,222.24,128
2729,1002729000000,1002733527530,4.527531,48.35,128
2730,1002730000000,1002734631157,4.631158,-42.64,128
2731,1002731000000,1002734601346,3.601346,-153.47,128
2732,1002732000000,1002736574836,4.574836,438.39,128
2733,1002733000000,1002739148825,6.148825,319.57,128
2734,1002734000000,1002738196134,4.196134,-42.22,128
2735,1002735000000,1002741531958,6.531959,-166.41,128
2736,1002736000000,1002741604792,5.604793,168.59,128
2737,1002737000000,1002743305515,6.305515,-24.64,128
2738,1002738000000,1002742330771,4.330771,92.8,128
2739,1002739000000,1002745492057,6.492057,178.0,128
2740,1002740000000,1002744856520,4.856521,-71.55,128
2741,1002741000000,1002747444514,6.444515,-71.91,128
2742,1002742000000,1002749234034,7.234035,-41.21,128
2743,1002743000000,1002748023259,5.023259,27.94,128
2744,1002744000000,1002748323088,4.323088,-660.55,128
2745,1002745000000,1002750041817,5.041818,401.63,128
2746,1002746000000,1002752529411,6.529412,-158.65,128
2747,1002747000000,1002751032265,4.032266,365.3,128
2748,1002748000000,1002752420832,4.420833,76.86,128
2749,1002749000000,1002753518599,4.5186,-145.57,128
2750,1002750000000,1002754849303,4.849304,176.95,128
2751,1002751000000,1002755993957,4.993957,-353.53,128
2752,1002752000000,1002756729205,4.729206,92.95,128
2753,1002753000000,1002757576143,4.576143,84.22,128
2754,1002754000000,1002759505900,5.505901,383.64,128
2755,1002755000000,1002761144302,6.144303,-91.92,128
2756,1002756000000,1002759994416,3.994417,-138.86,128
2757,1002757000000,1002763883267,6.883267,258.3,128
2758,1002758000000,1002764742572,6.742572,103.29,128
2759,1002759000000,1002764977464,5.977465,-253.03,128
2760,1002760000000,1002764307733,4.307733,452.33,128
2761,1002761000000,1002765881475,4.881476,-278.98,128
2762,1002762000000,1002766097353,4.097353,-45.05,128
2763,1002763000000,1002767837956,4.837956,437.52,128
2764,1002764000000,1002768752866,4.752866,365.33,128
2765,1002765000000,1002769981245,4.981245,246.7,128
2766,1002766000000,1002770433297,4.433297,152.78,128
2767,1002767000000,1002772354094,5.354094,243.51,128
2768,1002768000000,1002771954585,3.954586,-425.54,128
2769,1002769000000,1002772079718,3.079718,161.31,128
2770,1002770000000,1002775550312,5.550312,523.93,128
2771,1002771000000,1002775691106,4.691107,264.47,128
2772,1002772000000,1002776585403,4.585403,179.13,128
2773,1002773000000,1002775971640,2.971641,-378.7,128
2774,1002774000000,1002778758322,4.758322,162.71,128
2775,1002775000000,1002779066065,4.066066,-211.09,128
2776,1002776000000,1002779798315,3.798316,-258.23,128
2777,1002777000000,1002780935192,3.935192,417.98,128
2778,1002778000000,1002782644173,4.644174,-108.77,128
2779,1002779000000,1002783635020,4.635021,-51.25,128
2780,1002780000000,1002783675163,3.675163,381.54,128
2781,1002781000000,1002785776967,4.776967,-205.56,128
2782,1002782000000,1002787537042,5.537042,216.64,128
2783,1002783000000,1002788978000,5.978,250.79,128
2784,1002784000000,1002788626194,4.626194,-479.18,128
2785,1002785000000,1002790815054,5.815055,39.95,128
2786,1002786000000,1002790479735,4.479735,-465.72,128
2787,1002787000000,1002793806565,6.806565,90.61,128
2788,1002788000000,1002794555891,6.555892,-236.87,128
2789,1002789000000,1002795950316,6.950316,-584.61,128
2790,1002790000000,1002794268973,4.268974,-106.95,128
2791,1002791000000,1002797160626,6.160626,355.33,128
2792,1002792000000,1002795465536,3.465536,46.16,128
2793,1002793000000,1002798565335,5.565335,-141.2,128
2794,1002794000000,1002798773318,4.773318,270.11,128
2795,1002795000000,1002801418141,6.418141,423.89,128
2796,1002796000000,1002800835554,4.835554,-84.06,128
2797,1002797000000,1002803211106,6.211106,-38.21,128
2798,1002798000000,1002804022184,6.022185,65.55,128
2799,1002799000000,1002802766733,3.766734,-893.88,128
2800,1002800000000,1002802857345,2.857346,506.44,128
2801,1002801000000,1002804742210,3.74221,-76.0,128
2802,1002802000000,1002807691425,5.691426,-387.52,128
2803,1002803000000,1002809112530,6.11253,-221.99,128
2804,1002804000000,1002808501407,4.501408,-39.25,128
2805,1002805000000,1002810830618,5.830619,165.57,128
2806,1002806000000,1002811611262,5.611262,-28.11,128
2807,1002807000000,1002811061945,4.061945,462.61,128
2808,1002808000000,1002811723239,3.723239,67.34,128
2809,1002809000000,1002814365050,5.365051,326.12,128
2810,1002810000000,1002813564770,3.564771,-45.69,128
2811,1002811000000,1002815031365,4.031365,-228.94,128
2812,1002812000000,1002817231921,5.231921,-113.32,128
2813,1002813000000,1002818833968,5.833969,346.62,128
2814,1002814000000,1002819471912,5.471913,524.08,128
2815,1002815000000,1002820886412,5.886413,276.19,128
2816,1002816000000,1002820356025,4.356025,2.65,128
2817,1002817000000,1002822504912,5.504913,-403.54,128
2818,1002818000000,1002824051837,6.051837,-250.28,128
2819,1002819000000,1002824476079,5.47608,-662.26,128
2820,1002820000000,1002825065896,5.065897,470.83,128
2821,1002821000000,1002826215271,5.215272,-280.6,128
2822,1002822000000,1002827565199,5.5652,-128.63,128
2823,1002823000000,1002827721865,4.721865,-244.88,128
2824,1002824000000,1002827540302,3.540302,-124.04,128
2825,1002825000000,1002830875254,5.875255,-10.99,128
2826,1002826000000,1002830687844,4.687844,-237.98,128
2827,1002827000000,1002830959855,3.959856,157.72,128
2828,1002828000000,1002832818933,4.818933,523.91,128
2829,1002829000000,1002834046113,5.046114,330.55,128
2830,1002830000000,1002834697217,4.697218,-574.25,128
2831,1002831000000,1002835656973,4.656974,158.28,128
2832,1002832000000,1002837542214,5.542214,-153.16,128
2833,1002833000000,1002838557218,5.557218,-306.93,128
2834,1002834000000,1002838843439,4.843439,82.05,128
2835,1002835000000,1002839312299,4.312299,35.07,128
2836,1002836000000,1002842621364,6.621365,181.74,128
2837,1002837000000,1002840499366,3.499366,-281.2,128
2838,1002838000000,1002843237492,5.237493,299.49,128
2839,1002839000000,1002843538507,4.538507,201.49,128
2840,1002840000000,1002843722093,3.722093,-150.0,128
2841,1002841000000,1002847028225,6.028226,-351.49,128
2842,1002842000000,1002846510158,4.510159,722.55,128
2843,1002843000000,1002847016578,4.016578,447.05,128
2844,1002844000000,1002848347957,4.347958,13.8,128
2845,1002845000000,1002849015632,4.015633,-65.92,128
2846,1002846000000,1002850799836,4.799836,-174.55,128
2847,1002847000000,1002852192811,5.192812,-57.03,128
2848,1002848000000,1002851519888,3.519888,206.64,128
2849,1002849000000,1002853298003,4.298004,4.55,128
2850,1002850000000,1002856513624,6.513625,-202.22,128
2851,1002851000000,1002858896873,7.896873,-42.01,128
2852,1002852000000,1002856036238,4.036238,751.2,128
2853,1002853000000,1002858972876,5.972877,629.75,128
2854,1002854000000,1002859614624,5.614624,156.67,128
2855,1002855000000,1002859320104,4.320105,-132.61,128
2856,1002856000000,1002862811608,6.811608,-346.12,128
2857,1002857000000,1002861538794,4.538794,122.75,128
2858,1002858000000,1002863235650,5.23565,52.87,128
2859,1002859000000,1002862906015,3.906015,-178.7,128
2860,1002860000000,1002867461176,7.461177,-49.24,128
2861,1002861000000,1002865084931,4.084931,57.72,128
2862,1002862000000,1002867312414,5.312415,16.42,128
2863,1002863000000,1002868864269,5.864269,317.71,128
2864,1002864000000,1002869783753,5.783754,-31.74,128
2865,1002865000000,1002868476562,3.476562,202.54,128
2866,1002866000000,1002872359367,6.359368,261.98,128
2867,1002867000000,1002871463357,4.463358,103.46,128
2868,1002868000000,1002873416967,5.416967,411.22,128
2869,1002869000000,1002874525154,5.525154,92.2,128
2870,1002870000000,1002873044913,3.044913,21.58,128
2871,1002871000000,1002877522351,6.522351,170.02,128
2872,1002872000000,1002876525479,4.52548,-199.5,128
2873,1002873000000,1002877577508,4.577509,527.75,128
2874,1002874000000,1002878477984,4.477985,48.26,128
2875,1002875000000,1002880071107,5.071107,342.92,128
2876,1002876000000,1002882084349,6.08435,-291.51,128
2877,1002877000000,1002880726220,3.726221,239.2,128
2878,1002878000000,1002882947003,4.947003,-546.34,128
2879,1002879000000,1002884271777,5.271778,264.11,128
2880,1002880000000,1002884371685,4.371686,-315.93,128
2881,1002881000000,1002885333498,4.333499,399.47,128
2882,1002882000000,1002886841956,4.841956,33.76,128
2883,1002883000000,1002886989610,3.989611,46.91,128
2884,1002884000000,1002887886560,3.88656,178.29,128
2885,1002885000000,1002889945115,4.945116,-242.33,128
2886,1002886000000,1002891546956,5.546956,-267.05,128
2887,1002887000000,1002892200782,5.200783,157.94,128
2888,1002888000000,1002893857415,5.857416,256.99,128
2889,1002889000000,1002892943616,3.943616,-191.89,128
2890,1002890000000,1002893560237,3.560237,11.44,128
2891,1002891000000,1002894228321,3.228321,-560.03,128
2892,1002892000000,1002896974333,4.974333,197.68,128
2893,1002893000000,1002899959504,6.959504,127.19,128
2894,1002894000000,1002900848068,6.848069,-100.08,128
2895,1002895000000,1002899895984,4.895984,-378.11,128
2896,1002896000000,1002901316812,5.316813,213.85,128
2897,1002897000000,1002902702867,5.702868,69.65,128
2898,1002898000000,1002901798281,3.798282,-279.56,128
2899,1002899000000,1002902892024,3.892024,-112.64,128
2900,1002900000000,1002905088611,5.088611,-119.78,128
2901,1002901000000,1002905818095,4.818095,322.41,128
2902,1002902000000,1002907691579,5.69158,454.48,128
2903,1002903000000,1002909150282,6.150283,-378.65,128
2904,1002904000000,1002907072407,3.072407,-372.2,128
2905,1002905000000,1002909900635,4.900635,-683.19,128
2906,1002906000000,1002910973860,4.97386,294.91,128
2907,1002907000000,1002911384498,4.384499,189.47,128
2908,1002908000000,1002912377818,4.377819,-544.22,128
2909,1002909000000,1002914732789,5.732789,44.39,128
2910,1002910000000,1002915419261,5.419262,-560.6,128
2911,1002911000000,1002915982683,4.982684,702.98,128
2912,1002912000000,1002916361568,4.361569,-85.4,128
2913,1002913000000,1002920074920,7.074921,-642.55,128
2914,1002914000000,1002919433272,5.433272,-27.85,128
2915,1002915000000,1002921089708,6.089708,-483.26,128
2916,1002916000000,1002920857201,4.857201,-32.81,128
2917,1002917000000,1002921475449,4.475449,112.77,128
2918,1002918000000,1002922924450,4.924451,109.2,128
2919,1002919000000,1002922562747,3.562748,74.72,128
2920,1002920000000,1002925397434,5.397435,227.23,128
2921,1002921000000,1002925899851,4.899851,91.61,128
2922,1002922000000,1002927484290,5.48429,457.88,128
2923,1002923000000,1002927399720,4.399721,27.03,128
2924,1002924000000,1002928652726,4.652726,263.32,128
2925,1002925000000,1002928752968,3.752968,-154.87,128
2926,1002926000000,1002930723312,4.723313,218.69,128
2927,1002927000000,1002932742089,5.74209,-353.49,128
2928,1002928000000,1002933636722,5.636722,-287.54,128
2929,1002929000000,1002936491997,7.491998,162.94,128
2930,1002930000000,1002936546389,6.54639,428.03,128
2931,1002931000000,1002935461324,4.461324,514.75,128
2932,1002932000000,1002937283305,5.283305,-82.4,128
2933,1002933000000,1002937437863,4.437863,-61.0,128
2934,1002934000000,1002939009219,5.00922,-177.84,128
2935,1002935000000,1002939767484,4.767484,39.87,128
2936,1002936000000,1002939630235,3.630236,-296.42,128
2937,1002937000000,1002941128579,4.128579,-55.36,128
2938,1002938000000,1002947592579,9.59258,-114.7,128
2939,1002939000000,1002945315717,6.315718,130.69,128
2940,1002940000000,1002945863279,5.863279,120.35,128
2941,1002941000000,1002946109431,5.109431,-35.57,128
2942,1002942000000,1002946568276,4.568277,5.58,128
2943,1002943000000,1002948126021,5.126022,-305.25,128
2944,1002944000000,1002948998019,4.998019,23.11,128
2945,1002945000000,1002953294397,8.294397,311.96,128
2946,1002946000000,1002950224459,4.22446,-235.79,128
2947,1002947000000,1002951383048,4.383048,-851.66,128
2948,1002948000000,1002952644118,4.644119,-578.33,128
2949,1002949000000,1002953805300,4.805301,204.64,128
2950,1002950000000,1002953901149,3.90115,301.58,128
2951,1002951000000,1002954548442,3.548442,106.91,128
2952,1002952000000,1002956241416,4.241417,-17.17,128
2953,1002953000000,1002958148332,5.148332,-150.33,128
2954,1002954000000,1002959903841,5.903842,-418.68,128
2955,1002955000000,1002959838411,4.838411,41.08,128
2956,1002956000000,1002960219197,4.219198,122.29,128
2957,1002957000000,1002963123571,6.123571,281.93,128
2958,1002958000000,1002963281248,5.281248,-186.89,128
2959,1002959000000,1002964806641,5.806641,-49.95,128
2960,1002960000000,1002965009317,5.009318,164.42,128
2961,1002961000000,1002964696016,3.696016,317.66,128
2962,1002962000000,1002966978704,4.978705,173.58,128
2963,1002963000000,1002968633811,5.633812,244.06,128
2964,1002964000000,1002969735614,5.735614,-23.47,128
2965,1002965000000,1002969468982,4.468983,154.29,128
2966,1002966000000,1002971091054,5.091055,-163.87,128
2967,1002967000000,1002972006527,5.006527,175.8,128
2968,1002968000000,1002973045416,5.045416,293.05,128
2969,1002969000000,1002972129934,3.129935,-82.31,128
2970,1002970000000,1002974534246,4.534247,-459.99,128
2971,1002971000000,1002975351297,4.351297,-128.35,128
2972,1002972000000,1002978031637,6.031637,-144.64,128
2973,1002973000000,1002977352847,4.352847,-90.12,128
2974,1002974000000,1002980145665,6.145665,-352.66,128
2975,1002975000000,1002979127153,4.127153,-231.55,128
2976,1002976000000,1002979764379,3.764379,144.47,128
2977,1002977000000,1002982642894,5.642894,-27.61,128
2978,1002978000000,1002983050481,5.050482,-213.49,128
2979,1002979000000,1002982952860,3.952861,-88.84,128
2980,1002980000000,1002984766888,4.766888,-489.77,128
2981,1002981000000,1002984590028,3.590028,440.49,128
2982,1002982000000,1002985680321,3.680321,-623.34,128
2983,1002983000000,1002987418825,4.418825,-105.17,128
2984,1002984000000,1002988931305,4.931306,-298.56,128
2985,1002985000000,1002990373686,5.373687,39.93,128
2986,1002986000000,1002994710982,8.710982,-191.89,128
2987,1002987000000,1002992202075,5.202075,640.45,128
2988,1002988000000,1002993660792,5.660793,579.56,128
2989,1002989000000,1002993442965,4.442966,-38.9,128
2990,1002990000000,1002994521057,4.521057,-156.35,128
2991,1002991000000,1002995156465,4.156466,-151.19,128
2992,1002992000000,1002996335358,4.335359,93.73,128
2993,1002993000000,1002998211409,5.21141,-44.43,128
2994,1002994000000,1002999998022,5.998023,127.22,128
2995,1002995000000,1003001739691,6.739692,-40.49,128
2996,1002996000000,1003001075096,5.075097,-507.78,128
2997,1002997000000,1003001403317,4.403318,276.11,128
2998,1002998000000,1003002266081,4.266082,-375.26,128
2999,1002999000000,1003003554435,4.554435,174.44,128
3000,1003000000000,1003004404423,4.404424,-84.12,128
3001,1003001000000,1003005505214,4.505214,-464.83,128
3002,1003002000000,1003007177361,5.177361,366.97,128
3003,1003003000000,1003010131630,7.13163,-245.63,128
3004,1003004000000,1003011377031,7.377032,-249.62,128
3005,1003005000000,1003009105453,4.105454,60.45,128
3006,1003006000000,1003014948817,8.948817,67.07,128
3007,1003007000000,1003012544876,5.544877,448.76,128
3008,1003008000000,1003012231469,4.231469,-46.19,128
3009,1003009000000,1003014558524,5.558525,248.29,128
3010,1003010000000,1003015475931,5.475932,293.07,128
3011,1003011000000,1003015044128,4.044129,-240.63,128
3012,1003012000000,1003015758621,3.758622,-73.73,128
3013,1003013000000,1003021335013,8.335013,-72.28,128
3014,1003014000000,1003019890521,5.890522,-249.96,128
3015,1003015000000,1003018589229,3.58923,-490.72,128
3016,1003016000000,1003021101038,5.101038,-174.64,128
3017,1003017000000,1003020612911,3.612912,-695.47,128
3018,1003018000000,1003021795721,3.795722,-380.69,128
3019,1003019000000,1003022673579,3.673579,-329.13,128
3020,1003020000000,1003025697736,5.697736,63.21,128
3021,1003021000000,1003025231871,4.231872,-77.56,128
3022,1003022000000,1003026237638,4.237638,86.38,128
3023,1003023000000,1003027320873,4.320873,125.35,128
3024,1003024000000,1003030183212,6.183212,-429.1,128
3025,1003025000000,1003031766924,6.766925,216.93,128
3026,1003026000000,1003030766242,4.766242,-610.52,128
3027,1003027000000,1003033560220,6.56022,266.92,128
3028,1003028000000,1003031360843,3.360843,-337.59,128
3029,1003029000000,1003034032222,5.032223,-33.19,128
3030,1003030000000,1003037311962,7.311962,-219.04,128
3031,1003031000000,1003036805743,5.805744,566.34,128
3032,1003032000000,1003037325171,5.325171,-54.84,128
3033,1003033000000,1003038888279,5.88828,-216.97,128
3034,1003034000000,1003038303066,4.303066,262.37,128
3035,1003035000000,1003039521728,4.521729,-282.82,128
3036,1003036000000,1003041319003,5.319004,-32.94,128
3037,1003037000000,1003042670906,5.670906,-280.03,128
3038,1003038000000,1003042385023,4.385024,-375.96,128
3039,1003039000000,1003046118072,7.118072,115.78,128
3040,1003040000000,1003045918577,5.918577,344.65,128
3041,1003041000000,1003045500341,4.500342,629.6,128
3042,1003042000000,1003047547035,5.547035,-308.81,128
3043,1003043000000,1003047502346,4.502347,-331.94,128
3044,1003044000000,1003048788090,4.788091,-0.97,128
3045,1003045000000,1003050069233,5.069234,-434.7,128
3046,1003046000000,1003052477201,6.477202,213.34,128
3047,1003047000000,1003051194393,4.194393,-488.98,128
3048,1003048000000,1003053350976,5.350976,48.38,128
3049,1003049000000,1003053185053,4.185054,-539.58,128
3050,1003050000000,1003055244950,5.244951,614.67,128
3051,1003051000000,1003057327311,6.327312,167.2,128
3052,1003052000000,1003057562929,5.562929,-335.2,128
3053,1003053000000,1003058424206,5.424206,-446.72,128
3054,1003054000000,1003059227566,5.227566,-115.86,128
3055,1003055000000,1003060262693,5.262693,461.39,128
3056,1003056000000,1003061270425,5.270426,-344.29,128
3057,1003057000000,1003062053167,5.053167,-62.68,128
3058,1003058000000,1003063913304,5.913305,-498.32,128
3059,1003059000000,1003065880914,6.880914,-201.73,128
3060,1003060000000,1003066923859,6.92386,-50.24,128
3061,1003061000000,1003067285544,6.285544,-366.15,128
3062,1003062000000,1003067419080,5.419081,-387.26,128
3063,1003063000000,1003068384615,5.384616,78.0,128
3064,1003064000000,1003068948531,4.948531,108.94,128
3065,1003065000000,1003070720420,5.720421,128.97,128
3066,1003066000000,1003070030977,4.030978,254.35,128
3067,1003067000000,1003070620928,3.620929,1.19,128
3068,1003068000000,1003073057227,5.057228,-286.6,128
3069,1003069000000,1003073984927,4.984927,199.27,128
3070,1003070000000,1003073604716,3.604717,9.99,128
3071,1003071000000,1003076853569,5.85357,-36.59,128
3072,1003072000000,1003077261278,5.261279,25.47,128
3073,1003073000000,1003080836452,7.836452,-500.48,128
3074,1003074000000,1003079242939,5.242939,-339.91,128
3075,1003075000000,1003079611898,4.611898,-305.65,128
3076,1003076000000,1003081959570,5.959571,588.38,128
3077,1003077000000,1003081894321,4.894321,368.42,128
3078,1003078000000,1003082863290,4.863291,-565.2,128
3079,1003079000000,1003082608276,3.608276,-507.07,128
3080,1003080000000,1003085412650,5.41265,222.27,128
3081,1003081000000,1003085981533,4.981534,471.43,128
3082,1003082000000,1003087340414,5.340415,-4.82,128
3083,1003083000000,1003088516538,5.516539,260.92,128
3084,1003084000000,1003089602952,5.602952,-547.54,128
3085,1003085000000,1003090204791,5.204791,93.48,128
3086,1003086000000,1003090237514,4.237515,145.3,128
3087,1003087000000,1003091878683,4.878683,23.94,128
3088,1003088000000,1003093950470,5.950471,-491.97,128
3089,1003089000000,1003094292041,5.292041,31.81,128
3090,1003090000000,1003094973099,4.973099,247.42,128
3091,1003091000000,1003094329516,3.329517,-66.39,128
3092,1003092000000,1003096649871,4.649872,-677.14,128
3093,1003093000000,1003096761326,3.761326,-201.37,128
3094,1003094000000,1003097982061,3.982061,-114.96,128
3095,1003095000000,1003102635961,7.635962,281.2,128
3096,1003096000000,1003101284613,5.284614,91.57,128
3097,1003097000000,1003102457467,5.457467,-260.61,128
3098,1003098000000,1003101533674,3.533675,-353.52,128
3099,1003099000000,1003104429454,5.429454,245.95,128
3100,1003100000000,1003104194755,4.194756,19.26,128
3101,1003101000000,1003105762619,4.762619,-326.07,128
3102,1003102000000,1003105929140,3.92914,375.73,128
3103,1003103000000,1003107157181,4.157182,-124.31,128
3104,1003104000000,1003108665950,4.66595,-501.93,128
3105,1003105000000,1003113189389,8.189389,365.2,128
3106,1003106000000,1003110784758,4.784758,-303.5,128
3107,1003107000000,1003112266554,5.266555,446.03,128
3108,1003108000000,1003114785690,6.785691,70.03,128
3109,1003109000000,1003114298762,5.298763,421.09,128
3110,1003110000000,1003113683781,3.683782,663.48,128
3111,1003111000000,1003114547012,3.547013,198.34,128
3112,1003112000000,1003116247968,4.247968,37.02,128
3113,1003113000000,1003117456320,4.45632,272.7,128
3114,1003114000000,1003118875368,4.875368,-694.74,128
3115,1003115000000,1003120965188,5.965189,-376.82,128
3116,1003116000000,1003121416091,5.416092,-354.28,128
3117,1003117000000,1003123468216,6.468216,76.1,128
3118,1003118000000,1003121679023,3.679024,-129.62,128
3119,1003119000000,1003124348588,5.348588,95.57,128
3120,1003120000000,1003123214781,3.214781,430.99,128
3121,1003121000000,1003126620416,5.620417,105.52,128
3122,1003122000000,1003126645025,4.645025,118.17,128
3123,1003123000000,1003127703121,4.703121,330.97,128
3124,1003124000000,1003130032187,6.032187,-21.04,128
3125,1003125000000,1003129741286,4.741286,160.77,128
3126,1003126000000,1003130385300,4.3853,114.55,128
3127,1003127000000,1003133552394,6.552394,-448.62,128
3128,1003128000000,1003132600364,4.600365,-64.42,128
3129,1003129000000,1003134314123,5.314123,-157.53,128
3130,1003130000000,1003135932253,5.932254,-204.2,128
3131,1003131000000,1003134724216,3.724216,-123.62,128
3132,1003132000000,1003138182141,6.182141,210.86,128
3133,1003133000000,1003137935766,4.935767,274.08,128
3134,1003134000000,1003140980269,6.980269,26.88,128
3135,1003135000000,1003139947350,4.94735,40.26,128
3136,1003136000000,1003140058570,4.05857,-110.35,128
3137,1003137000000,1003141099506,4.099507,-75.4,128
3138,1003138000000,1003142820970,4.820971,-35.06,128
3139,1003139000000,1003142908473,3.908474,21.82,128
3140,1003140000000,1003144258249,4.258249,14.61,128
3141,1003141000000,1003147168362,6.168362,319.29,128
3142,1003142000000,1003147230838,5.230839,-274.03,128
3143,1003143000000,1003149429121,6.429121,-2.93,128
3144,1003144000000,1003148788774,4.788774,383.8,128
3145,1003145000000,1003149612307,4.612308,-166.5,128
3146,1003146000000,1003150798928,4.798928,422.2,128
3147,1003147000000,1003150841743,3.841743,-41.82,128
3148,1003148000000,1003153029362,5.029362,489.99,128
3149,1003149000000,1003154767797,5.767797,140.08,128
3150,1003150000000,1003155919025,5.919026,-63.51,128
3151,1003151000000,1003156061911,5.061911,267.28,128
3152,1003152000000,1003156816261,4.816262,271.81,128
3153,1003153000000,1003159494564,6.494564,490.77,128
3154,1003154000000,1003160137408,6.137409,8.36,128
3155,1003155000000,1003162483025,7.483025,-205.43,128
3156,1003156000000,1003161493498,5.493499,-23.8,128
3157,1003157000000,1003161983079,4.983079,257.47,128
3158,1003158000000,1003161389453,3.389454,210.48,128
3159,1003159000000,1003163827482,4.827482,525.56,128
3160,1003160000000,1003164372871,4.372872,161.1,128
3161,1003161000000,1003165642097,4.642097,689.2,128
3162,1003162000000,1003165704218,3.704218,47.82,128
3163,1003163000000,1003167596258,4.596258,-681.11,128
3164,1003164000000,1003169577785,5.577785,719.08,128
3165,1003165000000,1003169314612,4.314612,218.08,128
3166,1003166000000,1003170958981,4.958981,-335.46,128
3167,1003167000000,1003171694037,4.694037,-134.83,128
3168,1003168000000,1003172294493,4.294493,-89.64,128
3169,1003169000000,1003176368648,7.368648,-194.66,128
3170,1003170000000,1003175264634,5.264635,-278.3,128
3171,1003171000000,1003175029545,4.029545,7.92,128
3172,1003172000000,1003176401085,4.401085,203.54,128
3173,1003173000000,1003178962306,5.962307,116.27,128
3174,1003174000000,1003179514634,5.514634,51.45,128
3175,1003175000000,1003181818715,6.818716,444.29,128
3176,1003176000000,1003181305811,5.305812,-270.52,128
3177,1003177000000,1003182391011,5.391011,52.9,128
3178,1003178000000,1003183242839,5.24284,-31.52,128
3179,1003179000000,1003184081789,5.081789,301.37,128
3180,1003180000000,1003184494211,4.494211,-24.7,128
3181,1003181000000,1003185913155,4.913155,548.14,128
3182,1003182000000,1003187437532,5.437533,-343.22,128
3183,1003183000000,1003187259275,4.259275,-351.73,128
3184,1003184000000,1003189475800,5.4758,-181.42,128
3185,1003185000000,1003190378119,5.37812,51.91,128
3186,1003186000000,1003191904886,5.904886,-374.52,128
3187,1003187000000,1003192504020,5.50402,-359.19,128
3188,1003188000000,1003194187767,6.187767,-92.68,128
3189,1003189000000,1003195048685,6.048686,395.93,128
3190,1003190000000,1003194876631,4.876632,-86.14,128
3191,1003191000000,1003195906823,4.906824,-259.43,128
3192,1003192000000,1003196327852,4.327852,-219.42,128
3193,1003193000000,1003200878684,7.878685,-235.76,128
3194,1003194000000,1003200257180,6.25718,171.3,128
3195,1003195000000,1003201239000,6.239001,-183.1,128
3196,1003196000000,1003200264343,4.264343,-45.61,128
3197,1003197000000,1003201791506,4.791506,53.49,128
3198,1003198000000,1003204423899,6.423899,1.81,128
3199,1003199000000,1003204137037,5.137037,528.78,128
3200,1003200000000,1003204798903,4.798904,-65.38,128
3201,1003201000000,1003206454038,5.454039,277.51,128
3202,1003202000000,1003207320235,5.320235,496.75,128
3203,1003203000000,1003209637002,6.637002,-495.64,128
3204,1003204000000,1003210101692,6.101692,-143.07,128
3205,1003205000000,1003209525712,4.525713,71.29,128
3206,1003206000000,1003212313260,6.313261,142.45,128
3207,1003207000000,1003211806467,4.806468,292.28,128
3208,1003208000000,1003211821182,3.821183,48.1,128
3209,1003209000000,1003215137627,6.137627,-76.63,128
3210,1003210000000,1003214528737,4.528737,134.56,128
3211,1003211000000,1003215344654,4.344654,432.28,128
3212,1003212000000,1003216603278,4.603278,207.99,128
3213,1003213000000,1003218860283,5.860284,26.87,128
3214,1003214000000,1003218484066,4.484067,-310.13,128
3215,1003215000000,1003220158708,5.158708,-98.25,128
3216,1003216000000,1003220932004,4.932005,67.95,128
3217,1003217000000,1003221596670,4.596671,355.32,128
3218,1003218000000,1003224078583,6.078584,238.34,128
3219,1003219000000,1003226175117,7.175117,651.28,128
3220,1003220000000,1003223698942,3.698943,-79.24,128
3221,1003221000000,1003225774482,4.774482,330.28,128
3222,1003222000000,1003226444260,4.444261,-167.85,128
3223,1003223000000,1003226934875,3.934875,13.03,128
3224,1003224000000,1003230317014,6.317015,-296.84,128
3225,1003225000000,1003228775780,3.775781,93.15,128
3226,1003226000000,1003231129087,5.129087,713.92,128
3227,1003227000000,1003230734205,3.734206,212.01,128
3228,1003228000000,1003232097287,4.097288,49.44,128
3229,1003229000000,1003232343536,3.343536,19.42,128
3230,1003230000000,1003238445894,8.445894,353.01,128
3231,1003231000000,1003236479753,5.479753,-535.25,128
3232,1003232000000,1003237831196,5.831196,4.82,128
3233,1003233000000,1003238489621,5.489622,-309.1,128
3234,1003234000000,1003239118548,5.118549,-113.94,128
3235,1003235000000,1003241929472,6.929472,216.11,128
3236,1003236000000,1003241570054,5.570055,-302.11,128
3237,1003237000000,1003243139473,6.139474,-315.73,128
3238,1003238000000,1003243409537,5.409537,38.21,128
3239,1003239000000,1003243287911,4.287911,-266.17,128
3240,1003240000000,1003245215406,5.215407,-16.72,128
3241,1003241000000,1003245089139,4.08914,315.78,128
3242,1003242000000,1003247638672,5.638673,327.65,128
3243,1003243000000,1003247047316,4.047316,77.73,128
3244,1003244000000,1003250460682,6.460683,-51.63,128
3245,1003245000000,1003249153871,4.153871,-79.09,128
3246,1003246000000,1003253401515,7.401515,-119.5,128
3247,1003247000000,1003251932483,4.932484,751.69,128
3248,1003248000000,1003252804629,4.80463,200.86,128
3249,1003249000000,1003253152464,4.152464,54.38,128
3250,1003250000000,1003254371599,4.3716,443.75,128
3251,1003251000000,1003255911481,4.911481,68.81,128
3252,1003252000000,1003257631363,5.631364,199.34,128
3253,1003253000000,1003258241151,5.241152,149.0,128
3254,1003254000000,1003258473359,4.47336,425.65,128
3255,1003255000000,1003260772158,5.772159,294.35,128
3256,1003256000000,1003260614491,4.614492,635.67,128
3257,1003257000000,1003260804816,3.804816,-129.41,128
3258,1003258000000,1003263669781,5.669781,-280.34,128
3259,1003259000000,1003264609253,5.609253,-316.27,128
3260,1003260000000,1003265823575,5.823576,59.44,128
3261,1003261000000,1003266491983,5.491984,-437.42,128
3262,1003262000000,1003266641282,4.641283,-348.42,128
3263,1003263000000,1003267505711,4.505712,191.22,128
3264,1003264000000,1003268092514,4.092514,-40.3,128
3265,1003265000000,1003269935582,4.935583,-428.34,128
3266,1003266000000,1003271066366,5.066366,-20.09,128
3267,1003267000000,1003272061597,5.061598,-216.65,128
3268,1003268000000,1003273180298,5.180298,60.15,128
3269,1003269000000,1003273328956,4.328957,160.1,128
3270,1003270000000,1003274336437,4.336438,61.01,128
3271,1003271000000,1003275010534,4.010535,399.47,128
3272,1003272000000,1003277338675,5.338676,-186.37,128
3273,1003273000000,1003278599935,5.599935,-66.44,128
3274,1003274000000,1003278341403,4.341403,561.05,128
3275,1003275000000,1003278765147,3.765148,-87.15,128
3276,1003276000000,1003280599976,4.599977,-106.6,128
3277,1003277000000,1003282419801,5.419802,-297.8,128
3278,1003278000000,1003283836023,5.836024,-365.47,128
3279,1003279000000,1003284437803,5.437804,141.98,128
3280,1003280000000,1003285698431,5.698432,629.43,128
3281,1003281000000,1003285821019,4.821019,-217.33,128
3282,1003282000000,1003287531681,5.531681,156.85,128
3283,1003283000000,1003288002790,5.00279,-224.89,128
3284,1003284000000,1003288955267,4.955268,-122.95,128
3285,1003285000000,1003289480584,4.480584,510.89,128
3286,1003286000000,1003290044396,4.044397,-155.52,128
3287,1003287000000,1003291293882,4.293883,124.22,128
3288,1003288000000,1003295381998,7.381998,12.54,128
3289,1003289000000,1003293146757,4.146758,384.31,128
3290,1003290000000,1003295797471,5.797471,-31.22,128
3291,1003291000000,1003297174743,6.174743,49.43,128
3292,1003292000000,1003297052377,5.052378,-10.32,128
3293,1003293000000,1003298478309,5.478309,140.11,128
3294,1003294000000,1003299181791,5.181791,-173.1,128
3295,1003295000000,1003299786777,4.786778,248.93,128
3296,1003296000000,1003300418673,4.418673,-32.5,128
3297,1003297000000,1003303518142,6.518143,247.64,128
3298,1003298000000,1003303241315,5.241316,-225.13,128
3299,1003299000000,1003304255794,5.255795,436.52,128
3300,1003300000000,1003304557131,4.557131,-388.93,128
3301,1003301000000,1003305356677,4.356678,-402.66,128
3302,1003302000000,1003308410615,6.410615,-196.05,128
3303,1003303000000,1003308699469,5.69947,287.04,128
3304,1003304000000,1003308869867,4.869867,129.97,128
3305,1003305000000,1003311084690,6.08469,24.64,128
3306,1003306000000,1003310526216,4.526216,-294.94,128
3307,1003307000000,1003312170361,5.170361,-159.76,128
3308,1003308000000,1003311288272,3.288272,-17.03,128
3309,1003309000000,1003314236283,5.236283,-258.57,128
3310,1003310000000,1003316356184,6.356184,83.9,128
3311,1003311000000,1003315382830,4.382831,-371.97,128
3312,1003312000000,1003314573933,2.573933,-340.65,128
3313,1003313000000,1003318426020,5.426021,-296.42,128
3314,1003314000000,1003318203999,4.204,102.58,128
3315,1003315000000,1003320405233,5.405233,310.59,128
3316,1003316000000,1003320396676,4.396677,149.11,128
3317,1003317000000,1003321202682,4.202683,339.7,128
3318,1003318000000,1003321326528,3.326529,-355.62,128
3319,1003319000000,1003323046292,4.046292,174.5,128
3320,1003320000000,1003324058451,4.058452,254.74,128
3321,1003321000000,1003325630874,4.630874,-324.6,128
3322,1003322000000,1003328315854,6.315855,201.63,128
3323,1003323000000,1003326663846,3.663847,44.98,128
3324,1003324000000,1003330810417,6.810417,168.31,128
3325,1003325000000,1003331834254,6.834255,70.09,128
3326,1003326000000,1003331987570,5.987571,40.46,128
3327,1003327000000,1003331713153,4.713153,206.35,128
3328,1003328000000,1003334532472,6.532472,3.9,128
3329,1003329000000,1003333610935,4.610935,-27.26,128
3330,1003330000000,1003334591306,4.591306,309.36,128
3331,1003331000000,1003334869728,3.869728,-598.32,128
3332,1003332000000,1003338079362,6.079362,-596.96,128
3333,1003333000000,1003337940134,4.940134,155.5,128
3334,1003334000000,1003339403181,5.403182,-284.99,128
3335,1003335000000,1003339732794,4.732794,328.35,128
3336,1003336000000,1003341946153,5.946153,320.53,128
3337,1003337000000,1003341837913,4.837913,-28.88,128
3338,1003338000000,1003344061396,6.061396,214.0,128
3339,1003339000000,1003344978588,5.978588,113.22,128
3340,1003340000000,1003346077087,6.077087,365.83,128
3341,1003341000000,1003346573786,5.573786,-231.95,128
3342,1003342000000,1003347653950,5.65395,69.35,128
3343,1003343000000,1003346573190,3.573191,513.98,128
3344,1003344000000,1003347370829,3.370829,-114.12,128
3345,1003345000000,1003349950189,4.950189,189.9,128
3346,1003346000000,1003352401418,6.401419,-611.85,128
3347,1003347000000,1003349862314,2.862315,202.73,128
3348,1003348000000,1003351798059,3.798059,-567.63,128
3349,1003349000000,1003354003110,5.003111,122.04,128
3350,1003350000000,1003355081455,5.081456,13.55,128
3351,1003351000000,1003354764798,3.764799,112.43,128
3352,1003352000000,1003358459094,6.459095,227.22,128
3353,1003353000000,1003357585154,4.585155,-527.6,128
3354,1003354000000,1003358780184,4.780185,958.91,128
3355,1003355000000,1003360014723,5.014723,-230.77,128
3356,1003356000000,1003360371517,4.371517,-129.51,128
3357,1003357000000,1003361462068,4.462069,221.56,128
3358,1003358000000,1003363777628,5.777628,15.92,128
3359,1003359000000,1003363270318,4.270318,116.66,128
3360,1003360000000,1003364352067,4.352068,-418.42,128
3361,1003361000000,1003366582987,5.582988,17.6,128
3362,1003362000000,1003366742282,4.742282,384.66,128
3363,1003363000000,1003367756783,4.756784,30.23,128
3364,1003364000000,1003368860906,4.860906,-320.56,128
3365,1003365000000,1003369418039,4.418039,552.27,128
3366,1003366000000,1003372145897,6.145898,241.33,128
3367,1003367000000,1003371363868,4.363868,414.7,128
3368,1003368000000,1003371456830,3.456831,44.11,128
3369,1003369000000,1003374290909,5.290909,207.02,128
3370,1003370000000,1003374956171,4.956171,-420.23,128
3371,1003371000000,1003374756178,3.756178,-13.54,128
3372,1003372000000,1003375731270,3.731271,-554.59,128
3373,1003373000000,1003379888728,6.888728,382.01,128
3374,1003374000000,1003380335977,6.335977,956.53,128
3375,1003375000000,1003379603578,4.603578,-109.21,128
3376,1003376000000,1003380790725,4.790726,-562.58,128
3377,1003377000000,1003383780004,6.780004,147.31,128
3378,1003378000000,1003382651726,4.651726,-256.18,128
3379,1003379000000,1003386177214,7.177214,110.55,128
3380,1003380000000,1003384882913,4.882913,265.5,128
3381,1003381000000,1003387673967,6.673967,-321.37,128
3382,1003382000000,1003386942311,4.942312,449.32,128
3383,1003383000000,1003388213291,5.213292,-283.62,128
3384,1003384000000,1003389910122,5.910122,-181.09,128
3385,1003385000000,1003390108040,5.108041,-193.63,128
3386,1003386000000,1003391452204,5.452205,-364.17,128
3387,1003387000000,1003391085112,4.085112,-203.48,128
3388,1003388000000,1003391937105,3.937105,-332.92,128
3389,1003389000000,1003393552776,4.552776,-368.94,128
3390,1003390000000,1003394976231,4.976232,-237.05,128
3391,1003391000000,1003397192749,6.192749,-49.72,128
3392,1003392000000,1003395950647,3.950648,-445.64,128
3393,1003393000000,1003399388514,6.388514,-264.01,128
3394,1003394000000,1003399026660,5.02666,39.38,128
3395,1003395000000,1003399217802,4.217802,49.09,128
3396,1003396000000,1003402905734,6.905734,-275.83,128
3397,1003397000000,1003401090264,4.090265,-68.4,128
3398,1003398000000,1003405003846,7.003846,-127.76,128
3399,1003399000000,1003404209781,5.209782,647.23,128
3400,1003400000000,1003406592879,6.592879,-181.77,128
3401,1003401000000,1003406644272,5.644272,70.58,128
3402,1003402000000,1003407409694,5.409695,387.01,128
3403,1003403000000,1003408632960,5.63296,-280.3,128
3404,1003404000000,1003408910434,4.910435,-17.29,128
3405,1003405000000,1003409245706,4.245706,-360.03,128
3406,1003406000000,1003409923622,3.923622,-80.81,128
3407,1003407000000,1003411615616,4.615617,-366.64,128
3408,1003408000000,1003411371367,3.371368,304.03,128
3409,1003409000000,1003413280624,4.280624,116.72,128
3410,1003410000000,1003415458917,5.458917,366.55,128
3411,1003411000000,1003416588780,5.588781,579.56,128
3412,1003412000000,1003416975004,4.975004,-127.8,128
3413,1003413000000,1003419430154,6.430155,395.4,128
3414,1003414000000,1003418798770,4.79877,-135.98,128
3415,1003415000000,1003419697108,4.697108,-117.96,128
3416,1003416000000,1003420204784,4.204785,-115.79,128
3417,1003417000000,1003422503439,5.50344,23.1,128
3418,1003418000000,1003423736693,5.736693,499.15,128
3419,1003419000000,1003423971167,4.971167,-30.75,128
3420,1003420000000,1003426155800,6.1558,193.6,128
3421,1003421000000,1003425052753,4.052754,112.37,128
3422,1003422000000,1003429691645,7.691645,100.92,128
3423,1003423000000,1003428960569,5.960569,-324.97,128
3424,1003424000000,1003429859799,5.859799,225.64,128
3425,1003425000000,1003430374459,5.37446,-42.85,128
3426,1003426000000,1003431980439,5.98044,-233.59,128
3427,1003427000000,1003434609454,7.609455,134.75,128
3428,1003428000000,1003432659747,4.659748,209.1,128
3429,1003429000000,1003434266018,5.266018,-423.56,128
3430,1003430000000,1003436053214,6.053214,168.92,128
3431,1003431000000,1003437844818,6.844819,-115.22,128
3432,1003432000000,1003436950946,4.950946,789.18,128
3433,1003433000000,1003437095601,4.095602,354.54,128
3434,1003434000000,1003439885444,5.885444,-362.02,128
3435,1003435000000,1003439251795,4.251795,488.56,128
3436,1003436000000,1003440347391,4.347391,-189.33,128
3437,1003437000000,1003441990822,4.990822,590.54,128
3438,1003438000000,1003442504939,4.50494,-368.59,128
3439,1003439000000,1003444303149,5.303149,353.49,128
3440,1003440000000,1003444323028,4.323029,60.57,128
3441,1003441000000,1003445819627,4.819627,-431.86,128
3442,1003442000000,1003445819859,3.81986,-474.37,128
3443,1003443000000,1003447847862,4.847863,-87.24,128
3444,1003444000000,1003449223373,5.223374,-194.17,128
3445,1003445000000,1003449823362,4.823362,-128.85,128
3446,1003446000000,1003450645055,4.645055,-586.87,128
3447,1003447000000,1003451496072,4.496072,-348.63,128
3448,1003448000000,1003453266706,5.266706,-349.5,128
3449,1003449000000,1003452784872,3.784873,-135.15,128
3450,1003450000000,1003454307174,4.307175,-24.28,128
3451,1003451000000,1003455505190,4.50519,-105.39,128
3452,1003452000000,1003457254193,5.254194,255.92,128
3453,1003453000000,1003457714186,4.714186,-520.26,128
3454,1003454000000,1003458807393,4.807394,-391.32,128
3455,1003455000000,1003458921592,3.921593,-64.35,128
3456,1003456000000,1003461388476,5.388476,-439.85,128
3457,1003457000000,1003461325039,4.325039,181.24,128
3458,1003458000000,1003462136478,4.136478,-411.64,128
3459,1003459000000,1003465277852,6.277852,-7.19,128
3460,1003460000000,1003464008540,4.00854,-221.39,128
3461,1003461000000,1003465128547,4.128548,-402.62,128
3462,1003462000000,1003467008640,5.008641,104.28,128
3463,1003463000000,1003467559921,4.559922,462.57,128
3464,1003464000000,1003470000027,6.000028,140.75,128
3465,1003465000000,1003469190796,4.190796,130.8,128
3466,1003466000000,1003470812310,4.81231,-91.38,128
3467,1003467000000,1003473128335,6.128336,-246.74,128
3468,1003468000000,1003474041222,6.041222,384.95,128
3469,1003469000000,1003474298697,5.298697,196.15,128
3470,1003470000000,1003475349450,5.349451,-305.83,128
3471,1003471000000,1003476262426,5.262426,-309.44,128
3472,1003472000000,1003476282161,4.282162,39.91,128
3473,1003473000000,1003480091101,7.091102,390.21,128
3474,1003474000000,1003480039613,6.039613,-5.29,128
3475,1003475000000,1003478928707,3.928707,-73.28,128
3476,1003476000000,1003480060036,4.060037,-392.59,128
3477,1003477000000,1003481680306,4.680306,-226.53,128
3478,1003478000000,1003483082047,5.082048,40.59,128
3479,1003479000000,1003483125997,4.125998,135.07,128
3480,1003480000000,1003483716433,3.716433,295.28,128
3481,1003481000000,1003485231494,4.231494,106.05,128
3482,1003482000000,1003488010568,6.010568,-73.9,128
3483,1003483000000,1003488683076,5.683077,29.17,128
3484,1003484000000,1003490184935,6.184935,-139.74,128
3485,1003485000000,1003490025331,5.025331,-488.18,128
3486,1003486000000,1003490803003,4.803004,-258.61,128
3487,1003487000000,1003491074632,4.074632,-2.71,128
3488,1003488000000,1003492305447,4.305448,-165.91,128
3489,1003489000000,1003493024108,4.024108,-215.08,128
3490,1003490000000,1003494343942,4.343942,735.91,128
3491,1003491000000,1003496194493,5.194494,58.29,128
3492,1003492000000,1003498179667,6.179667,-432.35,128
3493,1003493000000,1003498993788,5.993789,538.31,128
3494,1003494000000,1003499167570,5.167571,-286.93,128
3495,1003495000000,1003502705282,7.705283,-35.91,128
3496,1003496000000,1003502371227,6.371228,-292.91,128
3497,1003497000000,1003502103549,5.10355,307.72,128
3498,1003498000000,1003504448063,6.448063,144.56,128
3499,1003499000000,1003503813759,4.81376,-169.66,128
3500,1003500000000,1003508537934,8.537935,290.9,128
3501,1003501000000,1003504103990,3.10399,-144.03,128
3502,1003502000000,1003509193170,7.19317,253.66,128
3503,1003503000000,1003510417964,7.417965,554.22,128
3504,1003504000000,1003510527935,6.527935,-324.32,128
3505,1003505000000,1003511135366,6.135366,-60.66,128
3506,1003506000000,1003509786818,3.786818,-925.3,128
3507,1003507000000,1003511986578,4.986579,165.88,128
3508,1003508000000,1003512708755,4.708756,-133.51,128
3509,1003509000000,1003514711264,5.711264,311.0,128
3510,1003510000000,1003515964179,5.96418,-175.55,128
3511,1003511000000,1003516589251,5.589251,-70.53,128
3512,1003512000000,1003517097867,5.097867,-269.54,128
3513,1003513000000,1003518171596,5.171597,7.43,128
3514,1003514000000,1003519576655,5.576656,270.97,128
3515,1003515000000,1003517303806,2.303807,-37.58,128
3516,1003516000000,1003521213868,5.213869,-229.31,128
3517,1003517000000,1003521127811,4.127812,-666.89,128
3518,1003518000000,1003521155789,3.155789,30.34,128
3519,1003519000000,1003521683677,2.683678,569.98,128
3520,1003520000000,1003525418556,5.418556,-98.92,128
3521,1003521000000,1003527511781,6.511782,322.18,128
3522,1003522000000,1003527142921,5.142922,489.9,128
3523,1003523000000,1003527410003,4.410004,284.7,128
3524,1003524000000,1003529110008,5.110008,-42.12,128
3525,1003525000000,1003529322262,4.322262,-140.96,128
3526,1003526000000,1003530680644,4.680645,-219.17,128
3527,1003527000000,1003532888264,5.888264,-274.57,128
3528,1003528000000,1003532699056,4.699057,71.62,128
3529,1003529000000,1003533813817,4.813818,279.31,128
3530,1003530000000,1003536294414,6.294415,-166.36,128
3531,1003531000000,1003536126090,5.126091,293.05,128
3532,1003532000000,1003536238426,4.238426,104.06,128
3533,1003533000000,1003537878325,4.878325,-218.93,128
3534,1003534000000,1003537854964,3.854964,-281.44,128
3535,1003535000000,1003539679988,4.679989,295.45,128
3536,1003536000000,1003541991584,5.991585,219.98,128
3537,1003537000000,1003541745427,4.745428,-151.72,128
3538,1003538000000,1003542291864,4.291865,304.78,128
3539,1003539000000,1003543381140,4.38114,-485.9,128
3540,1003540000000,1003545687018,5.687019,-290.58,128
3541,1003541000000,1003544858269,3.858269,-126.11,128
3542,1003542000000,1003546796225,4.796225,-163.84,128
3543,1003543000000,1003547203537,4.203538,-455.46,128
3544,1003544000000,1003548234173,4.234173,171.6,128
3545,1003545000000,1003551315576,6.315576,21.82,128
3546,1003546000000,1003550346509,4.346509,238.43,128
3547,1003547000000,1003550468220,3.468221,-129.13,128
3548,1003548000000,1003552936762,4.936762,-6.82,128
3549,1003549000000,1003553584359,4.584359,-87.44,128
3550,1003550000000,1003554422901,4.422902,262.44,128
3551,1003551000000,1003557230673,6.230674,41.63,128
3552,1003552000000,1003557555910,5.555911,153.91,128
3553,1003553000000,1003557411947,4.411948,375.4,128
3554,1003554000000,1003558775651,4.775652,-213.77,128
3555,1003555000000,1003559845908,4.845908,172.91,128
3556,1003556000000,1003560123441,4.123442,-79.62,128
3557,1003557000000,1003564372191,7.372191,53.9,128
3558,1003558000000,1003562335589,4.335589,-282.11,128
3559,1003559000000,1003566257287,7.257288,14.97,128
3560,1003560000000,1003564531150,4.53115,118.79,128
3561,1003561000000,1003564944360,3.94436,460.29,128
3562,1003562000000,1003566608254,4.608254,-678.44,128
3563,1003563000000,1003567154516,4.154516,-304.25,128
3564,1003564000000,1003568280682,4.280683,-144.61,128
3565,1003565000000,1003569916502,4.916503,399.32,128
3566,1003566000000,1003572188174,6.188175,-251.78,128
3567,1003567000000,1003573372452,6.372452,314.45,128
3568,1003568000000,1003572106823,4.106823,-241.01,128
3569,1003569000000,1003574252458,5.252459,-81.54,128
3570,1003570000000,1003577080187,7.080187,-310.09,128
3571,1003571000000,1003576324805,5.324805,-250.57,128
3572,1003572000000,1003577148994,5.148995,546.02,128
3573,1003573000000,1003577274178,4.274178,252.79,128
3574,1003574000000,1003580188457,6.188457,-266.56,128
3575,1003575000000,1003579264965,4.264966,-543.03,128
3576,1003576000000,1003580823736,4.823737,-131.03,128
3577,1003577000000,1003583199552,6.199553,-72.19,128
3578,1003578000000,1003583653535,5.653536,-14.42,128
3579,1003579000000,1003583146783,4.146783,-297.74,128
3580,1003580000000,1003585810648,5.810648,40.23,128
3581,1003581000000,1003586744977,5.744977,585.22,128
3582,1003582000000,1003586320180,4.32018,-181.44,128
3583,1003583000000,1003589350695,6.350696,313.88,128
3584,1003584000000,1003589405029,5.40503,198.82,128
3585,1003585000000,1003589988406,4.988407,221.78,128
3586,1003586000000,1003591343089,5.34309,-109.51,128
3587,1003587000000,1003593410346,6.410347,-141.16,128
3588,1003588000000,1003592153812,4.153812,166.22,128
3589,1003589000000,1003595083758,6.083759,-274.53,128
3590,1003590000000,1003595437872,5.437872,108.3,128
3591,1003591000000,1003596635456,5.635456,36.14,128
3592,1003592000000,1003596047758,4.047758,-402.48,128
3593,1003593000000,1003598292119,5.29212,83.46,128
3594,1003594000000,1003600502116,6.502117,18.0,128
3595,1003595000000,1003599490249,4.49025,187.01,128
3596,1003596000000,1003600703317,4.703317,-299.06,128
3597,1003597000000,1003605209712,8.209712,354.48,128
3598,1003598000000,1003605102987,7.102987,-591.85,128
3599,1003599000000,1003603552303,4.552304,-290.19,128
3600,1003600000000,1003605468184,5.468185,64.66,128
3601,1003601000000,1003606485529,5.485529,34.31,128
3602,1003602000000,1003607521620,5.521621,-112.61,128
3603,1003603000000,1003608216723,5.216724,91.98,128
3604,1003604000000,1003609864239,5.86424,203.1,128
3605,1003605000000,1003611328719,6.32872,276.76,128
3606,1003606000000,1003611056974,5.056975,-57.1,128
3607,1003607000000,1003612542626,5.542627,-169.25,128
3608,1003608000000,1003612289071,4.289072,-19.58,128
3609,1003609000000,1003613122499,4.122499,252.75,128
3610,1003610000000,1003615161380,5.161381,319.27,128
3611,1003611000000,1003616464594,5.464595,368.36,128
3612,1003612000000,1003616241512,4.241512,-683.21,128
3613,1003613000000,1003618358067,5.358068,35.7,128
3614,1003614000000,1003618350179,4.35018,102.31,128
3615,1003615000000,1003620108313,5.108313,-48.97,128
3616,1003616000000,1003621287128,5.287128,149.75,128
3617,1003617000000,1003621196849,4.19685,106.13,128
3618,1003618000000,1003624375851,6.375851,68.08,128
3619,1003619000000,1003623404568,4.404568,-267.56,128
3620,1003620000000,1003624832613,4.832614,182.89,128
3621,1003621000000,1003625609151,4.609151,421.33,128
3622,1003622000000,1003626639764,4.639765,-94.46,128
3623,1003623000000,1003629454800,6.4548,-37.35,128
3624,1003624000000,1003628702369,4.702369,428.84,128
3625,1003625000000,1003631963449,6.963449,223.48,128
3626,1003626000000,1003632301200,6.301201,-332.65,128
3627,1003627000000,1003633531958,6.531959,-225.08,128
3628,1003628000000,1003632986146,4.986147,-153.24,128
3629,1003629000000,1003633794141,4.794141,580.48,128
3630,1003630000000,1003635015348,5.015349,-108.79,128
3631,1003631000000,1003634240422,3.240422,73.13,128
3632,1003632000000,1003636737584,4.737584,-253.24,128
3633,1003633000000,1003639764262,6.764262,56.37,128
3634,1003634000000,1003639737817,5.737818,-270.15,128
3635,1003635000000,1003641318270,6.318271,474.41,128
3636,1003636000000,1003640847258,4.847258,502.65,128
3637,1003637000000,1003640613289,3.61329,183.55,128
3638,1003638000000,1003642440972,4.440973,13.17,128
3639,1003639000000,1003644477244,5.477245,23.89,128
3640,1003640000000,1003644257991,4.257991,155.79,128
3641,1003641000000,1003647448839,6.448839,393.39,128
3642,1003642000000,1003646216349,4.21635,-245.68,128
3643,1003643000000,1003647907418,4.907418,-236.12,128
3644,1003644000000,1003648959031,4.959032,308.79,128
3645,1003645000000,1003649523586,4.523587,-21.15,128
3646,1003646000000,1003649520185,3.520186,473.64,128
3647,1003647000000,1003651125059,4.12506,106.21,128
3648,1003648000000,1003652597702,4.597702,143.41,128
3649,1003649000000,1003651971595,2.971596,623.03,128
3650,1003650000000,1003654694779,4.69478,220.19,128
3651,1003651000000,1003655992283,4.992283,-124.08,128
3652,1003652000000,1003657508090,5.50809,-211.68,128
3653,1003653000000,1003656673639,3.67364,-265.97,128
3654,1003654000000,1003658482023,4.482024,82.16,128
3655,1003655000000,1003660404505,5.404506,-219.84,128
3656,1003656000000,1003662420055,6.420056,111.85,128
3657,1003657000000,1003662968465,5.968466,-87.78,128
3658,1003658000000,1003662425676,4.425677,199.17,128
3659,1003659000000,1003662863985,3.863986,117.49,128
3660,1003660000000,1003663711658,3.711659,-12.64,128
3661,1003661000000,1003665005000,4.005001,341.91,128
3662,1003662000000,1003666024139,4.02414,389.49,128
3663,1003663000000,1003667098449,4.098449,128.51,128
3664,1003664000000,1003669298795,5.298795,90.76,128
3665,1003665000000,1003669091164,4.091164,-97.59,128
3666,1003666000000,1003670015022,4.015022,183.49,128
3667,1003667000000,1003670372084,3.372085,-277.35,128
3668,1003668000000,1003671767948,3.767948,29.96,128
3669,1003669000000,1003674270606,5.270606,145.8,128
3670,1003670000000,1003677301677,7.301677,-55.77,128
3671,1003671000000,1003675944177,4.944178,527.37,128
3672,1003672000000,1003676475270,4.47527,-117.69,128
3673,1003673000000,1003678006820,5.006821,116.23,128
3674,1003674000000,1003678221272,4.221272,-408.18,128
3675,1003675000000,1003679329628,4.329628,520.27,128
3676,1003676000000,1003681175250,5.175251,-122.96,128
3677,1003677000000,1003680411527,3.411527,202.64,128
3678,1003678000000,1003681464368,3.464369,-630.96,128
3679,1003679000000,1003683057181,4.057182,-97.52,128
3680,1003680000000,1003688396345,8.396346,331.4,128
3681,1003681000000,1003685606305,4.606305,67.45,128
3682,1003682000000,1003687443130,5.443131,-528.52,128
3683,1003683000000,1003686419184,3.419185,-175.83,128
3684,1003684000000,1003687795905,3.795906,-426.21,128
3685,1003685000000,1003688247422,3.247423,22.8,128
3686,1003686000000,1003693457479,7.457479,-40.15,128
3687,1003687000000,1003692339169,5.339169,-140.82,128
3688,1003688000000,1003692365326,4.365327,105.49,128
3689,1003689000000,1003692986748,3.986749,-182.77,128
3690,1003690000000,1003694593217,4.593217,0.87,128
3691,1003691000000,1003695934989,4.93499,146.54,128
3692,1003692000000,1003698439194,6.439194,-720.08,128
3693,1003693000000,1003699844148,6.844149,-15.61,128
3694,1003694000000,1003699614505,5.614505,275.08,128
3695,1003695000000,1003699508278,4.508279,-89.58,128
3696,1003696000000,1003701750297,5.750298,373.01,128
3697,1003697000000,1003700658874,3.658875,64.29,128
3698,1003698000000,1003701963510,3.96351,2.36,128
3699,1003699000000,1003703948967,4.948967,379.67,128
3700,1003700000000,1003705100227,5.100228,-201.95,128
3701,1003701000000,1003705913472,4.913472,-395.47,128
3702,1003702000000,1003707010369,5.01037,61.55,128
3703,1003703000000,1003708161800,5.161801,183.2,128
3704,1003704000000,1003707680526,3.680527,457.94,128
3705,1003705000000,1003710476482,5.476483,162.23,128
3706,1003706000000,1003711197953,5.197954,-871.3,128
3707,1003707000000,1003710030935,3.030936,-390.03,128
3708,1003708000000,1003715993745,7.993745,-188.1,128
3709,1003709000000,1003713336957,4.336958,165.82,128
3710,1003710000000,1003715249547,5.249548,209.04,128
3711,1003711000000,1003715219968,4.219969,125.83,128
3712,1003712000000,1003715970380,3.97038,-77.06,128
3713,1003713000000,1003718525055,5.525055,478.3,128
3714,1003714000000,1003722396881,8.396881,-278.4,128
3715,1003715000000,1003722280395,7.280396,-378.41,128
3716,1003716000000,1003719494231,3.494232,-20.47,128
3717,1003717000000,1003725104782,8.104783,312.97,128
3718,1003718000000,1003725267431,7.267431,-430.81,128
3719,1003719000000,1003723569795,4.569795,-226.96,128
3720,1003720000000,1003726149624,6.149625,-31.26,128
3721,1003721000000,1003726567370,5.567371,247.64,128
3722,1003722000000,1003727338180,5.33818,223.99,128
3723,1003723000000,1003726975728,3.975728,181.25,128
3724,1003724000000,1003730572212,6.572212,140.68,128
3725,1003725000000,1003728898523,3.898524,-622.63,128
3726,1003726000000,1003730063717,4.063718,-117.71,128
3727,1003727000000,1003731343813,4.343813,-200.86,128
3728,1003728000000,1003733270681,5.270681,132.45,128
3729,1003729000000,1003733325815,4.325815,247.64,128
3730,1003730000000,1003734284875,4.284875,-73.76,128
3731,1003731000000,1003735792644,4.792644,22.35,128
3732,1003732000000,1003738441916,6.441917,96.78,128
3733,1003733000000,1003740815040,7.815041,114.35,128
3734,1003734000000,1003739164491,5.164492,-446.81,128
3735,1003735000000,1003740881483,5.881483,229.85,128
3736,1003736000000,1003739987370,3.98737,-63.1,128
3737,1003737000000,1003742622123,5.622124,109.68,128
3738,1003738000000,1003742473168,4.473169,33.23,128
3739,1003739000000,1003743517761,4.517762,-61.09,128
3740,1003740000000,1003745895121,5.895121,-557.55,128
3741,1003741000000,1003746762304,5.762305,268.71,128
3742,1003742000000,1003746614378,4.614378,-332.26,128
3743,1003743000000,1003747271836,4.271836,114.97,128
3744,1003744000000,1003749691644,5.691644,-312.92,128
3745,1003745000000,1003749514484,4.514484,-190.25,128
3746,1003746000000,1003755164665,9.164666,-447.52,128
3747,1003747000000,1003752276983,5.276983,391.78,128
3748,1003748000000,1003752193009,4.19301,-408.88,128
3749,1003749000000,1003754442752,5.442753,207.11,128
3750,1003750000000,1003753697200,3.6972,-58.32,128
3751,1003751000000,1003756239964,5.239964,252.49,128
3752,1003752000000,1003757157605,5.157606,-410.92,128
3753,1003753000000,1003759602018,6.602019,319.82,128
3754,1003754000000,1003758385134,4.385134,127.92,128
3755,1003755000000,1003758930953,3.930953,87.43,128
3756,1003756000000,1003760629632,4.629632,-318.9,128
3757,1003757000000,1003762444133,5.444133,-196.5,128
3758,1003758000000,1003762290477,4.290477,267.61,128
3759,1003759000000,1003763660867,4.660867,-190.56,128
3760,1003760000000,1003763806649,3.806649,44.92,128
3761,1003761000000,1003764621477,3.621477,21.15,128
3762,1003762000000,1003765269598,3.269599,432.02,128
3763,1003763000000,1003768326467,5.326467,116.72,128
3764,1003764000000,1003768785930,4.785931,1.49,128
3765,1003765000000,1003770308322,5.308323,630.52,128
3766,1003766000000,1003772470815,6.470815,227.84,128
3767,1003767000000,1003773133660,6.13366,70.46,128
3768,1003768000000,1003771486809,3.48681,-484.1,128
3769,1003769000000,1003773138938,4.138938,-860.76,128
3770,1003770000000,1003775117670,5.117671,210.85,128
3771,1003771000000,1003774045071,3.045072,324.98,128
3772,1003772000000,1003778423967,6.423968,268.99,128
3773,1003773000000,1003778204800,5.2048,-117.03,128
3774,1003774000000,1003777369515,3.369515,-55.1,128
3775,1003775000000,1003779214949,4.21495,-466.77,128
3776,1003776000000,1003781555791,5.555792,40.48,128
3777,1003777000000,1003781341981,4.341981,481.48,128
3778,1003778000000,1003782616176,4.616176,232.85,128
3779,1003779000000,1003783323318,4.323318,-125.47,128
3780,1003780000000,1003786530674,6.530674,-68.24,128
3781,1003781000000,1003787177533,6.177533,-158.85,128
3782,1003782000000,1003787519172,5.519173,-22.43,128
3783,1003783000000,1003788763887,5.763887,-357.21,128
3784,1003784000000,1003787806826,3.806826,-22.14,128
3785,1003785000000,1003788919176,3.919176,447.17,128
3786,1003786000000,1003790536970,4.53697,-198.66,128
3787,1003787000000,1003792700986,5.700986,-150.37,128
3788,1003788000000,1003793863515,5.863516,-82.35,128
3789,1003789000000,1003793925661,4.925661,-297.05,128
3790,1003790000000,1003797870065,7.870065,31.65,128
3791,1003791000000,1003798121783,7.121784,-69.43,128
3792,1003792000000,1003797552806,5.552807,-140.81,128
3793,1003793000000,1003797372505,4.372506,-711.27,128
3794,1003794000000,1003798415652,4.415652,291.34,128
3795,1003795000000,1003800262773,5.262773,86.64,128
3796,1003796000000,1003801161759,5.16176,184.55,128
3797,1003797000000,1003801960133,4.960133,-388.42,128
3798,1003798000000,1003804151322,6.151322,-450.6,128
3799,1003799000000,1003802464787,3.464787,492.48,128
3800,1003800000000,1003804489397,4.489398,199.99,128
3801,1003801000000,1003810269537,9.269537,60.37,128
3802,1003802000000,1003807199437,5.199437,294.5,128
3803,1003803000000,1003808034959,5.034959,-240.4,128
3804,1003804000000,1003809001223,5.001224,-795.03,128
3805,1003805000000,1003810326620,5.326621,447.68,128
3806,1003806000000,1003811143448,5.143449,-280.12,128
3807,1003807000000,1003812710589,5.71059,-673.01,128
3808,1003808000000,1003814663388,6.663389,210.38,128
3809,1003809000000,1003813710808,4.710809,-118.64,128
3810,1003810000000,1003814655595,4.655596,491.9,128
3811,1003811000000,1003815091264,4.091265,-434.03,128
3812,1003812000000,1003817390024,5.390024,-26.99,128
3813,1003813000000,1003819252878,6.252879,-66.26,128
3814,1003814000000,1003820263277,6.263277,237.82,128
3815,1003815000000,1003819909082,4.909083,-241.02,128
3816,1003816000000,1003822284626,6.284626,153.67,128
3817,1003817000000,1003821525648,4.525648,-313.94,128
3818,1003818000000,1003823377925,5.377926,-182.11,128
3819,1003819000000,1003824585366,5.585367,-514.69,128
3820,1003820000000,1003825817401,5.817402,-407.97,128
3821,1003821000000,1003827329557,6.329557,-459.02,128
3822,1003822000000,1003827355741,5.355741,-86.91,128
3823,1003823000000,1003827121507,4.121507,-126.64,128
3824,1003824000000,1003829513155,5.513155,-254.95,128
3825,1003825000000,1003829451690,4.45169,613.91,128
3826,1003826000000,1003831848438,5.848438,-102.52,128
3827,1003827000000,1003833746018,6.746018,548.86,128
3828,1003828000000,1003833449329,5.449329,18.28,128
3829,1003829000000,1003834365968,5.365969,-120.89,128
3830,1003830000000,1003835735483,5.735484,462.02,128
3831,1003831000000,1003836049013,5.049014,-448.55,128
3832,1003832000000,1003838352863,6.352863,314.14,128
3833,1003833000000,1003839225090,6.225091,133.18,128
3834,1003834000000,1003839384128,5.384128,-134.7,128
3835,1003835000000,1003839584852,4.584852,608.64,128
3836,1003836000000,1003841254587,5.254588,231.41,128
3837,1003837000000,1003840809000,3.809,67.96,128
3838,1003838000000,1003844544292,6.544292,-65.94,128
3839,1003839000000,1003842929831,3.929831,-55.31,128
3840,1003840000000,1003843474628,3.474628,269.09,128
3841,1003841000000,1003846432647,5.432648,-12.44,128
3842,1003842000000,1003848595501,6.595502,47.57,128
3843,1003843000000,1003847406903,4.406904,-101.4,128
3844,1003844000000,1003849317664,5.317665,-223.92,128
3845,1003845000000,1003849091874,4.091875,335.14,128
3846,1003846000000,1003851992869,5.992869,19.47,128
3847,1003847000000,1003851544522,4.544522,-74.59,128
3848,1003848000000,1003852936036,4.936036,522.38,128
3849,1003849000000,1003853456402,4.456403,-12.46,128
3850,1003850000000,1003855104144,5.104144,-397.56,128
3851,1003851000000,1003854912282,3.912283,12.83,128
3852,1003852000000,1003855859988,3.859988,305.88,128
3853,1003853000000,1003857552401,4.552402,39.64,128
3854,1003854000000,1003858429938,4.429938,-319.17,128
3855,1003855000000,1003859566785,4.566785,60.77,128
3856,1003856000000,1003859172758,3.172758,-457.99,128
3857,1003857000000,1003861262748,4.262748,-517.35,128
3858,1003858000000,1003863973901,5.973901,460.71,128
3859,1003859000000,1003863717343,4.717344,-174.58,128
3860,1003860000000,1003865504830,5.504831,-134.86,128
3861,1003861000000,1003865459387,4.459388,668.01,128
3862,1003862000000,1003866523504,4.523504,384.31,128
3863,1003863000000,1003868507619,5.507619,-206.66,128
3864,1003864000000,1003867837215,3.837216,159.71,128
3865,1003865000000,1003869263757,4.263757,14.54,128
3866,1003866000000,1003869926725,3.926725,171.59,128
3867,1003867000000,1003872184909,5.18491,5.03,128
3868,1003868000000,1003871306553,3.306553,387.74,128
3869,1003869000000,1003874413140,5.413141,-114.6,128
3870,1003870000000,1003874584502,4.584502,124.44,128
3871,1003871000000,1003875790309,4.79031,-464.47,128
3872,1003872000000,1003877478282,5.478282,-211.78,128
3873,1003873000000,1003878042966,5.042967,-378.57,128
3874,1003874000000,1003877860337,3.860338,125.71,128
3875,1003875000000,1003879665394,4.665395,-300.67,128
3876,1003876000000,1003881383777,5.383778,-145.66,128
3877,1003877000000,1003881720891,4.720891,31.36,128
3878,1003878000000,1003883043591,5.043592,-114.73,128
3879,1003879000000,1003882978393,3.978394,-179.49,128
3880,1003880000000,1003886962101,6.962101,-34.09,128
3881,1003881000000,1003887039765,6.039766,-50.48,128
3882,1003882000000,1003887961900,5.9619,161.02,128
3883,1003883000000,1003889469810,6.469811,-314.07,128
3884,1003884000000,1003889250727,5.250728,-198.15,128
3885,1003885000000,1003889946774,4.946774,124.46,128
3886,1003886000000,1003890724390,4.72439,157.07,128
3887,1003887000000,1003891215859,4.215859,-151.12,128
3888,1003888000000,1003893118885,5.118885,-49.62,128
3889,1003889000000,1003893819553,4.819554,289.54,128
3890,1003890000000,1003893340034,3.340034,281.86,128
3891,1003891000000,1003895118311,4.118312,-651.01,128
3892,1003892000000,1003895881119,3.88112,52.58,128
3893,1003893000000,1003897778139,4.77814,316.58,128
3894,1003894000000,1003899354564,5.354565,516.6,128
3895,1003895000000,1003899178513,4.178513,-172.09,128
3896,1003896000000,1003902086625,6.086625,-64.15,128
3897,1003897000000,1003901709177,4.709178,-454.62,128
3898,1003898000000,1003902904421,4.904421,-484.56,128
3899,1003899000000,1003905366000,6.366001,117.04,128
3900,1003900000000,1003903365482,3.365483,202.59,128
3901,1003901000000,1003906771372,5.771372,-10.93,128
3902,1003902000000,1003906108128,4.108129,-598.52,128
3903,1003903000000,1003908312230,5.312231,-290.94,128
3904,1003904000000,1003908086474,4.086475,-493.6,128
3905,1003905000000,1003910871574,5.871574,167.51,128
3906,1003906000000,1003910604201,4.604201,-381.27,128
3907,1003907000000,1003910321705,3.321705,-233.68,128
3908,1003908000000,1003912648083,4.648083,244.88,128
3909,1003909000000,1003913633863,4.633864,-124.97,128
3910,1003910000000,1003915133278,5.133278,-268.11,128
3911,1003911000000,1003914394281,3.394282,-194.01,128
3912,1003912000000,1003917008684,5.008685,140.15,128
3913,1003913000000,1003917989235,4.989235,402.72,128
3914,1003914000000,1003919792378,5.792379,343.28,128
3915,1003915000000,1003920316350,5.31635,478.9,128
3916,1003916000000,1003921969839,5.969839,-134.5,128
3917,1003917000000,1003921552646,4.552646,20.86,128
3918,1003918000000,1003923253103,5.253104,-27.82,128
3919,1003919000000,1003925173303,6.173303,118.42,128
3920,1003920000000,1003923552735,3.552735,219.53,128
3921,1003921000000,1003927162531,6.162532,-55.54,128
3922,1003922000000,1003925678054,3.678055,-472.9,128
3923,1003923000000,1003927574546,4.574547,-346.6,128
3924,1003924000000,1003929753266,5.753266,126.33,128
3925,1003925000000,1003928042000,3.042,-180.75,128
3926,1003926000000,1003930570223,4.570223,61.59,128
3927,1003927000000,1003931480431,4.480431,-26.73,128
3928,1003928000000,1003935747156,7.747156,-397.2,128
3929,1003929000000,1003933268963,4.268964,-83.48,128
3930,1003930000000,1003934884894,4.884894,225.42,128
3931,1003931000000,1003936430025,5.430025,88.43,128
3932,1003932000000,1003936169979,4.16998,-172.22,128
3933,1003933000000,1003937379335,4.379336,-164.16,128
3934,1003934000000,1003937735589,3.735589,168.49,128
3935,1003935000000,1003940000904,5.000904,-70.37,128
3936,1003936000000,1003940530839,4.530839,403.85,128
3937,1003937000000,1003941504433,4.504434,172.28,128
3938,1003938000000,1003942305745,4.305745,293.13,128
3939,1003939000000,1003944927622,5.927622,-13.49,128
3940,1003940000000,1003949093934,9.093934,-264.06,128
3941,1003941000000,1003947360227,6.360227,-474.24,128
3942,1003942000000,1003946505588,4.505588,-250.86,128
3943,1003943000000,1003948176458,5.176459,327.61,128
3944,1003944000000,1003948108218,4.108219,-210.17,128
3945,1003945000000,1003950029070,5.02907,-130.45,128
3946,1003946000000,1003949415504,3.415504,373.7,128
3947,1003947000000,1003953804739,6.804739,-299.84,128
3948,1003948000000,1003952144998,4.144999,-513.1,128
3949,1003949000000,1003956149143,7.149143,-26.58,128
3950,1003950000000,1003955710684,5.710685,-255.77,128
3951,1003951000000,1003955914304,4.914305,13.38,128
3952,1003952000000,1003959986271,7.986272,327.74,128
3953,1003953000000,1003956469021,3.469021,-269.09,128
3954,1003954000000,1003958132176,4.132177,-340.09,128
3955,1003955000000,1003960208946,5.208946,-8.6,128
3956,1003956000000,1003960974575,4.974576,37.93,128
3957,1003957000000,1003963636925,6.636925,-1055.98,128
3958,1003958000000,1003963422701,5.422702,88.46,128
3959,1003959000000,1003964345368,5.345368,197.7,128
3960,1003960000000,1003964980367,4.980367,304.62,128
3961,1003961000000,1003965895781,4.895782,-147.56,128
3962,1003962000000,1003968568257,6.568257,229.02,128
3963,1003963000000,1003968571594,5.571594,-114.9,128
3964,1003964000000,1003969036225,5.036226,-214.54,128
3965,1003965000000,1003970837684,5.837685,-208.05,128
3966,1003966000000,1003972435319,6.435319,-123.49,128
3967,1003967000000,1003972771371,5.771372,-206.81,128
3968,1003968000000,1003971454141,3.454141,86.06,128
3969,1003969000000,1003974170073,5.170073,-569.66,128
3970,1003970000000,1003974360580,4.360581,286.54,128
3971,1003971000000,1003976995937,5.995937,99.88,128
3972,1003972000000,1003977588924,5.588925,-213.19,128
3973,1003973000000,1003978883810,5.88381,-175.26,128
3974,1003974000000,1003980407622,6.407623,-348.31,128
3975,1003975000000,1003981799072,6.799073,-379.53,128
3976,1003976000000,1003981086732,5.086732,99.51,128
3977,1003977000000,1003981374978,4.374978,-42.46,128
3978,1003978000000,1003982192817,4.192817,-306.18,128
3979,1003979000000,1003985206855,6.206855,-241.08,128
3980,1003980000000,1003984842270,4.842271,-45.38,128
3981,1003981000000,1003985792295,4.792296,159.39,128
3982,1003982000000,1003986240335,4.240335,473.62,128
3983,1003983000000,1003987775760,4.775761,148.11,128
3984,1003984000000,1003988148750,4.148751,-343.02,128
3985,1003985000000,1003989112178,4.112179,-534.64,128
3986,1003986000000,1003989453291,3.453291,510.95,128
3987,1003987000000,1003991258529,4.25853,84.8,128
3988,1003988000000,1003992979875,4.979876,58.31,128
3989,1003989000000,1003995914825,6.914826,516.23,128
3990,1003990000000,1003994797060,4.797061,73.86,128
3991,1003991000000,1003996225940,5.225941,54.65,128
3992,1003992000000,1003996068270,4.068271,-233.15,128
3993,1003993000000,1003997127352,4.127353,306.05,128
3994,1003994000000,1003997847460,3.847461,-418.21,128
3995,1003995000000,1003999133257,4.133258,270.85,128
3996,1003996000000,1004001749612,5.749612,91.46,128
3997,1003997000000,1004002476883,5.476883,98.58,128
3998,1003998000000,1004004128851,6.128852,148.42,128
3999,1003999000000,1004003880793,4.880794,-12.59,128
4000,1004000000000,1004004943876,4.943877,378.17,128
4001,1004001000000,1004005726979,4.72698,36.92,128
4002,1004002000000,1004008664848,6.664849,-342.58,128
4003,1004003000000,1004007989845,4.989846,-611.18,128
4004,1004004000000,1004009460633,5.460633,69.54,128
4005,1004005000000,1004009459746,4.459746,-35.31,128
4006,1004006000000,1004013216966,7.216967,-267.63,128
4007,1004007000000,1004010807292,3.807293,287.58,128
4008,1004008000000,1004011958553,3.958554,247.42,128
4009,1004009000000,1004012083140,3.08314,-576.47,128
4010,1004010000000,1004018121429,8.121429,115.68,128
4011,1004011000000,1004016456106,5.456106,-180.29,128
4012,1004012000000,1004017683920,5.683921,-131.63,128
4013,1004013000000,1004018765457,5.765457,577.9,128
4014,1004014000000,1004017395035,3.395035,460.94,128
4015,1004015000000,1004020543850,5.54385,247.29,128
4016,1004016000000,1004020968556,4.968557,-489.03,128
4017,1004017000000,1004021468083,4.468083,-374.81,128
4018,1004018000000,1004023048012,5.048012,-298.16,128
4019,1004019000000,1004022620897,3.620897,-119.36,128
4020,1004020000000,1004025221543,5.221544,194.52,128
4021,1004021000000,1004025800718,4.800718,-16.59,128
4022,1004022000000,1004028084362,6.084363,367.05,128
4023,1004023000000,1004027276692,4.276692,476.86,128
4024,1004024000000,1004027404121,3.404122,-56.49,128
4025,1004025000000,1004029187908,4.187908,32.61,128
4026,1004026000000,1004032709411,6.709411,46.66,128
4027,1004027000000,1004032620784,5.620785,-316.52,128
4028,1004028000000,1004033580735,5.580736,63.09,128
4029,1004029000000,1004034555485,5.555486,17.19,128
4030,1004030000000,1004036538160,6.53816,64.79,128
4031,1004031000000,1004035138850,4.13885,10.7,128
4032,1004032000000,1004037753404,5.753405,135.15,128
4033,1004033000000,1004037384894,4.384894,412.95,128
4034,1004034000000,1004039123081,5.123081,81.77,128
4035,1004035000000,1004039167036,4.167037,321.62,128
4036,1004036000000,1004039973226,3.973227,146.36,128
4037,1004037000000,1004041509386,4.509387,133.64,128
4038,1004038000000,1004043404881,5.404881,-7.95,128
4039,1004039000000,1004044189790,5.189791,-184.81,128
4040,1004040000000,1004045851624,5.851625,-251.67,128
4041,1004041000000,1004045958239,4.958239,-507.79,128
4042,1004042000000,1004047097300,5.097301,56.32,128
4043,1004043000000,1004047368826,4.368827,-120.01,128
4044,1004044000000,1004051904345,7.904346,-85.11,128
4045,1004045000000,1004049506818,4.506818,-111.6,128
4046,1004046000000,1004049571295,3.571296,294.92,128
4047,1004047000000,1004051599958,4.599958,34.2,128
4048,1004048000000,1004053635467,5.635467,-138.77,128
4049,1004049000000,1004053602092,4.602093,67.31,128
4050,1004050000000,1004055537727,5.537728,388.41,128
4051,1004051000000,1004056305174,5.305174,-3.34,128
4052,1004052000000,1004057713832,5.713832,612.48,128
4053,1004053000000,1004058990790,5.990791,629.52,128
4054,1004054000000,1004058247370,4.24737,285.66,128
4055,1004055000000,1004060349018,5.349019,-165.54,128
4056,1004056000000,1004061086581,5.086582,-27.2,128
4057,1004057000000,1004062367624,5.367625,159.73,128
4058,1004058000000,1004065259950,7.25995,791.45,128
4059,1004059000000,1004064453486,5.453486,195.7,128
4060,1004060000000,1004065012319,5.01232,210.01,128
4061,1004061000000,1004066969737,5.969738,167.76,128
4062,1004062000000,1004069588149,7.588149,718.07,128
4063,1004063000000,1004068863222,5.863222,-235.8,128
4064,1004064000000,1004068794387,4.794388,459.31,128
4065,1004065000000,1004068759938,3.759938,-49.93,128
4066,1004066000000,1004071922041,5.922042,294.58,128
4067,1004067000000,1004071909633,4.909634,55.07,128
4068,1004068000000,1004073969248,5.969249,351.66,128
4069,1004069000000,1004074848855,5.848855,-139.11,128
4070,1004070000000,1004074556655,4.556655,101.68,128
4071,1004071000000,1004077064832,6.064832,188.47,128
4072,1004072000000,1004076744409,4.744409,164.27,128
4073,1004073000000,1004077027472,4.027473,-370.62,128
4074,1004074000000,1004079909701,5.909701,-4.56,128
4075,1004075000000,1004079269260,4.269261,219.98,128
4076,1004076000000,1004081043566,5.043566,-161.79,128
4077,1004077000000,1004083478593,6.478593,293.96,128
4078,1004078000000,1004083209085,5.209085,25.63,128
4079,1004079000000,1004083845667,4.845667,-120.55,128
4080,1004080000000,1004085147424,5.147424,-210.43,128
4081,1004081000000,1004084934340,3.934341,152.68,128
4082,1004082000000,1004086406904,4.406904,-12.34,128
4083,1004083000000,1004088395135,5.395136,-285.7,128
4084,1004084000000,1004088775716,4.775717,33.41,128
4085,1004085000000,1004089834853,4.834854,-130.47,128
4086,1004086000000,1004089561713,3.561714,163.87,128
4087,1004087000000,1004091896305,4.896306,-214.82,128
4088,1004088000000,1004092159887,4.159887,-85.21,128
4089,1004089000000,1004093431596,4.431596,222.3,128
4090,1004090000000,1004096884560,6.884561,583.39,128
4091,1004091000000,1004095134722,4.134722,216.19,128
4092,1004092000000,1004099654469,7.654469,419.05,128
4093,1004093000000,1004097098227,4.098227,167.98,128
4094,1004094000000,1004098757499,4.7575,283.11,128
4095,1004095000000,1004099207749,4.20775,-101.01,128
4096,1004096000000,1004101407393,5.407393,353.62,128
4097,1004097000000,1004102505089,5.505089,11.55,128
4098,1004098000000,1004102319554,4.319554,-624.61,128
4099,1004099000000,1004104050953,5.050953,54.61,128
4100,1004100000000,1004106009522,6.009522,117.63,128
4101,1004101000000,1004107147888,6.147889,-172.09,128
4102,1004102000000,1004106258955,4.258956,-18.62,128
4103,1004103000000,1004107765116,4.765116,-474.34,128
4104,1004104000000,1004110615120,6.61512,-188.26,128
4105,1004105000000,1004108752647,3.752648,-14.05,128
4106,1004106000000,1004111260625,5.260625,-144.59,128
4107,1004107000000,1004110944565,3.944565,183.32,128
4108,1004108000000,1004115165867,7.165867,506.34,128
4109,1004109000000,1004117701592,8.701592,39.44,128
4110,1004110000000,1004114894616,4.894617,579.91,128
4111,1004111000000,1004117980462,6.980463,257.71,128
4112,1004112000000,1004118118281,6.118282,31.46,128
4113,1004113000000,1004118209708,5.209709,113.08,128
4114,1004114000000,1004117782659,3.782659,610.87,128
4115,1004115000000,1004118983945,3.983946,445.23,128
4116,1004116000000,1004120925146,4.925147,62.24,128
4117,1004117000000,1004122005659,5.005659,-54.1,128
4118,1004118000000,1004122197577,4.197578,250.48,128
4119,1004119000000,1004123021349,4.021349,-408.31,128
4120,1004120000000,1004126416803,6.416803,-39.73,128
4121,1004121000000,1004127543797,6.543797,-212.74,128
4122,1004122000000,1004126108294,4.108294,301.37,128
4123,1004123000000,1004127401221,4.401222,-468.56,128
4124,1004124000000,1004129657416,5.657416,552.51,128
4125,1004125000000,1004129748071,4.748072,427.08,128
4126,1004126000000,1004130982113,4.982113,-32.14,128
4127,1004127000000,1004130555793,3.555794,12.95,128
4128,1004128000000,1004132521818,4.521818,269.92,128
4129,1004129000000,1004135285883,6.285884,-486.36,128
4130,1004130000000,1004135357296,5.357296,-15.93,128
4131,1004131000000,1004136709482,5.709483,104.78,128
4132,1004132000000,1004136991448,4.991449,-386.34,128
4133,1004133000000,1004139305281,6.305281,-6.92,128
4134,1004134000000,1004137777323,3.777323,45.55,128
4135,1004135000000,1004142963586,7.963587,-441.26,128
4136,1004136000000,1004140725967,4.725967,-187.72,128
4137,1004137000000,1004141050971,4.050971,-328.1,128
4138,1004138000000,1004142652335,4.652335,-627.78,128
4139,1004139000000,1004144065369,5.065369,303.78,128
4140,1004140000000,1004144045441,4.045442,-81.68,128
4141,1004141000000,1004146231103,5.231103,-441.16,128
4142,1004142000000,1004146089416,4.089417,330.2,128
4143,1004143000000,1004149533274,6.533275,609.65,128
4144,1004144000000,1004150347164,6.347164,-486.17,128
4145,1004145000000,1004150467329,5.46733,40.8,128
4146,1004146000000,1004150355222,4.355223,-95.25,128
4147,1004147000000,1004151878232,4.878233,435.58,128
4148,1004148000000,1004153965246,5.965247,389.43,128
4149,1004149000000,1004152546589,3.54659,74.14,128
4150,1004150000000,1004154926827,4.926828,107.22,128
4151,1004151000000,1004156121047,5.121047,290.58,128
4152,1004152000000,1004157291065,5.291065,238.77,128
4153,1004153000000,1004157593198,4.593199,398.05,128
4154,1004154000000,1004157725483,3.725484,144.37,128
4155,1004155000000,1004161800730,6.80073,107.67,128
4156,1004156000000,1004162095184,6.095184,58.83,128
4157,1004157000000,1004162744912,5.744912,474.02,128
4158,1004158000000,1004163232330,5.232331,498.32,128
4159,1004159000000,1004165713653,6.713653,-250.02,128
4160,1004160000000,1004164650025,4.650025,-260.55,128
4161,1004161000000,1004166476432,5.476433,-25.53,128
4162,1004162000000,1004166905848,4.905849,256.88,128
4163,1004163000000,1004169152239,6.152239,-106.63,128
4164,1004164000000,1004168236990,4.23699,186.16,128
4165,1004165000000,1004169396257,4.396258,167.43,128
4166,1004166000000,1004173982278,7.982279,324.71,128
4167,1004167000000,1004172188587,5.188587,298.61,128
4168,1004168000000,1004172915682,4.915682,656.75,128
4169,1004169000000,1004174862602,5.862603,-217.37,128
4170,1004170000000,1004173658197,3.658197,173.46,128
4171,1004171000000,1004174890146,3.890146,330.54,128
4172,1004172000000,1004176583900,4.583901,-22.64,128
4173,1004173000000,1004179210245,6.210246,491.74,128
4174,1004174000000,1004179805978,5.805978,-80.98,128
4175,1004175000000,1004181980688,6.980688,-376.51,128
4176,1004176000000,1004180629455,4.629456,-131.13,128
4177,1004177000000,1004182882558,5.882559,67.99,128
4178,1004178000000,1004184325383,6.325384,-312.84,128
4179,1004179000000,1004184079789,5.07979,132.15,128
4180,1004180000000,1004184980298,4.980299,335.78,128
4181,1004181000000,1004186489611,5.489611,116.12,128
4182,1004182000000,1004187001974,5.001975,-163.76,128
4183,1004183000000,1004188389553,5.389554,95.41,128
4184,1004184000000,1004189633762,5.633763,-27.49,128
4185,1004185000000,1004191082725,6.082725,19.52,128
4186,1004186000000,1004193378037,7.378037,46.7,128
4187,1004187000000,1004194649505,7.649506,-45.79,128
4188,1004188000000,1004192916480,4.91648,-254.2,128
4189,1004189000000,1004192823264,3.823265,-253.08,128
4190,1004190000000,1004194722368,4.722369,569.62,128
4191,1004191000000,1004195237639,4.23764,24.5,128
4192,1004192000000,1004197358254,5.358254,-13.22,128
4193,1004193000000,1004199571501,6.571501,28.32,128
4194,1004194000000,1004198852308,4.852308,677.53,128
4195,1004195000000,1004203952722,8.952722,166.17,128
4196,1004196000000,1004201778651,5.778652,276.48,128
4197,1004197000000,1004201534976,4.534976,-417.95,128
4198,1004198000000,1004202201757,4.201758,-47.42,128
4199,1004199000000,1004204988672,5.988672,443.38,128
4200,1004200000000,1004204548929,4.54893,-364.68,128
4201,1004201000000,1004206594950,5.594951,-389.82,128
4202,1004202000000,1004207785867,5.785868,363.05,128
4203,1004203000000,1004207782179,4.78218,-679.41,128
4204,1004204000000,1004209406469,5.40647,-55.73,128
4205,1004205000000,1004210033600,5.033601,230.76,128
4206,1004206000000,1004213312192,7.312193,107.0,128
4207,1004207000000,1004212143928,5.143928,-336.1,128
4208,1004208000000,1004212266107,4.266107,111.8,128
4209,1004209000000,1004214699188,5.699188,-218.51,128
4210,1004210000000,1004216760796,6.760796,21.92,128
4211,1004211000000,1004214969058,3.969058,470.05,128
4212,1004212000000,1004217006915,5.006915,403.23,128
4213,1004213000000,1004215946866,2.946867,172.93,128
4214,1004214000000,1004218852769,4.852769,-328.21,128
4215,1004215000000,1004219851639,4.851639,-150.94,128
4216,1004216000000,1004222003090,6.00309,4.33,128
4217,1004217000000,1004222908692,5.908692,-156.99,128
4218,1004218000000,1004225422963,7.422963,209.05,128
4219,1004219000000,1004222946976,3.946976,402.3,128
4220,1004220000000,1004224546421,4.546422,134.32,128
4221,1004221000000,1004224572781,3.572782,-216.64,128
4222,1004222000000,1004227273704,5.273704,-675.0,128
4223,1004223000000,1004227707930,4.707931,-154.26,128
4224,1004224000000,1004228606241,4.606242,252.37,128
4225,1004225000000,1004230134130,5.134131,-41.88,128
4226,1004226000000,1004231227618,5.227619,214.19,128
4227,1004227000000,1004233615382,6.615382,92.62,128
4228,1004228000000,1004231104369,3.10437,449.22,128
4229,1004229000000,1004234094139,5.094139,-358.26,128
4230,1004230000000,1004233882482,3.882483,142.73,128
4231,1004231000000,1004235536359,4.53636,-168.44,128
4232,1004232000000,1004236256166,4.256166,-560.63,128
4233,1004233000000,1004238165694,5.165695,-422.82,128
4234,1004234000000,1004238049693,4.049694,-378.85,128
4235,1004235000000,1004239827249,4.827249,107.77,128
4236,1004236000000,1004239648955,3.648955,-2.95,128
4237,1004237000000,1004241686592,4.686592,-520.0,128
4238,1004238000000,1004242156756,4.156757,-1035.05,128
4239,1004239000000,1004244357394,5.357395,113.31,128
4240,1004240000000,1004243609048,3.609048,74.43,128
4241,1004241000000,1004247611629,6.61163,-124.85,128
4242,1004242000000,1004246994493,4.994493,-24.0,128
4243,1004243000000,1004247917345,4.917345,204.7,128
4244,1004244000000,1004249086152,5.086153,-5.56,128
4245,1004245000000,1004249638007,4.638007,-250.47,128
4246,1004246000000,1004251699831,5.699832,334.16,128
4247,1004247000000,1004251753959,4.75396,36.45,128
4248,1004248000000,1004255112478,7.112478,-104.4,128
4249,1004249000000,1004252781684,3.781684,145.2,128
4250,1004250000000,1004254481084,4.481084,350.14,128
4251,1004251000000,1004255534124,4.534125,-554.88,128
4252,1004252000000,1004257214029,5.214029,119.01,128
4253,1004253000000,1004258158801,5.158801,62.02,128
4254,1004254000000,1004259862849,5.86285,-387.55,128
4255,1004255000000,1004260132645,5.132646,438.98,128
4256,1004256000000,1004260415385,4.415385,212.72,128
4257,1004257000000,1004261363943,4.363943,123.27,128
4258,1004258000000,1004261368966,3.368967,-268.0,128
4259,1004259000000,1004262627053,3.627053,-173.39,128
4260,1004260000000,1004265146205,5.146206,-8.52,128
4261,1004261000000,1004267130043,6.130044,-93.66,128
4262,1004262000000,1004265891929,3.89193,-310.43,128
4263,1004263000000,1004270623292,7.623292,-757.58,128
4264,1004264000000,1004269072002,5.072002,-224.84,128
4265,1004265000000,1004269812492,4.812493,-66.21,128
4266,1004266000000,1004269836594,3.836594,-173.72,128
4267,1004267000000,1004272253506,5.253507,-179.72,128
4268,1004268000000,1004272410840,4.410841,-55.68,128
4269,1004269000000,1004275248540,6.24854,-279.28,128
4270,1004270000000,1004273907930,3.90793,496.09,128
4271,1004271000000,1004276597106,5.597107,256.15,128
4272,1004272000000,1004277353744,5.353745,-130.88,128
4273,1004273000000,1004279416857,6.416857,-503.97,128
4274,1004274000000,1004278128272,4.128273,-299.83,128
4275,1004275000000,1004278971155,3.971155,-570.31,128
4276,1004276000000,1004279674408,3.674409,44.79,128
4277,1004277000000,1004282190698,5.190698,15.44,128
4278,1004278000000,1004283867005,5.867006,-129.67,128
4279,1004279000000,1004286037289,7.03729,-74.13,128
4280,1004280000000,1004284806576,4.806576,19.58,128
4281,1004281000000,1004285206221,4.206221,358.77,128
4282,1004282000000,1004287523123,5.523123,-354.54,128
4283,1004283000000,1004289495514,6.495514,180.26,128
4284,1004284000000,1004290493156,6.493156,201.57,128
4285,1004285000000,1004291345553,6.345554,556.44,128
4286,1004286000000,1004290891600,4.891601,83.26,128
4287,1004287000000,1004291753449,4.75345,-260.84,128
4288,1004288000000,1004291328293,3.328294,-384.86,128
4289,1004289000000,1004292218317,3.218317,124.52,128
4290,1004290000000,1004294121876,4.121876,78.76,128
4291,1004291000000,1004295371174,4.371175,-459.35,128
4292,1004292000000,1004295823367,3.823367,-375.13,128
4293,1004293000000,1004296900372,3.900372,266.85,128
4294,1004294000000,1004298449215,4.449216,50.73,128
4295,1004295000000,1004300423606,5.423607,284.38,128
4296,1004296000000,1004302116674,6.116675,91.03,128
4297,1004297000000,1004302499754,5.499755,-188.51,128
4298,1004298000000,1004302745465,4.745465,-768.73,128
4299,1004299000000,1004303912103,4.912104,161.27,128
4300,1004300000000,1004305565437,5.565437,-326.74,128
4301,1004301000000,1004306102763,5.102764,208.89,128
4302,1004302000000,1004305634111,3.634111,-11.57,128
4303,1004303000000,1004308508834,5.508834,-142.18,128
4304,1004304000000,1004308332400,4.3324,-180.55,128
4305,1004305000000,1004311256145,6.256145,-11.19,128
4306,1004306000000,1004312058395,6.058396,370.59,128
4307,1004307000000,1004312135025,5.135025,-497.43,128
4308,1004308000000,1004313643369,5.64337,219.83,128
4309,1004309000000,1004312073792,3.073792,-168.39,128
4310,1004310000000,1004315943988,5.943989,-457.23,128
4311,1004311000000,1004316925494,5.925495,398.46,128
4312,1004312000000,1004320658036,8.658037,300.24,128
4313,1004313000000,1004317656117,4.656117,455.5,128
4314,1004314000000,1004319319318,5.319319,-236.56,128
4315,1004315000000,1004320279730,5.27973,517.92,128
4316,1004316000000,1004321387956,5.387957,51.51,128
4317,1004317000000,1004323316009,6.316009,37.57,128
4318,1004318000000,1004322808193,4.808193,224.35,128
4319,1004319000000,1004323290976,4.290976,-164.66,128
4320,1004320000000,1004326113336,6.113336,7.68,128
4321,1004321000000,1004324725257,3.725257,3.03,128
4322,1004322000000,1004327995635,5.995636,211.47,128
4323,1004323000000,1004327635121,4.635122,-139.41,128
4324,1004324000000,1004328651854,4.651855,-127.52,128
4325,1004325000000,1004329118323,4.118323,792.15,128
4326,1004326000000,1004332518298,6.518299,-430.95,128
4327,1004327000000,1004330848938,3.848938,-141.85,128
4328,1004328000000,1004333456272,5.456273,-877.15,128
4329,1004329000000,1004334920706,5.920707,-7.18,128
4330,1004330000000,1004333617908,3.617908,-556.97,128
4331,1004331000000,1004340151483,9.151484,425.29,128
4332,1004332000000,1004337577383,5.577383,-442.12,128
4333,1004333000000,1004337803723,4.803724,-142.1,128
4334,1004334000000,1004339517170,5.51717,198.63,128
4335,1004335000000,1004339354641,4.354642,287.14,128
4336,1004336000000,1004340632549,4.63255,-109.42,128
4337,1004337000000,1004340459041,3.459041,-122.8,128
4338,1004338000000,1004343141462,5.141463,341.26,128
4339,1004339000000,1004343180836,4.180837,133.0,128
4340,1004340000000,1004344026885,4.026886,-64.82,128
4341,1004341000000,1004348060839,7.06084,-92.45,128
4342,1004342000000,1004347139109,5.13911,-401.27,128
4343,1004343000000,1004349623491,6.623492,126.68,128
4344,1004344000000,1004349811996,5.811996,-379.68,128
4345,1004345000000,1004349429497,4.429497,290.46,128
4346,1004346000000,1004350872716,4.872717,-388.95,128
4347,1004347000000,1004352001368,5.001369,-56.68,128
4348,1004348000000,1004352604991,4.604991,18.77,128
4349,1004349000000,1004353879258,4.879259,369.92,128
4350,1004350000000,1004356112555,6.112555,-172.05,128
4351,1004351000000,1004357272154,6.272154,322.47,128
4352,1004352000000,1004357952292,5.952293,-472.64,128
4353,1004353000000,1004357151868,4.151869,140.42,128
4354,1004354000000,1004360773183,6.773184,385.71,128
4355,1004355000000,1004359464283,4.464283,-281.53,128
4356,1004356000000,1004361626746,5.626747,168.64,128
4357,1004357000000,1004362265802,5.265802,-317.15,128
4358,1004358000000,1004362807843,4.807843,-43.29,128
4359,1004359000000,1004363125808,4.125809,-430.13,128
4360,1004360000000,1004364126694,4.126694,197.29,128
4361,1004361000000,1004367498250,6.49825,13.29,128
4362,1004362000000,1004367622446,5.622446,-246.37,128
4363,1004363000000,1004366385760,3.38576,336.57,128
4364,1004364000000,1004368856376,4.856376,127.98,128
4365,1004365000000,1004371015487,6.015487,297.1,128
4366,1004366000000,1004371657325,5.657325,-54.91,128
4367,1004367000000,1004372199317,5.199317,-357.47,128
4368,1004368000000,1004374102644,6.102644,502.08,128
4369,1004369000000,1004374200072,5.200073,-416.99,128
4370,1004370000000,1004375877265,5.877266,-45.81,128
4371,1004371000000,1004376573608,5.573608,-146.18,128
4372,1004372000000,1004376871244,4.871245,450.89,128
4373,1004373000000,1004379543939,6.543939,85.84,128
4374,1004374000000,1004378329470,4.329471,119.22,128
4375,1004375000000,1004381965451,6.965451,8.38,128
4376,1004376000000,1004381368186,5.368186,-60.95,128
4377,1004377000000,1004381035698,4.035698,99.07,128
4378,1004378000000,1004383007360,5.007361,450.48,128
4379,1004379000000,1004385110709,6.110709,-564.27,128
4380,1004380000000,1004384179119,4.179119,-332.86,128
4381,1004381000000,1004386287998,5.287999,753.85,128
4382,1004382000000,1004386803692,4.803692,93.46,128
4383,1004383000000,1004389600384,6.600384,80.68,128
4384,1004384000000,1004388469665,4.469665,-51.32,128
4385,1004385000000,1004389390180,4.39018,-174.28,128
4386,1004386000000,1004390672928,4.672929,-126.14,128
4387,1004387000000,1004391259526,4.259527,-624.11,128
4388,1004388000000,1004392375824,4.375824,50.97,128
4389,1004389000000,1004394411377,5.411378,262.38,128
4390,1004390000000,1004394353051,4.353052,-225.38,128
4391,1004391000000,1004394243510,3.243511,226.94,128
4392,1004392000000,1004396757289,4.75729,-77.78,128
4393,1004393000000,1004399546074,6.546075,-91.69,128
4394,1004394000000,1004399132149,5.132149,-366.27,128
4395,1004395000000,1004400342110,5.342111,318.32,128
4396,1004396000000,1004400192115,4.192115,294.24,128
4397,1004397000000,1004402002494,5.002495,-248.56,128
4398,1004398000000,1004402437289,4.43729,-465.62,128
4399,1004399000000,1004404310175,5.310175,-766.83,128
4400,1004400000000,1004404318046,4.318047,320.05,128
4401,1004401000000,1004405462245,4.462246,-501.78,128
4402,1004402000000,1004407540452,5.540452,34.85,128
4403,1004403000000,1004409308720,6.30872,-229.98,128
4404,1004404000000,1004410493726,6.493727,215.14,128
4405,1004405000000,1004408581919,3.58192,423.06,128
4406,1004406000000,1004411720306,5.720306,248.3,128
4407,1004407000000,1004412596059,5.596059,-107.64,128
4408,1004408000000,1004412312634,4.312634,114.7,128
4409,1004409000000,1004415369073,6.369074,-323.6,128
4410,1004410000000,1004418148071,8.148072,243.08,128
4411,1004411000000,1004414862323,3.862323,-154.08,128
4412,1004412000000,1004417120253,5.120253,-109.73,128
4413,1004413000000,1004418671354,5.671354,62.55,128
4414,1004414000000,1004420199485,6.199485,507.75,128
4415,1004415000000,1004419703346,4.703346,-643.9,128
4416,1004416000000,1004420875839,4.875839,357.23,128
4417,1004417000000,1004421218778,4.218779,305.98,128
4418,1004418000000,1004421962482,3.962483,-136.87,128
4419,1004419000000,1004423160902,4.160903,-165.09,128
4420,1004420000000,1004424632376,4.632376,-209.32,128
4421,1004421000000,1004426519373,5.519374,586.6,128
4422,1004422000000,1004426434606,4.434606,69.03,128
4423,1004423000000,1004428823748,5.823748,112.33,128
4424,1004424000000,1004430313124,6.313124,-168.68,128
4425,1004425000000,1004430020950,5.020951,-146.6,128
4426,1004426000000,1004431141315,5.141316,-39.62,128
4427,1004427000000,1004431088763,4.088763,573.35,128
4428,1004428000000,1004432622448,4.622448,46.16,128
4429,1004429000000,1004435096774,6.096775,-400.29,128
4430,1004430000000,1004435272897,5.272898,90.4,128
4431,1004431000000,1004434840965,3.840965,-219.18,128
4432,1004432000000,1004435189604,3.189604,-364.92,128
4433,1004433000000,1004436872266,3.872266,518.37,128
4434,1004434000000,1004439093295,5.093295,-45.7,128
4435,1004435000000,1004441340566,6.340567,-419.57,128
4436,1004436000000,1004439736572,3.736573,163.43,128
4437,1004437000000,1004443506476,6.506476,-147.29,128
4438,1004438000000,1004441093616,3.093616,-174.57,128
4439,1004439000000,1004442734996,3.734996,-498.87,128
4440,1004440000000,1004443330765,3.330766,-161.17,128
4441,1004441000000,1004447530040,6.530041,38.83,128
4442,1004442000000,1004447981510,5.98151,-295.3,128
4443,1004443000000,1004447715284,4.715284,28.47,128
4444,1004444000000,1004448189427,4.189428,-14.67,128
4445,1004445000000,1004449288134,4.288134,89.04,128
4446,1004446000000,1004451809766,5.809767,-1.46,128
4447,1004447000000,1004451483356,4.483356,-336.65,128
4448,1004448000000,1004453657883,5.657883,148.79,128
4449,1004449000000,1004454346156,5.346157,-388.35,128
4450,1004450000000,1004456293097,6.293098,127.65,128
4451,1004451000000,1004456707351,5.707351,319.22,128
4452,1004452000000,1004454872786,2.872787,337.65,128
4453,1004453000000,1004460106724,7.106724,-269.34,128
4454,1004454000000,1004458110414,4.110414,154.02,128
4455,1004455000000,1004460162257,5.162257,-154.17,128
4456,1004456000000,1004462083863,6.083863,-549.65,128
4457,1004457000000,1004462409438,5.409439,60.63,128
4458,1004458000000,1004462054471,4.054472,-5.04,128
4459,1004459000000,1004462995447,3.995448,184.92,128
4460,1004460000000,1004466525137,6.525138,-106.05,128
4461,1004461000000,1004467350074,6.350074,-197.66,128
4462,1004462000000,1004466913325,4.913325,-487.48,128
4463,1004463000000,1004470593442,7.593443,83.75,128
4464,1004464000000,1004467741654,3.741654,-67.13,128
4465,1004465000000,1004468497756,3.497756,214.55,128
4466,1004466000000,1004474976730,8.976731,81.99,128
4467,1004467000000,1004471988859,4.98886,264.14,128
4468,1004468000000,1004472972991,4.972991,-24.09,128
4469,1004469000000,1004472680385,3.680385,63.67,128
4470,1004470000000,1004475622637,5.622638,337.98,128
4471,1004471000000,1004475491146,4.491146,-134.14,128
4472,1004472000000,1004477196544,5.196544,-61.57,128
4473,1004473000000,1004477814165,4.814165,513.03,128
4474,1004474000000,1004480361806,6.361807,-131.63,128
4475,1004475000000,1004480615173,5.615174,141.01,128
4476,1004476000000,1004480033093,4.033094,-318.77,128
4477,1004477000000,1004482320179,5.32018,-241.27,128
4478,1004478000000,1004483801763,5.801764,174.89,128
4479,1004479000000,1004483683919,4.68392,-462.22,128
4480,1004480000000,1004485800544,5.800545,-65.44,128
4481,1004481000000,1004486050376,5.050377,296.88,128
4482,1004482000000,1004487159683,5.159684,208.26,128
4483,1004483000000,1004487629406,4.629406,-1.58,128
4484,1004484000000,1004488989832,4.989833,-452.96,128
4485,1004485000000,1004489404183,4.404183,237.72,128
4486,1004486000000,1004489819184,3.819185,60.6,128
4487,1004487000000,1004492572003,5.572004,-392.64,128
4488,1004488000000,1004494941599,6.941599,23.89,128
4489,1004489000000,1004494581256,5.581257,241.65,128
4490,1004490000000,1004496416915,6.416916,259.29,128
4491,1004491000000,1004495575229,4.57523,-105.93,128
4492,1004492000000,1004496378112,4.378113,550.4,128
4493,1004493000000,1004496682760,3.682761,-475.32,128
4494,1004494000000,1004498496877,4.496878,-174.05,128
4495,1004495000000,1004500056033,5.056033,-285.21,128
4496,1004496000000,1004499407060,3.40706,400.07,128
4497,1004497000000,1004502487790,5.487791,244.42,128
4498,1004498000000,1004502952485,4.952486,29.01,128
4499,1004499000000,1004503779773,4.779773,248.16,128
4500,1004500000000,1004505275321,5.275322,483.97,128
4501,1004501000000,1004505277641,4.277642,550.77,128
4502,1004502000000,1004507865615,5.865616,-406.58,128
4503,1004503000000,1004507937643,4.937643,539.23,128
4504,1004504000000,1004508565016,4.565017,-13.13,128
4505,1004505000000,1004510134772,5.134772,-359.32,128
4506,1004506000000,1004511101934,5.101934,-138.89,128
4507,1004507000000,1004511598299,4.598299,-326.98,128
4508,1004508000000,1004517322088,9.322089,208.85,128
4509,1004509000000,1004514953692,5.953693,28.0,128
4510,1004510000000,1004514458369,4.458369,-51.85,128
4511,1004511000000,1004516312798,5.312799,260.11,128
4512,1004512000000,1004516741143,4.741143,354.41,128
4513,1004513000000,1004518855580,5.85558,49.7,128
4514,1004514000000,1004519568384,5.568385,-182.9,128
4515,1004515000000,1004520746729,5.746729,-184.62,128
4516,1004516000000,1004519738481,3.738481,92.62,128
4517,1004517000000,1004521667462,4.667462,722.05,128
4518,1004518000000,1004526184869,8.184869,-296.38,128
4519,1004519000000,1004525026046,6.026047,-48.07,128
4520,1004520000000,1004523167802,3.167803,-293.79,128
4521,1004521000000,1004524731720,3.73172,-137.08,128
4522,1004522000000,1004527153073,5.153074,-180.62,128
4523,1004523000000,1004527023573,4.023573,367.85,128
4524,1004524000000,1004528387420,4.387421,234.73,128
4525,1004525000000,1004529245748,4.245749,-280.42,128
4526,1004526000000,1004530314466,4.314466,184.1,128
4527,1004527000000,1004533369968,6.369968,-179.65,128
4528,1004528000000,1004531295754,3.295755,-17.81,128
4529,1004529000000,1004533391240,4.391241,76.56,128
4530,1004530000000,1004534308971,4.308971,-149.94,128
4531,1004531000000,1004534797196,3.797197,300.71,128
4532,1004532000000,1004537673317,5.673317,145.57,128
4533,1004533000000,1004539156823,6.156824,299.51,128
4534,1004534000000,1004539188389,5.188389,540.07,128
4535,1004535000000,1004540792503,5.792504,-21.59,128
4536,1004536000000,1004540706138,4.706139,268.75,128
4537,1004537000000,1004542694342,5.694343,66.65,128
4538,1004538000000,1004541878731,3.878731,345.27,128
4539,1004539000000,1004545797238,6.797238,-235.65,128
4540,1004540000000,1004545458774,5.458775,78.66,128
4541,1004541000000,1004546514239,5.514239,125.54,128
4542,1004542000000,1004547110096,5.110097,188.19,128
4543,1004543000000,1004547643478,4.643478,-92.63,128
4544,1004544000000,1004548710708,4.710709,-505.86,128
4545,1004545000000,1004550106326,5.106326,24.44,128
4546,1004546000000,1004550862824,4.862824,-156.57,128
4547,1004547000000,1004551804081,4.804081,-109.96,128
4548,1004548000000,1004553068505,5.068505,-404.18,128
4549,1004549000000,1004552328754,3.328754,-424.34,128
4550,1004550000000,1004556771843,6.771843,360.61,128
4551,1004551000000,1004554858191,3.858192,90.38,128
4552,1004552000000,1004555846008,3.846008,818.23,128
4553,1004553000000,1004556436840,3.43684,-81.12,128
4554,1004554000000,1004559194622,5.194623,194.37,128
4555,1004555000000,1004559344354,4.344354,272.81,128
4556,1004556000000,1004562056231,6.056232,-316.06,128
4557,1004557000000,1004562452623,5.452623,-291.53,128
4558,1004558000000,1004562028967,4.028968,74.08,128
4559,1004559000000,1004566270276,7.270276,143.44,128
4560,1004560000000,1004565382263,5.382263,541.54,128
4561,1004561000000,1004565810832,4.810832,90.11,128
4562,1004562000000,1004566648663,4.648664,-410.25,128
4563,1004563000000,1004569470633,6.470633,306.79,128
4564,1004564000000,1004570731527,6.731528,-303.61,128
4565,1004565000000,1004568777300,3.777301,209.92,128
4566,1004566000000,1004571834511,5.834512,40.39,128
4567,1004567000000,1004571741440,4.741441,-239.54,128
4568,1004568000000,1004573944738,5.944739,-276.94,128
4569,1004569000000,1004574471219,5.47122,153.61,128
4570,1004570000000,1004574694478,4.694479,183.64,128
4571,1004571000000,1004576489496,5.489497,74.4,128
4572,1004572000000,1004577281339,5.28134,-329.32,128
4573,1004573000000,1004576968932,3.968933,-201.46,128
4574,1004574000000,1004579041041,5.041042,726.33,128
4575,1004575000000,1004579615477,4.615477,-111.7,128
4576,1004576000000,1004581351085,5.351086,-492.08,128
4577,1004577000000,1004582028628,5.028628,-35.85,128
4578,1004578000000,1004581978495,3.978496,306.17,128
4579,1004579000000,1004585111015,6.111015,113.82,128
4580,1004580000000,1004587054240,7.05424,845.49,128
4581,1004581000000,1004585098343,4.098343,392.9,128
4582,1004582000000,1004586764149,4.764149,505.17,128
4583,1004583000000,1004586440408,3.440408,-230.16,128
4584,1004584000000,1004588948366,4.948367,80.85,128
4585,1004585000000,1004591633616,6.633617,361.72,128
4586,1004586000000,1004589730052,3.730053,-215.66,128
4587,1004587000000,1004593674077,6.674077,188.75,128
4588,1004588000000,1004592662801,4.662802,480.49,128
4589,1004589000000,1004593665625,4.665626,97.41,128
4590,1004590000000,1004594877685,4.877686,-293.79,128
4591,1004591000000,1004595714683,4.714684,-117.53,128
4592,1004592000000,1004597785298,5.785299,138.09,128
4593,1004593000000,1004597376955,4.376956,91.25,128
4594,1004594000000,1004600147213,6.147213,168.94,128
4595,1004595000000,1004600206974,5.206975,356.65,128
4596,1004596000000,1004601513324,5.513325,-37.62,128
4597,1004597000000,1004601099513,4.099514,-340.43,128
4598,1004598000000,1004602425683,4.425683,358.83,128
4599,1004599000000,1004604136668,5.136669,-125.62,128
4600,1004600000000,1004604464821,4.464821,-257.13,128
4601,1004601000000,1004606426606,5.426606,206.62,128
4602,1004602000000,1004606678935,4.678936,46.55,128
4603,1004603000000,1004607491784,4.491784,281.14,128
4604,1004604000000,1004608451289,4.451289,-215.07,128
4605,1004605000000,1004611875390,6.875391,407.04,128
4606,1004606000000,1004610877028,4.877028,208.81,128
4607,1004607000000,1004611746252,4.746253,751.88,128
4608,1004608000000,1004613099321,5.099322,-69.32,128
4609,1004609000000,1004614725037,5.725038,-338.95,128
4610,1004610000000,1004616596434,6.596434,-139.58,128
4611,1004611000000,1004616446762,5.446763,163.47,128
4612,1004612000000,1004616861351,4.861352,236.28,128
4613,1004613000000,1004616911185,3.911186,-233.01,128
4614,1004614000000,1004618266570,4.26657,273.14,128
4615,1004615000000,1004620315558,5.315558,287.33,128
4616,1004616000000,1004620073142,4.073142,205.22,128
4617,1004617000000,1004620942311,3.942311,288.47,128
4618,1004618000000,1004623119378,5.119379,-193.23,128
4619,1004619000000,1004623839950,4.83995,-105.56,128
4620,1004620000000,1004625678000,5.678001,99.75,128
4621,1004621000000,1004628150649,7.15065,-335.73,128
4622,1004622000000,1004626733731,4.733731,366.57,128
4623,1004623000000,1004628234295,5.234296,-449.39,128
4624,1004624000000,1004628838424,4.838424,116.93,128
4625,1004625000000,1004629321999,4.321999,-22.73,128
4626,1004626000000,1004631914539,5.914539,-24.78,128
4627,1004627000000,1004633297255,6.297256,-33.06,128
4628,1004628000000,1004634170850,6.17085,178.4,128
4629,1004629000000,1004634385069,5.385069,-98.3,128
4630,1004630000000,1004635421097,5.421097,-220.0,128
4631,1004631000000,1004635295082,4.295082,7.71,128
4632,1004632000000,1004636014698,4.014699,244.79,128
4633,1004633000000,1004638673130,5.67313,462.89,128
4634,1004634000000,1004639613956,5.613956,29.41,128
4635,1004635000000,1004638170922,3.170922,-214.74,128
4636,1004636000000,1004641139713,5.139714,-235.78,128
4637,1004637000000,1004640918237,3.918238,19.69,128
4638,1004638000000,1004641642789,3.642789,-286.33,128
4639,1004639000000,1004645302788,6.302788,103.54,128
4640,1004640000000,1004645313164,5.313165,12.98,128
4641,1004641000000,1004645855039,4.855039,327.86,128
4642,1004642000000,1004646997866,4.997866,477.92,128
4643,1004643000000,1004648298693,5.298694,299.08,128
4644,1004644000000,1004648409397,4.409397,-330.75,128
4645,1004645000000,1004651162497,6.162497,-123.61,128
4646,1004646000000,1004652161536,6.161536,-13.26,128
4647,1004647000000,1004651878595,4.878595,217.1,128
4648,1004648000000,1004652532583,4.532584,235.47,128
4649,1004649000000,1004654754129,5.75413,-258.24,128
4650,1004650000000,1004655195122,5.195123,82.03,128
4651,1004651000000,1004655813412,4.813412,-94.87,128
4652,1004652000000,1004654929499,2.929499,-45.07,128
4653,1004653000000,1004658475337,5.475338,832.0,128
4654,1004654000000,1004660872170,6.87217,507.99,128
4655,1004655000000,1004660915120,5.915121,-181.51,128
4656,1004656000000,1004661472067,5.472068,534.29,128
4657,1004657000000,1004661774125,4.774125,311.56,128
4658,1004658000000,1004662852879,4.85288,371.38,128
4659,1004659000000,1004664857640,5.85764,-9.13,128
4660,1004660000000,1004664149581,4.149581,-195.18,128
4661,1004661000000,1004665644728,4.644728,-70.38,128
4662,1004662000000,1004665714256,3.714256,-494.75,128
4663,1004663000000,1004666711008,3.711009,-489.59,128
4664,1004664000000,1004672505798,8.505799,612.55,128
4665,1004665000000,1004670625017,5.625017,-107.71,128
4666,1004666000000,1004671242488,5.242489,-457.22,128
4667,1004667000000,1004672314125,5.314125,-233.17,128
4668,1004668000000,1004674238155,6.238155,-62.35,128
4669,1004669000000,1004673921280,4.92128,127.41,128
4670,1004670000000,1004675567975,5.567976,-271.43,128
4671,1004671000000,1004676705626,5.705626,101.23,128
4672,1004672000000,1004676865562,4.865563,307.42,128
4673,1004673000000,1004676637422,3.637423,-66.27,128
4674,1004674000000,1004678208623,4.208623,-159.8,128
4675,1004675000000,1004678550644,3.550645,443.58,128
4676,1004676000000,1004680502141,4.502141,133.21,128
4677,1004677000000,1004683319210,6.319211,40.51,128
4678,1004678000000,1004684289819,6.28982,-177.55,128
4679,1004679000000,1004682785552,3.785553,109.81,128
4680,1004680000000,1004685388230,5.388231,193.6,128
4681,1004681000000,1004685498980,4.49898,-178.46,128
4682,1004682000000,1004686956852,4.956852,-254.22,128
4683,1004683000000,1004688799889,5.799889,-403.41,128
4684,1004684000000,1004688182281,4.182282,117.64,128
4685,1004685000000,1004691333659,6.333659,-16.56,128
4686,1004686000000,1004690328331,4.328331,-50.45,128
4687,1004687000000,1004691942208,4.942208,262.95,128
4688,1004688000000,1004692233609,4.23361,290.18,128
4689,1004689000000,1004694518922,5.518923,57.82,128
4690,1004690000000,1004694083587,4.083588,-414.57,128
4691,1004691000000,1004695854462,4.854462,-44.21,128
4692,1004692000000,1004698786463,6.786464,27.09,128
4693,1004693000000,1004697559065,4.559065,-61.81,128
4694,1004694000000,1004698345039,4.34504,258.78,128
4695,1004695000000,1004699022074,4.022075,345.22,128
4696,1004696000000,1004703586107,7.586108,-197.09,128
4697,1004697000000,1004701547250,4.54725,-407.19,128
4698,1004698000000,1004702580657,4.580657,86.65,128
4699,1004699000000,1004703295303,4.295304,168.25,128
4700,1004700000000,1004704437690,4.437691,-171.6,128
4701,1004701000000,1004705906334,4.906335,-224.57,128
4702,1004702000000,1004707612862,5.612862,-271.11,128
4703,1004703000000,1004707247184,4.247184,-76.65,128
4704,1004704000000,1004711145258,7.145258,-70.79,128
4705,1004705000000,1004710997095,5.997095,-232.78,128
4706,1004706000000,1004712169433,6.169434,138.04,128
4707,1004707000000,1004712478880,5.47888,-209.65,128
4708,1004708000000,1004711451264,3.451265,151.57,128
4709,1004709000000,1004714025253,5.025253,98.24,128
4710,1004710000000,1004714918168,4.918169,-370.12,128
4711,1004711000000,1004714958522,3.958523,-424.14,128
4712,1004712000000,1004717254281,5.254282,-317.86,128
4713,1004713000000,1004718117985,5.117986,-0.36,128
4714,1004714000000,1004718927093,4.927094,115.33,128
4715,1004715000000,1004723019393,8.019394,-120.35,128
4716,1004716000000,1004718643819,2.643819,167.67,128
4717,1004717000000,1004723531464,6.531465,-90.01,128
4718,1004718000000,1004722453917,4.453917,-54.3,128
4719,1004719000000,1004724424508,5.424509,226.31,128
4720,1004720000000,1004725624406,5.624407,396.83,128
4721,1004721000000,1004727241064,6.241064,-315.84,128
4722,1004722000000,1004729056344,7.056344,-562.7,128
4723,1004723000000,1004728111677,5.111677,-347.82,128
4724,1004724000000,1004728041763,4.041764,42.13,128
4725,1004725000000,1004729078123,4.078123,298.95,128
4726,1004726000000,1004730997023,4.997024,-202.84,128
4727,1004727000000,1004731885943,4.885944,611.52,128
4728,1004728000000,1004732511416,4.511416,85.84,128
4729,1004729000000,1004735818115,6.818116,-174.08,128
4730,1004730000000,1004733982000,3.982,-218.08,128
4731,1004731000000,1004735242750,4.242751,-141.8,128
4732,1004732000000,1004736012964,4.012964,194.38,128
4733,1004733000000,1004738227607,5.227607,-6.5,128
4734,1004734000000,1004740066261,6.066262,-279.85,128
4735,1004735000000,1004739892193,4.892194,-156.51,128
4736,1004736000000,1004741707221,5.707222,148.26,128
4737,1004737000000,1004742274251,5.274251,73.32,128
4738,1004738000000,1004742142328,4.142329,-422.36,128
4739,1004739000000,1004744828315,5.828316,15.97,128
4740,1004740000000,1004745554177,5.554178,463.78,128
4741,1004741000000,1004745583673,4.583674,-401.75,128
4742,1004742000000,1004745961868,3.961869,-142.32,128
4743,1004743000000,1004746544354,3.544354,307.46,128
4744,1004744000000,1004747903603,3.903603,-376.13,128
4745,1004745000000,1004749965214,4.965214,-77.23,128
4746,1004746000000,1004752307154,6.307155,233.74,128
4747,1004747000000,1004751850825,4.850825,-58.01,128
4748,1004748000000,1004752060791,4.060792,-211.71,128
4749,1004749000000,1004753691212,4.691213,182.04,128
4750,1004750000000,1004754154567,4.154567,526.13,128
4751,1004751000000,1004757468014,6.468014,-44.37,128
4752,1004752000000,1004757231606,5.231607,-38.1,128
4753,1004753000000,1004756955800,3.955801,-53.94,128
4754,1004754000000,1004758493806,4.493807,-465.96,128
4755,1004755000000,1004759364873,4.364874,262.28,128
4756,1004756000000,1004761231164,5.231164,-123.5,128
4757,1004757000000,1004762296435,5.296436,319.2,128
4758,1004758000000,1004762793794,4.793794,-365.45,128
4759,1004759000000,1004762268972,3.268972,-54.47,128
4760,1004760000000,1004768110834,8.110835,-110.9,128
4761,1004761000000,1004766508817,5.508818,-127.17,128
4762,1004762000000,1004767462771,5.462771,346.68,128
4763,1004763000000,1004769344310,6.344311,208.32,128
4764,1004764000000,1004768757048,4.757048,395.22,128
4765,1004765000000,1004770870644,5.870644,155.26,128
4766,1004766000000,1004772973494,6.973494,-213.58,128
4767,1004767000000,1004773448685,6.448686,399.84,128
4768,1004768000000,1004773299940,5.299941,116.1,128
4769,1004769000000,1004776427019,7.427019,55.89,128
4770,1004770000000,1004775021246,5.021246,83.45,128
4771,1004771000000,1004776588496,5.588497,371.46,128
4772,1004772000000,1004776790938,4.790938,523.41,128
4773,1004773000000,1004779275155,6.275155,376.14,128
4774,1004774000000,1004778924469,4.924469,388.91,128
4775,1004775000000,1004780813543,5.813543,29.47,128
4776,1004776000000,1004781332769,5.33277,149.93,128
4777,1004777000000,1004783072210,6.07221,168.35,128
4778,1004778000000,1004782359205,4.359205,729.84,128
4779,1004779000000,1004783965192,4.965192,374.44,128
4780,1004780000000,1004783319830,3.31983,404.27,128
4781,1004781000000,1004788943529,7.943529,121.15,128
4782,1004782000000,1004787375389,5.37539,462.85,128
4783,1004783000000,1004788698204,5.698204,-191.04,128
4784,1004784000000,1004789795566,5.795566,157.13,128
4785,1004785000000,1004792063346,7.063346,-519.61,128
4786,1004786000000,1004791225961,5.225962,-394.58,128
4787,1004787000000,1004791795928,4.795929,64.5,128
4788,1004788000000,1004793234793,5.234793,-25.54,128
4789,1004789000000,1004794488465,5.488465,283.51,128
4790,1004790000000,1004796932541,6.932542,-26.76,128
4791,1004791000000,1004797010791,6.010791,81.36,128
4792,1004792000000,1004798181911,6.181911,-250.09,128
4793,1004793000000,1004798082645,5.082646,81.89,128
4794,1004794000000,1004800111906,6.111906,-17.6,128
4795,1004795000000,1004800368067,5.368067,479.79,128
4796,1004796000000,1004801451139,5.45114,51.02,128
4797,1004797000000,1004802136816,5.136817,-77.08,128
4798,1004798000000,1004802347944,4.347945,-52.23,128
4799,1004799000000,1004802987299,3.9873,128.94,128
4800,1004800000000,1004804494710,4.494711,-68.55,128
4801,1004801000000,1004806625016,5.625017,226.94,128
4802,1004802000000,1004808511225,6.511226,274.39,128
4803,1004803000000,1004805816853,2.816854,526.3,128
4804,1004804000000,1004810329221,6.329221,32.81,128
4805,1004805000000,1004810421897,5.421897,30.16,128
4806,1004806000000,1004812793352,6.793353,-423.86,128
4807,1004807000000,1004812229703,5.229704,406.55,128
4808,1004808000000,1004814203292,6.203293,161.51,128
4809,1004809000000,1004814548304,5.548305,-80.29,128
4810,1004810000000,1004815657405,5.657406,154.58,128
4811,1004811000000,1004815924011,4.924011,57.06,128
4812,1004812000000,1004818286414,6.286415,-356.57,128
4813,1004813000000,1004816427187,3.427187,449.46,128
4814,1004814000000,1004820085689,6.085689,-37.82,128
4815,1004815000000,1004820917349,5.917349,-663.22,128
4816,1004816000000,1004822750839,6.75084,327.32,128
4817,1004817000000,1004822392429,5.39243,82.88,128
4818,1004818000000,1004821562997,3.562997,-90.48,128
4819,1004819000000,1004823075396,4.075396,-516.66,128
4820,1004820000000,1004825229089,5.229089,250.77,128
4821,1004821000000,1004826583837,5.583838,-281.23,128
4822,1004822000000,1004825571980,3.57198,643.03,128
4823,1004823000000,1004826518172,3.518173,-121.97,128
4824,1004824000000,1004830369452,6.369452,-186.53,128
4825,1004825000000,1004829361948,4.361949,-391.0,128
4826,1004826000000,1004829944281,3.944281,213.44,128
4827,1004827000000,1004832742740,5.742741,69.49,128
4828,1004828000000,1004832756611,4.756611,-214.0,128
4829,1004829000000,1004832187718,3.187718,-309.58,128
4830,1004830000000,1004837393935,7.393936,79.06,128
4831,1004831000000,1004836198057,5.198058,-253.77,128
4832,1004832000000,1004837205164,5.205164,-55.89,128
4833,1004833000000,1004838163296,5.163296,59.89,128
4834,1004834000000,1004840250087,6.250088,200.74,128
4835,1004835000000,1004839934920,4.93492,179.2,128
4836,1004836000000,1004841738372,5.738372,-19.91,128
4837,1004837000000,1004842828649,5.828649,-25.38,128
4838,1004838000000,1004842281286,4.281286,421.02,128
4839,1004839000000,1004845895495,6.895496,379.44,128
4840,1004840000000,1004846062208,6.062209,328.77,128
4841,1004841000000,1004844681746,3.681746,-54.97,128
4842,1004842000000,1004846794613,4.794614,-36.23,128
4843,1004843000000,1004848047635,5.047636,67.25,128
4844,1004844000000,1004849887146,5.887147,93.36,128
4845,1004845000000,1004850696697,5.696698,-390.58,128
4846,1004846000000,1004852142601,6.142601,78.93,128
4847,1004847000000,1004852340416,5.340417,-222.43,128
4848,1004848000000,1004853685442,5.685443,67.86,128
4849,1004849000000,1004856419368,7.419369,73.45,128
4850,1004850000000,1004853982680,3.982681,550.2,128
4851,1004851000000,1004856858750,5.85875,633.24,128
4852,1004852000000,1004858014662,6.014663,258.99,128
4853,1004853000000,1004856306692,3.306693,-127.73,128
4854,1004854000000,1004859595003,5.595003,91.84,128
4855,1004855000000,1004862773086,7.773086,191.4,128
4856,1004856000000,1004862780931,6.780932,-391.97,128
4857,1004857000000,1004861458270,4.45827,-184.55,128
4858,1004858000000,1004863046687,5.046688,-271.31,128
4859,1004859000000,1004864260668,5.260669,-434.98,128
4860,1004860000000,1004866181233,6.181234,274.52,128
4861,1004861000000,1004866617358,5.617359,-82.5,128
4862,1004862000000,1004865138454,3.138454,291.03,128
4863,1004863000000,1004867445919,4.445919,486.45,128
4864,1004864000000,1004868002554,4.002554,-216.21,128
4865,1004865000000,1004870860155,5.860156,-193.72,128
4866,1004866000000,1004870833456,4.833456,-773.4,128
4867,1004867000000,1004874672783,7.672784,-373.72,128
4868,1004868000000,1004872902147,4.902147,-42.58,128
4869,1004869000000,1004874684588,5.684588,223.85,128
4870,1004870000000,1004875031824,5.031824,15.92,128
4871,1004871000000,1004875045228,4.045228,7.02,128
4872,1004872000000,1004879343247,7.343248,32.02,128
4873,1004873000000,1004878636425,5.636426,-101.69,128
4874,1004874000000,1004880695376,6.695377,473.27,128
4875,1004875000000,1004879354585,4.354585,115.04,128
4876,1004876000000,1004879546806,3.546806,336.5,128
4877,1004877000000,1004882288197,5.288198,-211.62,128
4878,1004878000000,1004883917588,5.917588,481.99,128
4879,1004879000000,1004883885883,4.885883,88.55,128
4880,1004880000000,1004885361118,5.361118,123.37,128
4881,1004881000000,1004885550733,4.550734,96.29,128
4882,1004882000000,1004888226907,6.226907,185.06,128
4883,1004883000000,1004887779323,4.779324,38.81,128
4884,1004884000000,1004890099752,6.099752,197.68,128
4885,1004885000000,1004890082609,5.08261,416.8,128
4886,1004886000000,1004890722132,4.722133,-20.7,128
4887,1004887000000,1004890394873,3.394874,72.13,128
4888,1004888000000,1004891994282,3.994283,319.61,128
4889,1004889000000,1004894500874,5.500874,87.57,128
4890,1004890000000,1004893605871,3.605871,12.91,128
4891,1004891000000,1004895977235,4.977235,-835.91,128
4892,1004892000000,1004897324411,5.324411,130.55,128
4893,1004893000000,1004897918857,4.918857,-134.94,128
4894,1004894000000,1004897846125,3.846125,25.94,128
4895,1004895000000,1004900739230,5.739231,-170.15,128
4896,1004896000000,1004900959425,4.959426,298.56,128
4897,1004897000000,1004901289248,4.289249,200.67,128
4898,1004898000000,1004902242185,4.242186,284.2,128
4899,1004899000000,1004903664259,4.664259,-159.74,128
4900,1004900000000,1004906694255,6.694256,472.94,128
4901,1004901000000,1004907316947,6.316947,48.33,128
4902,1004902000000,1004907532973,5.532974,271.05,128
4903,1004903000000,1004907852234,4.852234,-534.69,128
4904,1004904000000,1004908651573,4.651574,-67.16,128
4905,1004905000000,1004909385153,4.385154,100.96,128
4906,1004906000000,1004910770521,4.770521,54.63,128
4907,1004907000000,1004910179988,3.179988,-366.89,128
4908,1004908000000,1004912083156,4.083156,-484.97,128
4909,1004909000000,1004913100895,4.100896,-644.36,128
4910,1004910000000,1004915979981,5.979982,-42.71,128
4911,1004911000000,1004915004466,4.004467,47.77,128
4912,1004912000000,1004916478585,4.478585,-636.57,128
4913,1004913000000,1004917979356,4.979357,31.46,128
4914,1004914000000,1004919523282,5.523282,313.72,128
4915,1004915000000,1004919001732,4.001732,137.33,128
4916,1004916000000,1004922583437,6.583437,465.19,128
4917,1004917000000,1004924941792,7.941793,21.62,128
4918,1004918000000,1004923197105,5.197105,-274.74,128
4919,1004919000000,1004922258651,3.258651,111.95,128
4920,1004920000000,1004925727968,5.727968,-56.21,128
4921,1004921000000,1004924299274,3.299274,11.86,128
4922,1004922000000,1004927860055,5.860055,15.42,128
4923,1004923000000,1004927505254,4.505254,-144.81,128
4924,1004924000000,1004928398007,4.398008,-156.07,128
4925,1004925000000,1004930790039,5.79004,-809.3,128
4926,1004926000000,1004931413760,5.41376,249.61,128
4927,1004927000000,1004932516388,5.516388,334.81,128
4928,1004928000000,1004933528524,5.528525,-65.51,128
4929,1004929000000,1004934696615,5.696615,327.02,128
4930,1004930000000,1004933497516,3.497516,226.73,128
4931,1004931000000,1004937751792,6.751792,-216.49,128
4932,1004932000000,1004936955013,4.955014,-52.96,128
4933,1004933000000,1004937875157,4.875158,-90.17,128
4934,1004934000000,1004939613352,5.613353,908.41,128
4935,1004935000000,1004941042767,6.042767,-136.43,128
4936,1004936000000,1004942877808,6.877809,259.28,128
4937,1004937000000,1004941972360,4.972361,-201.6,128
4938,1004938000000,1004944569042,6.569043,-51.91,128
4939,1004939000000,1004942643561,3.643561,43.35,128
4940,1004940000000,1004945100722,5.100723,4.9,128
4941,1004941000000,1004944919819,3.919819,-440.47,128
4942,1004942000000,1004947071660,5.071661,-290.43,128
4943,1004943000000,1004948378695,5.378696,293.06,128
4944,1004944000000,1004948453880,4.453881,-823.95,128
4945,1004945000000,1004948755711,3.755711,-236.1,128
4946,1004946000000,1004951133611,5.133611,24.97,128
4947,1004947000000,1004951522623,4.522623,54.86,128
4948,1004948000000,1004954488859,6.48886,36.14,128
4949,1004949000000,1004954802453,5.802453,372.86,128
4950,1004950000000,1004954669038,4.669039,-358.28,128
4951,1004951000000,1004955765974,4.765975,105.41,128
4952,1004952000000,1004956062717,4.062717,-159.6,128
4953,1004953000000,1004957648695,4.648696,434.53,128
4954,1004954000000,1004958556828,4.556829,132.66,128
4955,1004955000000,1004958398953,3.398954,-618.54,128
4956,1004956000000,1004961335096,5.335096,-4.89,128
4957,1004957000000,1004961550150,4.550151,-393.29,128
4958,1004958000000,1004963796143,5.796144,-410.01,128
4959,1004959000000,1004965458228,6.458228,-120.47,128
4960,1004960000000,1004964219473,4.219473,0.56,128
4961,1004961000000,1004964302601,3.302601,-24.62,128
4962,1004962000000,1004968360049,6.36005,-439.33,128
4963,1004963000000,1004967980977,4.980978,-4.41,128
4964,1004964000000,1004969639445,5.639446,347.08,128
4965,1004965000000,1004969380439,4.38044,354.51,128
4966,1004966000000,1004969573656,3.573656,324.9,128
4967,1004967000000,1004970813655,3.813655,56.83,128
4968,1004968000000,1004972939502,4.939502,907.5,128
4969,1004969000000,1004974361484,5.361484,110.04,128
4970,1004970000000,1004975464289,5.464289,-9.9,128
4971,1004971000000,1004976393837,5.393838,-214.33,128
4972,1004972000000,1004978661416,6.661416,35.08,128
4973,1004973000000,1004977962518,4.962519,-38.28,128
4974,1004974000000,1004979415298,5.415298,-185.25,128
4975,1004975000000,1004980037274,5.037275,280.36,128
4976,1004976000000,1004980671979,4.67198,185.76,128
4977,1004977000000,1004982395932,5.395933,111.36,128
4978,1004978000000,1004981589808,3.589809,351.91,128
4979,1004979000000,1004985869031,6.869032,-306.2,128
4980,1004980000000,1004984079845,4.079846,30.89,128
4981,1004981000000,1004986278364,5.278365,340.95,128
4982,1004982000000,1004987465519,5.46552,-289.83,128
4983,1004983000000,1004988835909,5.83591,-79.2,128
4984,1004984000000,1004988586502,4.586502,-49.38,128
4985,1004985000000,1004989634873,4.634873,22.39,128
4986,1004986000000,1004992419024,6.419025,-30.3,128
4987,1004987000000,1004990556846,3.556847,-173.14,128
4988,1004988000000,1004993607119,5.607119,119.51,128
4989,1004989000000,1004993558759,4.55876,-339.06,128
4990,1004990000000,1004995491402,5.491403,-266.68,128
4991,1004991000000,1004995982726,4.982727,-255.84,128
4992,1004992000000,1004998314052,6.314053,-34.32,128
4993,1004993000000,1004999478696,6.478697,-114.02,128
4994,1004994000000,1004999053588,5.053588,-462.5,128
4995,1004995000000,1005000343783,5.343783,-54.13,128
4996,1004996000000,1005002016701,6.016701,286.83,128
4997,1004997000000,1005001673817,4.673818,72.74,128
4998,1004998000000,1005001215475,3.215476,-388.01,128
4999,1004999000000,1005002022872,3.022873,-158.56,128
