seq,send_ns,recv_ns,latency_ms,jitter_us,pkt_size
0,1000000000000,1000022285620,22.285621,-369.98,128
1,1000001000000,1000020849868,19.849869,-4753.42,128
2,1000002000000,1000026538925,24.538925,-1243.96,128
3,1000003000000,1000024871453,21.871453,6206.54,128
4,1000004000000,1000025832396,21.832397,2596.57,128
5,1000005000000,1000027958220,22.95822,-2700.99,128
6,1000006000000,1000027035767,21.035767,4060.88,128
7,1000007000000,1000032282638,25.282638,-63.27,128
8,1000008000000,1000031686994,23.686995,-4312.35,128
9,1000009000000,1000030070745,21.070746,-3553.98,128
10,1000010000000,1000033421481,23.421482,3099.15,128
11,1000011000000,1000034532224,23.532225,544.88,128
12,1000012000000,1000033741881,21.741882,2152.64,128
13,1000013000000,1000036189365,23.189366,-4439.87,128
14,1000014000000,1000035098795,21.098796,-2164.75,128
15,1000015000000,1000036577068,21.577069,-1795.93,128
16,1000016000000,1000034739709,18.739709,546.45,128
17,1000017000000,1000037305884,20.305885,3833.94,128
18,1000018000000,1000037053803,19.053804,1491.42,128
19,1000019000000,1000041646390,22.64639,-4431.38,128
20,1000020000000,1000039824655,19.824655,425.07,128
21,1000021000000,1000042485214,21.485214,6359.64,128
22,1000022000000,1000045046905,23.046905,-338.51,128
23,1000023000000,1000048481058,25.481059,129.06,128
24,1000024000000,1000046082460,22.082461,1027.99,128
25,1000025000000,1000045559557,20.559557,-1798.24,128
26,1000026000000,1000044875201,18.875201,-867.97,128
27,1000027000000,1000046009969,19.009969,-128.8,128
28,1000028000000,1000048259147,20.259148,2219.95,128
29,1000029000000,1000049081858,20.081858,-1570.25,128
30,1000030000000,1000050560841,20.560842,2032.37,128
31,1000031000000,1000050015292,19.015293,1150.21,128
32,1000032000000,1000052277756,20.277756,-1090.74,128
33,1000033000000,1000054157565,21.157565,4430.77,128
34,1000034000000,1000053875685,19.875686,-4442.14,128
35,1000035000000,1000057494159,22.49416,621.58,128
36,1000036000000,1000055638913,19.638914,-2550.85,128
37,1000037000000,1000061146592,24.146592,1175.77,128
38,1000038000000,1000058226286,20.226286,2339.64,128
39,1000039000000,1000059572907,20.572908,-3491.39,128
40,1000040000000,1000063121457,23.121457,9986.56,128
41,1000041000000,1000063107913,22.107913,-4936.23,128
42,1000042000000,1000068243863,26.243863,1997.35,128
43,1000043000000,1000064178991,21.178992,-1152.87,128
44,1000044000000,1000070769869,26.76987,-3112.68,128
45,1000045000000,1000064948496,19.948496,457.67,128
46,1000046000000,1000070182592,24.182593,1467.72,128
47,1000047000000,1000070364828,23.364829,1524.2,128
48,1000048000000,1000071098105,23.098106,2841.11,128
49,1000049000000,1000070035131,21.035131,4517.59,128
50,1000050000000,1000069440826,19.440826,-2082.69,128
51,1000051000000,1000074011448,23.011448,197.91,128
52,1000052000000,1000072947008,20.947009,2059.56,128
53,1000053000000,1000074182463,21.182464,-278.95,128
54,1000054000000,1000073381479,19.38148,2417.56,128
55,1000055000000,1000074665964,19.665964,4978.34,128
56,1000056000000,1000074736120,18.73612,-1323.12,128
57,1000057000000,1000076890627,19.890627,-1522.04,128
58,1000058000000,1000081640036,23.640036,-4790.31,128
59,1000059000000,1000080189994,21.189995,1093.51,128
60,1000060000000,1000082422877,22.422877,-2235.3,128
61,1000061000000,1000079560085,18.560085,-334.45,128
62,1000062000000,1000080684237,18.684237,-6004.26,128
63,1000063000000,1000083769234,20.769234,-2661.91,128
64,1000064000000,1000088795634,24.795635,1075.84,128
65,1000065000000,1000087959743,22.959744,3624.1,128
66,1000066000000,1000085671427,19.671428,80.9,128
67,1000067000000,1000087993548,20.993548,-2016.33,128
68,1000068000000,1000087173097,19.173097,-3280.11,128
69,1000069000000,1000088392338,19.392339,143.93,128
70,1000070000000,1000091352489,21.35249,-689.55,128
71,1000071000000,1000092140831,21.140832,2355.53,128
72,1000072000000,1000096248420,24.24842,1103.36,128
73,1000073000000,1000096662229,23.662229,-5329.34,128
74,1000074000000,1000096137428,22.137429,-3666.31,128
75,1000075000000,1000099416507,24.416507,-1569.12,128
76,1000076000000,1000099428788,23.428788,-975.08,128
77,1000077000000,1000095832255,18.832255,118.72,128
78,1000078000000,1000101817918,23.817919,-678.07,128
79,1000079000000,1000098527476,19.527477,-619.27,128
80,1000080000000,1000101041750,21.04175,-2170.21,128
81,1000081000000,1000101496376,20.496377,-575.39,128
82,1000082000000,1000110247060,28.247061,46.48,128
83,1000083000000,1000103747608,20.747609,4746.52,128
84,1000084000000,1000103219525,19.219525,-530.57,128
85,1000085000000,1000109079467,24.079468,10346.98,128
86,1000086000000,1000107504748,21.504748,1466.18,128
87,1000087000000,1000110905225,23.905225,-3476.46,128
88,1000088000000,1000110260165,22.260166,-2941.35,128
89,1000089000000,1000108976238,19.976238,-96.66,128
90,1000090000000,1000110946900,20.946901,1701.59,128
91,1000091000000,1000111370210,20.37021,-1287.71,128
92,1000092000000,1000115664860,23.66486,-52.36,128
93,1000093000000,1000112330814,19.330814,781.8,128
94,1000094000000,1000116641204,22.641204,1652.39,128
95,1000095000000,1000115284750,20.28475,-1465.19,128
96,1000096000000,1000118490491,22.490491,2459.2,128
97,1000097000000,1000119382096,22.382097,3436.0,128
98,1000098000000,1000121370505,23.370505,-585.96,128
99,1000099000000,1000116131614,17.131614,-1324.8,128
100,1000100000000,1000119150558,19.150559,-1968.85,128
101,1000101000000,1000123418718,22.418718,4369.06,128
102,1000102000000,1000127305721,25.305721,2141.01,128
103,1000103000000,1000125900661,22.900662,-6338.91,128
104,1000104000000,1000125353818,21.353819,-1386.81,128
105,1000105000000,1000127156594,22.156594,-113.9,128
106,1000106000000,1000124487008,18.487009,-718.73,128
107,1000107000000,1000124101125,17.101126,908.05,128
108,1000108000000,1000131110513,23.110513,509.93,128
109,1000109000000,1000127880717,18.880718,-446.44,128
110,1000110000000,1000128507949,18.50795,3698.86,128
111,1000111000000,1000131568461,20.568461,-1610.22,128
112,1000112000000,1000130192424,18.192425,-2202.97,128
113,1000113000000,1000133060014,20.060014,3516.76,128
114,1000114000000,1000133537545,19.537545,-2628.55,128
115,1000115000000,1000137341375,22.341376,-598.05,128
116,1000116000000,1000134139138,18.139138,-2255.5,128
117,1000117000000,1000140628138,23.628138,735.48,128
118,1000118000000,1000142787534,24.787535,-8204.31,128
119,1000119000000,1000141092252,22.092253,1854.94,128
120,1000120000000,1000140709258,20.709259,-1447.36,128
121,1000121000000,1000140856999,19.856999,207.62,128
122,1000122000000,1000143679941,21.679942,-2860.3,128
123,1000123000000,1000144456179,21.45618,580.33,128
124,1000124000000,1000146625631,22.625632,-1165.44,128
125,1000125000000,1000145609728,20.609729,5835.23,128
126,1000126000000,1000149394755,23.394755,-1258.28,128
127,1000127000000,1000147297707,20.297707,-3729.39,128
128,1000128000000,1000151112927,23.112927,561.06,128
129,1000129000000,1000150717006,21.717006,3911.88,128
130,1000130000000,1000150989446,20.989447,-86.92,128
131,1000131000000,1000152827960,21.82796,-5170.32,128
132,1000132000000,1000154031785,22.031786,-7178.77,128
133,1000133000000,1000156358401,23.358401,4776.24,128
134,1000134000000,1000159844646,25.844647,-2368.52,128
135,1000135000000,1000157038144,22.038145,611.27,128
136,1000136000000,1000157346451,21.346451,1950.24,128
137,1000137000000,1000159810185,22.810186,-3606.56,128
138,1000138000000,1000159017261,21.017261,-928.79,128
139,1000139000000,1000160204687,21.204687,1393.33,128
140,1000140000000,1000163617890,23.61789,520.42,128
141,1000141000000,1000161721528,20.721529,-4351.43,128
142,1000142000000,1000164316031,22.316031,861.25,128
143,1000143000000,1000166609036,23.609037,3864.5,128
144,1000144000000,1000159955995,15.955996,-1303.09,128
145,1000145000000,1000165352574,20.352575,-353.46,128
146,1000146000000,1000171421389,25.42139,6101.24,128
147,1000147000000,1000166995890,19.995891,792.49,128
148,1000148000000,1000167099115,19.099115,-2191.87,128
149,1000149000000,1000168367729,19.36773,4952.44,128
150,1000150000000,1000173732967,23.732967,2307.66,128
151,1000151000000,1000174286117,23.286118,-2442.16,128
152,1000152000000,1000173600953,21.600954,584.14,128
153,1000153000000,1000176089639,23.089639,1135.65,128
154,1000154000000,1000181376753,27.376753,1501.81,128
155,1000155000000,1000176342160,21.342161,2743.83,128
156,1000156000000,1000177279269,21.279269,2324.68,128
157,1000157000000,1000176898219,19.898219,3186.14,128
158,1000158000000,1000178482391,20.482391,617.01,128
159,1000159000000,1000185527398,26.527398,2501.76,128
160,1000160000000,1000181362135,21.362135,-1764.51,128
161,1000161000000,1000181252492,20.252493,-2512.07,128
162,1000162000000,1000181498070,19.498071,824.81,128
163,1000163000000,1000184892213,21.892214,-1532.19,128
164,1000164000000,1000185498143,21.498143,179.68,128
165,1000165000000,1000187755003,22.755004,5559.89,128
166,1000166000000,1000190126610,24.12661,-2389.82,128
167,1000167000000,1000188597570,21.597571,2088.47,128
168,1000168000000,1000189525530,21.525531,-6398.24,128
169,1000169000000,1000190474082,21.474082,-77.2,128
170,1000170000000,1000193668943,23.668944,-316.14,128
171,1000171000000,1000192067622,21.067623,-1924.51,128
172,1000172000000,1000195886092,23.886093,294.76,128
173,1000173000000,1000191725047,18.725047,2424.72,128
174,1000174000000,1000192663445,18.663445,-3921.09,128
175,1000175000000,1000198369051,23.369051,-1769.73,128
176,1000176000000,1000194554527,18.554527,-362.47,128
177,1000177000000,1000202836651,25.836651,-64.71,128
178,1000178000000,1000198522319,20.52232,-5906.77,128
179,1000179000000,1000202818974,23.818974,892.76,128
180,1000180000000,1000199995745,19.995746,-2496.65,128
181,1000181000000,1000206590600,25.590601,-724.93,128
182,1000182000000,1000205209924,23.209924,100.45,128
183,1000183000000,1000202663339,19.663339,6590.63,128
184,1000184000000,1000206672245,22.672245,2634.85,128
185,1000185000000,1000205754596,20.754596,2061.56,128
186,1000186000000,1000204861348,18.861349,-2105.72,128
187,1000187000000,1000210688260,23.68826,4376.52,128
188,1000188000000,1000207088669,19.088669,-1917.91,128
189,1000189000000,1000213184263,24.184263,-1116.35,128
190,1000190000000,1000212941373,22.941374,-1264.46,128
191,1000191000000,1000208791891,17.791891,2274.2,128
192,1000192000000,1000212563398,20.563398,-7419.88,128
193,1000193000000,1000212437691,19.437692,-272.42,128
194,1000194000000,1000214078396,20.078396,-1147.46,128
195,1000195000000,1000214011456,19.011457,-4217.05,128
196,1000196000000,1000219097044,23.097044,-2968.58,128
197,1000197000000,1000221756665,24.756666,-2661.81,128
198,1000198000000,1000220919216,22.919217,3479.34,128
199,1000199000000,1000218371014,19.371014,-4922.6,128
200,1000200000000,1000222486481,22.486482,-511.29,128
201,1000201000000,1000224736748,23.736749,-148.64,128
202,1000202000000,1000224718797,22.718798,-137.44,128
203,1000203000000,1000224627107,21.627107,7907.33,128
204,1000204000000,1000223929453,19.929453,-901.79,128
205,1000205000000,1000225580171,20.580171,-4964.07,128
206,1000206000000,1000227016717,21.016717,3498.89,128
207,1000207000000,1000233176456,26.176457,-1631.62,128
208,1000208000000,1000224392024,16.392024,-3909.23,128
209,1000209000000,1000228917931,19.917932,-3296.74,128
210,1000210000000,1000234532529,24.53253,4064.75,128
211,1000211000000,1000230100856,19.100856,-2384.67,128
212,1000212000000,1000234416001,22.416002,4726.75,128
213,1000213000000,1000233421698,20.421698,2405.83,128
214,1000214000000,1000236990899,22.9909,3767.81,128
215,1000215000000,1000237223324,22.223325,1987.05,128
216,1000216000000,1000234256515,18.256515,-4870.29,128
217,1000217000000,1000238996250,21.996251,1591.23,128
218,1000218000000,1000238706597,20.706598,2760.38,128
219,1000219000000,1000246182638,27.182639,2340.17,128
220,1000220000000,1000239444151,19.444151,754.41,128
221,1000221000000,1000240952147,19.952147,2913.57,128
222,1000222000000,1000242521501,20.521502,-18.06,128
223,1000223000000,1000242734543,19.734544,3599.93,128
224,1000224000000,1000246286917,22.286917,1639.66,128
225,1000225000000,1000245988330,20.98833,4278.94,128
226,1000226000000,1000247307921,21.307922,6112.55,128
227,1000227000000,1000247826457,20.826457,4284.5,128
228,1000228000000,1000248217933,20.217934,1948.12,128
229,1000229000000,1000252863503,23.863503,3025.36,128
230,1000230000000,1000249592625,19.592626,-31.12,128
231,1000231000000,1000254158087,23.158087,-2590.77,128
232,1000232000000,1000254120281,22.120281,-4442.43,128
233,1000233000000,1000254024304,21.024304,4205.86,128
234,1000234000000,1000255632846,21.632847,3882.89,128
235,1000235000000,1000257158320,22.158321,849.02,128
236,1000236000000,1000256068529,20.068529,-2771.72,128
237,1000237000000,1000259083171,22.083171,24.71,128
238,1000238000000,1000258248879,20.24888,-1917.15,128
239,1000239000000,1000261463359,22.46336,-6483.04,128
240,1000240000000,1000259314786,19.314786,-2577.99,128
241,1000241000000,1000259842825,18.842826,944.41,128
242,1000242000000,1000262884152,20.884152,-4720.81,128
243,1000243000000,1000266675236,23.675237,-11305.93,128
244,1000244000000,1000266641931,22.641932,20.97,128
245,1000245000000,1000263411821,18.411822,-1925.17,128
246,1000246000000,1000268188743,22.188744,-1901.74,128
247,1000247000000,1000266299513,19.299513,359.49,128
248,1000248000000,1000269642158,21.642158,-2247.48,128
249,1000249000000,1000270490529,21.490529,-4947.07,128
250,1000250000000,1000272936857,22.936857,3487.37,128
251,1000251000000,1000270228079,19.228079,-4467.56,128
252,1000252000000,1000275605845,23.605846,553.56,128
253,1000253000000,1000278598824,25.598825,1373.93,128
254,1000254000000,1000272534044,18.534045,1216.65,128
255,1000255000000,1000276142344,21.142345,-5552.49,128
256,1000256000000,1000277662753,21.662753,-3261.79,128
257,1000257000000,1000278274198,21.274199,-1674.58,128
258,1000258000000,1000277520013,19.520014,5258.56,128
259,1000259000000,1000280479368,21.479368,-2596.59,128
260,1000260000000,1000281339545,21.339545,-1533.45,128
261,1000261000000,1000283730144,22.730144,-75.72,128
262,1000262000000,1000283415726,21.415727,1574.66,128
263,1000263000000,1000284375914,21.375915,1342.69,128
264,1000264000000,1000284965121,20.965122,3547.56,128
265,1000265000000,1000285121578,20.121579,-1516.3,128
266,1000266000000,1000286054048,20.054048,3013.52,128
267,1000267000000,1000288490753,21.490753,1234.12,128
268,1000268000000,1000289278466,21.278466,-6546.41,128
269,1000269000000,1000289929344,20.929344,-3092.82,128
270,1000270000000,1000289093251,19.093251,-1928.53,128
271,1000271000000,1000292717754,21.717754,3404.71,128
272,1000272000000,1000296657996,24.657997,1317.04,128
273,1000273000000,1000292002674,19.002674,1649.64,128
274,1000274000000,1000295804114,21.804115,-1870.59,128
275,1000275000000,1000296771078,21.771078,-2810.11,128
276,1000276000000,1000296036946,20.036947,607.53,128
277,1000277000000,1000299830323,22.830323,-734.07,128
278,1000278000000,1000298035822,20.035822,2735.66,128
279,1000279000000,1000304000169,25.000169,-1469.87,128
280,1000280000000,1000298850019,18.85002,-2599.57,128
281,1000281000000,1000303859899,22.859899,-1861.12,128
282,1000282000000,1000303563404,21.563405,2877.13,128
283,1000283000000,1000304123876,21.123877,-1197.04,128
284,1000284000000,1000304309386,20.309386,1514.69,128
285,1000285000000,1000307085063,22.085064,4249.28,128
286,1000286000000,1000307714772,21.714772,-689.19,128
287,1000287000000,1000309141842,22.141842,-2495.9,128
288,1000288000000,1000312806885,24.806886,-3408.03,128
289,1000289000000,1000307177671,18.177672,-1163.68,128
290,1000290000000,1000308277090,18.277091,-1068.33,128
291,1000291000000,1000309967406,18.967406,-551.25,128
292,1000292000000,1000315995320,23.995321,-28.34,128
293,1000293000000,1000312384434,19.384434,1634.06,128
294,1000294000000,1000317579215,23.579216,1994.54,128
295,1000295000000,1000318698710,23.69871,-862.73,128
296,1000296000000,1000317468490,21.468491,-6730.54,128
297,1000297000000,1000316632580,19.63258,-5663.07,128
298,1000298000000,1000322983786,24.983786,-4466.33,128
299,1000299000000,1000322702263,23.702263,3811.83,128
300,1000300000000,1000320330649,20.330649,-1485.84,128
301,1000301000000,1000320614786,19.614787,3827.97,128
302,1000302000000,1000323025785,21.025786,1916.31,128
303,1000303000000,1000323097974,20.097975,428.44,128
304,1000304000000,1000325052004,21.052004,4854.12,128
305,1000305000000,1000329009852,24.009852,2919.0,128
306,1000306000000,1000329825880,23.825881,3625.24,128
307,1000307000000,1000329722456,22.722456,3893.26,128
308,1000308000000,1000331549030,23.54903,-6321.72,128
309,1000309000000,1000330370501,21.370502,2138.83,128
310,1000310000000,1000330027534,20.027535,-4163.59,128
311,1000311000000,1000333017025,22.017026,-2389.41,128
312,1000312000000,1000332608450,20.608451,-825.34,128
313,1000313000000,1000331058661,18.058662,-1523.07,128
314,1000314000000,1000334584427,20.584427,-1362.22,128
315,1000315000000,1000338289549,23.289549,-510.12,128
316,1000316000000,1000334973856,18.973857,3876.09,128
317,1000317000000,1000339937143,22.937144,628.73,128
318,1000318000000,1000340714607,22.714608,3178.78,128
319,1000319000000,1000340956684,21.956684,-923.58,128
320,1000320000000,1000339594931,19.594931,4871.94,128
321,1000321000000,1000341087002,20.087003,847.46,128
322,1000322000000,1000341977435,19.977435,-276.51,128
323,1000323000000,1000345979546,22.979546,-5288.51,128
324,1000324000000,1000348342966,24.342967,-1245.12,128
325,1000325000000,1000344840491,19.840492,-411.99,128
326,1000326000000,1000346881451,20.881451,-1024.97,128
327,1000327000000,1000350238686,23.238687,731.66,128
328,1000328000000,1000350877261,22.877262,31.44,128
329,1000329000000,1000349459023,20.459023,-801.34,128
330,1000330000000,1000350817661,20.817661,-1536.4,128
331,1000331000000,1000357356399,26.356399,3770.43,128
332,1000332000000,1000353060794,21.060795,-3355.76,128
333,1000333000000,1000351831278,18.831278,929.52,128
334,1000334000000,1000354186618,20.186618,-1767.32,128
335,1000335000000,1000360654736,25.654736,-755.17,128
336,1000336000000,1000357110647,21.110648,-2386.41,128
337,1000337000000,1000358138867,21.138867,-5124.83,128
338,1000338000000,1000362226021,24.226021,5572.69,128
339,1000339000000,1000360549994,21.549994,-1545.35,128
340,1000340000000,1000362752922,22.752923,-1310.06,128
341,1000341000000,1000360047817,19.047817,-2279.38,128
342,1000342000000,1000365140565,23.140565,-1329.91,128
343,1000343000000,1000363434734,20.434734,-1954.64,128
344,1000344000000,1000362673791,18.673792,-6720.11,128
345,1000345000000,1000365843153,20.843153,-5048.91,128
346,1000346000000,1000366901377,20.901378,2313.76,128
347,1000347000000,1000367734048,20.734048,-52.9,128
348,1000348000000,1000368704431,20.704432,7513.28,128
349,1000349000000,1000370289352,21.289353,4644.86,128
350,1000350000000,1000373098837,23.098838,535.92,128
351,1000351000000,1000371346727,20.346727,3450.71,128
352,1000352000000,1000374650540,22.650541,2804.1,128
353,1000353000000,1000376533367,23.533367,-2507.31,128
354,1000354000000,1000377330900,23.3309,-6269.86,128
355,1000355000000,1000378248778,23.248779,3374.67,128
356,1000356000000,1000378994672,22.994672,-458.95,128
357,1000357000000,1000375677552,18.677552,-3246.27,128
358,1000358000000,1000381320822,23.320823,-2214.15,128
359,1000359000000,1000380562763,21.562763,-4694.03,128
360,1000360000000,1000376597606,16.597606,-6531.21,128
361,1000361000000,1000379983500,18.9835,-1020.65,128
362,1000362000000,1000383012976,21.012976,2182.79,128
363,1000363000000,1000385550007,22.550007,-3035.66,128
364,1000364000000,1000385205098,21.205099,-1279.25,128
365,1000365000000,1000386260649,21.260649,5482.7,128
366,1000366000000,1000385278457,19.278458,-2145.43,128
367,1000367000000,1000387997599,20.9976,-2073.93,128
368,1000368000000,1000389106162,21.106163,1647.43,128
369,1000369000000,1000391616396,22.616397,3162.01,128
370,1000370000000,1000390275682,20.275683,-2580.59,128
371,1000371000000,1000394428130,23.42813,808.26,128
372,1000372000000,1000392614831,20.614832,-1841.56,128
373,1000373000000,1000392961997,19.961997,-1638.88,128
374,1000374000000,1000394720190,20.720191,-2066.9,128
375,1000375000000,1000396272904,21.272905,-1777.09,128
376,1000376000000,1000396759321,20.759322,-1363.4,128
377,1000377000000,1000399131493,22.131493,-3055.16,128
378,1000378000000,1000397500117,19.500118,-922.06,128
379,1000379000000,1000401277934,22.277935,914.56,128
380,1000380000000,1000397511816,17.511817,-616.57,128
381,1000381000000,1000406834235,25.834235,-3073.34,128
382,1000382000000,1000404053900,22.0539,3327.84,128
383,1000383000000,1000401653932,18.653932,3463.79,128
384,1000384000000,1000406023696,22.023697,-92.29,128
385,1000385000000,1000404905689,19.90569,333.29,128
386,1000386000000,1000407457846,21.457846,-3115.84,128
387,1000387000000,1000408753658,21.753659,1593.56,128
388,1000388000000,1000408523007,20.523007,806.85,128
389,1000389000000,1000410079656,21.079656,-2202.56,128
390,1000390000000,1000412148977,22.148977,-3436.34,128
391,1000391000000,1000414646261,23.646261,-1486.73,128
392,1000392000000,1000414957994,22.957994,942.7,128
393,1000393000000,1000415791023,22.791024,-305.73,128
394,1000394000000,1000414137367,20.137368,247.01,128
395,1000395000000,1000416022253,21.022253,2081.26,128
396,1000396000000,1000417328610,21.32861,1488.2,128
397,1000397000000,1000418707590,21.70759,-3417.29,128
398,1000398000000,1000419842274,21.842275,-3972.05,128
399,1000399000000,1000418131373,19.131373,1789.42,128
400,1000400000000,1000420968012,20.968012,1555.69,128
401,1000401000000,1000422040942,21.040942,-1132.15,128
402,1000402000000,1000421947546,19.947546,909.86,128
403,1000403000000,1000423951345,20.951346,951.64,128
404,1000404000000,1000427250164,23.250164,4392.08,128
405,1000405000000,1000431618774,26.618775,1944.12,128
406,1000406000000,1000428789831,22.789831,5563.26,128
407,1000407000000,1000429224683,22.224684,2299.55,128
408,1000408000000,1000425610767,17.610768,-5902.64,128
409,1000409000000,1000430259221,21.259221,-1350.61,128
410,1000410000000,1000432428844,22.428844,-4418.0,128
411,1000411000000,1000430247098,19.247098,-468.74,128
412,1000412000000,1000429809623,17.809623,-638.63,128
413,1000413000000,1000437020671,24.020671,3374.75,128
414,1000414000000,1000435315451,21.315452,318.37,128
415,1000415000000,1000436135374,21.135375,-269.68,128
416,1000416000000,1000436602344,20.602344,-273.96,128
417,1000417000000,1000439083181,22.083181,-986.71,128
418,1000418000000,1000439763715,21.763715,3647.48,128
419,1000419000000,1000442228710,23.228711,2902.32,128
420,1000420000000,1000442294015,22.294016,-69.57,128
421,1000421000000,1000443587301,22.587302,1211.04,128
422,1000422000000,1000442873551,20.873552,4099.96,128
423,1000423000000,1000444663577,21.663577,2024.61,128
424,1000424000000,1000445652299,21.652299,-4739.94,128
425,1000425000000,1000451326397,26.326397,4329.36,128
426,1000426000000,1000447710056,21.710056,3119.13,128
427,1000427000000,1000445000884,18.000885,2802.27,128
428,1000428000000,1000447978035,19.978035,1083.15,128
429,1000429000000,1000448312404,19.312404,3078.49,128
430,1000430000000,1000451607208,21.607209,-573.85,128
431,1000431000000,1000450791365,19.791366,2857.4,128
432,1000432000000,1000454801312,22.801313,-2299.25,128
433,1000433000000,1000450484602,17.484602,2729.9,128
434,1000434000000,1000452542624,18.542624,6354.82,128
435,1000435000000,1000458631151,23.631151,3914.79,128
436,1000436000000,1000458091547,22.091548,1933.6,128
437,1000437000000,1000460479039,23.479039,-2081.17,128
438,1000438000000,1000457434288,19.434289,1672.64,128
439,1000439000000,1000457163861,18.163862,1007.66,128
440,1000440000000,1000460399094,20.399095,709.91,128
441,1000441000000,1000461670038,20.670039,3416.95,128
442,1000442000000,1000464318379,22.31838,12.44,128
443,1000443000000,1000466137115,23.137116,-1543.75,128
444,1000444000000,1000466359871,22.359872,-4794.51,128
445,1000445000000,1000471175290,26.17529,2880.17,128
446,1000446000000,1000467909771,21.909772,2475.07,128
447,1000447000000,1000465740203,18.740203,3757.64,128
448,1000448000000,1000467570360,19.570361,3211.26,128
449,1000449000000,1000472744092,23.744093,-1661.3,128
450,1000450000000,1000473005378,23.005378,-3094.8,128
451,1000451000000,1000475091984,24.091985,-3720.95,128
452,1000452000000,1000472222974,20.222975,538.83,128
453,1000453000000,1000475220691,22.220691,1341.04,128
454,1000454000000,1000477265481,23.265481,1385.2,128
455,1000455000000,1000475635303,20.635303,2869.4,128
456,1000456000000,1000476101515,20.101516,963.81,128
457,1000457000000,1000477658756,20.658757,-1498.33,128
458,1000458000000,1000480319011,22.319011,2117.49,128
459,1000459000000,1000480546955,21.546955,2402.07,128
460,1000460000000,1000480857240,20.857241,-2982.22,128
461,1000461000000,1000486241446,25.241446,1802.05,128
462,1000462000000,1000486806559,24.80656,-2212.6,128
463,1000463000000,1000483970417,20.970418,-479.99,128
464,1000464000000,1000482941941,18.941941,-161.47,128
465,1000465000000,1000487652394,22.652395,3906.62,128
466,1000466000000,1000487580720,21.58072,423.64,128
467,1000467000000,1000484477166,17.477166,1344.66,128
468,1000468000000,1000489063650,21.063651,-1799.79,128
469,1000469000000,1000488840068,19.840069,-1991.95,128
470,1000470000000,1000489679297,19.679297,-1284.74,128
471,1000471000000,1000492911759,21.91176,344.6,128
472,1000472000000,1000492075918,20.075919,915.1,128
473,1000473000000,1000492158058,19.158059,592.95,128
474,1000474000000,1000497528081,23.528081,-1291.51,128
475,1000475000000,1000495237415,20.237415,-2632.23,128
476,1000476000000,1000497152509,21.152509,-3114.12,128
477,1000477000000,1000498106387,21.106388,579.76,128
478,1000478000000,1000496842666,18.842666,-661.78,128
479,1000479000000,1000498897943,19.897943,548.71,128
480,1000480000000,1000504657927,24.657927,-2606.84,128
481,1000481000000,1000504263432,23.263433,1482.22,128
482,1000482000000,1000504847604,22.847604,-379.63,128
483,1000483000000,1000502992719,19.992719,-1683.02,128
484,1000484000000,1000504847454,20.847454,-4192.81,128
485,1000485000000,1000505363266,20.363266,124.62,128
486,1000486000000,1000506249018,20.249019,764.42,128
487,1000487000000,1000507286035,20.286036,-2765.06,128
488,1000488000000,1000508472477,20.472477,-5824.24,128
489,1000489000000,1000511122800,22.122801,-3714.14,128
490,1000490000000,1000509467523,19.467524,-2358.57,128
491,1000491000000,1000514305015,23.305016,-3200.88,128
492,1000492000000,1000514419254,22.419254,-5112.04,128
493,1000493000000,1000516253434,23.253435,1325.8,128
494,1000494000000,1000513832770,19.832771,511.47,128
495,1000495000000,1000513823141,18.823141,-137.47,128
496,1000496000000,1000513023952,17.023953,222.98,128
497,1000497000000,1000517087816,20.087817,-572.6,128
498,1000498000000,1000522792064,24.792065,-1942.86,128
499,1000499000000,1000516606933,17.606933,-2270.32,128
500,1000500000000,1000522899740,22.899741,10357.52,128
501,1000501000000,1000521666122,20.666123,1750.79,128
502,1000502000000,1000519344102,17.344103,-1151.96,128
503,1000503000000,1000524874949,21.87495,-1985.56,128
504,1000504000000,1000523814562,19.814563,2150.74,128
505,1000505000000,1000526873839,21.87384,1014.26,128
506,1000506000000,1000525123495,19.123496,746.45,128
507,1000507000000,1000529045314,22.045314,-7492.89,128
508,1000508000000,1000530116334,22.116334,-1002.76,128
509,1000509000000,1000528442851,19.442852,-3255.24,128
510,1000510000000,1000528233677,18.233678,1502.98,128
511,1000511000000,1000534198587,23.198588,5258.15,128
512,1000512000000,1000534533047,22.533048,4748.32,128
513,1000513000000,1000531982368,18.982369,544.37,128
514,1000514000000,1000535834801,21.834801,-92.81,128
515,1000515000000,1000538445255,23.445256,-295.98,128
516,1000516000000,1000536716654,20.716654,5721.46,128
517,1000517000000,1000537771422,20.771423,-1174.09,128
518,1000518000000,1000540457667,22.457668,254.61,128
519,1000519000000,1000541320568,22.320569,3964.57,128
520,1000520000000,1000540833764,20.833765,724.11,128
521,1000521000000,1000541851820,20.85182,-626.27,128
522,1000522000000,1000543222371,21.222371,3436.78,128
523,1000523000000,1000541852284,18.852284,6780.93,128
524,1000524000000,1000546468848,22.468848,-1037.1,128
525,1000525000000,1000541044498,16.044499,-4117.54,128
526,1000526000000,1000546422919,20.42292,-1509.57,128
527,1000527000000,1000547973174,20.973174,2713.25,128
528,1000528000000,1000547119587,19.119587,2015.77,128
529,1000529000000,1000548026598,19.026599,-6658.03,128
530,1000530000000,1000552117915,22.117915,2961.98,128
531,1000531000000,1000551977331,20.977332,2740.6,128
532,1000532000000,1000552460926,20.460927,-6367.74,128
533,1000533000000,1000554889938,21.889939,-2670.59,128
534,1000534000000,1000553726056,19.726057,-1180.13,128
535,1000535000000,1000554906019,19.90602,1515.87,128
536,1000536000000,1000556202331,20.202332,430.53,128
537,1000537000000,1000557735827,20.735828,292.33,128
538,1000538000000,1000565819814,27.819815,-1771.68,128
539,1000539000000,1000561523390,22.52339,-1550.21,128
540,1000540000000,1000561472848,21.472849,2373.12,128
541,1000541000000,1000561850577,20.850578,56.12,128
542,1000542000000,1000565184914,23.184914,-2205.12,128
543,1000543000000,1000563242083,20.242083,5628.42,128
544,1000544000000,1000563524196,19.524196,-496.46,128
545,1000545000000,1000565208624,20.208625,1643.53,128
546,1000546000000,1000567994390,21.99439,3299.16,128
547,1000547000000,1000567179530,20.179531,-1843.24,128
548,1000548000000,1000569839886,21.839887,2765.68,128
549,1000549000000,1000568293085,19.293085,1345.36,128
550,1000550000000,1000571432846,21.432846,1371.55,128
551,1000551000000,1000574124725,23.124725,1739.38,128
552,1000552000000,1000575686877,23.686878,-4944.16,128
553,1000553000000,1000575455030,22.45503,2091.74,128
554,1000554000000,1000576900167,22.900167,4570.79,128
555,1000555000000,1000576478478,21.478478,4453.79,128
556,1000556000000,1000577463545,21.463545,3360.28,128
557,1000557000000,1000580827692,23.827692,-2419.2,128
558,1000558000000,1000581601412,23.601413,-2711.06,128
559,1000559000000,1000581216590,22.21659,-1667.12,128
560,1000560000000,1000583407378,23.407378,-2747.54,128
561,1000561000000,1000580539183,19.539184,3530.28,128
562,1000562000000,1000582356142,20.356142,7602.19,128
563,1000563000000,1000584556700,21.5567,-2386.87,128
564,1000564000000,1000583751338,19.751339,-5438.24,128
565,1000565000000,1000585410632,20.410633,-1880.84,128
566,1000566000000,1000584296488,18.296488,4424.41,128
567,1000567000000,1000586747197,19.747197,-388.33,128
568,1000568000000,1000591571544,23.571545,477.01,128
569,1000569000000,1000589517840,20.517841,2856.14,128
570,1000570000000,1000589840252,19.840252,-4940.78,128
571,1000571000000,1000589587339,18.587339,3761.41,128
572,1000572000000,1000594083968,22.083969,4309.46,128
573,1000573000000,1000594344705,21.344706,4762.08,128
574,1000574000000,1000598808708,24.808709,2421.74,128
575,1000575000000,1000597202834,22.202835,-5709.72,128
576,1000576000000,1000593570105,17.570105,2737.79,128
577,1000577000000,1000596143962,19.143962,-141.45,128
578,1000578000000,1000599334388,21.334389,-1012.31,128
579,1000579000000,1000599043816,20.043817,-1984.0,128
580,1000580000000,1000605062329,25.062329,-3261.71,128
581,1000581000000,1000602723732,21.723733,-304.43,128
582,1000582000000,1000600246251,18.246252,-1445.07,128
583,1000583000000,1000607246932,24.246932,1003.99,128
584,1000584000000,1000605481761,21.481761,-1988.68,128
585,1000585000000,1000608202643,23.202644,-2442.74,128
586,1000586000000,1000609425315,23.425315,524.67,128
587,1000587000000,1000609013892,22.013893,-2033.39,128
588,1000588000000,1000608232415,20.232415,1220.09,128
589,1000589000000,1000611044182,22.044182,-3339.19,128
590,1000590000000,1000610639845,20.639846,-300.2,128
591,1000591000000,1000611823388,20.823388,2016.36,128
592,1000592000000,1000615333219,23.333219,-3970.72,128
593,1000593000000,1000615299292,22.299293,1492.53,128
594,1000594000000,1000613664215,19.664215,-3260.92,128
595,1000595000000,1000616356494,21.356494,3670.75,128
596,1000596000000,1000618450279,22.45028,3518.76,128
597,1000597000000,1000619279276,22.279277,-174.39,128
598,1000598000000,1000619012977,21.012977,-2854.55,128
599,1000599000000,1000620259934,21.259935,-380.23,128
600,1000600000000,1000618039683,18.039684,2949.86,128
601,1000601000000,1000620264002,19.264002,-4014.43,128
602,1000602000000,1000625320144,23.320145,2999.24,128
603,1000603000000,1000625635124,22.635125,-5.41,128
604,1000604000000,1000626948202,22.948202,-4215.95,128
605,1000605000000,1000623865075,18.865076,-2901.19,128
606,1000606000000,1000624527065,18.527065,-665.72,128
607,1000607000000,1000627226151,20.226151,-939.87,128
608,1000608000000,1000629010941,21.010941,-362.27,128
609,1000609000000,1000630453192,21.453193,-5143.84,128
610,1000610000000,1000634084101,24.084101,-4204.39,128
611,1000611000000,1000631301592,20.301593,-5408.06,128
612,1000612000000,1000633176685,21.176686,2108.1,128
613,1000613000000,1000635438385,22.438386,4566.77,128
614,1000614000000,1000638128187,24.128188,750.62,128
615,1000615000000,1000637376337,22.376338,-542.91,128
616,1000616000000,1000635983117,19.983118,293.14,128
617,1000617000000,1000637643187,20.643188,3370.08,128
618,1000618000000,1000639993190,21.99319,-1855.94,128
619,1000619000000,1000642430892,23.430893,-3088.42,128
620,1000620000000,1000641538974,21.538975,1535.86,128
621,1000621000000,1000641138372,20.138373,-4764.69,128
622,1000622000000,1000644958513,22.958513,1745.87,128
623,1000623000000,1000644002847,21.002848,984.16,128
624,1000624000000,1000647421609,23.42161,3843.8,128
625,1000625000000,1000645744984,20.744985,-1615.1,128
626,1000626000000,1000645736116,19.736116,5986.87,128
627,1000627000000,1000651416214,24.416214,1115.66,128
628,1000628000000,1000648658471,20.658471,-2518.31,128
629,1000629000000,1000646918320,17.91832,-2487.45,128
630,1000630000000,1000651844827,21.844827,1308.27,128
631,1000631000000,1000653266813,22.266814,-4005.96,128
632,1000632000000,1000652960389,20.96039,2643.07,128
633,1000633000000,1000653975940,20.975941,1264.67,128
634,1000634000000,1000653660632,19.660633,5053.77,128
635,1000635000000,1000659551953,24.551953,3475.29,128
636,1000636000000,1000658175204,22.175204,5197.76,128
637,1000637000000,1000660551894,23.551894,2479.96,128
638,1000638000000,1000660462045,22.462046,-700.44,128
639,1000639000000,1000660666401,21.666401,2753.66,128
640,1000640000000,1000663706346,23.706347,-2446.32,128
641,1000641000000,1000660165238,19.165239,1318.92,128
642,1000642000000,1000663699862,21.699862,-2037.73,128
643,1000643000000,1000662535459,19.53546,2121.53,128
644,1000644000000,1000665085769,21.08577,1704.25,128
645,1000645000000,1000669905388,24.905389,3487.02,128
646,1000646000000,1000671060743,25.060743,393.23,128
647,1000647000000,1000670899302,23.899302,-5047.78,128
648,1000648000000,1000666984679,18.98468,699.46,128
649,1000649000000,1000667941259,18.94126,-2527.39,128
650,1000650000000,1000673761751,23.761752,-5089.29,128
651,1000651000000,1000675435067,24.435068,193.21,128
652,1000652000000,1000669876089,17.87609,1966.55,128
653,1000653000000,1000677140488,24.140489,-277.46,128
654,1000654000000,1000675828412,21.828413,-4385.04,128
655,1000655000000,1000676834952,21.834953,675.02,128
656,1000656000000,1000679103647,23.103648,-2545.1,128
657,1000657000000,1000678832635,21.832635,1277.48,128
658,1000658000000,1000677398667,19.398667,610.88,128
659,1000659000000,1000681931802,22.931803,-4052.78,128
660,1000660000000,1000679819558,19.819559,4691.78,128
661,1000661000000,1000682060099,21.0601,1580.36,128
662,1000662000000,1000684550161,22.550161,2229.88,128
663,1000663000000,1000684952870,21.952871,3219.61,128
664,1000664000000,1000684640863,20.640864,2692.27,128
665,1000665000000,1000689370268,24.370268,378.48,128
666,1000666000000,1000685935390,19.93539,-1484.6,128
667,1000667000000,1000687326524,20.326524,3275.69,128
668,1000668000000,1000690381935,22.381935,-240.86,128
669,1000669000000,1000694695075,25.695075,-194.5,128
670,1000670000000,1000691921348,21.921348,-2071.08,128
671,1000671000000,1000692128524,21.128524,-5715.27,128
672,1000672000000,1000692637508,20.637508,-1439.86,128
673,1000673000000,1000694608358,21.608358,2767.78,128
674,1000674000000,1000698111139,24.11114,-1641.57,128
675,1000675000000,1000695496482,20.496483,-1670.01,128
676,1000676000000,1000698212257,22.212258,2520.3,128
677,1000677000000,1000698681803,21.681804,-4431.27,128
678,1000678000000,1000698538437,20.538437,4828.46,128
679,1000679000000,1000700105199,21.1052,-3576.35,128
680,1000680000000,1000698096362,18.096362,-5142.53,128
681,1000681000000,1000698295872,17.295873,-1344.48,128
682,1000682000000,1000704373551,22.373552,-1092.26,128
683,1000683000000,1000707390184,24.390184,7490.71,128
684,1000684000000,1000706587134,22.587135,-3416.85,128
685,1000685000000,1000707433269,22.433269,400.79,128
686,1000686000000,1000711389991,25.389991,2192.56,128
687,1000687000000,1000711774934,24.774935,-7379.73,128
688,1000688000000,1000713225347,25.225347,-231.08,128
689,1000689000000,1000712520588,23.520588,455.0,128
690,1000690000000,1000712671064,22.671064,1030.98,128
691,1000691000000,1000712913267,21.913267,-2408.15,128
692,1000692000000,1000715945063,23.945064,2728.28,128
693,1000693000000,1000712675870,19.675871,-808.72,128
694,1000694000000,1000716375437,22.375438,-7631.56,128
695,1000695000000,1000714700592,19.700593,-618.85,128
696,1000696000000,1000718125783,22.125784,3460.84,128
697,1000697000000,1000717795278,20.795279,-2073.27,128
698,1000698000000,1000723125263,25.125263,7741.25,128
699,1000699000000,1000717096019,18.096019,2128.33,128
700,1000700000000,1000720072221,20.072221,972.59,128
701,1000701000000,1000723086624,22.086625,2042.04,128
702,1000702000000,1000724995632,22.995632,-8661.01,128
703,1000703000000,1000725990137,22.990138,1077.81,128
704,1000704000000,1000726775895,22.775895,3034.5,128
705,1000705000000,1000722572736,17.572736,1453.21,128
706,1000706000000,1000726745183,20.745184,2913.05,128
707,1000707000000,1000724442520,17.442521,167.41,128
708,1000708000000,1000731819390,23.81939,4838.03,128
709,1000709000000,1000730323597,21.323598,2196.35,128
710,1000710000000,1000728684757,18.684757,3041.29,128
711,1000711000000,1000732803635,21.803635,243.45,128
712,1000712000000,1000732235553,20.235554,-6516.06,128
713,1000713000000,1000736284805,23.284806,-3216.23,128
714,1000714000000,1000735859263,21.859263,3016.23,128
715,1000715000000,1000735145465,20.145465,6472.16,128
716,1000716000000,1000736411244,20.411244,-6517.42,128
717,1000717000000,1000738858664,21.858665,-3241.26,128
718,1000718000000,1000739744012,21.744013,-1635.79,128
719,1000719000000,1000738050497,19.050498,-4555.66,128
720,1000720000000,1000740407173,20.407174,-6116.22,128
721,1000721000000,1000741920614,20.920614,2463.14,128
722,1000722000000,1000741474888,19.474888,-269.07,128
723,1000723000000,1000746099383,23.099383,1610.42,128
724,1000724000000,1000743032806,19.032807,-6902.34,128
725,1000725000000,1000749156900,24.156901,-1700.16,128
726,1000726000000,1000752025635,26.025636,7056.41,128
727,1000727000000,1000746840135,19.840135,1724.39,128
728,1000728000000,1000748948691,20.948692,1893.03,128
729,1000729000000,1000752158711,23.158711,-3186.26,128
730,1000730000000,1000750621093,20.621094,393.37,128
731,1000731000000,1000754897807,23.897807,-757.11,128
732,1000732000000,1000749901672,17.901673,-4448.8,128
733,1000733000000,1000753755012,20.755013,1939.28,128
734,1000734000000,1000757107169,23.107169,-1453.6,128
735,1000735000000,1000758383899,23.383899,1086.19,128
736,1000736000000,1000758604915,22.604915,-3337.06,128
737,1000737000000,1000756463496,19.463497,-905.72,128
738,1000738000000,1000765012403,27.012403,-4089.63,128
739,1000739000000,1000761547816,22.547816,-4715.17,128
740,1000740000000,1000760518811,20.518811,2441.28,128
741,1000741000000,1000764530654,23.530654,2704.01,128
742,1000742000000,1000764344713,22.344714,-3535.17,128
743,1000743000000,1000765348660,22.348661,-1462.8,128
744,1000744000000,1000766876615,22.876615,1846.65,128
745,1000745000000,1000769021290,24.02129,999.77,128
746,1000746000000,1000769663532,23.663532,-2274.63,128
747,1000747000000,1000767943223,20.943223,-287.11,128
748,1000748000000,1000770667979,22.66798,6964.79,128
749,1000749000000,1000768495467,19.495468,-476.98,128
750,1000750000000,1000775141485,25.141486,80.76,128
751,1000751000000,1000770957377,19.957377,5480.37,128
752,1000752000000,1000774316702,22.316702,-2427.27,128
753,1000753000000,1000774032365,21.032366,-3884.24,128
754,1000754000000,1000777829173,23.829173,1061.1,128
755,1000755000000,1000775117663,20.117663,4823.67,128
756,1000756000000,1000776113942,20.113942,921.56,128
757,1000757000000,1000779523472,22.523473,-1482.29,128
758,1000758000000,1000777669906,19.669906,-3246.81,128
759,1000759000000,1000782343330,23.343331,-1712.87,128
760,1000760000000,1000786249470,26.24947,1178.24,128
761,1000761000000,1000785041569,24.041569,1334.42,128
762,1000762000000,1000787110159,25.11016,1000.96,128
763,1000763000000,1000783219198,20.219199,-505.14,128
764,1000764000000,1000788899925,24.899926,-1840.23,128
765,1000765000000,1000786082447,21.082448,-594.03,128
766,1000766000000,1000785395757,19.395758,1641.82,128
767,1000767000000,1000790553303,23.553303,1951.66,128
768,1000768000000,1000788118837,20.118838,3230.6,128
769,1000769000000,1000790340423,21.340424,3290.85,128
770,1000770000000,1000795383004,25.383004,-834.86,128
771,1000771000000,1000793087540,22.08754,-1161.39,128
772,1000772000000,1000789360445,17.360446,8652.88,128
773,1000773000000,1000795816541,22.816542,-2300.04,128
774,1000774000000,1000794766569,20.76657,-2287.21,128
775,1000775000000,1000793884771,18.884771,-1142.92,128
776,1000776000000,1000798155035,22.155035,3998.67,128
777,1000777000000,1000797370191,20.370191,4791.12,128
778,1000778000000,1000798162383,20.162383,-811.12,128
779,1000779000000,1000801169457,22.169458,3443.16,128
780,1000780000000,1000802039785,22.039785,3551.88,128
781,1000781000000,1000801526008,20.526008,-2367.72,128
782,1000782000000,1000801027011,19.027012,-2463.21,128
783,1000783000000,1000803784778,20.784779,-5308.37,128
784,1000784000000,1000802019565,18.019565,531.67,128
785,1000785000000,1000807095392,22.095392,-4449.18,128
786,1000786000000,1000810491373,24.491373,958.17,128
787,1000787000000,1000810311551,23.311552,1239.49,128
788,1000788000000,1000810022506,22.022507,-1887.34,128
789,1000789000000,1000809717345,20.717345,-2004.24,128
790,1000790000000,1000808663806,18.663806,5735.48,128
791,1000791000000,1000809925689,18.925689,352.29,128
792,1000792000000,1000812764990,20.764991,289.11,128
793,1000793000000,1000813056702,20.056702,-3784.73,128
794,1000794000000,1000816207266,22.207266,-2193.79,128
795,1000795000000,1000820866036,25.866036,97.75,128
796,1000796000000,1000817750022,21.750023,8191.49,128
797,1000797000000,1000816264959,19.264959,947.88,128
798,1000798000000,1000821733590,23.73359,-4160.82,128
799,1000799000000,1000819777034,20.777034,-2794.32,128
800,1000800000000,1000818594234,18.594234,2193.62,128
801,1000801000000,1000820753498,19.753499,896.58,128
802,1000802000000,1000819899811,17.899811,-3789.46,128
803,1000803000000,1000822172012,19.172013,-6800.98,128
804,1000804000000,1000827327208,23.327208,-137.96,128
805,1000805000000,1000825123853,20.123854,462.85,128
806,1000806000000,1000829601491,23.601491,-2132.82,128
807,1000807000000,1000830071555,23.071555,4019.53,128
808,1000808000000,1000830124007,22.124008,-311.05,128
809,1000809000000,1000832358442,23.358442,2520.17,128
810,1000810000000,1000829441277,19.441278,1120.42,128
811,1000811000000,1000828312773,17.312773,-3497.06,128
812,1000812000000,1000828203518,16.203518,3471.59,128
813,1000813000000,1000831915050,18.915051,3986.09,128
814,1000814000000,1000835395000,21.395001,-2914.27,128
815,1000815000000,1000837870164,22.870164,-80.55,128
816,1000816000000,1000835415350,19.41535,-238.3,128
817,1000817000000,1000840603613,23.603613,6682.99,128
818,1000818000000,1000839917272,21.917273,-1295.56,128
819,1000819000000,1000840970211,21.970211,-461.34,128
820,1000820000000,1000842495601,22.495602,2516.53,128
821,1000821000000,1000843152426,22.152426,3994.0,128
822,1000822000000,1000846905919,24.90592,2708.54,128
823,1000823000000,1000843691343,20.691343,-461.21,128
824,1000824000000,1000845761324,21.761324,2108.27,128
825,1000825000000,1000849891729,24.891729,4408.15,128
826,1000826000000,1000847163622,21.163623,-2771.6,128
827,1000827000000,1000845692101,18.692102,-453.93,128
828,1000828000000,1000847854687,19.854687,3572.05,128
829,1000829000000,1000850590118,21.590119,-1492.68,128
830,1000830000000,1000852895024,22.895024,-1980.83,128
831,1000831000000,1000850108114,19.108115,-193.34,128
832,1000832000000,1000852638804,20.638804,103.78,128
833,1000833000000,1000854014780,21.01478,-380.86,128
834,1000834000000,1000855836927,21.836927,-506.64,128
835,1000835000000,1000856516132,21.516132,-667.63,128
836,1000836000000,1000854891716,18.891717,6583.69,128
837,1000837000000,1000856810271,19.810272,1651.38,128
838,1000838000000,1000858779040,20.77904,-2213.0,128
839,1000839000000,1000860466178,21.466179,3896.12,128
840,1000840000000,1000861626900,21.626901,-1645.23,128
841,1000841000000,1000864956992,23.956992,1801.67,128
842,1000842000000,1000862878526,20.878526,-1908.67,128
843,1000843000000,1000865688986,22.688986,-1634.23,128
844,1000844000000,1000864665531,20.665531,1948.99,128
845,1000845000000,1000865967232,20.967232,139.85,128
846,1000846000000,1000867897716,21.897717,3402.11,128
847,1000847000000,1000867642157,20.642157,-954.66,128
848,1000848000000,1000869308726,21.308726,-2616.72,128
849,1000849000000,1000872567481,23.567481,-4433.59,128
850,1000850000000,1000870775366,20.775366,-1202.82,128
851,1000851000000,1000871719418,20.719418,3272.97,128
852,1000852000000,1000878234702,26.234703,-762.41,128
853,1000853000000,1000873423630,20.423631,-2877.1,128
854,1000854000000,1000872577783,18.577784,390.59,128
855,1000855000000,1000874488966,19.488967,4803.82,128
856,1000856000000,1000873093717,17.093717,6064.92,128
857,1000857000000,1000878352657,21.352658,-2129.68,128
858,1000858000000,1000879672222,21.672223,330.29,128
859,1000859000000,1000879823919,20.82392,-3171.69,128
860,1000860000000,1000882230877,22.230878,3337.31,128
861,1000861000000,1000883612961,22.612962,3242.77,128
862,1000862000000,1000880861242,18.861243,2662.24,128
863,1000863000000,1000882206404,19.206405,-4149.2,128
864,1000864000000,1000885319264,21.319264,51.8,128
865,1000865000000,1000885267350,20.267351,2481.87,128
866,1000866000000,1000885895059,19.89506,4659.89,128
867,1000867000000,1000887200187,20.200187,3339.6,128
868,1000868000000,1000889627238,21.627239,3391.1,128
869,1000869000000,1000888132803,19.132804,-1201.62,128
870,1000870000000,1000893409237,23.409238,-1193.93,128
871,1000871000000,1000891863195,20.863196,-2798.79,128
872,1000872000000,1000895510995,23.510996,-3069.73,128
873,1000873000000,1000896451947,23.451948,3219.4,128
874,1000874000000,1000893683978,19.683979,1173.06,128
875,1000875000000,1000895021834,20.021835,5340.98,128
876,1000876000000,1000894604524,18.604525,3037.25,128
877,1000877000000,1000903112434,26.112434,-1844.84,128
878,1000878000000,1000901137134,23.137134,3360.95,128
879,1000879000000,1000900362750,21.36275,-1562.74,128
880,1000880000000,1000901690476,21.690477,940.75,128
881,1000881000000,1000898741451,17.741452,6205.69,128
882,1000882000000,1000902556293,20.556293,-2534.66,128
883,1000883000000,1000902137848,19.137849,267.63,128
884,1000884000000,1000906523312,22.523312,2513.16,128
885,1000885000000,1000909835133,24.835133,-6723.01,128
886,1000886000000,1000908378259,22.378259,229.77,128
887,1000887000000,1000904953332,17.953333,-1477.66,128
888,1000888000000,1000908352248,20.352248,3819.65,128
889,1000889000000,1000907711852,18.711853,-1655.24,128
890,1000890000000,1000912023005,22.023006,2549.75,128
891,1000891000000,1000910017630,19.01763,811.5,128
892,1000892000000,1000914396455,22.396455,-2007.82,128
893,1000893000000,1000915584687,22.584687,-4737.16,128
894,1000894000000,1000914882873,20.882873,-5238.74,128
895,1000895000000,1000917057343,22.057343,-2233.53,128
896,1000896000000,1000918689011,22.689012,2651.11,128
897,1000897000000,1000918220791,21.220792,1475.23,128
898,1000898000000,1000919008179,21.008179,-6017.58,128
899,1000899000000,1000919760385,20.760385,714.98,128
900,1000900000000,1000919543560,19.543561,-1629.08,128
901,1000901000000,1000922121684,21.121685,-2510.61,128
902,1000902000000,1000920729298,18.729299,-4547.51,128
903,1000903000000,1000927967371,24.967371,974.78,128
904,1000904000000,1000924839160,20.839161,518.77,128
905,1000905000000,1000927124578,22.124579,2122.48,128
906,1000906000000,1000926381246,20.381246,-721.52,128
907,1000907000000,1000929652805,22.652805,3692.3,128
908,1000908000000,1000929537827,21.537828,-1211.55,128
909,1000909000000,1000928773133,19.773133,-1431.38,128
910,1000910000000,1000929029350,19.029351,-1225.3,128
911,1000911000000,1000932683287,21.683287,1734.01,128
912,1000912000000,1000933382611,21.382612,-1341.96,128
913,1000913000000,1000936204466,23.204467,3246.78,128
914,1000914000000,1000935888388,21.888388,1436.72,128
915,1000915000000,1000933746064,18.746065,-1232.18,128
916,1000916000000,1000937419590,21.419591,5846.5,128
917,1000917000000,1000936900682,19.900683,-2021.54,128
918,1000918000000,1000940487270,22.487271,1961.36,128
919,1000919000000,1000940712043,21.712043,-562.33,128
920,1000920000000,1000940769045,20.769045,2428.14,128
921,1000921000000,1000945433168,24.433168,-2591.5,128
922,1000922000000,1000942760345,20.760346,1022.61,128
923,1000923000000,1000945520886,22.520886,1856.83,128
924,1000924000000,1000945696340,21.69634,-4520.68,128
925,1000925000000,1000948361881,23.361881,-3225.54,128
926,1000926000000,1000946005854,20.005854,126.6,128
927,1000927000000,1000945596228,18.596229,3195.97,128
928,1000928000000,1000949486747,21.486747,772.43,128
929,1000929000000,1000954143300,25.143301,-3333.32,128
930,1000930000000,1000950032051,20.032051,-2266.57,128
931,1000931000000,1000953882208,22.882209,102.09,128
932,1000932000000,1000950450475,18.450476,-4454.17,128
933,1000933000000,1000953965141,20.965142,553.88,128
934,1000934000000,1000954977105,20.977105,-3284.11,128
935,1000935000000,1000955721600,20.7216,2065.04,128
936,1000936000000,1000958790798,22.790799,6333.53,128
937,1000937000000,1000958069912,21.069913,1657.0,128
938,1000938000000,1000958351150,20.35115,1174.92,128
939,1000939000000,1000962336438,23.336439,-4955.31,128
940,1000940000000,1000962593164,22.593165,4014.32,128
941,1000941000000,1000961699959,20.699959,-2770.7,128
942,1000942000000,1000963116561,21.116562,-4256.62,128
943,1000943000000,1000963631581,20.631581,230.5,128
944,1000944000000,1000966294929,22.29493,4385.91,128
945,1000945000000,1000973317012,28.317012,-131.93,128
946,1000946000000,1000965713718,19.713718,5229.63,128
947,1000947000000,1000971090569,24.090569,495.97,128
948,1000948000000,1000973086831,25.086832,1049.2,128
949,1000949000000,1000972186380,23.18638,1773.77,128
950,1000950000000,1000970516317,20.516317,5592.93,128
951,1000951000000,1000973411176,22.411176,-1442.22,128
952,1000952000000,1000971892826,19.892827,-2581.84,128
953,1000953000000,1000973645860,20.645861,-4467.41,128
954,1000954000000,1000973264429,19.26443,1190.81,128
955,1000955000000,1000976351553,21.351554,-977.26,128
956,1000956000000,1000973945250,17.94525,649.0,128
957,1000957000000,1000979293772,22.293773,-2564.21,128
958,1000958000000,1000975408569,17.408569,2653.72,128
959,1000959000000,1000978580239,19.580239,-3664.75,128
960,1000960000000,1000981661764,21.661764,620.56,128
961,1000961000000,1000980062769,19.062769,1358.45,128
962,1000962000000,1000985255213,23.255213,-825.53,128
963,1000963000000,1000985353983,22.353983,-1021.63,128
964,1000964000000,1000984046997,20.046997,1222.31,128
965,1000965000000,1000987408964,22.408965,5927.98,128
966,1000966000000,1000989356570,23.35657,3206.2,128
967,1000967000000,1000985723570,18.723571,-2402.14,128
968,1000968000000,1000987749805,19.749805,1654.13,128
969,1000969000000,1000989026792,20.026793,1662.33,128
970,1000970000000,1000992701238,22.701238,484.67,128
971,1000971000000,1000993957814,22.957815,-2040.15,128
972,1000972000000,1000991754093,19.754093,4433.05,128
973,1000973000000,1000993553501,20.553502,-4228.94,128
974,1000974000000,1000991788749,17.78875,-4546.8,128
975,1000975000000,1000993772129,18.772129,-473.64,128
976,1000976000000,1000998431216,22.431217,-7745.94,128
977,1000977000000,1000996708329,19.708329,-1479.62,128
978,1000978000000,1000998686839,20.686839,1350.48,128
979,1000979000000,1000999990056,20.990057,1933.13,128
980,1000980000000,1001001510840,21.510841,381.99,128
981,1000981000000,1001006238186,25.238186,-5206.84,128
982,1000982000000,1001003942127,21.942127,3.29,128
983,1000983000000,1001005088397,22.088398,-798.04,128
984,1000984000000,1001004419761,20.419761,-2935.65,128
985,1000985000000,1001005898605,20.898605,1621.11,128
986,1000986000000,1001005299745,19.299746,165.18,128
987,1000987000000,1001008070635,21.070635,-4197.21,128
988,1000988000000,1001011555096,23.555096,-1985.6,128
989,1000989000000,1001008853114,19.853114,-5464.44,128
990,1000990000000,1001009280520,19.280521,-2080.88,128
991,1000991000000,1001016186906,25.186906,6668.62,128
992,1000992000000,1001014170108,22.170108,132.35,128
993,1000993000000,1001014562660,21.56266,-566.77,128
994,1000994000000,1001016978512,22.978513,-5339.51,128
995,1000995000000,1001016782237,21.782237,1816.78,128
996,1000996000000,1001017995787,21.995788,-896.26,128
997,1000997000000,1001020239160,23.23916,1778.73,128
998,1000998000000,1001018797661,20.797662,1652.12,128
999,1000999000000,1001021312409,22.31241,4223.07,128
1000,1001000000000,1001021758688,21.758688,-4937.82,128
1001,1001001000000,1001025241382,24.241382,1141.06,128
1002,1001002000000,1001019888751,17.888751,605.34,128
1003,1001003000000,1001022716337,19.716337,-131.15,128
1004,1001004000000,1001027566072,23.566073,6007.94,128
1005,1001005000000,1001025864345,20.864345,-266.05,128
1006,1001006000000,1001027060391,21.060391,-100.85,128
1007,1001007000000,1001028131783,21.131783,4208.77,128
1008,1001008000000,1001029924843,21.924844,5821.9,128
1009,1001009000000,1001030316804,21.316805,-262.44,128
1010,1001010000000,1001032941573,22.941574,646.68,128
1011,1001011000000,1001030262064,19.262065,150.53,128
1012,1001012000000,1001033718999,21.719,-747.97,128
1013,1001013000000,1001034502939,21.502939,-1801.39,128
1014,1001014000000,1001030142788,16.142789,722.71,128
1015,1001015000000,1001034988048,19.988049,2526.76,128
1016,1001016000000,1001035783633,19.783634,-144.27,128
1017,1001017000000,1001036920591,19.920592,1083.58,128
1018,1001018000000,1001035921357,17.921358,1271.17,128
1019,1001019000000,1001039090044,20.090044,2904.2,128
1020,1001020000000,1001042591772,22.591772,-5313.68,128
1021,1001021000000,1001043133227,22.133228,-2731.81,128
1022,1001022000000,1001043679698,21.679698,-3963.73,128
1023,1001023000000,1001041374489,18.374489,-585.23,128
1024,1001024000000,1001050435398,26.435398,-1080.23,128
1025,1001025000000,1001048095578,23.095578,889.36,128
1026,1001026000000,1001047854271,21.854271,1557.59,128
1027,1001027000000,1001051639436,24.639436,8073.34,128
1028,1001028000000,1001051524015,23.524016,-186.13,128
1029,1001029000000,1001050387051,21.387051,-5478.62,128
1030,1001030000000,1001051920524,21.920524,3470.06,128
1031,1001031000000,1001052039347,21.039348,1695.72,128
1032,1001032000000,1001051409924,19.409924,-7057.11,128
1033,1001033000000,1001054014919,21.014919,3119.12,128
1034,1001034000000,1001055989367,21.989367,-766.96,128
1035,1001035000000,1001056772308,21.772309,4375.41,128
1036,1001036000000,1001056303351,20.303351,-907.05,128
1037,1001037000000,1001056483904,19.483905,3857.14,128
1038,1001038000000,1001058651708,20.651709,-4605.11,128
1039,1001039000000,1001059520092,20.520093,4993.0,128
1040,1001040000000,1001059586963,19.586963,350.92,128
1041,1001041000000,1001062491886,21.491886,-1939.05,128
1042,1001042000000,1001064293314,22.293315,580.91,128
1043,1001043000000,1001062498688,19.498688,-1657.26,128
1044,1001044000000,1001065303831,21.303831,5731.09,128
1045,1001045000000,1001066269603,21.269604,-1765.57,128
1046,1001046000000,1001071050995,25.050996,4119.79,128
1047,1001047000000,1001067771328,20.771329,240.64,128
1048,1001048000000,1001070661166,22.661166,-8650.45,128
1049,1001049000000,1001069481256,20.481257,482.64,128
1050,1001050000000,1001072031996,22.031997,-1819.72,128
1051,1001051000000,1001070244895,19.244895,-1627.73,128
1052,1001052000000,1001074693780,22.69378,2316.55,128
1053,1001053000000,1001073981399,20.9814,-3010.88,128
1054,1001054000000,1001074442209,20.442209,2863.77,128
1055,1001055000000,1001077307058,22.307059,1034.2,128
1056,1001056000000,1001079606365,23.606365,-1846.15,128
1057,1001057000000,1001076585673,19.585673,2499.15,128
1058,1001058000000,1001081290327,23.290328,-2137.53,128
1059,1001059000000,1001081972159,22.97216,-2549.96,128
1060,1001060000000,1001084505745,24.505746,-491.32,128
1061,1001061000000,1001082013581,21.013582,4065.27,128
1062,1001062000000,1001084234335,22.234336,-5063.0,128
1063,1001063000000,1001090869299,27.8693,1062.22,128
1064,1001064000000,1001086927502,22.927503,-190.8,128
1065,1001065000000,1001085582801,20.582802,977.96,128
1066,1001066000000,1001086344367,20.344367,-300.04,128
1067,1001067000000,1001086408503,19.408503,4892.68,128
1068,1001068000000,1001088938569,20.93857,-1250.46,128
1069,1001069000000,1001087264671,18.264672,-198.79,128
1070,1001070000000,1001092559078,22.559078,6437.4,128
1071,1001071000000,1001092143800,21.1438,-8217.1,128
1072,1001072000000,1001092438148,20.438149,-10034.54,128
1073,1001073000000,1001094463622,21.463622,700.43,128
1074,1001074000000,1001094898721,20.898722,863.28,128
1075,1001075000000,1001094137166,19.137166,2159.35,128
1076,1001076000000,1001094461825,18.461825,333.01,128
1077,1001077000000,1001098361637,21.361638,4312.41,128
1078,1001078000000,1001102306702,24.306702,986.43,128
1079,1001079000000,1001098971862,19.971863,5030.49,128
1080,1001080000000,1001101738855,21.738856,2101.51,128
1081,1001081000000,1001102798817,21.798818,-2696.11,128
1082,1001082000000,1001100527775,18.527776,2036.04,128
1083,1001083000000,1001105773154,22.773155,363.21,128
1084,1001084000000,1001110092466,26.092466,-801.86,128
1085,1001085000000,1001105111846,20.111847,1494.79,128
1086,1001086000000,1001111379632,25.379633,3562.99,128
1087,1001087000000,1001110766097,23.766098,-5438.58,128
1088,1001088000000,1001110779055,22.779056,1500.53,128
1089,1001089000000,1001112856865,23.856866,2792.12,128
1090,1001090000000,1001111937252,21.937252,1749.3,128
1091,1001091000000,1001110385291,19.385292,-2428.66,128
1092,1001092000000,1001112585514,20.585514,-2125.76,128
1093,1001093000000,1001117242112,24.242113,2938.46,128
1094,1001094000000,1001116726474,22.726474,4599.02,128
1095,1001095000000,1001115458447,20.458447,-2482.46,128
1096,1001096000000,1001117961977,21.961978,443.58,128
1097,1001097000000,1001118374379,21.374379,-2945.06,128
1098,1001098000000,1001119931870,21.93187,4311.63,128
1099,1001099000000,1001125286786,26.286787,2599.13,128
1100,1001100000000,1001119633791,19.633792,2507.99,128
1101,1001101000000,1001122756742,21.756742,-939.35,128
1102,1001102000000,1001124862124,22.862124,2020.29,128
1103,1001103000000,1001124044330,21.044331,1827.4,128
1104,1001104000000,1001125084897,21.084898,-2446.49,128
1105,1001105000000,1001127542869,22.54287,1886.41,128
1106,1001106000000,1001129423330,23.42333,-914.72,128
1107,1001107000000,1001127085819,20.08582,-4241.69,128
1108,1001108000000,1001124285077,16.285077,-4301.59,128
1109,1001109000000,1001129810833,20.810834,394.74,128
1110,1001110000000,1001128813643,18.813643,-1412.95,128
1111,1001111000000,1001133018074,22.018075,4347.43,128
1112,1001112000000,1001132494248,20.494248,-2723.19,128
1113,1001113000000,1001138197725,25.197725,-878.06,128
1114,1001114000000,1001134020328,20.020329,-5281.83,128
1115,1001115000000,1001133742146,18.742147,1427.8,128
1116,1001116000000,1001138104239,22.104239,-2188.03,128
1117,1001117000000,1001138845715,21.845716,-1383.52,128
1118,1001118000000,1001136117596,18.117596,948.86,128
1119,1001119000000,1001139727532,20.727533,3178.27,128
1120,1001120000000,1001140105186,20.105187,694.06,128
1121,1001121000000,1001136103494,15.103495,5760.78,128
1122,1001122000000,1001142819088,20.819089,6421.29,128
1123,1001123000000,1001144887483,21.887483,1549.29,128
1124,1001124000000,1001144146797,20.146797,5200.59,128
1125,1001125000000,1001149413660,24.41366,-3519.92,128
1126,1001126000000,1001149184261,23.184262,-6409.24,128
1127,1001127000000,1001147960342,20.960343,-3139.41,128
1128,1001128000000,1001149730661,21.730661,-1629.1,128
1129,1001129000000,1001152364839,23.36484,-4357.6,128
1130,1001130000000,1001150174041,20.174042,-1018.76,128
1131,1001131000000,1001150418973,19.418974,-2694.4,128
1132,1001132000000,1001156536547,24.536548,974.02,128
1133,1001133000000,1001152932791,19.932792,-3476.56,128
1134,1001134000000,1001157043432,23.043433,-3779.38,128
1135,1001135000000,1001156550603,21.550603,785.54,128
1136,1001136000000,1001158637894,22.637895,6280.13,128
1137,1001137000000,1001160579292,23.579292,-1351.35,128
1138,1001138000000,1001161245691,23.245691,250.68,128
1139,1001139000000,1001162726958,23.726958,-684.88,128
1140,1001140000000,1001162167597,22.167597,-5077.75,128
1141,1001141000000,1001164901608,23.901609,186.5,128
1142,1001142000000,1001162868388,20.868389,3383.96,128
1143,1001143000000,1001163242576,20.242577,919.21,128
1144,1001144000000,1001167280623,23.280623,1661.49,128
1145,1001145000000,1001168095782,23.095782,486.27,128
1146,1001146000000,1001165547682,19.547682,-50.63,128
1147,1001147000000,1001172930937,25.930938,-5677.06,128
1148,1001148000000,1001171154035,23.154035,1110.18,128
1149,1001149000000,1001172151586,23.151586,2085.55,128
1150,1001150000000,1001171509196,21.509196,1488.0,128
1151,1001151000000,1001173206180,22.206181,-3163.16,128
1152,1001152000000,1001174558716,22.558717,4207.03,128
1153,1001153000000,1001174489843,21.489843,-984.79,128
1154,1001154000000,1001174972027,20.972027,1634.21,128
1155,1001155000000,1001176076437,21.076438,-2492.32,128
1156,1001156000000,1001175228015,19.228016,741.03,128
1157,1001157000000,1001181986854,24.986855,6263.09,128
1158,1001158000000,1001176636976,18.636977,-775.09,128
1159,1001159000000,1001184297870,25.297871,-1906.53,128
1160,1001160000000,1001182297808,22.297809,-8202.84,128
1161,1001161000000,1001182099118,21.099119,239.18,128
1162,1001162000000,1001182197816,20.197816,-2193.79,128
1163,1001163000000,1001183397761,20.397762,-1749.31,128
1164,1001164000000,1001185563588,21.563589,4291.1,128
1165,1001165000000,1001186591886,21.591887,-5945.26,128
1166,1001166000000,1001187396361,21.396362,4289.88,128
1167,1001167000000,1001189879236,22.879236,-2012.89,128
1168,1001168000000,1001189120222,21.120222,2638.77,128
1169,1001169000000,1001193402679,24.40268,-748.23,128
1170,1001170000000,1001189398354,19.398355,-1270.33,128
1171,1001171000000,1001194410715,23.410715,2107.83,128
1172,1001172000000,1001193071259,21.07126,873.23,128
1173,1001173000000,1001196580925,23.580925,-3388.76,128
1174,1001174000000,1001192844860,18.844861,-206.84,128
1175,1001175000000,1001196702534,21.702534,4922.22,128
1176,1001176000000,1001201145670,25.14567,1331.28,128
1177,1001177000000,1001201084345,24.084345,-4587.21,128
1178,1001178000000,1001196911868,18.911868,1930.33,128
1179,1001179000000,1001199595602,20.595602,-5839.25,128
1180,1001180000000,1001201766067,21.766067,-3476.21,128
1181,1001181000000,1001200774715,19.774716,2562.38,128
1182,1001182000000,1001203174043,21.174043,4288.15,128
1183,1001183000000,1001207198680,24.19868,4375.66,128
1184,1001184000000,1001206896061,22.896062,1740.9,128
1185,1001185000000,1001205872912,20.872912,7.85,128
1186,1001186000000,1001209160019,23.160019,101.46,128
1187,1001187000000,1001206120803,19.120803,-3360.08,128
1188,1001188000000,1001211325812,23.325812,-769.5,128
1189,1001189000000,1001208843503,19.843503,-4295.6,128
1190,1001190000000,1001211693439,21.693439,161.69,128
1191,1001191000000,1001211186593,20.186593,818.75,128
1192,1001192000000,1001213827148,21.827149,1452.06,128
1193,1001193000000,1001211721799,18.721799,1639.7,128
1194,1001194000000,1001212460699,18.4607,-3678.47,128
1195,1001195000000,1001215167310,20.16731,-2603.13,128
1196,1001196000000,1001216868104,20.868105,4195.28,128
1197,1001197000000,1001215904631,18.904632,-81.42,128
1198,1001198000000,1001217506348,19.506348,2771.25,128
1199,1001199000000,1001221068715,22.068715,-1519.26,128
1200,1001200000000,1001218066585,18.066585,-2679.78,128
1201,1001201000000,1001223553033,22.553034,4572.98,128
1202,1001202000000,1001222585697,20.585697,-1050.5,128
1203,1001203000000,1001223832258,20.832259,3469.61,128
1204,1001204000000,1001227577066,23.577067,-3522.43,128
1205,1001205000000,1001224424278,19.424279,1443.23,128
1206,1001206000000,1001226695362,20.695363,692.19,128
1207,1001207000000,1001231871813,24.871813,2303.15,128
1208,1001208000000,1001230086156,22.086157,-987.06,128
1209,1001209000000,1001228478774,19.478775,327.07,128
1210,1001210000000,1001231706834,21.706834,-265.58,128
1211,1001211000000,1001233818120,22.818121,1081.34,128
1212,1001212000000,1001233567574,21.567575,1773.03,128
1213,1001213000000,1001236681443,23.681444,-2226.45,128
1214,1001214000000,1001237579462,23.579462,362.13,128
1215,1001215000000,1001238538981,23.538981,-2663.03,128
1216,1001216000000,1001237801726,21.801727,4677.31,128
1217,1001217000000,1001236840252,19.840253,-3455.55,128
1218,1001218000000,1001241795550,23.795551,7030.24,128
1219,1001219000000,1001239517061,20.517062,-3328.24,128
1220,1001220000000,1001240513061,20.513062,158.78,128
1221,1001221000000,1001241722300,20.7223,4326.23,128
1222,1001222000000,1001242234909,20.234909,-558.76,128
1223,1001223000000,1001244128298,21.128299,-2594.0,128
1224,1001224000000,1001244541208,20.541208,2148.19,128
1225,1001225000000,1001253864829,28.864829,-2786.79,128
1226,1001226000000,1001250983122,24.983122,-4193.8,128
1227,1001227000000,1001245397179,18.39718,-1412.65,128
1228,1001228000000,1001248935433,20.935434,-2698.51,128
1229,1001229000000,1001249420788,20.420788,505.47,128
1230,1001230000000,1001248604930,18.604931,-966.36,128
1231,1001231000000,1001253094854,22.094855,-2602.02,128
1232,1001232000000,1001253725590,21.725591,-2438.59,128
1233,1001233000000,1001254907522,21.907522,-1511.98,128
1234,1001234000000,1001256780340,22.780341,2446.6,128
1235,1001235000000,1001255150181,20.150181,644.73,128
1236,1001236000000,1001259683534,23.683535,3593.3,128
1237,1001237000000,1001257831714,20.831714,-1494.41,128
1238,1001238000000,1001259428238,21.428238,-2894.51,128
1239,1001239000000,1001261336430,22.336431,2290.96,128
1240,1001240000000,1001261905515,21.905516,-1377.65,128
1241,1001241000000,1001260556457,19.556457,1091.72,128
1242,1001242000000,1001266904248,24.904249,7659.33,128
1243,1001243000000,1001269281561,26.281561,1045.45,128
1244,1001244000000,1001266476016,22.476017,-2346.75,128
1245,1001245000000,1001270356010,25.356011,1710.02,128
1246,1001246000000,1001264871161,18.871161,2330.9,128
1247,1001247000000,1001264055125,17.055126,-62.66,128
1248,1001248000000,1001268158531,20.158532,-1461.44,128
1249,1001249000000,1001272069403,23.069403,-1430.32,128
1250,1001250000000,1001274488386,24.488386,3280.08,128
1251,1001251000000,1001271931734,20.931735,-1985.22,128
1252,1001252000000,1001274295043,22.295044,2575.25,128
1253,1001253000000,1001274986002,21.986003,709.7,128
1254,1001254000000,1001276203685,22.203685,1743.58,128
1255,1001255000000,1001275078375,20.078375,-3379.48,128
1256,1001256000000,1001275203831,19.203831,-1204.87,128
1257,1001257000000,1001277014810,20.01481,3811.17,128
1258,1001258000000,1001282718866,24.718866,-6135.75,128
1259,1001259000000,1001281464118,22.464119,-2752.31,128
1260,1001260000000,1001279791477,19.791477,-6317.79,128
1261,1001261000000,1001280773311,19.773312,60.5,128
1262,1001262000000,1001286110651,24.110651,-498.34,128
1263,1001263000000,1001286176623,23.176623,3189.97,128
1264,1001264000000,1001284787108,20.787108,2284.62,128
1265,1001265000000,1001284945036,19.945037,-3713.91,128
1266,1001266000000,1001282474100,16.4741,-2635.52,128
1267,1001267000000,1001286713618,19.713619,2980.25,128
1268,1001268000000,1001292484417,24.484417,886.35,128
1269,1001269000000,1001289267678,20.267679,-2017.95,128
1270,1001270000000,1001292118035,22.118036,-3197.86,128
1271,1001271000000,1001292960880,21.96088,-2893.1,128
1272,1001272000000,1001294479762,22.479762,-3018.41,128
1273,1001273000000,1001292461842,19.461842,1393.23,128
1274,1001274000000,1001296546296,22.546296,1033.24,128
1275,1001275000000,1001295306014,20.306015,50.55,128
1276,1001276000000,1001298710573,22.710574,2578.17,128
1277,1001277000000,1001298915473,21.915473,-5093.89,128
1278,1001278000000,1001301101655,23.101656,4155.65,128
1279,1001279000000,1001300396213,21.396213,415.35,128
1280,1001280000000,1001302201470,22.20147,-782.29,128
1281,1001281000000,1001301845697,20.845698,-3709.36,128
1282,1001282000000,1001300019218,18.019218,-719.62,128
1283,1001283000000,1001303209633,20.209633,-2906.1,128
1284,1001284000000,1001303964324,19.964325,-1262.89,128
1285,1001285000000,1001306121499,21.121499,3265.86,128
1286,1001286000000,1001304884883,18.884883,4587.59,128
1287,1001287000000,1001308084201,21.084201,-258.88,128
1288,1001288000000,1001309872719,21.87272,4085.03,128
1289,1001289000000,1001310656775,21.656775,2027.5,128
1290,1001290000000,1001310292837,20.292838,-845.37,128
1291,1001291000000,1001313651417,22.651418,1392.49,128
1292,1001292000000,1001311648502,19.648502,504.61,128
1293,1001293000000,1001315868376,22.868376,-4540.6,128
1294,1001294000000,1001313784608,19.784608,-3113.71,128
1295,1001295000000,1001315095833,20.095833,1969.8,128
1296,1001296000000,1001319500275,23.500275,3025.71,128
1297,1001297000000,1001318251876,21.251877,221.47,128
1298,1001298000000,1001323003146,25.003147,-1219.71,128
1299,1001299000000,1001323538246,24.538246,-2647.08,128
1300,1001300000000,1001320716270,20.71627,475.02,128
1301,1001301000000,1001316833591,15.833591,1512.03,128
1302,1001302000000,1001321185971,19.185971,-3347.49,128
1303,1001303000000,1001325612907,22.612908,2050.7,128
1304,1001304000000,1001327579547,23.579548,-3485.11,128
1305,1001305000000,1001330811262,25.811262,160.58,128
1306,1001306000000,1001323874458,17.874459,1853.72,128
1307,1001307000000,1001331134717,24.134717,-140.76,128
1308,1001308000000,1001327096628,19.096628,-3505.29,128
1309,1001309000000,1001330577278,21.577279,516.95,128
1310,1001310000000,1001331723651,21.723651,1901.58,128
1311,1001311000000,1001334931544,23.931545,-658.68,128
1312,1001312000000,1001330213884,18.213884,2610.05,128
1313,1001313000000,1001334801350,21.801351,1125.1,128
1314,1001314000000,1001336665330,22.66533,-2547.01,128
1315,1001315000000,1001337443853,22.443853,1061.56,128
1316,1001316000000,1001337907326,21.907326,3920.6,128
1317,1001317000000,1001336164779,19.16478,2601.96,128
1318,1001318000000,1001336333470,18.333471,6855.01,128
1319,1001319000000,1001338591612,19.591613,-1462.59,128
1320,1001320000000,1001340079037,20.079038,-6028.52,128
1321,1001321000000,1001339777941,18.777942,-1641.33,128
1322,1001322000000,1001347979266,25.979266,3837.83,128
1323,1001323000000,1001349097528,26.097529,-1494.18,128
1324,1001324000000,1001346804377,22.804378,-1802.41,128
1325,1001325000000,1001348059122,23.059123,1234.66,128
1326,1001326000000,1001345247148,19.247148,128.49,128
1327,1001327000000,1001348453202,21.453202,-538.37,128
1328,1001328000000,1001349845529,21.84553,3942.05,128
1329,1001329000000,1001351227923,22.227923,2915.99,128
1330,1001330000000,1001350370080,20.37008,-3258.33,128
1331,1001331000000,1001351319657,20.319658,-4391.27,128
1332,1001332000000,1001352800169,20.80017,3507.42,128
1333,1001333000000,1001353394445,20.394446,-739.75,128
1334,1001334000000,1001353784323,19.784323,-798.29,128
1335,1001335000000,1001355515539,20.515539,4300.94,128
1336,1001336000000,1001356740200,20.7402,-2652.97,128
1337,1001337000000,1001352963152,15.963152,-1104.2,128
1338,1001338000000,1001359151105,21.151105,3901.29,128
1339,1001339000000,1001358923825,19.923825,-2587.09,128
1340,1001340000000,1001362558144,22.558144,-6584.06,128
1341,1001341000000,1001360513874,19.513874,721.11,128
1342,1001342000000,1001360053755,18.053755,3181.97,128
1343,1001343000000,1001366344647,23.344648,-3598.25,128
1344,1001344000000,1001367610320,23.61032,-3075.97,128
1345,1001345000000,1001368697832,23.697833,1325.74,128
1346,1001346000000,1001367566807,21.566808,563.9,128
1347,1001347000000,1001371003775,24.003776,-1949.68,128
1348,1001348000000,1001368516125,20.516125,5929.21,128
1349,1001349000000,1001372201215,23.201216,-1504.87,128
1350,1001350000000,1001370094546,20.094547,-2920.22,128
1351,1001351000000,1001372093139,21.093139,-4631.97,128
1352,1001352000000,1001375463853,23.463853,-1537.61,128
1353,1001353000000,1001371860234,18.860235,-188.93,128
1354,1001354000000,1001377449479,23.449479,-1053.63,128
1355,1001355000000,1001381025997,26.025997,-302.51,128
1356,1001356000000,1001375609626,19.609626,-1119.09,128
1357,1001357000000,1001382555525,25.555526,-2347.19,128
1358,1001358000000,1001378243259,20.243259,-1394.06,128
1359,1001359000000,1001380657304,21.657304,402.64,128
1360,1001360000000,1001386675503,26.675504,2342.85,128
1361,1001361000000,1001381919392,20.919392,5141.14,128
1362,1001362000000,1001384791389,22.79139,3297.96,128
1363,1001363000000,1001383310992,20.310992,-1821.14,128
1364,1001364000000,1001388873861,24.873861,48.23,128
1365,1001365000000,1001386934735,21.934735,-157.66,128
1366,1001366000000,1001386072987,20.072987,-3200.18,128
1367,1001367000000,1001386068866,19.068866,-1351.88,128
1368,1001368000000,1001392089497,24.089498,2709.76,128
1369,1001369000000,1001389235644,20.235645,-6875.95,128
1370,1001370000000,1001392737704,22.737704,4811.32,128
1371,1001371000000,1001392291466,21.291466,-2455.78,128
1372,1001372000000,1001392005690,20.005691,-8503.45,128
1373,1001373000000,1001393968040,20.96804,1467.71,128
1374,1001374000000,1001394381495,20.381496,-988.48,128
1375,1001375000000,1001397888041,22.888042,4288.35,128
1376,1001376000000,1001398765020,22.765021,5675.42,128
1377,1001377000000,1001400168162,23.168163,-2544.64,128
1378,1001378000000,1001398069511,20.069512,-2201.02,128
1379,1001379000000,1001399626072,20.626072,-353.49,128
1380,1001380000000,1001398671998,18.671998,-2301.0,128
1381,1001381000000,1001405915039,24.91504,-310.58,128
1382,1001382000000,1001405449762,23.449763,420.9,128
1383,1001383000000,1001402289715,19.289715,1468.6,128
1384,1001384000000,1001405008388,21.008389,-771.88,128
1385,1001385000000,1001407700986,22.700986,155.85,128
1386,1001386000000,1001407209525,21.209525,-3347.26,128
1387,1001387000000,1001409763661,22.763662,-2995.29,128
1388,1001388000000,1001409533061,21.533061,943.63,128
1389,1001389000000,1001410430804,21.430804,-184.2,128
1390,1001390000000,1001410575184,20.575184,-4150.26,128
1391,1001391000000,1001409401736,18.401736,324.73,128
1392,1001392000000,1001410160993,18.160993,2191.29,128
1393,1001393000000,1001416125988,23.125988,2548.94,128
1394,1001394000000,1001416568566,22.568567,-61.22,128
1395,1001395000000,1001415839729,20.839729,2544.41,128
1396,1001396000000,1001420347523,24.347523,-3999.87,128
1397,1001397000000,1001418365193,21.365193,-573.93,128
1398,1001398000000,1001418817891,20.817891,-1279.85,128
1399,1001399000000,1001423265073,24.265074,-1706.25,128
1400,1001400000000,1001419771096,19.771097,4315.38,128
1401,1001401000000,1001423031620,22.031621,94.04,128
1402,1001402000000,1001421226859,19.226859,325.71,128
1403,1001403000000,1001425123146,22.123146,2148.19,128
1404,1001404000000,1001424786885,20.786885,-3593.0,128
1405,1001405000000,1001423585942,18.585943,-1007.3,128
1406,1001406000000,1001423935885,17.935886,1675.7,128
1407,1001407000000,1001430169150,23.16915,-2667.97,128
1408,1001408000000,1001429337820,21.33782,3106.5,128
1409,1001409000000,1001429088886,20.088886,2582.12,128
1410,1001410000000,1001431642726,21.642726,-3428.92,128
1411,1001411000000,1001430777917,19.777918,-1736.44,128
1412,1001412000000,1001431362449,19.36245,-751.28,128
1413,1001413000000,1001435501482,22.501482,1503.89,128
1414,1001414000000,1001438541055,24.541056,-2633.29,128
1415,1001415000000,1001435806087,20.806087,1559.19,128
1416,1001416000000,1001433511849,17.51185,-2264.53,128
1417,1001417000000,1001437625335,20.625335,-3965.02,128
1418,1001418000000,1001439035430,21.035431,-5383.02,128
1419,1001419000000,1001444250605,25.250605,-2112.16,128
1420,1001420000000,1001442344419,22.34442,1629.61,128
1421,1001421000000,1001440164669,19.16467,126.53,128
1422,1001422000000,1001442276846,20.276846,-767.43,128
1423,1001423000000,1001441458188,18.458188,3179.66,128
1424,1001424000000,1001443924954,19.924955,-2270.22,128
1425,1001425000000,1001446555548,21.555549,-1692.84,128
1426,1001426000000,1001446282102,20.282102,-710.92,128
1427,1001427000000,1001447902966,20.902967,1305.7,128
1428,1001428000000,1001453827633,25.827634,1303.16,128
1429,1001429000000,1001450558264,21.558265,784.92,128
1430,1001430000000,1001451751021,21.751021,-3659.44,128
1431,1001431000000,1001452055566,21.055566,4824.9,128
1432,1001432000000,1001452864527,20.864527,153.67,128
1433,1001433000000,1001454681514,21.681515,2029.91,128
1434,1001434000000,1001457550694,23.550694,-2407.16,128
1435,1001435000000,1001455563358,20.563359,6094.09,128
1436,1001436000000,1001455877236,19.877237,-1530.5,128
1437,1001437000000,1001454490222,17.490222,-456.96,128
1438,1001438000000,1001458940046,20.940046,-2717.73,128
1439,1001439000000,1001458692570,19.69257,2669.33,128
1440,1001440000000,1001459223624,19.223625,-2037.46,128
1441,1001441000000,1001460371106,19.371107,845.62,128
1442,1001442000000,1001465927968,23.927968,3354.47,128
1443,1001443000000,1001466722492,23.722493,-2471.69,128
1444,1001444000000,1001468351250,24.351251,-145.84,128
1445,1001445000000,1001467752936,22.752936,2061.81,128
1446,1001446000000,1001466609282,20.609282,2513.83,128
1447,1001447000000,1001466663613,19.663614,5557.31,128
1448,1001448000000,1001466190410,18.19041,-1549.17,128
1449,1001449000000,1001473088658,24.088658,3059.57,128
1450,1001450000000,1001472450684,22.450685,1301.27,128
1451,1001451000000,1001471796140,20.796141,-2592.8,128
1452,1001452000000,1001474823181,22.823181,3683.23,128
1453,1001453000000,1001476704607,23.704608,-390.99,128
1454,1001454000000,1001473674767,19.674767,1492.86,128
1455,1001455000000,1001478667259,23.667259,2987.62,128
1456,1001456000000,1001476330881,20.330881,-1759.41,128
1457,1001457000000,1001478410025,21.410025,226.27,128
1458,1001458000000,1001478594770,20.59477,-3402.68,128
1459,1001459000000,1001481162481,22.162482,-4278.23,128
1460,1001460000000,1001480185997,20.185998,137.27,128
1461,1001461000000,1001483752769,22.752769,-2119.42,128
1462,1001462000000,1001480730783,18.730784,-1760.03,128
1463,1001463000000,1001488887230,25.88723,-1949.16,128
1464,1001464000000,1001481495949,17.49595,3588.11,128
1465,1001465000000,1001489269136,24.269137,-1022.71,128
1466,1001466000000,1001489735405,23.735406,-2425.91,128
1467,1001467000000,1001489161273,22.161273,-1116.18,128
1468,1001468000000,1001489964489,21.964489,-6452.34,128
1469,1001469000000,1001491996729,22.996729,1381.16,128
1470,1001470000000,1001490027621,20.027621,3603.94,128
1471,1001471000000,1001491492593,20.492593,3902.79,128
1472,1001472000000,1001493451234,21.451235,1007.49,128
1473,1001473000000,1001495047871,22.047872,2860.83,128
1474,1001474000000,1001497181499,23.181499,-1254.47,128
1475,1001475000000,1001499695074,24.695075,-4835.3,128
1476,1001476000000,1001499941414,23.941415,3202.96,128
1477,1001477000000,1001497170805,20.170806,1750.26,128
1478,1001478000000,1001498692952,20.692953,-5205.24,128
1479,1001479000000,1001499419333,20.419334,464.04,128
1480,1001480000000,1001502933954,22.933954,-179.42,128
1481,1001481000000,1001500308686,19.308686,-584.49,128
1482,1001482000000,1001502963437,20.963438,3859.62,128
1483,1001483000000,1001505343759,22.34376,-231.62,128
1484,1001484000000,1001503364755,19.364756,-6033.35,128
1485,1001485000000,1001508037456,23.037456,-3109.06,128
1486,1001486000000,1001505802307,19.802307,-2733.62,128
1487,1001487000000,1001507153388,20.153388,-305.58,128
1488,1001488000000,1001511705632,23.705632,-416.49,128
1489,1001489000000,1001508846525,19.846525,-1636.92,128
1490,1001490000000,1001512811939,22.811939,-407.23,128
1491,1001491000000,1001514885228,23.885228,1836.31,128
1492,1001492000000,1001514606197,22.606198,-1639.57,128
1493,1001493000000,1001511106572,18.106572,4436.88,128
1494,1001494000000,1001514907406,20.907406,-435.42,128
1495,1001495000000,1001517797154,22.797154,2555.74,128
1496,1001496000000,1001515279606,19.279607,-3702.15,128
1497,1001497000000,1001517963289,20.96329,3064.35,128
1498,1001498000000,1001514303069,16.303069,868.17,128
1499,1001499000000,1001520732510,21.73251,2526.63,128
1500,1001500000000,1001521052227,21.052227,-4491.53,128
1501,1001501000000,1001521010806,20.010807,-570.44,128
1502,1001502000000,1001524764497,22.764498,2146.77,128
1503,1001503000000,1001525104528,22.104529,1317.89,128
1504,1001504000000,1001523747321,19.747321,1852.9,128
1505,1001505000000,1001527365372,22.365372,967.33,128
1506,1001506000000,1001526132180,20.132181,1738.03,128
1507,1001507000000,1001528058250,21.058251,3944.86,128
1508,1001508000000,1001529326465,21.326466,4499.94,128
1509,1001509000000,1001529995590,20.995591,-486.3,128
1510,1001510000000,1001531833493,21.833494,-3337.49,128
1511,1001511000000,1001530064968,19.064969,-2295.41,128
1512,1001512000000,1001532482450,20.48245,1604.22,128
1513,1001513000000,1001535548633,22.548634,2042.47,128
1514,1001514000000,1001533148262,19.148263,-5249.82,128
1515,1001515000000,1001536010005,21.010006,-2495.16,128
1516,1001516000000,1001539541948,23.541948,-1408.5,128
1517,1001517000000,1001535777754,18.777755,-646.56,128
1518,1001518000000,1001538427620,20.427621,1429.87,128
1519,1001519000000,1001538539259,19.539259,1256.42,128
1520,1001520000000,1001539262281,19.262281,-1593.44,128
1521,1001521000000,1001539044349,18.044349,954.44,128
1522,1001522000000,1001543234853,21.234854,-1269.08,128
1523,1001523000000,1001543595104,20.595105,7520.07,128
1524,1001524000000,1001546639341,22.639342,2243.64,128
1525,1001525000000,1001546342343,21.342343,-588.3,128
1526,1001526000000,1001548394857,22.394857,9225.59,128
1527,1001527000000,1001547063378,20.063379,1933.13,128
1528,1001528000000,1001548609024,20.609025,51.29,128
1529,1001529000000,1001548738971,19.738971,-3777.85,128
1530,1001530000000,1001548522708,18.522709,4106.09,128
1531,1001531000000,1001551139922,20.139922,-1078.36,128
1532,1001532000000,1001551751521,19.751522,3561.64,128
1533,1001533000000,1001555135746,22.135747,-924.35,128
1534,1001534000000,1001553475933,19.475934,660.14,128
1535,1001535000000,1001555222374,20.222374,-1120.84,128
1536,1001536000000,1001559027590,23.027591,-190.24,128
1537,1001537000000,1001554555202,17.555202,1712.11,128
1538,1001538000000,1001562614553,24.614553,1683.92,128
1539,1001539000000,1001559070368,20.070368,-1174.96,128
1540,1001540000000,1001560399120,20.399121,-3392.02,128
1541,1001541000000,1001560025948,19.025948,-845.19,128
1542,1001542000000,1001563150405,21.150406,-2403.01,128
1543,1001543000000,1001563737148,20.737148,3084.34,128
1544,1001544000000,1001565107101,21.107101,-330.58,128
1545,1001545000000,1001567182328,22.182328,-2945.71,128
1546,1001546000000,1001567543954,21.543955,55.4,128
1547,1001547000000,1001569760358,22.760359,4033.09,128
1548,1001548000000,1001565648543,17.648544,-511.41,128
1549,1001549000000,1001568356418,19.356418,-5307.5,128
1550,1001550000000,1001572268406,22.268407,-1511.37,128
1551,1001551000000,1001573081491,22.081492,-71.33,128
1552,1001552000000,1001574095905,22.095906,3558.39,128
1553,1001553000000,1001574371882,21.371882,2928.03,128
1554,1001554000000,1001574213318,20.213319,-2404.32,128
1555,1001555000000,1001574674377,19.674378,-925.84,128
1556,1001556000000,1001577544261,21.544262,-2883.56,128
1557,1001557000000,1001577468677,20.468678,-7511.78,128
1558,1001558000000,1001580936959,22.93696,2243.87,128
1559,1001559000000,1001579211096,20.211097,6375.99,128
1560,1001560000000,1001579543277,19.543278,-476.25,128
1561,1001561000000,1001584341096,23.341097,2680.64,128
1562,1001562000000,1001581823084,19.823084,-3415.21,128
1563,1001563000000,1001585935483,22.935483,2553.03,128
1564,1001564000000,1001586915452,22.915452,661.31,128
1565,1001565000000,1001584656412,19.656413,-3228.7,128
1566,1001566000000,1001586907989,20.907989,1778.94,128
1567,1001567000000,1001587149880,20.14988,3997.41,128
1568,1001568000000,1001592130677,24.130678,-279.03,128
1569,1001569000000,1001591665150,22.66515,-6844.33,128
1570,1001570000000,1001589929112,19.929112,6385.95,128
1571,1001571000000,1001593180755,22.180756,-748.07,128
1572,1001572000000,1001592094753,20.094754,-3100.95,128
1573,1001573000000,1001594734919,21.734919,7173.5,128
1574,1001574000000,1001595260489,21.260489,-3316.14,128
1575,1001575000000,1001595367776,20.367777,4867.24,128
1576,1001576000000,1001596107848,20.107848,-725.1,128
1577,1001577000000,1001598558791,21.558792,1255.82,128
1578,1001578000000,1001601265902,23.265902,693.03,128
1579,1001579000000,1001598034162,19.034163,-1750.97,128
1580,1001580000000,1001599161388,19.161388,-4730.9,128
1581,1001581000000,1001601185509,20.18551,3054.66,128
1582,1001582000000,1001601573345,19.573346,494.6,128
1583,1001583000000,1001603457344,20.457345,3071.75,128
1584,1001584000000,1001606126827,22.126828,-1062.55,128
1585,1001585000000,1001610396864,25.396864,832.99,128
1586,1001586000000,1001609256702,23.256702,-2244.53,128
1587,1001587000000,1001608990852,21.990852,-4154.12,128
1588,1001588000000,1001608101212,20.101213,1616.78,128
1589,1001589000000,1001612221739,23.221739,4048.87,128
1590,1001590000000,1001613019796,23.019796,3625.62,128
1591,1001591000000,1001610473584,19.473585,-2034.48,128
1592,1001592000000,1001613242806,21.242806,4343.45,128
1593,1001593000000,1001612099074,19.099075,-1122.44,128
1594,1001594000000,1001612091885,18.091886,-175.38,128
1595,1001595000000,1001619820945,24.820946,-475.77,128
1596,1001596000000,1001620715878,24.715879,-3644.97,128
1597,1001597000000,1001616859883,19.859883,-1518.87,128
1598,1001598000000,1001618781447,20.781447,-1021.89,128
1599,1001599000000,1001619806266,20.806266,-1783.5,128
1600,1001600000000,1001621417072,21.417073,767.07,128
1601,1001601000000,1001626079790,25.07979,2914.46,128
1602,1001602000000,1001623312865,21.312866,4015.42,128
1603,1001603000000,1001626315324,23.315324,5997.82,128
1604,1001604000000,1001623923779,19.92378,2495.74,128
1605,1001605000000,1001624771196,19.771196,-921.56,128
1606,1001606000000,1001626380990,20.380991,1467.74,128
1607,1001607000000,1001628049468,21.049468,-975.15,128
1608,1001608000000,1001631808852,23.808852,2691.91,128
1609,1001609000000,1001629223223,20.223224,-1256.62,128
1610,1001610000000,1001633231266,23.231267,-770.46,128
1611,1001611000000,1001630187911,19.187912,672.91,128
1612,1001612000000,1001635230881,23.230882,-648.04,128
1613,1001613000000,1001635049349,22.049349,-4162.37,128
1614,1001614000000,1001636828261,22.828262,2171.13,128
1615,1001615000000,1001634332472,19.332473,-321.25,128
1616,1001616000000,1001639216509,23.21651,-4489.18,128
1617,1001617000000,1001640788118,23.788119,1208.14,128
1618,1001618000000,1001637645635,19.645636,-68.95,128
1619,1001619000000,1001643444304,24.444304,-2335.48,128
1620,1001620000000,1001640141340,20.14134,6960.7,128
1621,1001621000000,1001640772062,19.772062,-2275.96,128
1622,1001622000000,1001645175289,23.17529,-2469.89,128
1623,1001623000000,1001648107141,25.107142,2221.69,128
1624,1001624000000,1001646928518,22.928519,-1706.04,128
1625,1001625000000,1001642267834,17.267835,-4720.19,128
1626,1001626000000,1001649245813,23.245814,-2006.0,128
1627,1001627000000,1001651407807,24.407807,4431.25,128
1628,1001628000000,1001648438426,20.438426,-5940.47,128
1629,1001629000000,1001649066024,20.066024,4672.88,128
1630,1001630000000,1001658224892,28.224893,1224.03,128
1631,1001631000000,1001655938462,24.938462,4331.5,128
1632,1001632000000,1001655064553,23.064553,-2674.93,128
1633,1001633000000,1001653232099,20.232099,-667.45,128
1634,1001634000000,1001654223266,20.223266,2313.66,128
1635,1001635000000,1001655480382,20.480382,-1539.64,128
1636,1001636000000,1001660511909,24.51191,-767.32,128
1637,1001637000000,1001656866742,19.866743,1802.18,128
1638,1001638000000,1001660011141,22.011141,-864.61,128
1639,1001639000000,1001660680966,21.680967,-380.75,128
1640,1001640000000,1001660607783,20.607783,193.37,128
1641,1001641000000,1001663573977,22.573978,-2266.52,128
1642,1001642000000,1001663426144,21.426144,-6888.1,128
1643,1001643000000,1001661699782,18.699782,1117.36,128
1644,1001644000000,1001668341175,24.341175,3981.67,128
1645,1001645000000,1001662646174,17.646175,-2316.92,128
1646,1001646000000,1001667012208,21.012208,3537.53,128
1647,1001647000000,1001668606258,21.606259,1145.92,128
1648,1001648000000,1001674148534,26.148535,-5804.8,128
1649,1001649000000,1001671717154,22.717155,-117.47,128
1650,1001650000000,1001673194046,23.194047,-4748.18,128
1651,1001651000000,1001673172620,22.172621,-3508.45,128
1652,1001652000000,1001675056788,23.056788,2449.34,128
1653,1001653000000,1001674962409,21.96241,1672.96,128
1654,1001654000000,1001675239419,21.239419,-1319.93,128
1655,1001655000000,1001671971531,16.971531,-3068.23,128
1656,1001656000000,1001676750442,20.750442,3149.43,128
1657,1001657000000,1001678995685,21.995686,-327.02,128
1658,1001658000000,1001681016660,23.016661,-10422.02,128
1659,1001659000000,1001683917253,24.917254,-2640.08,128
1660,1001660000000,1001680955629,20.95563,5016.18,128
1661,1001661000000,1001681948308,20.948309,-1811.06,128
1662,1001662000000,1001684780837,22.780837,-42.78,128
1663,1001663000000,1001682280861,19.280862,-3658.31,128
1664,1001664000000,1001687001901,23.001901,4140.43,128
1665,1001665000000,1001684016767,19.016767,1339.82,128
1666,1001666000000,1001684419993,18.419994,-2100.25,128
1667,1001667000000,1001689890919,22.89092,385.41,128
1668,1001668000000,1001689574700,21.574701,-257.36,128
1669,1001669000000,1001690844492,21.844492,-267.25,128
1670,1001670000000,1001689772419,19.77242,-5193.26,128
1671,1001671000000,1001693539200,22.539201,-178.25,128
1672,1001672000000,1001691925258,19.925259,1250.78,128
1673,1001673000000,1001692469186,19.469186,1244.65,128
1674,1001674000000,1001695396433,21.396433,2349.11,128
1675,1001675000000,1001694061324,19.061325,157.41,128
1676,1001676000000,1001698223462,22.223462,1746.55,128
1677,1001677000000,1001695708654,18.708654,-1888.92,128
1678,1001678000000,1001699980243,21.980243,4655.41,128
1679,1001679000000,1001699837526,20.837526,2949.04,128
1680,1001680000000,1001701325846,21.325846,7049.06,128
1681,1001681000000,1001699299911,18.299912,1147.41,128
1682,1001682000000,1001705248069,23.248069,1642.99,128
1683,1001683000000,1001704151952,21.151952,-2059.87,128
1684,1001684000000,1001702699124,18.699124,4149.4,128
1685,1001685000000,1001702383348,17.383348,2571.35,128
1686,1001686000000,1001706939253,20.939254,-2548.88,128
1687,1001687000000,1001706217047,19.217048,1006.24,128
1688,1001688000000,1001711413206,23.413207,1162.16,128
1689,1001689000000,1001712833252,23.833252,2031.94,128
1690,1001690000000,1001711949943,21.949944,2033.35,128
1691,1001691000000,1001713715471,22.715471,681.8,128
1692,1001692000000,1001716600217,24.600218,-1034.22,128
1693,1001693000000,1001710165021,17.165021,-1552.49,128
1694,1001694000000,1001717586006,23.586007,4379.05,128
1695,1001695000000,1001715989307,20.989307,-2110.8,128
1696,1001696000000,1001717535738,21.535739,-1367.15,128
1697,1001697000000,1001719956877,22.956877,-12.99,128
1698,1001698000000,1001721275779,23.27578,74.87,128
1699,1001699000000,1001721256244,22.256245,295.71,128
1700,1001700000000,1001716967125,16.967126,3676.24,128
1701,1001701000000,1001720952273,19.952274,707.19,128
1702,1001702000000,1001724671202,22.671203,-498.64,128
1703,1001703000000,1001725259385,22.259386,393.05,128
1704,1001704000000,1001724891721,20.891721,163.19,128
1705,1001705000000,1001725358962,20.358962,-1823.21,128
1706,1001706000000,1001725591136,19.591136,-444.59,128
1707,1001707000000,1001726382781,19.382782,-3729.34,128
1708,1001708000000,1001728217242,20.217242,3658.54,128
1709,1001709000000,1001732392569,23.392569,1160.14,128
1710,1001710000000,1001729628285,19.628285,-1552.79,128
1711,1001711000000,1001734543796,23.543796,-1567.16,128
1712,1001712000000,1001729936075,17.936076,808.75,128
1713,1001713000000,1001735082251,22.082251,-1875.58,128
1714,1001714000000,1001737133977,23.133978,-2419.31,128
1715,1001715000000,1001740108287,25.108288,-1512.3,128
1716,1001716000000,1001734957267,18.957267,519.69,128
1717,1001717000000,1001740323677,23.323678,-1084.88,128
1718,1001718000000,1001738092789,20.09279,3428.07,128
1719,1001719000000,1001739315225,20.315225,311.18,128
1720,1001720000000,1001738721478,18.721479,-973.1,128
1721,1001721000000,1001740162511,19.162511,-3647.33,128
1722,1001722000000,1001741341604,19.341604,4242.73,128
1723,1001723000000,1001745602528,22.602529,298.66,128
1724,1001724000000,1001746073168,22.073169,3154.83,128
1725,1001725000000,1001746382874,21.382875,6823.46,128
1726,1001726000000,1001749822431,23.822431,-2050.89,128
1727,1001727000000,1001750302968,23.302969,-1498.17,128
1728,1001728000000,1001746604039,18.604039,1398.13,128
1729,1001729000000,1001750968573,21.968574,4328.77,128
1730,1001730000000,1001752436698,22.436699,-4606.89,128
1731,1001731000000,1001750660990,19.66099,-4615.57,128
1732,1001732000000,1001754750666,22.750666,804.0,128
1733,1001733000000,1001753822014,20.822015,-2130.24,128
1734,1001734000000,1001757041335,23.041336,-1190.08,128
1735,1001735000000,1001756078701,21.078701,-1988.54,128
1736,1001736000000,1001757453125,21.453126,8405.78,128
1737,1001737000000,1001758342834,21.342834,342.28,128
1738,1001738000000,1001755153574,17.153575,-2834.41,128
1739,1001739000000,1001760319426,21.319427,-1526.85,128
1740,1001740000000,1001760106908,20.106909,-1385.09,128
1741,1001741000000,1001766486270,25.486271,-627.09,128
1742,1001742000000,1001762105392,20.105393,-1958.42,128
1743,1001743000000,1001761602407,18.602407,367.19,128
1744,1001744000000,1001762991493,18.991493,-1938.3,128
1745,1001745000000,1001768727498,23.727499,3958.43,128
1746,1001746000000,1001765692385,19.692385,-3644.85,128
1747,1001747000000,1001768653411,21.653412,2812.3,128
1748,1001748000000,1001767555118,19.555118,326.73,128
1749,1001749000000,1001767113853,18.113853,-4749.94,128
1750,1001750000000,1001769458697,19.458698,-2079.47,128
1751,1001751000000,1001770992612,19.992612,3214.56,128
1752,1001752000000,1001775408956,23.408957,-2427.31,128
1753,1001753000000,1001776551623,23.551624,6266.74,128
1754,1001754000000,1001775995363,21.995364,2140.07,128
1755,1001755000000,1001775053444,20.053445,-3041.94,128
1756,1001756000000,1001775435373,19.435373,-886.12,128
1757,1001757000000,1001780753659,23.75366,4038.23,128
1758,1001758000000,1001776200055,18.200056,2177.03,128
1759,1001759000000,1001782812109,23.812109,1566.71,128
1760,1001760000000,1001781586887,21.586887,-1957.45,128
1761,1001761000000,1001782957558,21.957559,88.1,128
1762,1001762000000,1001782710508,20.710509,-2794.84,128
1763,1001763000000,1001784434612,21.434612,-1618.19,128
1764,1001764000000,1001786189323,22.189324,1597.71,128
1765,1001765000000,1001786576235,21.576235,-2557.05,128
1766,1001766000000,1001784617572,18.617572,-505.89,128
1767,1001767000000,1001787764676,20.764677,7103.13,128
1768,1001768000000,1001790059306,22.059307,-186.97,128
1769,1001769000000,1001788889781,19.889781,-2369.68,128
1770,1001770000000,1001790870462,20.870463,-6828.53,128
1771,1001771000000,1001796390923,25.390924,-6844.49,128
1772,1001772000000,1001796116882,24.116882,-1949.33,128
1773,1001773000000,1001797034617,24.034617,8832.1,128
1774,1001774000000,1001793030453,19.030454,-2484.49,128
1775,1001775000000,1001796446525,21.446525,1561.65,128
1776,1001776000000,1001799723199,23.723199,-2414.5,128
1777,1001777000000,1001800480938,23.480939,-1632.19,128
1778,1001778000000,1001800585948,22.585949,-4328.6,128
1779,1001779000000,1001797777672,18.777672,6786.68,128
1780,1001780000000,1001800419985,20.419985,166.57,128
1781,1001781000000,1001801840708,20.840709,837.45,128
1782,1001782000000,1001805482394,23.482395,-1963.07,128
1783,1001783000000,1001802969272,19.969272,-3098.6,128
1784,1001784000000,1001807032492,23.032493,5831.08,128
1785,1001785000000,1001804920957,19.920957,4260.43,128
1786,1001786000000,1001809639530,23.63953,3595.26,128
1787,1001787000000,1001809774804,22.774805,3280.59,128
1788,1001788000000,1001809611165,21.611166,-1715.61,128
1789,1001789000000,1001808038878,19.038878,-4298.28,128
1790,1001790000000,1001811389373,21.389374,-2552.03,128
1791,1001791000000,1001813784055,22.784056,6778.98,128
1792,1001792000000,1001811993067,19.993068,3554.97,128
1793,1001793000000,1001813225959,20.225959,171.0,128
1794,1001794000000,1001816496429,22.49643,-4141.03,128
1795,1001795000000,1001816408601,21.408601,4057.52,128
1796,1001796000000,1001815458184,19.458184,-4877.23,128
1797,1001797000000,1001817766477,20.766478,-2241.92,128
1798,1001798000000,1001819832283,21.832283,-5141.81,128
1799,1001799000000,1001824841268,25.841269,328.65,128
1800,1001800000000,1001820777837,20.777837,-1969.52,128
1801,1001801000000,1001826410286,25.410286,-665.56,128
1802,1001802000000,1001821367747,19.367748,369.16,128
1803,1001803000000,1001823502123,20.502124,2370.93,128
1804,1001804000000,1001824581734,20.581734,1876.9,128
1805,1001805000000,1001828673048,23.673049,-4794.26,128
1806,1001806000000,1001831378834,25.378835,3423.42,128
1807,1001807000000,1001828536093,21.536093,-1499.69,128
1808,1001808000000,1001827266493,19.266494,-4369.81,128
1809,1001809000000,1001827464095,18.464096,1274.04,128
1810,1001810000000,1001829269964,19.269965,-3188.13,128
1811,1001811000000,1001834258094,23.258095,616.95,128
1812,1001812000000,1001836894202,24.894202,519.99,128
1813,1001813000000,1001832147100,19.147101,-2545.53,128
1814,1001814000000,1001839311415,25.311416,2148.37,128
1815,1001815000000,1001837695325,22.695326,4055.83,128
1816,1001816000000,1001835650022,19.650022,4502.43,128
1817,1001817000000,1001836685650,19.685651,1628.45,128
1818,1001818000000,1001841469511,23.469511,5086.22,128
1819,1001819000000,1001840217268,21.217269,4340.07,128
1820,1001820000000,1001841458165,21.458166,-2451.9,128
1821,1001821000000,1001840690406,19.690406,-1759.83,128
1822,1001822000000,1001843964986,21.964986,-2896.37,128
1823,1001823000000,1001844481111,21.481112,-170.82,128
1824,1001824000000,1001845034185,21.034185,904.94,128
1825,1001825000000,1001844290802,19.290802,762.88,128
1826,1001826000000,1001847027333,21.027333,5065.69,128
1827,1001827000000,1001847510531,20.510531,1434.16,128
1828,1001828000000,1001850779371,22.779372,-964.42,128
1829,1001829000000,1001851096690,22.096691,977.78,128
1830,1001830000000,1001854470829,24.47083,3885.3,128
1831,1001831000000,1001856407585,25.407586,212.16,128
1832,1001832000000,1001854059203,22.059203,-3686.17,128
1833,1001833000000,1001855717681,22.717682,2679.79,128
1834,1001834000000,1001855008375,21.008375,534.01,128
1835,1001835000000,1001858301462,23.301462,-5895.32,128
1836,1001836000000,1001855643405,19.643406,3659.57,128
1837,1001837000000,1001855208087,18.208088,-5300.15,128
1838,1001838000000,1001856946315,18.946316,3260.89,128
1839,1001839000000,1001858730267,19.730268,1375.57,128
1840,1001840000000,1001862185903,22.185903,-864.9,128
1841,1001841000000,1001864523029,23.52303,-419.07,128
1842,1001842000000,1001863779229,21.77923,-110.06,128
1843,1001843000000,1001865172843,22.172843,-828.38,128
1844,1001844000000,1001866629085,22.629086,1230.32,128
1845,1001845000000,1001865917975,20.917976,4316.26,128
1846,1001846000000,1001869687170,23.68717,159.78,128
1847,1001847000000,1001870154379,23.15438,1075.94,128
1848,1001848000000,1001866869530,18.869531,593.37,128
1849,1001849000000,1001871250403,22.250404,-1909.63,128
1850,1001850000000,1001873825826,23.825826,783.31,128
1851,1001851000000,1001869867395,18.867395,-5079.33,128
1852,1001852000000,1001870527239,18.52724,4524.67,128
1853,1001853000000,1001872194891,19.194891,1084.69,128
1854,1001854000000,1001874179822,20.179822,2953.06,128
1855,1001855000000,1001874015881,19.015882,6312.65,128
1856,1001856000000,1001877438707,21.438707,-1817.77,128
1857,1001857000000,1001877676329,20.67633,-2180.61,128
1858,1001858000000,1001877178077,19.178078,3968.84,128
1859,1001859000000,1001882029535,23.029536,-14.76,128
1860,1001860000000,1001886641456,26.641457,-591.09,128
1861,1001861000000,1001880363958,19.363958,1418.44,128
1862,1001862000000,1001880405473,18.405473,-560.19,128
1863,1001863000000,1001884760950,21.76095,1010.55,128
1864,1001864000000,1001885065379,21.065379,2129.91,128
1865,1001865000000,1001886441685,21.441686,2143.61,128
1866,1001866000000,1001886687723,20.687723,2624.16,128
1867,1001867000000,1001889333149,22.33315,-829.84,128
1868,1001868000000,1001885262989,17.262989,4037.66,128
1869,1001869000000,1001891772808,22.772809,2819.13,128
1870,1001870000000,1001891001127,21.001127,-4297.96,128
1871,1001871000000,1001896068840,25.068841,-2989.27,128
1872,1001872000000,1001893282950,21.28295,-415.43,128
1873,1001873000000,1001897748325,24.748325,-4670.42,128
1874,1001874000000,1001893178002,19.178003,5392.48,128
1875,1001875000000,1001894368778,19.368779,386.93,128
1876,1001876000000,1001896119500,20.119501,984.29,128
1877,1001877000000,1001899160371,22.160371,-4089.06,128
1878,1001878000000,1001899225267,21.225268,1966.71,128
1879,1001879000000,1001902095790,23.095791,3590.06,128
1880,1001880000000,1001904792055,24.792056,2893.46,128
1881,1001881000000,1001905234169,24.23417,-2979.94,128
1882,1001882000000,1001905915370,23.91537,-3861.98,128
1883,1001883000000,1001904070518,21.070518,-83.43,128
1884,1001884000000,1001906031671,22.031671,-3923.66,128
1885,1001885000000,1001906218739,21.218739,-1877.23,128
1886,1001886000000,1001906702628,20.702628,-1100.81,128
1887,1001887000000,1001909627307,22.627307,-1927.3,128
1888,1001888000000,1001907663457,19.663458,4924.03,128
1889,1001889000000,1001911718444,22.718445,2879.32,128
1890,1001890000000,1001908110362,18.110363,-5175.48,128
1891,1001891000000,1001911936126,20.936126,-2037.84,128
1892,1001892000000,1001912311253,20.311253,-2469.37,128
1893,1001893000000,1001914457678,21.457678,-1673.62,128
1894,1001894000000,1001912354730,18.35473,3263.29,128
1895,1001895000000,1001913366256,18.366257,1153.21,128
1896,1001896000000,1001918135702,22.135702,5883.63,128
1897,1001897000000,1001923404706,26.404707,-6184.2,128
1898,1001898000000,1001921304260,23.304261,-3359.04,128
1899,1001899000000,1001920946174,21.946174,326.25,128
1900,1001900000000,1001919466268,19.466268,2202.88,128
1901,1001901000000,1001920734437,19.734438,-662.17,128
1902,1001902000000,1001924017691,22.017692,-2479.15,128
1903,1001903000000,1001927441565,24.441565,-428.67,128
1904,1001904000000,1001928597649,24.597649,-3701.69,128
1905,1001905000000,1001921635759,16.635759,-67.1,128
1906,1001906000000,1001930353715,24.353715,1893.36,128
1907,1001907000000,1001926668869,19.668869,2124.6,128
1908,1001908000000,1001929776692,21.776692,-4345.86,128
1909,1001909000000,1001928742989,19.742989,3001.24,128
1910,1001910000000,1001932280576,22.280576,-1564.69,128
1911,1001911000000,1001932310536,21.310536,278.91,128
1912,1001912000000,1001927714833,15.714833,-2745.4,128
1913,1001913000000,1001934496652,21.496653,-1540.27,128
1914,1001914000000,1001934755663,20.755663,416.7,128
1915,1001915000000,1001931780716,16.780717,-976.59,128
1916,1001916000000,1001939566671,23.566672,-2164.72,128
1917,1001917000000,1001937719292,20.719292,-4525.51,128
1918,1001918000000,1001938240524,20.240525,-3248.16,128
1919,1001919000000,1001937271565,18.271565,-615.08,128
1920,1001920000000,1001941444741,21.444742,5768.61,128
1921,1001921000000,1001942401181,21.401181,-3191.1,128
1922,1001922000000,1001944634074,22.634075,-2193.47,128
1923,1001923000000,1001942122613,19.122614,-2655.27,128
1924,1001924000000,1001944741992,20.741993,-5641.53,128
1925,1001925000000,1001946860688,21.860688,2651.7,128
1926,1001926000000,1001949812188,23.812188,-1600.1,128
1927,1001927000000,1001946354185,19.354185,-1640.45,128
1928,1001928000000,1001951618339,23.618339,562.82,128
1929,1001929000000,1001950609975,21.609975,3754.11,128
1930,1001930000000,1001951180492,21.180493,-3612.67,128
1931,1001931000000,1001950199688,19.199689,-3195.97,128
1932,1001932000000,1001950714798,18.714798,-2238.27,128
1933,1001933000000,1001954499011,21.499012,-1476.7,128
1934,1001934000000,1001961069562,27.069563,-3522.24,128
1935,1001935000000,1001957559858,22.559858,-2801.85,128
1936,1001936000000,1001955905495,19.905495,3203.56,128
1937,1001937000000,1001959082977,22.082977,3362.99,128
1938,1001938000000,1001959204977,21.204977,-1254.04,128
1939,1001939000000,1001960282548,21.282548,-4566.08,128
1940,1001940000000,1001961711395,21.711395,2193.7,128
1941,1001941000000,1001966697310,25.697311,4657.77,128
1942,1001942000000,1001966261090,24.26109,1144.94,128
1943,1001943000000,1001961623361,18.623362,-2657.86,128
1944,1001944000000,1001965244840,21.244841,-3965.89,128
1945,1001945000000,1001971062633,26.062633,-4117.33,128
1946,1001946000000,1001968088975,22.088975,693.29,128
1947,1001947000000,1001970352079,23.352079,-3464.76,128
1948,1001948000000,1001968579612,20.579612,-3271.07,128
1949,1001949000000,1001973071198,24.071199,-1587.26,128
1950,1001950000000,1001975942893,25.942893,811.33,128
1951,1001951000000,1001972769401,21.769402,-4431.44,128
1952,1001952000000,1001974091456,22.091457,2773.36,128
1953,1001953000000,1001976059426,23.059426,-4507.91,128
1954,1001954000000,1001976695128,22.695129,-2643.86,128
1955,1001955000000,1001975326934,20.326935,-3657.2,128
1956,1001956000000,1001980389019,24.38902,1023.91,128
1957,1001957000000,1001983069830,26.06983,588.35,128
1958,1001958000000,1001975340841,17.340842,-681.41,128
1959,1001959000000,1001983616394,24.616394,-194.95,128
1960,1001960000000,1001978300049,18.300049,2727.85,128
1961,1001961000000,1001985156608,24.156608,4670.93,128
1962,1001962000000,1001983753474,21.753474,5784.23,128
1963,1001963000000,1001981721858,18.721858,2994.64,128
1964,1001964000000,1001984615252,20.615252,1356.08,128
1965,1001965000000,1001983640586,18.640586,2753.55,128
1966,1001966000000,1001986508415,20.508415,141.03,128
1967,1001967000000,1001987779916,20.779917,2417.47,128
1968,1001968000000,1001989242524,21.242524,-3050.24,128
1969,1001969000000,1001992405090,23.405091,1172.36,128
1970,1001970000000,1001990520266,20.520266,-966.39,128
1971,1001971000000,1001990961215,19.961215,1201.71,128
1972,1001972000000,1001992571566,20.571566,-1908.59,128
1973,1001973000000,1001992969366,19.969367,-955.87,128
1974,1001974000000,1001993504057,19.504057,1557.32,128
1975,1001975000000,1001994264506,19.264506,2653.3,128
1976,1001976000000,1001994260084,18.260084,-887.99,128
1977,1001977000000,1001995666698,18.666698,5.35,128
1978,1001978000000,1001998689616,20.689616,-2243.36,128
1979,1001979000000,1002005452285,26.452286,-2995.54,128
1980,1001980000000,1002003336099,23.3361,1042.19,128
1981,1001981000000,1002003331600,22.331601,883.0,128
1982,1001982000000,1002005198190,23.19819,-406.13,128
1983,1001983000000,1002005321209,22.32121,-1791.57,128
1984,1001984000000,1002004651801,20.651802,-1489.23,128
1985,1001985000000,1002005847461,20.847462,321.77,128
1986,1001986000000,1002008074293,22.074293,-3948.19,128
1987,1001987000000,1002007959221,20.959222,-3597.35,128
1988,1001988000000,1002007928796,19.928796,2601.72,128
1989,1001989000000,1002008935638,19.935639,1774.52,128
1990,1001990000000,1002011167119,21.16712,-2145.0,128
1991,1001991000000,1002012353383,21.353383,-1686.24,128
1992,1001992000000,1002012988790,20.988791,-2408.77,128
1993,1001993000000,1002015065314,22.065315,2246.3,128
1994,1001994000000,1002017415271,23.415272,1233.88,128
1995,1001995000000,1002016496519,21.49652,3625.52,128
1996,1001996000000,1002016109373,20.109373,2303.92,128
1997,1001997000000,1002020731992,23.731993,4567.9,128
1998,1001998000000,1002021356174,23.356175,3164.72,128
1999,1001999000000,1002022359457,23.359457,1087.97,128
2000,1002000000000,1002021388198,21.388199,-6790.66,128
2001,1002001000000,1002024594876,23.594876,1821.77,128
2002,1002002000000,1002024013271,22.013271,-2871.14,128
2003,1002003000000,1002021510203,18.510203,-3025.86,128
2004,1002004000000,1002026323036,22.323036,-5252.22,128
2005,1002005000000,1002026447320,21.447321,-330.22,128
2006,1002006000000,1002027120504,21.120504,6015.26,128
2007,1002007000000,1002027840075,20.840076,-855.33,128
2008,1002008000000,1002028443803,20.443804,-2532.29,128
2009,1002009000000,1002030760716,21.760716,-189.17,128
2010,1002010000000,1002032551484,22.551484,-6064.73,128
2011,1002011000000,1002036067971,25.067972,3253.95,128
2012,1002012000000,1002034036198,22.036198,1677.12,128
2013,1002013000000,1002033318101,20.318102,-28.46,128
2014,1002014000000,1002036722592,22.722592,525.6,128
2015,1002015000000,1002036562526,21.562526,-942.14,128
2016,1002016000000,1002038666069,22.666069,1402.29,128
2017,1002017000000,1002039597154,22.597154,2725.88,128
2018,1002018000000,1002040115652,22.115653,1515.35,128
2019,1002019000000,1002040026000,21.026,3950.08,128
2020,1002020000000,1002043789377,23.789378,-3270.16,128
2021,1002021000000,1002041878341,20.878341,118.34,128
2022,1002022000000,1002044990454,22.990454,-1224.57,128
2023,1002023000000,1002042980119,19.98012,4329.62,128
2024,1002024000000,1002044231199,20.231199,-401.83,128
2025,1002025000000,1002048015440,23.015441,1916.89,128
2026,1002026000000,1002048193210,22.193211,1903.13,128
2027,1002027000000,1002046779036,19.779036,303.73,128
2028,1002028000000,1002048507417,20.507417,1343.24,128
2029,1002029000000,1002052417350,23.417351,57.03,128
2030,1002030000000,1002053893860,23.89386,-913.16,128
2031,1002031000000,1002053234575,22.234576,1854.72,128
2032,1002032000000,1002054441466,22.441467,-73.43,128
2033,1002033000000,1002054166690,21.16669,2547.47,128
2034,1002034000000,1002059328669,25.328669,-4082.01,128
2035,1002035000000,1002056357954,21.357954,-5561.11,128
2036,1002036000000,1002056057156,20.057156,-1133.06,128
2037,1002037000000,1002057310561,20.310562,-2735.68,128
2038,1002038000000,1002059167876,21.167877,2307.01,128
2039,1002039000000,1002060492595,21.492596,1819.92,128
2040,1002040000000,1002061144792,21.144792,-2909.14,128
2041,1002041000000,1002061062716,20.062716,-2698.25,128
2042,1002042000000,1002063873309,21.873309,433.6,128
2043,1002043000000,1002066522177,23.522177,-3231.32,128
2044,1002044000000,1002066793679,22.793679,-1187.29,128
2045,1002045000000,1002068540579,23.54058,-158.36,128
2046,1002046000000,1002065162798,19.162798,3138.16,128
2047,1002047000000,1002072159262,25.159263,-653.8,128
2048,1002048000000,1002067190135,19.190136,-4352.88,128
2049,1002049000000,1002069476252,20.476253,-2961.66,128
2050,1002050000000,1002071730479,21.73048,-260.75,128
2051,1002051000000,1002067908569,16.908569,-2757.48,128
2052,1002052000000,1002069083709,17.08371,-5710.71,128
2053,1002053000000,1002072605116,19.605117,-6144.0,128
2054,1002054000000,1002072096347,18.096347,2915.87,128
2055,1002055000000,1002075027457,20.027458,-930.2,128
2056,1002056000000,1002072508218,16.508218,-2812.52,128
2057,1002057000000,1002078276208,21.276208,5854.86,128
2058,1002058000000,1002078096235,20.096235,-732.3,128
2059,1002059000000,1002080453020,21.453021,237.73,128
2060,1002060000000,1002082946533,22.946533,3431.24,128
2061,1002061000000,1002082404252,21.404253,-1231.95,128
2062,1002062000000,1002086126547,24.126548,343.06,128
2063,1002063000000,1002082785515,19.785515,-4476.6,128
2064,1002064000000,1002084600668,20.600668,628.19,128
2065,1002065000000,1002087331491,22.331492,-37.35,128
2066,1002066000000,1002085672237,19.672237,-495.01,128
2067,1002067000000,1002085763222,18.763222,-2249.27,128
2068,1002068000000,1002091875913,23.875914,-481.24,128
2069,1002069000000,1002088371928,19.371928,1612.85,128
2070,1002070000000,1002090037679,20.03768,-4364.72,128
2071,1002071000000,1002091985547,20.985547,-7249.57,128
2072,1002072000000,1002092472250,20.472251,505.6,128
2073,1002073000000,1002093791864,20.791864,650.65,128
2074,1002074000000,1002096465070,22.465071,1983.55,128
2075,1002075000000,1002101252464,26.252464,-2924.82,128
2076,1002076000000,1002099291054,23.291054,1645.35,128
2077,1002077000000,1002097513517,20.513518,1709.29,128
2078,1002078000000,1002101558724,23.558724,-129.64,128
2079,1002079000000,1002099707828,20.707829,2763.48,128
2080,1002080000000,1002100781410,20.78141,3236.01,128
2081,1002081000000,1002103524002,22.524002,-3337.13,128
2082,1002082000000,1002101901709,19.90171,-4165.49,128
2083,1002083000000,1002105336710,22.33671,-1843.26,128
2084,1002084000000,1002103114668,19.114669,2938.14,128
2085,1002085000000,1002106232767,21.232768,-3305.01,128
2086,1002086000000,1002105927317,19.927318,-3079.67,128
2087,1002087000000,1002109286192,22.286193,1916.3,128
2088,1002088000000,1002107358337,19.358338,62.95,128
2089,1002089000000,1002108931385,19.931385,3373.48,128
2090,1002090000000,1002110153688,20.153689,-2176.11,128
2091,1002091000000,1002116869588,25.869589,5400.71,128
2092,1002092000000,1002113028109,21.02811,-2992.3,128
2093,1002093000000,1002111884917,18.884917,-3148.18,128
2094,1002094000000,1002114905671,20.905672,-2025.28,128
2095,1002095000000,1002120598415,25.598415,82.33,128
2096,1002096000000,1002116158008,20.158009,4123.57,128
2097,1002097000000,1002116941492,19.941493,-3834.62,128
2098,1002098000000,1002120574454,22.574454,574.16,128
2099,1002099000000,1002120338689,21.338689,4612.54,128
2100,1002100000000,1002117749185,17.749186,-3114.21,128
2101,1002101000000,1002122514883,21.514884,-2446.2,128
2102,1002102000000,1002123394641,21.394641,-452.9,128
2103,1002103000000,1002124749577,21.749577,-5138.7,128
2104,1002104000000,1002121660501,17.660501,-9692.39,128
2105,1002105000000,1002126663109,21.66311,2257.52,128
2106,1002106000000,1002127621414,21.621414,679.85,128
2107,1002107000000,1002130892603,23.892604,-185.63,128
2108,1002108000000,1002128837446,20.837447,-1940.32,128
2109,1002109000000,1002129249495,20.249495,4302.62,128
2110,1002110000000,1002131526226,21.526226,-763.29,128
2111,1002111000000,1002134532145,23.532145,814.94,128
2112,1002112000000,1002130830184,18.830185,2811.75,128
2113,1002113000000,1002135066128,22.066129,-438.22,128
2114,1002114000000,1002136537334,22.537335,-3664.5,128
2115,1002115000000,1002135256611,20.256611,3389.99,128
2116,1002116000000,1002139443679,23.443679,-1096.81,128
2117,1002117000000,1002141291439,24.29144,1125.27,128
2118,1002118000000,1002142491178,24.491179,2504.32,128
2119,1002119000000,1002140641527,21.641528,-688.33,128
2120,1002120000000,1002140337993,20.337994,-515.27,128
2121,1002121000000,1002143315544,22.315545,-1988.1,128
2122,1002122000000,1002146420347,24.420348,-5630.45,128
2123,1002123000000,1002143952707,20.952707,4151.69,128
2124,1002124000000,1002146329722,22.329723,2672.95,128
2125,1002125000000,1002147812426,22.812426,-2128.72,128
2126,1002126000000,1002147720659,21.720659,-4064.12,128
2127,1002127000000,1002149059521,22.059522,4137.18,128
2128,1002128000000,1002150133920,22.133921,211.81,128
2129,1002129000000,1002151167172,22.167172,1060.08,128
2130,1002130000000,1002153279723,23.279723,-2986.0,128
2131,1002131000000,1002151679359,20.679359,4633.64,128
2132,1002132000000,1002153552760,21.55276,-76.6,128
2133,1002133000000,1002154978282,21.978282,305.02,128
2134,1002134000000,1002152043726,18.043727,-4137.88,128
2135,1002135000000,1002155198839,20.19884,5357.17,128
2136,1002136000000,1002157239111,21.239111,-2964.1,128
2137,1002137000000,1002163960160,26.96016,5873.09,128
2138,1002138000000,1002159283792,21.283793,-1694.9,128
2139,1002139000000,1002157356587,18.356588,-2036.16,128
2140,1002140000000,1002159668822,19.668823,4740.57,128
2141,1002141000000,1002161932417,20.932418,-1992.33,128
2142,1002142000000,1002161072092,19.072092,-2290.06,128
2143,1002143000000,1002162987270,19.987271,1092.01,128
2144,1002144000000,1002166855939,22.855939,3799.2,128
2145,1002145000000,1002165123749,20.123749,4490.93,128
2146,1002146000000,1002165563464,19.563465,6568.64,128
2147,1002147000000,1002170252552,23.252552,-196.7,128
2148,1002148000000,1002167876052,19.876052,-1902.41,128
2149,1002149000000,1002170599438,21.599438,-1057.7,128
2150,1002150000000,1002174536375,24.536375,-2188.06,128
2151,1002151000000,1002171847108,20.847109,6283.32,128
2152,1002152000000,1002173032689,21.032689,-1039.2,128
2153,1002153000000,1002176813602,23.813603,2311.46,128
2154,1002154000000,1002172906528,18.906529,-680.08,128
2155,1002155000000,1002173707652,18.707653,1442.18,128
2156,1002156000000,1002174504323,18.504324,37.4,128
2157,1002157000000,1002176358751,19.358751,-1252.88,128
2158,1002158000000,1002184581091,26.581092,4454.58,128
2159,1002159000000,1002179749345,20.749346,-354.24,128
2160,1002160000000,1002181444645,21.444646,-4576.23,128
2161,1002161000000,1002181242393,20.242393,3046.62,128
2162,1002162000000,1002185769774,23.769775,-140.21,128
2163,1002163000000,1002185438812,22.438813,2432.22,128
2164,1002164000000,1002186906887,22.906887,-433.99,128
2165,1002165000000,1002188451558,23.451558,2704.25,128
2166,1002166000000,1002189394891,23.394892,1158.22,128
2167,1002167000000,1002186340410,19.34041,1744.72,128
2168,1002168000000,1002186892293,18.892293,-409.46,128
2169,1002169000000,1002188808025,19.808026,2507.98,128
2170,1002170000000,1002192931062,22.931063,2119.76,128
2171,1002171000000,1002192395802,21.395803,674.58,128
2172,1002172000000,1002198691954,26.691955,1187.23,128
2173,1002173000000,1002193159614,20.159614,2339.18,128
2174,1002174000000,1002196539944,22.539945,3123.48,128
2175,1002175000000,1002193377703,18.377704,-3762.51,128
2176,1002176000000,1002202101855,26.101855,2451.77,128
2177,1002177000000,1002202512728,25.512729,1416.62,128
2178,1002178000000,1002199708160,21.708161,3950.25,128
2179,1002179000000,1002197285475,18.285475,1035.86,128
2180,1002180000000,1002199927951,19.927951,495.16,128
2181,1002181000000,1002204742430,23.742431,2107.04,128
2182,1002182000000,1002199758739,17.758739,-1693.57,128
2183,1002183000000,1002203116765,20.116766,-595.85,128
2184,1002184000000,1002207454849,23.45485,3978.94,128
2185,1002185000000,1002205658853,20.658853,-27.05,128
2186,1002186000000,1002209932664,23.932664,-4055.46,128
2187,1002187000000,1002207891518,20.891518,1995.39,128
2188,1002188000000,1002210709111,22.709112,-7051.28,128
2189,1002189000000,1002210335588,21.335588,3233.95,128
2190,1002190000000,1002211182796,21.182796,-5568.03,128
2191,1002191000000,1002211456658,20.456658,1549.3,128
2192,1002192000000,1002215343017,23.343018,-3317.02,128
2193,1002193000000,1002217379338,24.379338,953.06,128
2194,1002194000000,1002216599930,22.599931,332.33,128
2195,1002195000000,1002215135222,20.135222,1700.72,128
2196,1002196000000,1002216510915,20.510916,1913.17,128
2197,1002197000000,1002217465124,20.465124,1464.44,128
2198,1002198000000,1002223339158,25.339159,486.85,128
2199,1002199000000,1002219022669,20.02267,-5193.93,128
2200,1002200000000,1002219633349,19.633349,-2372.33,128
2201,1002201000000,1002222324927,21.324927,-3796.83,128
2202,1002202000000,1002223226893,21.226894,4860.54,128
2203,1002203000000,1002224263342,21.263343,2440.89,128
2204,1002204000000,1002223926034,19.926034,-2704.14,128
2205,1002205000000,1002224295770,19.295771,-4245.37,128
2206,1002206000000,1002227793671,21.793672,5236.21,128
2207,1002207000000,1002226736255,19.736255,404.56,128
2208,1002208000000,1002231404927,23.404927,-4041.15,128
2209,1002209000000,1002229964955,20.964955,1701.29,128
2210,1002210000000,1002232417312,22.417312,-2076.79,128
2211,1002211000000,1002231019051,20.019052,2356.41,128
2212,1002212000000,1002233361310,21.361311,1489.87,128
2213,1002213000000,1002233644208,20.644208,2970.63,128
2214,1002214000000,1002240497202,26.497203,3108.37,128
2215,1002215000000,1002239053152,24.053153,-2177.44,128
2216,1002216000000,1002237492895,21.492895,2326.59,128
2217,1002217000000,1002237093129,20.093129,898.73,128
2218,1002218000000,1002239107533,21.107533,-1405.93,128
2219,1002219000000,1002241943064,22.943065,-548.24,128
2220,1002220000000,1002242144885,22.144886,899.18,128
2221,1002221000000,1002237775700,16.7757,-1345.25,128
2222,1002222000000,1002245628192,23.628193,2470.76,128
2223,1002223000000,1002243996709,20.996709,-139.83,128
2224,1002224000000,1002243714121,19.714122,354.35,128
2225,1002225000000,1002245124392,20.124392,2777.34,128
2226,1002226000000,1002244673334,18.673335,2861.41,128
2227,1002227000000,1002246944350,19.94435,-1516.41,128
2228,1002228000000,1002249051188,21.051189,573.0,128
2229,1002229000000,1002250392603,21.392603,3151.96,128
2230,1002230000000,1002249451258,19.451259,-2652.82,128
2231,1002231000000,1002253741183,22.741183,723.26,128
2232,1002232000000,1002251886828,19.886828,-145.45,128
2233,1002233000000,1002255500942,22.500942,-1787.71,128
2234,1002234000000,1002255322452,21.322452,62.42,128
2235,1002235000000,1002256083933,21.083933,2073.36,128
2236,1002236000000,1002260241649,24.241649,-2322.62,128
2237,1002237000000,1002256573666,19.573666,-4433.49,128
2238,1002238000000,1002257000017,19.000018,5555.61,128
2239,1002239000000,1002260316973,21.316973,4420.99,128
2240,1002240000000,1002260015879,20.015879,-970.47,128
2241,1002241000000,1002262101054,21.101054,-3136.33,128
2242,1002242000000,1002266117794,24.117794,-3895.35,128
2243,1002243000000,1002262715205,19.715205,-147.67,128
2244,1002244000000,1002263317278,19.317279,4920.09,128
2245,1002245000000,1002268445958,23.445959,3492.59,128
2246,1002246000000,1002270198298,24.198298,-2176.5,128
2247,1002247000000,1002269338403,22.338403,4757.5,128
2248,1002248000000,1002269792688,21.792689,4608.29,128
2249,1002249000000,1002270072736,21.072737,-1003.82,128
2250,1002250000000,1002269611605,19.611605,-3934.44,128
2251,1002251000000,1002273072625,22.072625,-40.86,128
2252,1002252000000,1002274460824,22.460824,-2543.41,128
2253,1002253000000,1002271715455,18.715455,1934.07,128
2254,1002254000000,1002272281236,18.281236,-3639.91,128
2255,1002255000000,1002276914168,21.914168,977.71,128
2256,1002256000000,1002274338632,18.338633,576.09,128
2257,1002257000000,1002279705365,22.705365,-225.69,128
2258,1002258000000,1002276346349,18.346349,3224.18,128
2259,1002259000000,1002279561395,20.561396,3832.7,128
2260,1002260000000,1002281417166,21.417167,-1316.34,128
2261,1002261000000,1002283984404,22.984404,-1956.66,128
2262,1002262000000,1002285667706,23.667706,124.58,128
2263,1002263000000,1002285295449,22.29545,5835.85,128
2264,1002264000000,1002284206380,20.206381,4090.11,128
2265,1002265000000,1002283733667,18.733667,1847.2,128
2266,1002266000000,1002285209810,19.20981,6139.65,128
2267,1002267000000,1002290867341,23.867342,3743.66,128
2268,1002268000000,1002288498847,20.498848,-116.03,128
2269,1002269000000,1002292182713,23.182713,417.1,128
2270,1002270000000,1002290398765,20.398765,1947.76,128
2271,1002271000000,1002294118615,23.118616,-872.01,128
2272,1002272000000,1002295836862,23.836862,3262.19,128
2273,1002273000000,1002294300003,21.300004,3640.74,128
2274,1002274000000,1002296618130,22.618131,-145.94,128
2275,1002275000000,1002297377030,22.37703,-2917.66,128
2276,1002276000000,1002299400288,23.400289,-285.64,128
2277,1002277000000,1002297049778,20.049778,-97.51,128
2278,1002278000000,1002296960404,18.960405,-843.42,128
2279,1002279000000,1002301165186,22.165187,2064.7,128
2280,1002280000000,1002299352687,19.352688,351.3,128
2281,1002281000000,1002300669173,19.669174,2225.21,128
2282,1002282000000,1002306004791,24.004792,-1218.19,128
2283,1002283000000,1002301044407,18.044407,-2186.94,128
2284,1002284000000,1002304761394,20.761394,1590.6,128
2285,1002285000000,1002310240129,25.240129,-5206.95,128
2286,1002286000000,1002307232589,21.232589,947.25,128
2287,1002287000000,1002309179185,22.179185,2.42,128
2288,1002288000000,1002306829833,18.829833,2472.43,128
2289,1002289000000,1002312913258,23.913258,2373.04,128
2290,1002290000000,1002313168956,23.168957,-5873.78,128
2291,1002291000000,1002312580061,21.580062,-462.51,128
2292,1002292000000,1002312826461,20.826461,-2543.34,128
2293,1002293000000,1002317299544,24.299544,-4768.29,128
2294,1002294000000,1002314775857,20.775858,3330.26,128
2295,1002295000000,1002314438669,19.438669,6402.61,128
2296,1002296000000,1002318036692,22.036692,-1287.54,128
2297,1002297000000,1002319511995,22.511995,231.64,128
2298,1002298000000,1002319302604,21.302605,-4977.92,128
2299,1002299000000,1002319823316,20.823317,-2911.6,128
2300,1002300000000,1002324272345,24.272346,7126.6,128
2301,1002301000000,1002318686721,17.686721,-1987.27,128
2302,1002302000000,1002321686219,19.68622,-1936.61,128
2303,1002303000000,1002323908512,20.908513,-1132.87,128
2304,1002304000000,1002323210296,19.210297,-1167.2,128
2305,1002305000000,1002323980298,18.980298,1355.37,128
2306,1002306000000,1002326321210,20.32121,-344.42,128
2307,1002307000000,1002328710546,21.710546,-3591.94,128
2308,1002308000000,1002328648937,20.648937,-732.5,128
2309,1002309000000,1002328496887,19.496887,-942.03,128
2310,1002310000000,1002327455357,17.455357,3586.7,128
2311,1002311000000,1002332033171,21.033172,-613.43,128
2312,1002312000000,1002332679735,20.679736,6025.42,128
2313,1002313000000,1002334937836,21.937836,-480.85,128
2314,1002314000000,1002333927794,19.927795,4278.44,128
2315,1002315000000,1002333520467,18.520467,-4193.43,128
2316,1002316000000,1002338921323,22.921324,-2871.04,128
2317,1002317000000,1002336927196,19.927196,-314.03,128
2318,1002318000000,1002339861770,21.86177,-948.26,128
2319,1002319000000,1002338937213,19.937213,-474.86,128
2320,1002320000000,1002339643640,19.64364,-2946.69,128
2321,1002321000000,1002342565703,21.565704,-3846.34,128
2322,1002322000000,1002341145662,19.145663,7058.39,128
2323,1002323000000,1002343933726,20.933727,1592.33,128
2324,1002324000000,1002343148099,19.148099,-276.94,128
2325,1002325000000,1002344503184,19.503184,-2501.04,128
2326,1002326000000,1002344636739,18.636739,4046.82,128
2327,1002327000000,1002350633432,23.633432,-306.21,128
2328,1002328000000,1002351049599,23.0496,5598.27,128
2329,1002329000000,1002350392190,21.39219,1028.84,128
2330,1002330000000,1002353058551,23.058552,-439.57,128
2331,1002331000000,1002351133714,20.133715,-946.11,128
2332,1002332000000,1002353347388,21.347388,5532.3,128
2333,1002333000000,1002353754421,20.754422,-460.0,128
2334,1002334000000,1002352357603,18.357604,4504.69,128
2335,1002335000000,1002358427797,23.427798,-3671.13,128
2336,1002336000000,1002356337548,20.337549,-1643.32,128
2337,1002337000000,1002360717235,23.717236,5311.2,128
2338,1002338000000,1002359601846,21.601847,4209.52,128
2339,1002339000000,1002358446633,19.446633,332.93,128
2340,1002340000000,1002361838021,21.838021,1501.1,128
2341,1002341000000,1002362414199,21.414199,-3880.88,128
2342,1002342000000,1002365558540,23.558541,3529.7,128
2343,1002343000000,1002364542863,21.542863,-5468.01,128
2344,1002344000000,1002365474762,21.474762,2375.84,128
2345,1002345000000,1002364869926,19.869927,-1685.69,128
2346,1002346000000,1002367880807,21.880808,3121.61,128
2347,1002347000000,1002369366106,22.366107,-77.9,128
2348,1002348000000,1002370325663,22.325664,-4190.39,128
2349,1002349000000,1002370867453,21.867453,1340.83,128
2350,1002350000000,1002372642613,22.642614,-1814.08,128
2351,1002351000000,1002373542279,22.54228,7561.82,128
2352,1002352000000,1002371633003,19.633004,-1049.09,128
2353,1002353000000,1002373170086,20.170087,2251.44,128
2354,1002354000000,1002376094236,22.094236,-4838.78,128
2355,1002355000000,1002377977505,22.977505,4436.53,128
2356,1002356000000,1002383210996,27.210997,-261.58,128
2357,1002357000000,1002380764902,23.764903,-1006.35,128
2358,1002358000000,1002379664789,21.664789,-4548.53,128
2359,1002359000000,1002381457638,22.457639,3834.42,128
2360,1002360000000,1002380269724,20.269724,-1661.37,128
2361,1002361000000,1002377582680,16.58268,-2491.37,128
2362,1002362000000,1002383267079,21.26708,-2456.0,128
2363,1002363000000,1002388677822,25.677822,991.55,128
2364,1002364000000,1002385875794,21.875795,-706.17,128
2365,1002365000000,1002384335871,19.335871,1145.32,128
2366,1002366000000,1002383753092,17.753092,-2949.5,128
2367,1002367000000,1002388306633,21.306633,42.48,128
2368,1002368000000,1002391621353,23.621353,-1541.12,128
2369,1002369000000,1002394393464,25.393464,-2058.53,128
2370,1002370000000,1002392682115,22.682116,5054.41,128
2371,1002371000000,1002395924357,24.924358,-5960.19,128
2372,1002372000000,1002395657150,23.657151,95.01,128
2373,1002373000000,1002395563438,22.563438,-1369.57,128
2374,1002374000000,1002395499119,21.49912,-4978.22,128
2375,1002375000000,1002397011430,22.011431,-1334.85,128
2376,1002376000000,1002396425694,20.425695,2017.02,128
2377,1002377000000,1002397214744,20.214745,2399.66,128
2378,1002378000000,1002399453978,21.453979,-2657.51,128
2379,1002379000000,1002401243401,22.243401,3536.79,128
2380,1002380000000,1002399945952,19.945953,-1647.41,128
2381,1002381000000,1002401344430,20.344431,-3932.4,128
2382,1002382000000,1002401567345,19.567346,7544.98,128
2383,1002383000000,1002404534318,21.534319,-4632.84,128
2384,1002384000000,1002403082819,19.082819,3315.92,128
2385,1002385000000,1002405188623,20.188624,-1420.87,128
2386,1002386000000,1002410434518,24.434518,-1570.19,128
2387,1002387000000,1002406760908,19.760908,-486.3,128
2388,1002388000000,1002408281246,20.281247,2194.01,128
2389,1002389000000,1002413733732,24.733733,1645.61,128
2390,1002390000000,1002410103826,20.103827,-6452.95,128
2391,1002391000000,1002410902821,19.902821,1603.33,128
2392,1002392000000,1002411400206,19.400207,3118.9,128
2393,1002393000000,1002416441477,23.441478,-2827.68,128
2394,1002394000000,1002417849882,23.849882,215.6,128
2395,1002395000000,1002420800067,25.800068,956.34,128
2396,1002396000000,1002420719369,24.71937,833.2,128
2397,1002397000000,1002415401417,18.401417,1404.05,128
2398,1002398000000,1002420268289,22.26829,-8700.15,128
2399,1002399000000,1002418875710,19.875711,4620.56,128
2400,1002400000000,1002423128720,23.128721,-5412.36,128
2401,1002401000000,1002423669385,22.669386,-436.82,128
2402,1002402000000,1002420569316,18.569317,3137.19,128
2403,1002403000000,1002421025475,18.025475,2171.32,128
2404,1002404000000,1002424457440,20.457441,3163.34,128
2405,1002405000000,1002425972158,20.972158,-1888.91,128
2406,1002406000000,1002426772224,20.772224,-1008.31,128
2407,1002407000000,1002428703638,21.703639,455.72,128
2408,1002408000000,1002431343966,23.343966,4277.81,128
2409,1002409000000,1002431853449,22.853449,1893.26,128
2410,1002410000000,1002429325566,19.325566,-5509.11,128
2411,1002411000000,1002436684484,25.684485,-3760.34,128
2412,1002412000000,1002431839315,19.839315,3263.89,128
2413,1002413000000,1002437399294,24.399294,-2211.23,128
2414,1002414000000,1002437282102,23.282102,-917.99,128
2415,1002415000000,1002435509485,20.509486,2689.5,128
2416,1002416000000,1002436792762,20.792762,-1350.59,128
2417,1002417000000,1002436651978,19.651979,-1056.25,128
2418,1002418000000,1002438862953,20.862954,5075.23,128
2419,1002419000000,1002439711564,20.711564,27.12,128
2420,1002420000000,1002439833293,19.833293,2457.34,128
2421,1002421000000,1002443418992,22.418992,1782.73,128
2422,1002422000000,1002443488454,21.488454,1010.74,128
2423,1002423000000,1002446910798,23.910799,-2548.73,128
2424,1002424000000,1002447541419,23.54142,1663.57,128
2425,1002425000000,1002444645985,19.645986,-1994.41,128
2426,1002426000000,1002445211073,19.211073,-3422.65,128
2427,1002427000000,1002448265969,21.265969,-5387.32,128
2428,1002428000000,1002451782166,23.782167,1547.94,128
2429,1002429000000,1002451128907,22.128908,868.7,128
2430,1002430000000,1002451073078,21.073078,459.67,128
2431,1002431000000,1002453935793,22.935793,-1716.68,128
2432,1002432000000,1002451919570,19.919571,3743.55,128
2433,1002433000000,1002459663091,26.663092,6008.4,128
2434,1002434000000,1002456280926,22.280926,3224.52,128
2435,1002435000000,1002459095377,24.095377,-1183.48,128
2436,1002436000000,1002460266800,24.2668,-8847.89,128
2437,1002437000000,1002458555244,21.555244,80.87,128
2438,1002438000000,1002458471430,20.47143,1980.31,128
2439,1002439000000,1002457734211,18.734211,-1872.1,128
2440,1002440000000,1002460829753,20.829754,-3845.1,128
2441,1002441000000,1002463156735,22.156735,-341.03,128
2442,1002442000000,1002462410931,20.410932,-551.82,128
2443,1002443000000,1002467354714,24.354715,-4645.8,128
2444,1002444000000,1002465221150,21.221151,-840.82,128
2445,1002445000000,1002468316820,23.31682,422.45,128
2446,1002446000000,1002465995502,19.995502,-727.68,128
2447,1002447000000,1002466084693,19.084693,-1871.34,128
2448,1002448000000,1002469166090,21.166091,-743.31,128
2449,1002449000000,1002469189444,20.189445,-710.57,128
2450,1002450000000,1002476018829,26.01883,588.76,128
2451,1002451000000,1002473893635,22.893636,-1240.05,128
2452,1002452000000,1002470100362,18.100363,1342.21,128
2453,1002453000000,1002472613213,19.613214,854.51,128
2454,1002454000000,1002475023622,21.023623,1765.98,128
2455,1002455000000,1002475387733,20.387733,1982.66,128
2456,1002456000000,1002477472102,21.472102,1696.76,128
2457,1002457000000,1002479139970,22.139971,-3285.21,128
2458,1002458000000,1002483740972,25.740973,1550.7,128
2459,1002459000000,1002479733670,20.73367,-1767.93,128
2460,1002460000000,1002483294062,23.294062,4152.51,128
2461,1002461000000,1002481908177,20.908178,2567.18,128
2462,1002462000000,1002482212960,20.21296,-96.42,128
2463,1002463000000,1002484128392,21.128393,107.57,128
2464,1002464000000,1002481888513,17.888513,737.16,128
2465,1002465000000,1002483827355,18.827355,-3339.84,128
2466,1002466000000,1002485631265,19.631266,-456.45,128
2467,1002467000000,1002487692856,20.692857,4039.32,128
2468,1002468000000,1002488662146,20.662146,687.5,128
2469,1002469000000,1002490570017,21.570017,1432.25,128
2470,1002470000000,1002490442384,20.442385,-3133.52,128
2471,1002471000000,1002493554665,22.554666,-676.54,128
2472,1002472000000,1002492852624,20.852625,-190.95,128
2473,1002473000000,1002491950808,18.950809,-6646.14,128
2474,1002474000000,1002494478326,20.478327,-7103.69,128
2475,1002475000000,1002498569902,23.569902,2586.02,128
2476,1002476000000,1002498013209,22.013209,2084.09,128
2477,1002477000000,1002496803250,19.803251,3720.1,128
2478,1002478000000,1002498384747,20.384748,663.18,128
2479,1002479000000,1002500066862,21.066862,3451.25,128
2480,1002480000000,1002498939422,18.939422,1781.88,128
2481,1002481000000,1002502543854,21.543855,223.05,128
2482,1002482000000,1002501904050,19.90405,-75.5,128
2483,1002483000000,1002502192629,19.19263,4771.19,128
2484,1002484000000,1002506486941,22.486941,-2182.49,128
2485,1002485000000,1002505045627,20.045628,914.18,128
2486,1002486000000,1002508091186,22.091187,5661.31,128
2487,1002487000000,1002505206682,18.206683,6145.5,128
2488,1002488000000,1002509178748,21.178748,2446.58,128
2489,1002489000000,1002508591792,19.591792,-3247.11,128
2490,1002490000000,1002511037266,21.037267,4918.02,128
2491,1002491000000,1002511698121,20.698122,-1316.26,128
2492,1002492000000,1002514865835,22.865836,-2699.61,128
2493,1002493000000,1002511392248,18.392248,4576.71,128
2494,1002494000000,1002513297657,19.297658,952.52,128
2495,1002495000000,1002514843011,19.843011,2402.88,128
2496,1002496000000,1002517733467,21.733467,90.77,128
2497,1002497000000,1002519016510,22.01651,5062.84,128
2498,1002498000000,1002520929096,22.929096,5167.67,128
2499,1002499000000,1002520703949,21.703949,-744.93,128
2500,1002500000000,1002522495932,22.495933,-4050.38,128
2501,1002501000000,1002521249768,20.249769,-1554.47,128
2502,1002502000000,1002525655122,23.655123,4029.18,128
2503,1002503000000,1002525036503,22.036503,30.53,128
2504,1002504000000,1002527205399,23.2054,-2687.53,128
2505,1002505000000,1002525895088,20.895089,-2302.75,128
2506,1002506000000,1002524498490,18.498491,189.64,128
2507,1002507000000,1002526862703,19.862703,2233.43,128
2508,1002508000000,1002530457771,22.457772,-829.48,128
2509,1002509000000,1002529972750,20.972751,3877.17,128
2510,1002510000000,1002532580196,22.580196,3927.43,128
2511,1002511000000,1002535899991,24.899992,1680.49,128
2512,1002512000000,1002534912774,22.912775,1644.41,128
2513,1002513000000,1002536209865,23.209866,-746.94,128
2514,1002514000000,1002536383173,22.383174,2117.75,128
2515,1002515000000,1002533804552,18.804552,-2392.09,128
2516,1002516000000,1002537865622,21.865622,-2495.22,128
2517,1002517000000,1002536125696,19.125696,562.57,128
2518,1002518000000,1002543168877,25.168877,4726.73,128
2519,1002519000000,1002539546174,20.546175,206.57,128
2520,1002520000000,1002540202809,20.202809,1272.97,128
2521,1002521000000,1002541769137,20.769138,-2316.24,128
2522,1002522000000,1002539166331,17.166332,-1918.63,128
2523,1002523000000,1002541784337,18.784337,268.54,128
2524,1002524000000,1002543281938,19.281939,5790.64,128
2525,1002525000000,1002543069550,18.06955,4296.98,128
2526,1002526000000,1002547367384,21.367384,-2434.16,128
2527,1002527000000,1002549682887,22.682887,-1477.26,128
2528,1002528000000,1002551723930,23.72393,778.28,128
2529,1002529000000,1002551385173,22.385173,294.85,128
2530,1002530000000,1002553712881,23.712882,1129.7,128
2531,1002531000000,1002552218813,21.218813,-142.43,128
2532,1002532000000,1002551313649,19.313649,-833.02,128
2533,1002533000000,1002551750519,18.75052,-1451.25,128
2534,1002534000000,1002558423823,24.423823,-2530.94,128
2535,1002535000000,1002558033510,23.03351,4020.78,128
2536,1002536000000,1002557872564,21.872565,2119.82,128
2537,1002537000000,1002556796233,19.796234,-973.32,128
2538,1002538000000,1002558342669,20.34267,-408.38,128
2539,1002539000000,1002558046324,19.046324,5443.61,128
2540,1002540000000,1002564162918,24.162918,3745.83,128
2541,1002541000000,1002558923104,17.923105,1003.48,128
2542,1002542000000,1002562554889,20.55489,1370.75,128
2543,1002543000000,1002560085862,17.085862,4089.93,128
2544,1002544000000,1002567802163,23.802164,2003.39,128
2545,1002545000000,1002566407381,21.407382,-2671.42,128
2546,1002546000000,1002565888519,19.888519,-1514.27,128
2547,1002547000000,1002568507182,21.507182,559.12,128
2548,1002548000000,1002567679789,19.679789,2764.72,128
2549,1002549000000,1002570350406,21.350406,-3397.57,128
2550,1002550000000,1002575366181,25.366181,3577.01,128
2551,1002551000000,1002574380611,23.380612,1847.68,128
2552,1002552000000,1002571202538,19.202538,167.61,128
2553,1002553000000,1002570469571,17.469572,432.85,128
2554,1002554000000,1002575649435,21.649436,126.74,128
2555,1002555000000,1002577203484,22.203485,592.01,128
2556,1002556000000,1002577493353,21.493353,1668.7,128
2557,1002557000000,1002578920008,21.920008,2226.44,128
2558,1002558000000,1002580958993,22.958994,-872.29,128
2559,1002559000000,1002582890541,23.890542,891.91,128
2560,1002560000000,1002584977641,24.977642,-1591.8,128
2561,1002561000000,1002581876257,20.876257,-2083.95,128
2562,1002562000000,1002585549093,23.549093,-4118.92,128
2563,1002563000000,1002585145890,22.14589,2195.6,128
2564,1002564000000,1002586206521,22.206522,-4287.58,128
2565,1002565000000,1002586595146,21.595147,1770.51,128
2566,1002566000000,1002586872516,20.872516,4558.17,128
2567,1002567000000,1002588747079,21.74708,1339.84,128
2568,1002568000000,1002591336939,23.33694,2955.19,128
2569,1002569000000,1002590341553,21.341553,-1661.69,128
2570,1002570000000,1002590867761,20.867761,5245.92,128
2571,1002571000000,1002591842138,20.842138,-1795.96,128
2572,1002572000000,1002594652626,22.652626,312.41,128
2573,1002573000000,1002593294552,20.294553,9075.22,128
2574,1002574000000,1002596114421,22.114422,3075.39,128
2575,1002575000000,1002593998067,18.998068,2117.63,128
2576,1002576000000,1002597909605,21.909606,2222.44,128
2577,1002577000000,1002597391421,20.391421,3501.81,128
2578,1002578000000,1002598071893,20.071893,2730.48,128
2579,1002579000000,1002599987422,20.987423,2723.83,128
2580,1002580000000,1002601224281,21.224281,2624.28,128
2581,1002581000000,1002603283927,22.283928,1463.52,128
2582,1002582000000,1002600276439,18.276439,4346.22,128
2583,1002583000000,1002606093204,23.093204,-3253.44,128
2584,1002584000000,1002602628920,18.62892,2502.23,128
2585,1002585000000,1002603221162,18.221162,-1896.89,128
2586,1002586000000,1002609756398,23.756399,-868.86,128
2587,1002587000000,1002605533324,18.533324,4178.95,128
2588,1002588000000,1002608087472,20.087472,15.71,128
2589,1002589000000,1002608539992,19.539993,2612.94,128
2590,1002590000000,1002614948049,24.948049,-6266.49,128
2591,1002591000000,1002612706921,21.706921,-4000.69,128
2592,1002592000000,1002610997043,18.997044,1167.57,128
2593,1002593000000,1002616770294,23.770294,-176.53,128
2594,1002594000000,1002616135742,22.135742,-8046.65,128
2595,1002595000000,1002617499700,22.4997,-3469.29,128
2596,1002596000000,1002615869226,19.869226,-804.56,128
2597,1002597000000,1002616215519,19.21552,1362.26,128
2598,1002598000000,1002621111051,23.111051,127.54,128
2599,1002599000000,1002622369178,23.369178,-141.85,128
2600,1002600000000,1002622300835,22.300835,-2194.53,128
2601,1002601000000,1002624429056,23.429057,-517.57,128
2602,1002602000000,1002621030249,19.03025,-2282.52,128
2603,1002603000000,1002620803730,17.803731,816.46,128
2604,1002604000000,1002625300242,21.300243,-6390.49,128
2605,1002605000000,1002625730705,20.730706,1032.94,128
2606,1002606000000,1002628477503,22.477504,2739.64,128
2607,1002607000000,1002628199472,21.199473,-267.72,128
2608,1002608000000,1002627986945,19.986946,-1214.32,128
2609,1002609000000,1002631056118,22.056119,2316.74,128
2610,1002610000000,1002631758547,21.758547,3617.22,128
2611,1002611000000,1002633843211,22.843212,-584.27,128
2612,1002612000000,1002629433456,17.433457,-1875.15,128
2613,1002613000000,1002634996337,21.996338,-6912.63,128
2614,1002614000000,1002633134967,19.134967,-5786.34,128
2615,1002615000000,1002640551311,25.551312,9083.73,128
2616,1002616000000,1002634482497,18.482497,2283.19,128
2617,1002617000000,1002637418910,20.418911,7249.4,128
2618,1002618000000,1002641132706,23.132706,4876.51,128
2619,1002619000000,1002641115677,22.115678,5736.18,128
2620,1002620000000,1002642921597,22.921598,4058.34,128
2621,1002621000000,1002642486001,21.486001,-3247.45,128
2622,1002622000000,1002640276823,18.276824,-2464.81,128
2623,1002623000000,1002644335793,21.335793,7706.74,128
2624,1002624000000,1002645164594,21.164594,-4972.55,128
2625,1002625000000,1002644311212,19.311213,-0.15,128
2626,1002626000000,1002647620822,21.620822,184.18,128
2627,1002627000000,1002645804887,18.804887,105.26,128
2628,1002628000000,1002647666955,19.666956,2125.47,128
2629,1002629000000,1002647086689,18.08669,2723.19,128
2630,1002630000000,1002652211848,22.211849,-1694.03,128
2631,1002631000000,1002649871355,18.871356,3647.58,128
2632,1002632000000,1002651829174,19.829175,-131.58,128
2633,1002633000000,1002654096528,21.096528,2231.45,128
2634,1002634000000,1002654748933,20.748934,-2175.91,128
2635,1002635000000,1002657593385,22.593386,3920.91,128
2636,1002636000000,1002659863004,23.863005,1286.57,128
2637,1002637000000,1002657597258,20.597259,-5754.52,128
2638,1002638000000,1002657028262,19.028263,1255.96,128
2639,1002639000000,1002662175401,23.175402,4968.51,128
2640,1002640000000,1002660726711,20.726711,-187.15,128
2641,1002641000000,1002664087666,23.087666,1337.83,128
2642,1002642000000,1002665090228,23.090229,1095.84,128
2643,1002643000000,1002662933277,19.933278,-294.64,128
2644,1002644000000,1002666973846,22.973847,6472.25,128
2645,1002645000000,1002665618849,20.61885,-4166.21,128
2646,1002646000000,1002667193913,21.193914,5673.36,128
2647,1002647000000,1002665927773,18.927773,-3568.79,128
2648,1002648000000,1002673143736,25.143736,1848.91,128
2649,1002649000000,1002671179973,22.179974,4945.11,128
2650,1002650000000,1002670140442,20.140443,-970.72,128
2651,1002651000000,1002670568419,19.56842,-3692.41,128
2652,1002652000000,1002675334577,23.334577,-2914.02,128
2653,1002653000000,1002672229381,19.229382,-17.8,128
2654,1002654000000,1002675754544,21.754544,-1499.99,128
2655,1002655000000,1002679349968,24.349969,-1391.46,128
2656,1002656000000,1002675684834,19.684835,4072.63,128
2657,1002657000000,1002679325766,22.325767,-3619.39,128
2658,1002658000000,1002678525885,20.525886,1508.17,128
2659,1002659000000,1002685497678,26.497678,-3154.42,128
2660,1002660000000,1002679529825,19.529826,668.01,128
2661,1002661000000,1002682774896,21.774897,-1584.64,128
2662,1002662000000,1002681434983,19.434984,3099.09,128
2663,1002663000000,1002680020176,17.020176,-3625.36,128
2664,1002664000000,1002682424602,18.424602,519.79,128
2665,1002665000000,1002687356208,22.356208,440.76,128
2666,1002666000000,1002692734621,26.734621,-4882.96,128
2667,1002667000000,1002690397582,23.397582,1695.51,128
2668,1002668000000,1002692415617,24.415618,1201.9,128
2669,1002669000000,1002688119199,19.1192,3945.23,128
2670,1002670000000,1002694665035,24.665036,-3.02,128
2671,1002671000000,1002690698267,19.698268,1721.29,128
2672,1002672000000,1002695742932,23.742933,-3537.51,128
2673,1002673000000,1002693385036,20.385037,-1424.63,128
2674,1002674000000,1002700536195,26.536196,1080.25,128
2675,1002675000000,1002695945491,20.945492,-391.11,128
2676,1002676000000,1002694901118,18.901119,-4314.68,128
2677,1002677000000,1002699150389,22.150389,-5273.28,128
2678,1002678000000,1002701028853,23.028854,1544.03,128
2679,1002679000000,1002696360313,17.360314,-4726.12,128
2680,1002680000000,1002702541175,22.541176,-3538.95,128
2681,1002681000000,1002703228679,22.22868,593.8,128
2682,1002682000000,1002703107463,21.107463,-2580.37,128
2683,1002683000000,1002698863841,15.863841,3322.81,128
2684,1002684000000,1002704616571,20.616572,-4201.24,128
2685,1002685000000,1002703798907,18.798908,-3078.26,128
2686,1002686000000,1002707845449,21.84545,-3638.39,128
2687,1002687000000,1002710266823,23.266824,612.99,128
2688,1002688000000,1002709013590,21.013591,-2232.96,128
2689,1002689000000,1002710314846,21.314846,4804.98,128
2690,1002690000000,1002713038419,23.038419,-2608.64,128
2691,1002691000000,1002712530372,21.530372,-1285.39,128
2692,1002692000000,1002710145501,18.145502,-851.39,128
2693,1002693000000,1002715520805,22.520806,-3410.58,128
2694,1002694000000,1002717282245,23.282246,1065.83,128
2695,1002695000000,1002714672602,19.672602,-538.04,128
2696,1002696000000,1002715210430,19.210431,-2664.74,128
2697,1002697000000,1002716642763,19.642764,714.97,128
2698,1002698000000,1002722369903,24.369903,-1127.88,128
2699,1002699000000,1002719883876,20.883877,262.4,128
2700,1002700000000,1002717879154,17.879155,-2773.6,128
2701,1002701000000,1002721603748,20.603748,-6351.9,128
2702,1002702000000,1002722903717,20.903718,2932.22,128
2703,1002703000000,1002724344625,21.344625,1097.92,128
2704,1002704000000,1002722228782,18.228783,-865.0,128
2705,1002705000000,1002726320086,21.320086,-4873.06,128
2706,1002706000000,1002727350473,21.350473,-4251.16,128
2707,1002707000000,1002729961650,22.96165,-3496.43,128
2708,1002708000000,1002726415340,18.41534,-639.03,128
2709,1002709000000,1002727512598,18.512599,1050.36,128
2710,1002710000000,1002729232273,19.232273,-5595.34,128
2711,1002711000000,1002729063450,18.063451,-132.02,128
2712,1002712000000,1002733140698,21.140698,4482.61,128
2713,1002713000000,1002734561924,21.561924,-4383.4,128
2714,1002714000000,1002735987954,21.987955,-1113.82,128
2715,1002715000000,1002737333230,22.333231,2252.5,128
2716,1002716000000,1002736686502,20.686502,-3449.05,128
2717,1002717000000,1002738890352,21.890352,3816.77,128
2718,1002718000000,1002738332038,20.332038,2074.74,128
2719,1002719000000,1002742081420,23.08142,4652.08,128
2720,1002720000000,1002740686832,20.686833,1190.29,128
2721,1002721000000,1002744188792,23.188793,-3983.56,128
2722,1002722000000,1002743917649,21.917649,2316.56,128
2723,1002723000000,1002747970186,24.970186,298.94,128
2724,1002724000000,1002745613417,21.613417,2275.8,128
2725,1002725000000,1002745265934,20.265934,1622.9,128
2726,1002726000000,1002750991359,24.991359,3151.3,128
2727,1002727000000,1002747713708,20.713708,-3893.24,128
2728,1002728000000,1002749482627,21.482627,1641.72,128
2729,1002729000000,1002750690397,21.690398,5806.28,128
2730,1002730000000,1002750732118,20.732118,-2707.68,128
2731,1002731000000,1002748722865,17.722866,993.83,128
2732,1002732000000,1002751543707,19.543707,1456.0,128
2733,1002733000000,1002755156298,22.156299,-1152.85,128
2734,1002734000000,1002756529267,22.529267,-1242.6,128
2735,1002735000000,1002754753615,19.753615,-5243.99,128
2736,1002736000000,1002757278130,21.278131,512.21,128
2737,1002737000000,1002759404143,22.404144,279.88,128
2738,1002738000000,1002759531819,21.531819,228.39,128
2739,1002739000000,1002761817364,22.817365,-131.16,128
2740,1002740000000,1002758435392,18.435393,-3566.88,128
2741,1002741000000,1002763494323,22.494324,17.14,128
2742,1002742000000,1002760904829,18.904829,-1106.2,128
2743,1002743000000,1002764171443,21.171443,-3996.41,128
2744,1002744000000,1002762444306,18.444307,4228.95,128
2745,1002745000000,1002764743901,19.743902,55.33,128
2746,1002746000000,1002767801064,21.801064,-971.39,128
2747,1002747000000,1002770342416,23.342416,-462.19,128
2748,1002748000000,1002767728459,19.72846,-3447.08,128
2749,1002749000000,1002768869114,19.869114,-2886.2,128
2750,1002750000000,1002769560286,19.560286,-1867.03,128
2751,1002751000000,1002772926224,21.926224,-3824.43,128
2752,1002752000000,1002772305250,20.30525,-2714.94,128
2753,1002753000000,1002772082700,19.0827,567.4,128
2754,1002754000000,1002777436585,23.436585,515.5,128
2755,1002755000000,1002775993232,20.993233,-1993.1,128
2756,1002756000000,1002777913632,21.913632,-229.74,128
2757,1002757000000,1002776249628,19.249628,-2175.21,128
2758,1002758000000,1002779259570,21.259571,662.31,128
2759,1002759000000,1002779263666,20.263666,-939.2,128
2760,1002760000000,1002782150355,22.150355,7736.32,128
2761,1002761000000,1002784631168,23.631168,4164.1,128
2762,1002762000000,1002781304803,19.304804,-3057.63,128
2763,1002763000000,1002781873413,18.873413,4865.39,128
2764,1002764000000,1002785461532,21.461532,2313.89,128
2765,1002765000000,1002788902146,23.902147,-282.44,128
2766,1002766000000,1002788176333,22.176334,-4249.91,128
2767,1002767000000,1002786064875,19.064875,-1782.1,128
2768,1002768000000,1002788780741,20.780742,-1435.8,128
2769,1002769000000,1002789867453,20.867453,787.84,128
2770,1002770000000,1002791811318,21.811318,-844.55,128
2771,1002771000000,1002792291626,21.291627,2719.64,128
2772,1002772000000,1002792288922,20.288922,1042.41,128
2773,1002773000000,1002798240026,25.240026,2485.95,128
2774,1002774000000,1002793065924,19.065925,-426.04,128
2775,1002775000000,1002799155289,24.15529,-4780.31,128
2776,1002776000000,1002798904796,22.904797,-1279.48,128
2777,1002777000000,1002800935291,23.935291,-840.28,128
2778,1002778000000,1002801224342,23.224342,-1875.35,128
2779,1002779000000,1002797009763,18.009763,1099.36,128
2780,1002780000000,1002799688364,19.688364,4263.77,128
2781,1002781000000,1002800417032,19.417033,1546.04,128
2782,1002782000000,1002805110437,23.110438,-2246.17,128
2783,1002783000000,1002802307824,19.307824,-1022.08,128
2784,1002784000000,1002806043597,22.043598,1720.37,128
2785,1002785000000,1002804220907,19.220907,-4612.49,128
2786,1002786000000,1002811949598,25.949598,3015.88,128
2787,1002787000000,1002810064080,23.064081,3936.7,128
2788,1002788000000,1002807760582,19.760582,-845.23,128
2789,1002789000000,1002811642982,22.642983,-3109.31,128
2790,1002790000000,1002812109295,22.109296,-533.66,128
2791,1002791000000,1002815834141,24.834141,-2961.86,128
2792,1002792000000,1002812484111,20.484112,-4607.4,128
2793,1002793000000,1002811627195,18.627195,-1645.8,128
2794,1002794000000,1002812498562,18.498562,62.97,128
2795,1002795000000,1002819762636,24.762636,3807.27,128
2796,1002796000000,1002817436680,21.43668,-1149.56,128
2797,1002797000000,1002820293239,23.293239,-3731.59,128
2798,1002798000000,1002820668235,22.668235,-3496.04,128
2799,1002799000000,1002818936569,19.936569,859.07,128
2800,1002800000000,1002819139284,19.139284,-4191.85,128
2801,1002801000000,1002822396524,21.396525,-4258.23,128
2802,1002802000000,1002822673924,20.673924,1661.14,128
2803,1002803000000,1002823016542,20.016543,-2660.6,128
2804,1002804000000,1002825687012,21.687013,-900.35,128
2805,1002805000000,1002826764702,21.764703,-5123.16,128
2806,1002806000000,1002826477761,20.477762,575.89,128
2807,1002807000000,1002828859151,21.859151,-197.25,128
2808,1002808000000,1002829579955,21.579956,-2051.02,128
2809,1002809000000,1002830102464,21.102465,453.37,128
2810,1002810000000,1002830778757,20.778757,-2097.68,128
2811,1002811000000,1002832580076,21.580076,1659.22,128
2812,1002812000000,1002835362714,23.362714,289.25,128
2813,1002813000000,1002838813049,25.81305,-13.16,128
2814,1002814000000,1002834651763,20.651764,-2091.09,128
2815,1002815000000,1002836742218,21.742219,-4087.86,128
2816,1002816000000,1002838493091,22.493091,-5812.98,128
2817,1002817000000,1002834894719,17.89472,1188.94,128
2818,1002818000000,1002844144806,26.144806,4140.31,128
2819,1002819000000,1002842219636,23.219637,2128.51,128
2820,1002820000000,1002840029372,20.029372,3283.87,128
2821,1002821000000,1002839110538,18.110539,675.43,128
2822,1002822000000,1002847904198,25.904199,1944.75,128
2823,1002823000000,1002841894954,18.894954,-1527.46,128
2824,1002824000000,1002846016516,22.016517,-707.47,128
2825,1002825000000,1002847028697,22.028697,-548.6,128
2826,1002826000000,1002845019372,19.019372,-1346.35,128
2827,1002827000000,1002849091478,22.091478,1679.97,128
2828,1002828000000,1002847949394,19.949395,-1608.56,128
2829,1002829000000,1002850679121,21.679121,-355.52,128
2830,1002830000000,1002855609798,25.609798,2250.66,128
2831,1002831000000,1002853980187,22.980187,4279.1,128
2832,1002832000000,1002848710010,16.710011,-2202.52,128
2833,1002833000000,1002853097685,20.097686,-3534.13,128
2834,1002834000000,1002856689586,22.689586,3930.84,128
2835,1002835000000,1002855845440,20.84544,-2700.78,128
2836,1002836000000,1002858045684,22.045684,-141.17,128
2837,1002837000000,1002857068549,20.06855,289.36,128
2838,1002838000000,1002863545547,25.545548,909.08,128
2839,1002839000000,1002861417005,22.417005,2212.29,128
2840,1002840000000,1002861235473,21.235473,-482.52,128
2841,1002841000000,1002862113756,21.113756,-8823.9,128
2842,1002842000000,1002862873259,20.87326,-5378.04,128
2843,1002843000000,1002866152068,23.152068,-1535.67,128
2844,1002844000000,1002867735086,23.735086,-800.56,128
2845,1002845000000,1002865025374,20.025374,-6206.78,128
2846,1002846000000,1002862725384,16.725384,1643.64,128
2847,1002847000000,1002864924590,17.924591,-133.42,128
2848,1002848000000,1002871482634,23.482635,1147.58,128
2849,1002849000000,1002873265065,24.265065,-933.25,128
2850,1002850000000,1002870261600,20.2616,-2667.35,128
2851,1002851000000,1002870297117,19.297117,588.69,128
2852,1002852000000,1002878145341,26.145341,4129.09,128
2853,1002853000000,1002873210125,20.210126,-1239.85,128
2854,1002854000000,1002873256769,19.25677,505.68,128
2855,1002855000000,1002880164694,25.164694,-3651.28,128
2856,1002856000000,1002880374767,24.374768,1065.22,128
2857,1002857000000,1002884904801,27.904802,1346.3,128
2858,1002858000000,1002876784296,18.784297,370.84,128
2859,1002859000000,1002880283498,21.283499,-3774.06,128
2860,1002860000000,1002878702960,18.702961,-1830.61,128
2861,1002861000000,1002883575163,22.575163,-8812.61,128
2862,1002862000000,1002883509524,21.509525,3704.5,128
2863,1002863000000,1002883227668,20.227668,-2344.65,128
2864,1002864000000,1002884200814,20.200814,-3006.19,128
2865,1002865000000,1002889586390,24.586391,-1149.4,128
2866,1002866000000,1002884919715,18.919715,173.76,128
2867,1002867000000,1002888209927,21.209928,1648.71,128
2868,1002868000000,1002892728104,24.728105,671.0,128
2869,1002869000000,1002889929426,20.929426,2845.33,128
2870,1002870000000,1002889423927,19.423928,-2783.95,128
2871,1002871000000,1002895802225,24.802226,3639.89,128
2872,1002872000000,1002894583821,22.583821,-1389.22,128
2873,1002873000000,1002894758270,21.758271,-4271.08,128
2874,1002874000000,1002896768292,22.768292,-5447.13,128
2875,1002875000000,1002898616424,23.616424,2694.41,128
2876,1002876000000,1002895429970,19.429971,773.94,128
2877,1002877000000,1002896372358,19.372358,-165.69,128
2878,1002878000000,1002898573916,20.573916,-265.28,128
2879,1002879000000,1002897245562,18.245562,-1040.04,128
2880,1002880000000,1002901793244,21.793245,-388.21,128
2881,1002881000000,1002902248369,21.24837,2866.55,128
2882,1002882000000,1002905211929,23.211929,-6591.74,128
2883,1002883000000,1002906303856,23.303857,-3353.99,128
2884,1002884000000,1002904717814,20.717814,-8711.26,128
2885,1002885000000,1002908810193,23.810194,-136.25,128
2886,1002886000000,1002908195033,22.195033,-1666.13,128
2887,1002887000000,1002907166619,20.166619,-1016.74,128
2888,1002888000000,1002907024153,19.024153,5449.34,128
2889,1002889000000,1002908639470,19.63947,-1915.41,128
2890,1002890000000,1002909563306,19.563307,3344.92,128
2891,1002891000000,1002915711253,24.711254,863.66,128
2892,1002892000000,1002916884122,24.884123,-5667.19,128
2893,1002893000000,1002914173720,21.173721,3091.76,128
2894,1002894000000,1002913678638,19.678638,-142.05,128
2895,1002895000000,1002916778211,21.778211,377.51,128
2896,1002896000000,1002919513542,23.513542,3400.59,128
2897,1002897000000,1002918023856,21.023856,-1688.07,128
2898,1002898000000,1002919672762,21.672762,1385.8,128
2899,1002899000000,1002916281624,17.281624,3009.51,128
2900,1002900000000,1002928771977,28.771978,2484.57,128
2901,1002901000000,1002924312852,23.312852,4202.05,128
2902,1002902000000,1002923988021,21.988022,1425.33,128
2903,1002903000000,1002921859039,18.859039,-560.19,128
2904,1002904000000,1002925716130,21.71613,-2499.24,128
2905,1002905000000,1002926098663,21.098663,-5946.92,128
2906,1002906000000,1002926796317,20.796318,-7644.66,128
2907,1002907000000,1002929729467,22.729468,-1235.43,128
2908,1002908000000,1002929251879,21.25188,-653.41,128
2909,1002909000000,1002930120883,21.120884,1504.18,128
2910,1002910000000,1002935607852,25.607852,1694.9,128
2911,1002911000000,1002932980463,21.980464,3279.58,128
2912,1002912000000,1002934885609,22.88561,-858.4,128
2913,1002913000000,1002937409947,24.409948,-2068.89,128
2914,1002914000000,1002935332028,21.332028,-2558.58,128
2915,1002915000000,1002934524009,19.524009,341.96,128
2916,1002916000000,1002937718040,21.718041,571.1,128
2917,1002917000000,1002939337560,22.33756,1006.28,128
2918,1002918000000,1002940387881,22.387882,5265.41,128
2919,1002919000000,1002941679753,22.679753,1390.28,128
2920,1002920000000,1002941503100,21.5031,2482.14,128
2921,1002921000000,1002944061503,23.061504,6888.85,128
2922,1002922000000,1002942899205,20.899205,6592.71,128
2923,1002923000000,1002942134043,19.134043,-1371.65,128
2924,1002924000000,1002941769168,17.769169,284.91,128
2925,1002925000000,1002947912862,22.912863,3012.37,128
2926,1002926000000,1002946402346,20.402347,-4170.65,128
2927,1002927000000,1002946232807,19.232807,1285.86,128
2928,1002928000000,1002948606511,20.606511,-3481.12,128
2929,1002929000000,1002950531467,21.531468,722.59,128
2930,1002930000000,1002951454590,21.454591,-2516.26,128
2931,1002931000000,1002953183703,22.183704,-5616.01,128
2932,1002932000000,1002951562146,19.562147,-69.29,128
2933,1002933000000,1002954284317,21.284318,1239.74,128
2934,1002934000000,1002955646591,21.646592,650.57,128
2935,1002935000000,1002957784337,22.784338,428.94,128
2936,1002936000000,1002957018425,21.018425,128.61,128
2937,1002937000000,1002955074869,18.074869,2824.15,128
2938,1002938000000,1002957005275,19.005275,5064.18,128
2939,1002939000000,1002961167756,22.167757,2379.89,128
2940,1002940000000,1002963615712,23.615712,809.33,128
2941,1002941000000,1002960762405,19.762406,-1681.43,128
2942,1002942000000,1002964400432,22.400432,1814.92,128
2943,1002943000000,1002962615963,19.615964,-52.46,128
2944,1002944000000,1002962560671,18.560671,1068.71,128
2945,1002945000000,1002963706505,18.706505,6149.64,128
2946,1002946000000,1002964924294,18.924294,-272.15,128
2947,1002947000000,1002967723057,20.723058,2065.2,128
2948,1002948000000,1002967108159,19.10816,4744.71,128
2949,1002949000000,1002974103332,25.103332,4866.2,128
2950,1002950000000,1002972438259,22.438259,4659.06,128
2951,1002951000000,1002971602376,20.602376,533.38,128
2952,1002952000000,1002972013407,20.013408,-3613.36,128
2953,1002953000000,1002976143455,23.143456,-3636.55,128
2954,1002954000000,1002976439150,22.439151,-2637.83,128
2955,1002955000000,1002976617105,21.617106,1354.68,128
2956,1002956000000,1002979272060,23.272061,-28.21,128
2957,1002957000000,1002981814126,24.814126,-1369.44,128
2958,1002958000000,1002978366842,20.366842,7730.0,128
2959,1002959000000,1002975798662,16.798662,-3522.67,128
2960,1002960000000,1002981221450,21.22145,-3974.42,128
2961,1002961000000,1002982140904,21.140905,-187.87,128
2962,1002962000000,1002984443484,22.443485,-734.61,128
2963,1002963000000,1002982316037,19.316038,4104.69,128
2964,1002964000000,1002982603424,18.603424,1162.99,128
2965,1002965000000,1002983814475,18.814476,1550.36,128
2966,1002966000000,1002990379800,24.379801,-1357.04,128
2967,1002967000000,1002987867544,20.867544,655.89,128
2968,1002968000000,1002990273907,22.273908,1996.74,128
2969,1002969000000,1002991587208,22.587208,-1563.98,128
2970,1002970000000,1002991714900,21.714901,1877.24,128
2971,1002971000000,1002996109838,25.109839,-2769.62,128
2972,1002972000000,1002990839640,18.839641,588.74,128
2973,1002973000000,1002991266332,18.266332,-2016.39,128
2974,1002974000000,1002994151888,20.151889,-3128.63,128
2975,1002975000000,1002996294441,21.294442,-361.21,128
2976,1002976000000,1002996213643,20.213644,876.5,128
2977,1002977000000,1003002198224,25.198225,-4200.31,128
2978,1002978000000,1003002352000,24.352001,-138.71,128
2979,1002979000000,1003000084287,21.084287,-4642.02,128
2980,1002980000000,1003001125598,21.125599,1301.39,128
2981,1002981000000,1003005544271,24.544271,4425.69,128
2982,1002982000000,1003001062486,19.062486,-1787.36,128
2983,1002983000000,1003006350286,23.350286,1109.28,128
2984,1002984000000,1003004991718,20.991719,3796.65,128
2985,1002985000000,1003004930018,19.930019,-1659.8,128
2986,1002986000000,1003007484429,21.484429,-3831.96,128
2987,1002987000000,1003006147801,19.147802,779.78,128
2988,1002988000000,1003009043103,21.043104,-4747.26,128
2989,1002989000000,1003012676663,23.676663,1122.7,128
2990,1002990000000,1003009359544,19.359544,-4548.67,128
2991,1002991000000,1003012858265,21.858266,4088.38,128
2992,1002992000000,1003014026125,22.026126,-469.36,128
2993,1002993000000,1003014417978,21.417978,3735.78,128
2994,1002994000000,1003014643642,20.643643,-1674.47,128
2995,1002995000000,1003017365900,22.3659,-91.85,128
2996,1002996000000,1003018004701,22.004701,-2462.58,128
2997,1002997000000,1003017426070,20.426071,-1418.38,128
2998,1002998000000,1003019135293,21.135294,-5832.38,128
2999,1002999000000,1003019334074,20.334075,548.43,128
3000,1003000000000,1003025958231,25.958232,44.05,128
3001,1003001000000,1003022026913,21.026914,-2753.64,128
3002,1003002000000,1003024210018,22.210018,465.98,128
3003,1003003000000,1003021886097,18.886097,-1200.77,128
3004,1003004000000,1003025756932,21.756933,4923.53,128
3005,1003005000000,1003025802086,20.802087,-339.05,128
3006,1003006000000,1003030646221,24.646221,1476.25,128
3007,1003007000000,1003031376885,24.376886,813.83,128
3008,1003008000000,1003026240832,18.240833,1044.27,128
3009,1003009000000,1003029591071,20.591071,-1096.43,128
3010,1003010000000,1003034160849,24.160849,-2073.57,128
3011,1003011000000,1003033454530,22.45453,-474.61,128
3012,1003012000000,1003034357387,22.357387,1929.53,128
3013,1003013000000,1003034145368,21.145368,-2631.58,128
3014,1003014000000,1003035352541,21.352541,531.83,128
3015,1003015000000,1003032950468,17.950469,-1280.36,128
3016,1003016000000,1003034608650,18.608651,-492.25,128
3017,1003017000000,1003039377807,22.377807,-1171.61,128
3018,1003018000000,1003039469481,21.469482,2643.04,128
3019,1003019000000,1003043291790,24.29179,742.45,128
3020,1003020000000,1003043859621,23.859622,199.58,128
3021,1003021000000,1003041739283,20.739284,3465.79,128
3022,1003022000000,1003040137301,18.137301,-2136.45,128
3023,1003023000000,1003043140404,20.140405,4900.01,128
3024,1003024000000,1003045186176,21.186176,197.97,128
3025,1003025000000,1003047951906,22.951907,-3026.11,128
3026,1003026000000,1003049028938,23.028938,-1685.93,128
3027,1003027000000,1003051253626,24.253626,926.83,128
3028,1003028000000,1003052114703,24.114703,1620.5,128
3029,1003029000000,1003050407505,21.407506,-1559.94,128
3030,1003030000000,1003052461119,22.46112,4523.51,128
3031,1003031000000,1003052830761,21.830761,605.74,128
3032,1003032000000,1003051906974,19.906974,1355.82,128
3033,1003033000000,1003053311333,20.311334,-3920.43,128
3034,1003034000000,1003056884625,22.884626,3496.53,128
3035,1003035000000,1003064321382,29.321382,-236.81,128
3036,1003036000000,1003058620282,22.620283,3910.53,128
3037,1003037000000,1003057467972,20.467972,-1563.67,128
3038,1003038000000,1003056844302,18.844302,78.49,128
3039,1003039000000,1003063015636,24.015636,-3256.77,128
3040,1003040000000,1003062152864,22.152865,-2060.54,128
3041,1003041000000,1003062574618,21.574619,3074.42,128
3042,1003042000000,1003065294727,23.294727,3914.31,128
3043,1003043000000,1003066947545,23.947546,1500.57,128
3044,1003044000000,1003065940133,21.940133,2782.7,128
3045,1003045000000,1003066091680,21.091681,-91.05,128
3046,1003046000000,1003070109633,24.109634,2224.54,128
3047,1003047000000,1003068211942,21.211943,854.82,128
3048,1003048000000,1003068200842,20.200842,-840.31,128
3049,1003049000000,1003068195783,19.195783,-1750.34,128
3050,1003050000000,1003068826904,18.826905,-1322.37,128
3051,1003051000000,1003070322316,19.322317,-2593.41,128
3052,1003052000000,1003074842482,22.842482,-5039.09,128
3053,1003053000000,1003075802237,22.802237,1154.72,128
3054,1003054000000,1003079610433,25.610433,657.03,128
3055,1003055000000,1003075789637,20.789637,-2409.93,128
3056,1003056000000,1003075575693,19.575693,716.75,128
3057,1003057000000,1003082781959,25.781959,3996.8,128
3058,1003058000000,1003081997796,23.997797,-4426.89,128
3059,1003059000000,1003082771890,23.771891,-3109.0,128
3060,1003060000000,1003081147815,21.147815,3946.23,128
3061,1003061000000,1003080872089,19.87209,-3604.97,128
3062,1003062000000,1003082543523,20.543523,865.5,128
3063,1003063000000,1003079900698,16.900699,3871.08,128
3064,1003064000000,1003084442716,20.442717,-1710.53,128
3065,1003065000000,1003085325407,20.325408,894.69,128
3066,1003066000000,1003088410202,22.410203,-4422.98,128
3067,1003067000000,1003087965713,20.965714,-2053.61,128
3068,1003068000000,1003088356201,20.356201,-2805.8,128
3069,1003069000000,1003093313778,24.313779,-2217.25,128
3070,1003070000000,1003087153533,17.153533,-2204.09,128
3071,1003071000000,1003091008393,20.008394,-4323.84,128
3072,1003072000000,1003095943298,23.943299,-1642.03,128
3073,1003073000000,1003095777183,22.777184,-39.72,128
3074,1003074000000,1003092137257,18.137258,482.99,128
3075,1003075000000,1003099409383,24.409384,3559.8,128
3076,1003076000000,1003097623275,21.623275,560.84,128
3077,1003077000000,1003096327943,19.327944,3108.63,128
3078,1003078000000,1003096454732,18.454733,2529.06,128
3079,1003079000000,1003102701968,23.701969,813.13,128
3080,1003080000000,1003099438969,19.438969,3242.01,128
3081,1003081000000,1003102909246,21.909246,3474.34,128
3082,1003082000000,1003104440793,22.440793,-1801.98,128
3083,1003083000000,1003101227725,18.227726,1290.68,128
3084,1003084000000,1003105366751,21.366752,1549.66,128
3085,1003085000000,1003106064339,21.06434,4474.51,128
3086,1003086000000,1003108182158,22.182159,630.42,128
3087,1003087000000,1003108115557,21.115558,-597.19,128
3088,1003088000000,1003110999732,22.999733,-1841.98,128
3089,1003089000000,1003109615428,20.615428,-2274.86,128
3090,1003090000000,1003111650050,21.650051,-4912.28,128
3091,1003091000000,1003110908230,19.908231,-4021.26,128
3092,1003092000000,1003112203261,20.203261,6131.96,128
3093,1003093000000,1003114643065,21.643066,-106.71,128
3094,1003094000000,1003114263151,20.263152,-1233.72,128
3095,1003095000000,1003119135736,24.135736,1904.62,128
3096,1003096000000,1003118676689,22.676689,2550.3,128
3097,1003097000000,1003118880470,21.88047,6463.32,128
3098,1003098000000,1003117961133,19.961133,3202.8,128
3099,1003099000000,1003120633848,21.633848,-526.18,128
3100,1003100000000,1003118600898,18.600898,-1363.29,128
3101,1003101000000,1003123524096,22.524096,95.34,128
3102,1003102000000,1003125644844,23.644844,-3734.9,128
3103,1003103000000,1003124287378,21.287378,164.76,128
3104,1003104000000,1003125388376,21.388377,-2136.73,128
3105,1003105000000,1003122355174,17.355175,4720.84,128
3106,1003106000000,1003129684186,23.684186,-673.13,128
3107,1003107000000,1003124570928,17.570928,3242.88,128
3108,1003108000000,1003130832912,22.832913,4152.66,128
3109,1003109000000,1003130410580,21.410581,1898.41,128
3110,1003110000000,1003128491200,18.4912,619.89,128
3111,1003111000000,1003131329242,20.329243,4872.86,128
3112,1003112000000,1003133442355,21.442356,-485.4,128
3113,1003113000000,1003135981002,22.981003,47.27,128
3114,1003114000000,1003133445351,19.445352,5884.61,128
3115,1003115000000,1003136365575,21.365575,-3980.32,128
3116,1003116000000,1003142357368,26.357368,-1524.91,128
3117,1003117000000,1003135815989,18.81599,1342.45,128
3118,1003118000000,1003138777096,20.777096,2895.39,128
3119,1003119000000,1003138731912,19.731912,-4339.14,128
3120,1003120000000,1003144655852,24.655853,1555.59,128
3121,1003121000000,1003141644563,20.644564,3036.34,128
3122,1003122000000,1003145352168,23.352169,697.35,128
3123,1003123000000,1003144076216,21.076216,1167.75,128
3124,1003124000000,1003144118532,20.118532,1462.47,128
3125,1003125000000,1003144415700,19.415701,-5685.24,128
3126,1003126000000,1003148471580,22.471581,-2725.79,128
3127,1003127000000,1003145994799,18.9948,-7213.97,128
3128,1003128000000,1003148873809,20.873809,655.32,128
3129,1003129000000,1003149586367,20.586367,2411.63,128
3130,1003130000000,1003153215419,23.21542,1753.57,128
3131,1003131000000,1003154139287,23.139287,2991.17,128
3132,1003132000000,1003155162116,23.162117,-732.67,128
3133,1003133000000,1003151904722,18.904722,4077.97,128
3134,1003134000000,1003151557739,17.557739,2144.19,128
3135,1003135000000,1003156760284,21.760285,-1680.97,128
3136,1003136000000,1003157241254,21.241254,-3877.85,128
3137,1003137000000,1003160112373,23.112374,-3412.53,128
3138,1003138000000,1003156793748,18.793749,-3518.68,128
3139,1003139000000,1003158991872,19.991872,-2935.76,128
3140,1003140000000,1003162060629,22.06063,-5602.6,128
3141,1003141000000,1003163787492,22.787492,2830.04,128
3142,1003142000000,1003164512274,22.512275,4072.08,128
3143,1003143000000,1003162567233,19.567234,340.37,128
3144,1003144000000,1003165494042,21.494043,-1168.74,128
3145,1003145000000,1003167491412,22.491412,880.25,128
3146,1003146000000,1003167430280,21.430281,-1403.26,128
3147,1003147000000,1003165729128,18.729129,1804.38,128
3148,1003148000000,1003168369265,20.369266,2636.5,128
3149,1003149000000,1003171480483,22.480483,3905.1,128
3150,1003150000000,1003174497359,24.497359,-1875.1,128
3151,1003151000000,1003172327300,21.3273,4257.48,128
3152,1003152000000,1003175875353,23.875353,1603.71,128
3153,1003153000000,1003174823436,21.823436,202.43,128
3154,1003154000000,1003174716921,20.716922,2368.25,128
3155,1003155000000,1003179724940,24.72494,-2502.4,128
3156,1003156000000,1003175102911,19.102912,-4095.85,128
3157,1003157000000,1003175499064,18.499065,3192.02,128
3158,1003158000000,1003183369894,25.369895,-1458.52,128
3159,1003159000000,1003180042304,21.042305,-4330.86,128
3160,1003160000000,1003181519246,21.519247,1500.71,128
3161,1003161000000,1003180657768,19.657768,1118.29,128
3162,1003162000000,1003184017509,22.01751,1870.59,128
3163,1003163000000,1003182297082,19.297082,-839.76,128
3164,1003164000000,1003182642935,18.642936,2693.18,128
3165,1003165000000,1003186205638,21.205639,-3124.92,128
3166,1003166000000,1003187809910,21.80991,802.39,128
3167,1003167000000,1003189659183,22.659184,2690.49,128
3168,1003168000000,1003189559796,21.559796,330.51,128
3169,1003169000000,1003190123361,21.123361,1035.98,128
3170,1003170000000,1003191349595,21.349596,-200.51,128
3171,1003171000000,1003189949447,18.949447,-4594.81,128
3172,1003172000000,1003192320004,20.320005,-1965.29,128
3173,1003173000000,1003194181457,21.181457,-819.92,128
3174,1003174000000,1003192467624,18.467624,730.91,128
3175,1003175000000,1003197395115,22.395115,-2180.86,128
3176,1003176000000,1003195519302,19.519302,-41.87,128
3177,1003177000000,1003199105900,22.1059,-1797.91,128
3178,1003178000000,1003199339551,21.339552,234.39,128
3179,1003179000000,1003203439495,24.439496,2283.64,128
3180,1003180000000,1003201929250,21.929251,-58.17,128
3181,1003181000000,1003201864707,20.864708,-2227.64,128
3182,1003182000000,1003204108851,22.108851,1561.17,128
3183,1003183000000,1003203138613,20.138614,-948.24,128
3184,1003184000000,1003204207678,20.207679,-713.79,128
3185,1003185000000,1003207024488,22.024488,2348.76,128
3186,1003186000000,1003208466366,22.466366,3408.2,128
3187,1003187000000,1003206386346,19.386347,1343.77,128
3188,1003188000000,1003208126932,20.126933,2195.31,128
3189,1003189000000,1003207217679,18.217679,58.5,128
3190,1003190000000,1003210207525,20.207525,-4111.88,128
3191,1003191000000,1003214347195,23.347196,-2029.27,128
3192,1003192000000,1003216840573,24.840574,2522.8,128
3193,1003193000000,1003210534932,17.534932,-1322.71,128
3194,1003194000000,1003214511748,20.511749,-545.18,128
3195,1003195000000,1003214149378,19.149378,4412.84,128
3196,1003196000000,1003216494742,20.494742,-3073.94,128
3197,1003197000000,1003218929530,21.92953,-282.76,128
3198,1003198000000,1003216354715,18.354716,862.32,128
3199,1003199000000,1003218569158,19.569159,1899.08,128
3200,1003200000000,1003220302883,20.302884,-6181.01,128
3201,1003201000000,1003223210349,22.21035,1757.15,128
3202,1003202000000,1003221536979,19.53698,1367.2,128
3203,1003203000000,1003226183088,23.183089,3994.56,128
3204,1003204000000,1003224050465,20.050465,-4569.81,128
3205,1003205000000,1003224129896,19.129897,-5524.35,128
3206,1003206000000,1003228268551,22.268552,-2046.3,128
3207,1003207000000,1003228311297,21.311298,-1454.54,128
3208,1003208000000,1003230977777,22.977777,1739.94,128
3209,1003209000000,1003230320547,21.320548,1385.02,128
3210,1003210000000,1003231693317,21.693318,953.93,128
3211,1003211000000,1003233186809,22.18681,-801.2,128
3212,1003212000000,1003232640702,20.640703,-3083.14,128
3213,1003213000000,1003230804305,17.804305,7287.84,128
3214,1003214000000,1003234841083,20.841084,-2815.95,128
3215,1003215000000,1003235899517,20.899518,634.58,128
3216,1003216000000,1003238673906,22.673906,-3191.3,128
3217,1003217000000,1003239190000,22.19,-1572.5,128
3218,1003218000000,1003239613010,21.613011,2424.87,128
3219,1003219000000,1003240874284,21.874285,1263.69,128
3220,1003220000000,1003240517846,20.517846,6869.63,128
3221,1003221000000,1003241942671,20.942671,-879.57,128
3222,1003222000000,1003241150972,19.150973,5701.35,128
3223,1003223000000,1003239724321,16.724321,3734.19,128
3224,1003224000000,1003244652798,20.652798,-2344.61,128
3225,1003225000000,1003246967355,21.967355,3730.58,128
3226,1003226000000,1003248323309,22.323309,1607.34,128
3227,1003227000000,1003246289530,19.28953,-700.63,128
3228,1003228000000,1003249251840,21.25184,3374.81,128
3229,1003229000000,1003249350460,20.35046,-4405.87,128
3230,1003230000000,1003252855367,22.855367,4486.1,128
3231,1003231000000,1003256718522,25.718523,-3981.85,128
3232,1003232000000,1003254036950,22.03695,2915.22,128
3233,1003233000000,1003253378458,20.378459,-2541.36,128
3234,1003234000000,1003253670173,19.670173,-2833.15,128
3235,1003235000000,1003251995357,16.995358,-904.48,128
3236,1003236000000,1003259404793,23.404793,328.34,128
3237,1003237000000,1003256387488,19.387489,1497.68,128
3238,1003238000000,1003259092961,21.092962,1043.88,128
3239,1003239000000,1003261727991,22.727991,92.21,128
3240,1003240000000,1003262981998,22.981998,3127.24,128
3241,1003241000000,1003264697961,23.697962,-4181.66,128
3242,1003242000000,1003262668999,20.668999,-301.43,128
3243,1003243000000,1003260066830,17.06683,-3762.66,128
3244,1003244000000,1003265466484,21.466485,1965.94,128
3245,1003245000000,1003268352170,23.35217,5587.43,128
3246,1003246000000,1003265584553,19.584553,-4056.59,128
3247,1003247000000,1003266842552,19.842553,789.49,128
3248,1003248000000,1003271020812,23.020812,-2172.96,128
3249,1003249000000,1003268187788,19.187788,2091.72,128
3250,1003250000000,1003271456577,21.456578,931.92,128
3251,1003251000000,1003273071869,22.071869,-3513.26,128
3252,1003252000000,1003273578835,21.578835,-410.24,128
3253,1003253000000,1003272888650,19.888651,-3920.33,128
3254,1003254000000,1003275036692,21.036692,857.23,128
3255,1003255000000,1003274221900,19.221901,664.18,128
3256,1003256000000,1003280880088,24.880089,-961.85,128
3257,1003257000000,1003276287475,19.287476,-1935.21,128
3258,1003258000000,1003277899314,19.899314,581.49,128
3259,1003259000000,1003282085924,23.085925,2134.46,128
3260,1003260000000,1003281427107,21.427108,7065.86,128
3261,1003261000000,1003278811210,17.811211,738.87,128
3262,1003262000000,1003282272281,20.272281,-2378.37,128
3263,1003263000000,1003284202256,21.202257,-4462.04,128
3264,1003264000000,1003284124325,20.124325,547.56,128
3265,1003265000000,1003287885977,22.885978,-1108.42,128
3266,1003266000000,1003285710021,19.710021,1216.09,128
3267,1003267000000,1003290714979,23.714979,-4390.09,128
3268,1003268000000,1003290410793,22.410793,5888.42,128
3269,1003269000000,1003288657043,19.657043,672.07,128
3270,1003270000000,1003292005554,22.005554,4071.86,128
3271,1003271000000,1003294092084,23.092084,3907.75,128
3272,1003272000000,1003293564758,21.564758,2414.81,128
3273,1003273000000,1003295500429,22.500429,-648.68,128
3274,1003274000000,1003292909221,18.909222,1473.76,128
3275,1003275000000,1003293465913,18.465913,1257.79,128
3276,1003276000000,1003296368567,20.368568,-6383.6,128
3277,1003277000000,1003294319366,17.319367,564.54,128
3278,1003278000000,1003300011616,22.011616,2022.9,128
3279,1003279000000,1003302391209,23.391209,2893.0,128
3280,1003280000000,1003298603012,18.603013,4239.89,128
3281,1003281000000,1003299526434,18.526435,-2729.0,128
3282,1003282000000,1003302427073,20.427074,8343.86,128
3283,1003283000000,1003302765599,19.765599,1205.03,128
3284,1003284000000,1003304857979,20.857979,-3804.16,128
3285,1003285000000,1003304713399,19.7134,1810.3,128
3286,1003286000000,1003311469480,25.469481,-1849.77,128
3287,1003287000000,1003304933200,17.933201,-403.48,128
3288,1003288000000,1003304876614,16.876614,1306.6,128
3289,1003289000000,1003309311403,20.311404,2876.11,128
3290,1003290000000,1003310621592,20.621593,3011.91,128
3291,1003291000000,1003313751601,22.751602,-1585.7,128
3292,1003292000000,1003312040267,20.040267,6381.6,128
3293,1003293000000,1003311817436,18.817437,679.84,128
3294,1003294000000,1003315354582,21.354582,618.82,128
3295,1003295000000,1003319879935,24.879936,6139.42,128
3296,1003296000000,1003316935378,20.935378,299.07,128
3297,1003297000000,1003318360837,21.360837,2023.74,128
3298,1003298000000,1003318399671,20.399671,-1762.93,128
3299,1003299000000,1003324379917,25.379917,187.12,128
3300,1003300000000,1003322373612,22.373612,-1336.42,128
3301,1003301000000,1003322715179,21.715179,-218.44,128
3302,1003302000000,1003321542467,19.542468,5695.17,128
3303,1003303000000,1003322393528,19.393529,-3296.98,128
3304,1003304000000,1003326632064,22.632064,6337.3,128
3305,1003305000000,1003324516971,19.516971,-6420.45,128
3306,1003306000000,1003328026490,22.02649,-5901.08,128
3307,1003307000000,1003329549842,22.549843,227.17,128
3308,1003308000000,1003330831116,22.831117,-1875.58,128
3309,1003309000000,1003327854229,18.85423,1434.14,128
3310,1003310000000,1003330467459,20.467459,1474.24,128
3311,1003311000000,1003329297102,18.297103,-4043.29,128
3312,1003312000000,1003331615014,19.615014,602.54,128
3313,1003313000000,1003334478617,21.478618,2728.42,128
3314,1003314000000,1003335150404,21.150404,2245.08,128
3315,1003315000000,1003334970700,19.970701,-4894.48,128
3316,1003316000000,1003336639288,20.639289,-3723.86,128
3317,1003317000000,1003339241328,22.241328,-408.65,128
3318,1003318000000,1003340504175,22.504175,-2533.81,128
3319,1003319000000,1003338237698,19.237698,8808.59,128
3320,1003320000000,1003344364084,24.364085,4.07,128
3321,1003321000000,1003345213506,24.213507,5959.04,128
3322,1003322000000,1003342907688,20.907688,-2200.81,128
3323,1003323000000,1003342535041,19.535041,7294.17,128
3324,1003324000000,1003345715781,21.715782,473.16,128
3325,1003325000000,1003344195320,19.19532,1998.71,128
3326,1003326000000,1003345643852,19.643852,1878.81,128
3327,1003327000000,1003352878627,25.878628,7762.2,128
3328,1003328000000,1003348141439,20.14144,-3870.48,128
3329,1003329000000,1003350133771,21.133771,1190.43,128
3330,1003330000000,1003353509048,23.509049,835.16,128
3331,1003331000000,1003350788922,19.788922,4445.82,128
3332,1003332000000,1003352365400,20.3654,-1691.29,128
3333,1003333000000,1003356744651,23.744651,-4113.06,128
3334,1003334000000,1003350899629,16.899629,2881.7,128
3335,1003335000000,1003352118462,17.118462,-925.76,128
3336,1003336000000,1003356051023,20.051023,-469.49,128
3337,1003337000000,1003356450998,19.450999,-6245.18,128
3338,1003338000000,1003361920010,23.92001,824.29,128
3339,1003339000000,1003361344635,22.344636,-956.07,128
3340,1003340000000,1003359613462,19.613463,-996.19,128
3341,1003341000000,1003363154181,22.154181,-2251.22,128
3342,1003342000000,1003364277564,22.277564,-2665.4,128
3343,1003343000000,1003367264908,24.264909,3407.55,128
3344,1003344000000,1003364264283,20.264284,-6055.51,128
3345,1003345000000,1003366441952,21.441953,1438.82,128
3346,1003346000000,1003365085451,19.085451,-745.25,128
3347,1003347000000,1003367593688,20.593689,-1161.73,128
3348,1003348000000,1003369539622,21.539623,-193.43,128
3349,1003349000000,1003368796858,19.796858,-4228.15,128
3350,1003350000000,1003370755140,20.755141,1056.39,128
3351,1003351000000,1003370657902,19.657903,-114.34,128
3352,1003352000000,1003375676801,23.676802,-289.87,128
3353,1003353000000,1003373985583,20.985583,-2819.65,128
3354,1003354000000,1003378377744,24.377745,-4460.22,128
3355,1003355000000,1003380544513,25.544514,586.81,128
3356,1003356000000,1003379297576,23.297576,-2415.38,128
3357,1003357000000,1003379430541,22.430541,1474.46,128
3358,1003358000000,1003376888563,18.888563,1083.86,128
3359,1003359000000,1003382219726,23.219727,7524.9,128
3360,1003360000000,1003381920583,21.920583,501.83,128
3361,1003361000000,1003381879532,20.879533,1359.31,128
3362,1003362000000,1003384538446,22.538447,1895.75,128
3363,1003363000000,1003382439073,19.439073,1780.91,128
3364,1003364000000,1003384261216,20.261217,111.82,128
3365,1003365000000,1003386406533,21.406533,3423.79,128
3366,1003366000000,1003387664834,21.664835,3062.18,128
3367,1003367000000,1003391283176,24.283176,-450.63,128
3368,1003368000000,1003388548048,20.548048,519.83,128
3369,1003369000000,1003394284749,25.28475,-1507.14,128
3370,1003370000000,1003391670948,21.670949,-3153.43,128
3371,1003371000000,1003390374757,19.374757,5405.61,128
3372,1003372000000,1003392233445,20.233445,-1602.26,128
3373,1003373000000,1003397024220,24.02422,3698.14,128
3374,1003374000000,1003393098702,19.098702,356.17,128
3375,1003375000000,1003396997083,21.997084,-1533.9,128
3376,1003376000000,1003395152062,19.152062,905.32,128
3377,1003377000000,1003397538833,20.538833,-4723.35,128
3378,1003378000000,1003398704242,20.704242,3578.93,128
3379,1003379000000,1003394697477,15.697478,-5897.67,128
3380,1003380000000,1003399768380,19.76838,1704.99,128
3381,1003381000000,1003403576188,22.576188,2372.41,128
3382,1003382000000,1003403250586,21.250587,-258.63,128
3383,1003383000000,1003405016900,22.0169,583.62,128
3384,1003384000000,1003405822974,21.822974,704.36,128
3385,1003385000000,1003406915591,21.915591,-2542.8,128
3386,1003386000000,1003405328886,19.328886,-4088.45,128
3387,1003387000000,1003408236327,21.236328,1163.54,128
3388,1003388000000,1003411965629,23.96563,-3606.59,128
3389,1003389000000,1003409157951,20.157952,2624.86,128
3390,1003390000000,1003413089543,23.089544,-1456.75,128
3391,1003391000000,1003411444350,20.44435,-3955.72,128
3392,1003392000000,1003412979026,20.979026,2331.69,128
3393,1003393000000,1003411870117,18.870117,-5127.22,128
3394,1003394000000,1003413638355,19.638355,-2017.46,128
3395,1003395000000,1003414625319,19.62532,7021.13,128
3396,1003396000000,1003416969088,20.969088,-958.01,128
3397,1003397000000,1003417074544,20.074545,3310.62,128
3398,1003398000000,1003420903798,22.903798,471.84,128
3399,1003399000000,1003422170987,23.170988,-833.18,128
3400,1003400000000,1003423548935,23.548935,1166.39,128
3401,1003401000000,1003424613743,23.613743,913.07,128
3402,1003402000000,1003422571993,20.571993,-479.49,128
3403,1003403000000,1003422346820,19.346821,983.58,128
3404,1003404000000,1003422837535,18.837535,1125.99,128
3405,1003405000000,1003426217031,21.217032,1054.34,128
3406,1003406000000,1003424337673,18.337673,-155.84,128
3407,1003407000000,1003427008956,20.008957,1722.05,128
3408,1003408000000,1003428080488,20.080489,926.91,128
3409,1003409000000,1003431505950,22.50595,-48.33,128
3410,1003410000000,1003431081303,21.081304,-2316.28,128
3411,1003411000000,1003431576754,20.576754,2675.27,128
3412,1003412000000,1003434880471,22.880471,-1985.54,128
3413,1003413000000,1003433444187,20.444188,205.16,128
3414,1003414000000,1003434549983,20.549983,-5611.27,128
3415,1003415000000,1003439723480,24.72348,-1180.07,128
3416,1003416000000,1003439412533,23.412533,1050.61,128
3417,1003417000000,1003435497114,18.497114,-206.0,128
3418,1003418000000,1003436233634,18.233634,-806.05,128
3419,1003419000000,1003444412292,25.412293,-3201.75,128
3420,1003420000000,1003438433646,18.433647,560.9,128
3421,1003421000000,1003442385157,21.385158,6245.0,128
3422,1003422000000,1003441812743,19.812743,-1626.43,128
3423,1003423000000,1003443294933,20.294934,1954.39,128
3424,1003424000000,1003447537128,23.537129,2787.4,128
3425,1003425000000,1003442623051,17.623052,-4013.15,128
3426,1003426000000,1003447402156,21.402156,-3872.4,128
3427,1003427000000,1003446624461,19.624462,2467.4,128
3428,1003428000000,1003449096271,21.096271,-615.38,128
3429,1003429000000,1003452347324,23.347325,4142.78,128
3430,1003430000000,1003453088536,23.088537,3090.17,128
3431,1003431000000,1003451165298,20.165298,-3282.49,128
3432,1003432000000,1003454720979,22.720979,4098.82,128
3433,1003433000000,1003455597346,22.597347,649.88,128
3434,1003434000000,1003452935802,18.935802,4349.35,128
3435,1003435000000,1003455707181,20.707181,1173.22,128
3436,1003436000000,1003458565315,22.565315,648.86,128
3437,1003437000000,1003462965208,25.965208,3533.54,128
3438,1003438000000,1003455457609,17.45761,-1931.06,128
3439,1003439000000,1003461449268,22.449268,4241.82,128
3440,1003440000000,1003465424857,25.424858,-1750.42,128
3441,1003441000000,1003460862206,19.862207,-1484.78,128
3442,1003442000000,1003464782286,22.782287,5493.15,128
3443,1003443000000,1003465272956,22.272957,929.53,128
3444,1003444000000,1003466307413,22.307414,5867.75,128
3445,1003445000000,1003467384044,22.384045,-527.26,128
3446,1003446000000,1003468814742,22.814743,-2987.66,128
3447,1003447000000,1003467310232,20.310232,-371.24,128
3448,1003448000000,1003471463760,23.46376,-937.44,128
3449,1003449000000,1003472276459,23.276459,1657.1,128
3450,1003450000000,1003476036194,26.036194,77.83,128
3451,1003451000000,1003471260605,20.260605,-2262.56,128
3452,1003452000000,1003476202826,24.202827,-836.76,128
3453,1003453000000,1003474574768,21.574769,-1078.27,128
3454,1003454000000,1003474299947,20.299948,703.98,128
3455,1003455000000,1003477329245,22.329246,2218.35,128
3456,1003456000000,1003476026369,20.026369,4964.25,128
3457,1003457000000,1003477205072,20.205072,-5336.32,128
3458,1003458000000,1003480959499,22.9595,-2047.28,128
3459,1003459000000,1003477881298,18.881299,2618.83,128
3460,1003460000000,1003482821655,22.821656,992.11,128
3461,1003461000000,1003480633882,19.633883,1097.72,128
3462,1003462000000,1003481302287,19.302287,2447.15,128
3463,1003463000000,1003483749625,20.749626,-4468.22,128
3464,1003464000000,1003483859825,19.859826,5978.86,128
3465,1003465000000,1003485411757,20.411758,3938.25,128
3466,1003466000000,1003487666865,21.666866,-2994.92,128
3467,1003467000000,1003489346080,22.346081,278.4,128
3468,1003468000000,1003491707388,23.707389,-254.27,128
3469,1003469000000,1003490388762,21.388762,-171.2,128
3470,1003470000000,1003490710667,20.710667,-2454.4,128
3471,1003471000000,1003491833412,20.833413,-5040.73,128
3472,1003472000000,1003492377549,20.37755,-2446.94,128
3473,1003473000000,1003491849186,18.849187,2310.0,128
3474,1003474000000,1003496717256,22.717257,4198.53,128
3475,1003475000000,1003495637646,20.637646,5850.27,128
3476,1003476000000,1003497305278,21.305278,3335.63,128
3477,1003477000000,1003496971536,19.971536,-3810.64,128
3478,1003478000000,1003500007835,22.007835,2406.04,128
3479,1003479000000,1003499879744,20.879745,-6319.36,128
3480,1003480000000,1003502472980,22.472981,-727.88,128
3481,1003481000000,1003503493220,22.493221,-2513.36,128
3482,1003482000000,1003503082289,21.082289,1913.44,128
3483,1003483000000,1003501566176,18.566176,2364.28,128
3484,1003484000000,1003506744145,22.744145,-4896.73,128
3485,1003485000000,1003506271444,21.271444,-3027.77,128
3486,1003486000000,1003510570280,24.57028,3983.87,128
3487,1003487000000,1003507859138,20.859138,-6645.33,128
3488,1003488000000,1003507928869,19.928869,-1505.13,128
3489,1003489000000,1003511953471,22.953471,-1843.94,128
3490,1003490000000,1003510650699,20.6507,-614.63,128
3491,1003491000000,1003511352834,20.352835,-1928.87,128
3492,1003492000000,1003508774112,16.774113,-2050.59,128
3493,1003493000000,1003517228302,24.228303,-2779.79,128
3494,1003494000000,1003515552616,21.552617,3004.2,128
3495,1003495000000,1003519502812,24.502812,-486.0,128
3496,1003496000000,1003520434508,24.434508,577.41,128
3497,1003497000000,1003519299649,22.299649,-1073.45,128
3498,1003498000000,1003520670256,22.670257,-4326.11,128
3499,1003499000000,1003521955752,22.955753,1430.48,128
3500,1003500000000,1003520654171,20.654172,1306.59,128
3501,1003501000000,1003521479127,20.479127,-3610.94,128
3502,1003502000000,1003522082850,20.08285,-1378.43,128
3503,1003503000000,1003521467349,18.467349,5097.01,128
3504,1003504000000,1003525999984,21.999985,-4709.07,128
3505,1003505000000,1003526775362,21.775363,-2418.48,128
3506,1003506000000,1003528042909,22.04291,743.51,128
3507,1003507000000,1003531742790,24.742791,3046.48,128
3508,1003508000000,1003528626684,20.626685,-1413.63,128
3509,1003509000000,1003531860230,22.86023,1007.29,128
3510,1003510000000,1003534967460,24.967461,-2451.33,128
3511,1003511000000,1003527709160,16.70916,-425.92,128
3512,1003512000000,1003535070026,23.070026,-2412.38,128
3513,1003513000000,1003532883563,19.883563,-1408.57,128
3514,1003514000000,1003535077941,21.077941,1175.49,128
3515,1003515000000,1003538366657,23.366658,618.46,128
3516,1003516000000,1003540466198,24.466198,-2795.15,128
3517,1003517000000,1003542476480,25.47648,2008.06,128
3518,1003518000000,1003539435136,21.435137,-460.92,128
3519,1003519000000,1003541078446,22.078446,-477.76,128
3520,1003520000000,1003539167524,19.167524,297.52,128
3521,1003521000000,1003541138944,20.138945,909.33,128
3522,1003522000000,1003542867398,20.867399,2748.76,128
3523,1003523000000,1003544776866,21.776866,288.46,128
3524,1003524000000,1003540434858,16.434858,5182.11,128
3525,1003525000000,1003545784034,20.784035,-730.78,128
3526,1003526000000,1003553620014,27.620015,-2011.5,128
3527,1003527000000,1003547555514,20.555514,1948.15,128
3528,1003528000000,1003548001657,20.001657,-1601.44,128
3529,1003529000000,1003552246638,23.246639,784.62,128
3530,1003530000000,1003553145152,23.145153,4163.37,128
3531,1003531000000,1003549797647,18.797648,-3533.49,128
3532,1003532000000,1003552996514,20.996515,-1009.58,128
3533,1003533000000,1003553598998,20.598998,149.23,128
3534,1003534000000,1003554193574,20.193575,3577.77,128
3535,1003535000000,1003557002238,22.002239,485.25,128
3536,1003536000000,1003559706139,23.70614,3448.82,128
3537,1003537000000,1003558141945,21.141945,484.88,128
3538,1003538000000,1003558992866,20.992866,3352.16,128
3539,1003539000000,1003558367131,19.367132,-583.8,128
3540,1003540000000,1003564989128,24.989129,-6677.23,128
3541,1003541000000,1003561192479,20.19248,1393.43,128
3542,1003542000000,1003562460308,20.460309,450.89,128
3543,1003543000000,1003565979035,22.979035,513.68,128
3544,1003544000000,1003567687940,23.68794,277.71,128
3545,1003545000000,1003564581780,19.58178,3052.27,128
3546,1003546000000,1003566446246,20.446247,-2330.36,128
3547,1003547000000,1003564471273,17.471273,6852.69,128
3548,1003548000000,1003568549462,20.549462,-4674.62,128
3549,1003549000000,1003569276300,20.276301,3734.45,128
3550,1003550000000,1003571059250,21.05925,2201.63,128
3551,1003551000000,1003574537676,23.537676,-3047.19,128
3552,1003552000000,1003574238482,22.238483,5683.28,128
3553,1003553000000,1003576014282,23.014282,-3906.3,128
3554,1003554000000,1003577101322,23.101322,-3175.25,128
3555,1003555000000,1003571247490,16.24749,-4806.44,128
3556,1003556000000,1003577065102,21.065103,1085.42,128
3557,1003557000000,1003579880569,22.88057,3910.34,128
3558,1003558000000,1003579069370,21.069371,3385.14,128
3559,1003559000000,1003578428117,19.428118,2913.18,128
3560,1003560000000,1003583409683,23.409684,5597.52,128
3561,1003561000000,1003585561442,24.561443,-819.31,128
3562,1003562000000,1003582868930,20.86893,-2805.98,128
3563,1003563000000,1003584602308,21.602308,-1483.55,128
3564,1003564000000,1003587350523,23.350524,1168.28,128
3565,1003565000000,1003583422784,18.422785,-5501.62,128
3566,1003566000000,1003585449618,19.449618,-859.98,128
3567,1003567000000,1003587589745,20.589745,2096.17,128
3568,1003568000000,1003588314624,20.314625,-3147.49,128
3569,1003569000000,1003587876209,18.87621,-4623.9,128
3570,1003570000000,1003589974078,19.974079,4611.17,128
3571,1003571000000,1003592760015,21.760015,2771.58,128
3572,1003572000000,1003591948538,19.948538,3857.95,128
3573,1003573000000,1003598048801,25.048802,-1526.93,128
3574,1003574000000,1003590265752,16.265752,-878.68,128
3575,1003575000000,1003597138028,22.138028,1367.86,128
3576,1003576000000,1003595382326,19.382326,323.32,128
3577,1003577000000,1003595511284,18.511284,3155.2,128
3578,1003578000000,1003601527006,23.527007,-931.94,128
3579,1003579000000,1003597431455,18.431456,-617.22,128
3580,1003580000000,1003604601172,24.601172,588.03,128
3581,1003581000000,1003599670281,18.670281,2225.67,128
3582,1003582000000,1003605359822,23.359822,380.23,128
3583,1003583000000,1003606970237,23.970237,-2885.87,128
3584,1003584000000,1003606060015,22.060015,1180.87,128
3585,1003585000000,1003606101481,21.101481,277.4,128
3586,1003586000000,1003606699998,20.699998,2895.06,128
3587,1003587000000,1003610868970,23.86897,1341.1,128
3588,1003588000000,1003608682309,20.682309,3053.23,128
3589,1003589000000,1003610585263,21.585264,-3459.1,128
3590,1003590000000,1003612966342,22.966342,-1113.34,128
3591,1003591000000,1003614457929,23.45793,845.39,128
3592,1003592000000,1003614515375,22.515376,3718.12,128
3593,1003593000000,1003611108567,18.108567,-1931.07,128
3594,1003594000000,1003615022261,21.022262,-235.47,128
3595,1003595000000,1003612840859,17.84086,-5351.61,128
3596,1003596000000,1003618461405,22.461406,-3540.16,128
3597,1003597000000,1003617330009,20.33001,-3734.85,128
3598,1003598000000,1003624046258,26.046258,-1466.92,128
3599,1003599000000,1003622499575,23.499575,-3286.47,128
3600,1003600000000,1003622982620,22.98262,954.63,128
3601,1003601000000,1003624854097,23.854097,3088.51,128
3602,1003602000000,1003622901018,20.901019,-1367.24,128
3603,1003603000000,1003620673754,17.673754,1686.11,128
3604,1003604000000,1003622985004,18.985004,2565.55,128
3605,1003605000000,1003627834404,22.834404,-3696.84,128
3606,1003606000000,1003626099669,20.09967,-656.16,128
3607,1003607000000,1003631654312,24.654312,7891.39,128
3608,1003608000000,1003626615378,18.615379,-2146.36,128
3609,1003609000000,1003631149897,22.149897,-1381.44,128
3610,1003610000000,1003630536756,20.536757,1152.48,128
3611,1003611000000,1003634025183,23.025183,676.43,128
3612,1003612000000,1003634514188,22.514189,734.99,128
3613,1003613000000,1003632326032,19.326032,3927.87,128
3614,1003614000000,1003636442585,22.442586,-1323.66,128
3615,1003615000000,1003635009273,20.009273,1753.31,128
3616,1003616000000,1003634950780,18.95078,-966.87,128
3617,1003617000000,1003639199010,22.199011,6755.98,128
3618,1003618000000,1003636459377,18.459377,-2219.38,128
3619,1003619000000,1003642179737,23.179737,-1487.64,128
3620,1003620000000,1003642207861,22.207862,1428.45,128
3621,1003621000000,1003644048299,23.0483,587.83,128
3622,1003622000000,1003644563901,22.563902,2333.57,128
3623,1003623000000,1003647853390,24.853391,-2825.03,128
3624,1003624000000,1003644334118,20.334119,-1488.1,128
3625,1003625000000,1003646154686,21.154687,1076.35,128
3626,1003626000000,1003646696449,20.69645,4594.68,128
3627,1003627000000,1003649417979,22.417979,916.45,128
3628,1003628000000,1003651581849,23.58185,-924.94,128
3629,1003629000000,1003648555443,19.555443,2417.34,128
3630,1003630000000,1003653934271,23.934271,-1498.99,128
3631,1003631000000,1003649512546,18.512546,-1952.8,128
3632,1003632000000,1003654094035,22.094036,-544.75,128
3633,1003633000000,1003651389216,18.389217,1079.63,128
3634,1003634000000,1003653464442,19.464443,2709.04,128
3635,1003635000000,1003654225821,19.225822,-3337.6,128
3636,1003636000000,1003656259083,20.259083,-1896.53,128
3637,1003637000000,1003659205509,22.205509,1946.4,128
3638,1003638000000,1003657185047,19.185047,1643.06,128
3639,1003639000000,1003665945790,26.945791,-8008.56,128
3640,1003640000000,1003661711828,21.711828,-1681.86,128
3641,1003641000000,1003662921538,21.921539,-3795.62,128
3642,1003642000000,1003669812963,27.812964,676.69,128
3643,1003643000000,1003664015645,21.015645,2000.35,128
3644,1003644000000,1003665121624,21.121624,-7225.16,128
3645,1003645000000,1003667805540,22.805541,-3049.18,128
3646,1003646000000,1003669322499,23.322499,1634.72,128
3647,1003647000000,1003667740985,20.740986,4361.48,128
3648,1003648000000,1003670303821,22.303822,950.57,128
3649,1003649000000,1003669213643,20.213644,-372.85,128
3650,1003650000000,1003669767473,19.767473,3029.15,128
3651,1003651000000,1003673133476,22.133476,6116.64,128
3652,1003652000000,1003671387842,19.387843,-2089.02,128
3653,1003653000000,1003675809803,22.809803,2769.65,128
3654,1003654000000,1003674510722,20.510722,1461.58,128
3655,1003655000000,1003673829114,18.829114,2990.88,128
3656,1003656000000,1003677825312,21.825313,1804.02,128
3657,1003657000000,1003679906703,22.906704,1926.81,128
3658,1003658000000,1003680495948,22.495949,-2671.29,128
3659,1003659000000,1003680048773,21.048773,1028.51,128
3660,1003660000000,1003681178669,21.17867,-1156.83,128
3661,1003661000000,1003679381099,18.3811,3961.01,128
3662,1003662000000,1003682598123,20.598123,1384.76,128
3663,1003663000000,1003685323364,22.323365,-3358.81,128
3664,1003664000000,1003688331457,24.331457,-3029.28,128
3665,1003665000000,1003685143695,20.143695,-1473.39,128
3666,1003666000000,1003688688214,22.688215,165.44,128
3667,1003667000000,1003689453667,22.453667,6490.15,128
3668,1003668000000,1003691002771,23.002772,-3877.27,128
3669,1003669000000,1003693922178,24.922179,-3755.17,128
3670,1003670000000,1003695657413,25.657413,2817.67,128
3671,1003671000000,1003695999004,24.999004,2998.01,128
3672,1003672000000,1003696607954,24.607955,1647.58,128
3673,1003673000000,1003693426441,20.426441,60.87,128
3674,1003674000000,1003697188570,23.18857,1712.76,128
3675,1003675000000,1003696295450,21.295451,-3113.46,128
3676,1003676000000,1003696021257,20.021257,1157.44,128
3677,1003677000000,1003698674546,21.674547,-1942.96,128
3678,1003678000000,1003699655234,21.655235,-651.38,128
3679,1003679000000,1003700686990,21.686991,-1417.01,128
3680,1003680000000,1003700069567,20.069568,1736.89,128
3681,1003681000000,1003702398849,21.398849,266.61,128
3682,1003682000000,1003701965017,19.965018,-1599.57,128
3683,1003683000000,1003704981326,21.981326,-4870.85,128
3684,1003684000000,1003704717661,20.717662,1658.44,128
3685,1003685000000,1003704900665,19.900665,-619.4,128
3686,1003686000000,1003704183223,18.183224,2522.34,128
3687,1003687000000,1003710274551,23.274552,-3846.91,128
3688,1003688000000,1003707989340,19.989341,1106.83,128
3689,1003689000000,1003709059990,20.05999,636.88,128
3690,1003690000000,1003709760090,19.760091,1679.8,128
3691,1003691000000,1003709553144,18.553144,-3041.42,128
3692,1003692000000,1003713373632,21.373633,-3277.2,128
3693,1003693000000,1003715520940,22.52094,8411.46,128
3694,1003694000000,1003714180526,20.180526,-1120.36,128
3695,1003695000000,1003712156634,17.156634,398.78,128
3696,1003696000000,1003717049721,21.049722,-5361.93,128
3697,1003697000000,1003717801285,20.801286,2726.57,128
3698,1003698000000,1003721934499,23.9345,3400.11,128
3699,1003699000000,1003718915751,19.915751,-1992.55,128
3700,1003700000000,1003719225590,19.22559,-7331.04,128
3701,1003701000000,1003719390798,18.390799,1721.67,128
3702,1003702000000,1003720028327,18.028328,3789.12,128
3703,1003703000000,1003720369005,17.369006,-3595.47,128
3704,1003704000000,1003725372374,21.372374,-5097.85,128
3705,1003705000000,1003725834371,20.834372,531.69,128
3706,1003706000000,1003727836258,21.836259,-6030.94,128
3707,1003707000000,1003727817358,20.817358,1882.34,128
3708,1003708000000,1003731782995,23.782996,6267.74,128
3709,1003709000000,1003730430513,21.430513,6206.99,128
3710,1003710000000,1003733620069,23.620069,-1137.15,128
3711,1003711000000,1003733509429,22.50943,5816.63,128
3712,1003712000000,1003732075599,20.0756,2348.49,128
3713,1003713000000,1003733266505,20.266506,3377.54,128
3714,1003714000000,1003734769391,20.769391,5213.89,128
3715,1003715000000,1003737878143,22.878143,-1655.9,128
3716,1003716000000,1003737088971,21.088971,5062.51,128
3717,1003717000000,1003738524060,21.524061,1352.21,128
3718,1003718000000,1003738484394,20.484395,5576.83,128
3719,1003719000000,1003738568090,19.568091,-1459.35,128
3720,1003720000000,1003743753744,23.753745,776.88,128
3721,1003721000000,1003745992644,24.992644,-1435.53,128
3722,1003722000000,1003743434563,21.434564,-2425.4,128
3723,1003723000000,1003740558209,17.558209,-4042.02,128
3724,1003724000000,1003745084676,21.084677,-679.93,128
3725,1003725000000,1003743374835,18.374835,-1855.65,128
3726,1003726000000,1003747829403,21.829403,7122.29,128
3727,1003727000000,1003748226800,21.226801,231.95,128
3728,1003728000000,1003749385884,21.385885,-558.04,128
3729,1003729000000,1003751902692,22.902693,-1329.11,128
3730,1003730000000,1003751822209,21.82221,-4112.99,128
3731,1003731000000,1003750891699,19.891699,5164.34,128
3732,1003732000000,1003749219378,17.219379,2285.57,128
3733,1003733000000,1003753437716,20.437716,-2079.86,128
3734,1003734000000,1003759646668,25.646668,1922.57,128
3735,1003735000000,1003754866941,19.866941,-1067.76,128
3736,1003736000000,1003760514655,24.514656,-1344.27,128
3737,1003737000000,1003758488813,21.488814,-2247.52,128
3738,1003738000000,1003760006240,22.006241,-2271.2,128
3739,1003739000000,1003764375731,25.375731,-150.08,128
3740,1003740000000,1003758361562,18.361563,2944.1,128
3741,1003741000000,1003763096896,22.096896,-2790.46,128
3742,1003742000000,1003766397556,24.397557,3455.72,128
3743,1003743000000,1003762046433,19.046434,1900.6,128
3744,1003744000000,1003764281419,20.28142,1008.65,128
3745,1003745000000,1003767033607,22.033607,2996.54,128
3746,1003746000000,1003770831836,24.831836,-2319.71,128
3747,1003747000000,1003767602188,20.602188,-2034.39,128
3748,1003748000000,1003767678147,19.678148,5265.24,128
3749,1003749000000,1003768727255,19.727256,1215.3,128
3750,1003750000000,1003772269187,22.269187,2259.99,128
3751,1003751000000,1003771559376,20.559376,-1474.84,128
3752,1003752000000,1003773040936,21.040937,1065.03,128
3753,1003753000000,1003771256985,18.256986,-3786.87,128
3754,1003754000000,1003777895416,23.895416,-469.3,128
3755,1003755000000,1003779466887,24.466887,-1248.5,128
3756,1003756000000,1003777056939,21.056939,-1720.46,128
3757,1003757000000,1003780088751,23.088752,-4157.27,128
3758,1003758000000,1003779229767,21.229768,-2138.37,128
3759,1003759000000,1003780645713,21.645714,-3177.27,128
3760,1003760000000,1003781280634,21.280634,-3856.42,128
3761,1003761000000,1003782491356,21.491357,52.87,128
3762,1003762000000,1003780324893,18.324894,-666.51,128
3763,1003763000000,1003781638517,18.638518,-5709.83,128
3764,1003764000000,1003785167973,21.167973,327.86,128
3765,1003765000000,1003788820414,23.820415,-2872.1,128
3766,1003766000000,1003788075151,22.075151,2533.91,128
3767,1003767000000,1003786709426,19.709426,-3149.01,128
3768,1003768000000,1003790171014,22.171014,-3032.41,128
3769,1003769000000,1003791349290,22.34929,1452.47,128
3770,1003770000000,1003790698226,20.698226,3407.48,128
3771,1003771000000,1003793735661,22.735661,-1434.64,128
3772,1003772000000,1003793808008,21.808009,1279.19,128
3773,1003773000000,1003797410080,24.41008,4212.76,128
3774,1003774000000,1003793868579,19.868579,1689.08,128
3775,1003775000000,1003794592362,19.592362,-4445.34,128
3776,1003776000000,1003798565310,22.56531,-947.22,128
3777,1003777000000,1003798612258,21.612259,2749.31,128
3778,1003778000000,1003800863146,22.863146,-4740.54,128
3779,1003779000000,1003798607959,19.607959,1704.44,128
3780,1003780000000,1003796992281,16.992281,1635.91,128
3781,1003781000000,1003799665965,18.665966,-1806.47,128
3782,1003782000000,1003801433983,19.433984,303.23,128
3783,1003783000000,1003801631427,18.631428,-5350.71,128
3784,1003784000000,1003808242895,24.242896,-4412.41,128
3785,1003785000000,1003808741994,23.741994,2453.54,128
3786,1003786000000,1003807666512,21.666512,8570.32,128
3787,1003787000000,1003807751701,20.751702,3455.25,128
3788,1003788000000,1003809078328,21.078329,-1459.05,128
3789,1003789000000,1003810407749,21.407749,402.77,128
3790,1003790000000,1003809468152,19.468152,-2183.7,128
3791,1003791000000,1003812067907,21.067908,756.81,128
3792,1003792000000,1003812891770,20.891771,-2717.81,128
3793,1003793000000,1003814936302,21.936302,-6975.62,128
3794,1003794000000,1003816403542,22.403542,7376.56,128
3795,1003795000000,1003812741157,17.741158,-1686.29,128
3796,1003796000000,1003818013918,22.013919,610.72,128
3797,1003797000000,1003816555634,19.555634,-1170.8,128
3798,1003798000000,1003818506730,20.506731,1612.85,128
3799,1003799000000,1003820405865,21.405865,406.3,128
3800,1003800000000,1003824362827,24.362827,-304.2,128
3801,1003801000000,1003824799118,23.799119,-1775.58,128
3802,1003802000000,1003825222482,23.222483,-1044.34,128
3803,1003803000000,1003822774710,19.77471,927.4,128
3804,1003804000000,1003823412690,19.412691,296.49,128
3805,1003805000000,1003828010309,23.010309,-1418.61,128
3806,1003806000000,1003829244209,23.244209,-2853.52,128
3807,1003807000000,1003827742579,20.74258,-262.35,128
3808,1003808000000,1003829752262,21.752263,-3975.32,128
3809,1003809000000,1003829924703,20.924703,2992.56,128
3810,1003810000000,1003832368134,22.368134,5332.19,128
3811,1003811000000,1003828051280,17.051281,-3579.59,128
3812,1003812000000,1003831726760,19.726761,-490.75,128
3813,1003813000000,1003832846274,19.846275,-3101.82,128
3814,1003814000000,1003837800027,23.800028,-905.99,128
3815,1003815000000,1003836291933,21.291934,-4323.97,128
3816,1003816000000,1003837367187,21.367188,105.28,128
3817,1003817000000,1003838278246,21.278246,453.49,128
3818,1003818000000,1003839895470,21.895471,-296.82,128
3819,1003819000000,1003839104156,20.104157,-220.5,128
3820,1003820000000,1003841578306,21.578306,2684.52,128
3821,1003821000000,1003842921339,21.92134,-2033.49,128
3822,1003822000000,1003839085406,17.085407,-1190.24,128
3823,1003823000000,1003842534698,19.534699,-3764.33,128
3824,1003824000000,1003846874298,22.874299,1180.68,128
3825,1003825000000,1003843853119,18.85312,-4854.15,128
3826,1003826000000,1003844478905,18.478906,-3152.41,128
3827,1003827000000,1003845983736,18.983737,5298.08,128
3828,1003828000000,1003849682039,21.682039,-1328.63,128
3829,1003829000000,1003847927079,18.927079,-7419.1,128
3830,1003830000000,1003850296954,20.296955,-2420.45,128
3831,1003831000000,1003847770189,16.770189,829.34,128
3832,1003832000000,1003857618256,25.618256,-1409.93,128
3833,1003833000000,1003854423636,21.423637,5086.37,128
3834,1003834000000,1003857103069,23.10307,2282.27,128
3835,1003835000000,1003857038763,22.038764,-2288.26,128
3836,1003836000000,1003858626720,22.62672,-6165.01,128
3837,1003837000000,1003859234134,22.234135,7015.18,128
3838,1003838000000,1003861144173,23.144174,-2425.1,128
3839,1003839000000,1003859345413,20.345413,3201.04,128
3840,1003840000000,1003860789484,20.789485,-6807.92,128
3841,1003841000000,1003862961470,21.96147,-3025.12,128
3842,1003842000000,1003862820879,20.82088,-1252.65,128
3843,1003843000000,1003864485776,21.485777,-5643.03,128
3844,1003844000000,1003863190837,19.190838,-161.12,128
3845,1003845000000,1003864805528,19.805529,-3868.72,128
3846,1003846000000,1003866993787,20.993788,3251.11,128
3847,1003847000000,1003868916652,21.916652,-245.59,128
3848,1003848000000,1003869292932,21.292933,-1401.94,128
3849,1003849000000,1003868545749,19.54575,2358.61,128
3850,1003850000000,1003872969684,22.969684,752.31,128
3851,1003851000000,1003871800624,20.800625,5070.12,128
3852,1003852000000,1003875739739,23.73974,-660.86,128
3853,1003853000000,1003877223563,24.223563,3114.56,128
3854,1003854000000,1003874648790,20.64879,-3676.09,128
3855,1003855000000,1003875189870,20.189871,3066.35,128
3856,1003856000000,1003877600220,21.60022,-281.76,128
3857,1003857000000,1003876806520,19.806521,-2810.63,128
3858,1003858000000,1003881036235,23.036235,353.49,128
3859,1003859000000,1003879930054,20.930054,-1334.02,128
3860,1003860000000,1003881574217,21.574218,-6016.66,128
3861,1003861000000,1003884800854,23.800854,196.14,128
3862,1003862000000,1003882637426,20.637427,-3978.96,128
3863,1003863000000,1003887009865,24.009866,-14.24,128
3864,1003864000000,1003883207745,19.207745,1710.62,128
3865,1003865000000,1003886311231,21.311231,5808.28,128
3866,1003866000000,1003893059796,27.059797,-2867.23,128
3867,1003867000000,1003886790025,19.790025,-2837.72,128
3868,1003868000000,1003888808466,20.808467,-3973.95,128
3869,1003869000000,1003887815544,18.815544,364.05,128
3870,1003870000000,1003887507296,17.507296,-1160.19,128
3871,1003871000000,1003892318457,21.318457,-940.76,128
3872,1003872000000,1003893258232,21.258233,851.69,128
3873,1003873000000,1003890820690,17.82069,-3252.32,128
3874,1003874000000,1003895470988,21.470989,2691.76,128
3875,1003875000000,1003897711717,22.711718,-3228.11,128
3876,1003876000000,1003896473283,20.473284,-477.1,128
3877,1003877000000,1003897945111,20.945111,-4085.83,128
3878,1003878000000,1003901628791,23.628792,3826.07,128
3879,1003879000000,1003898709650,19.70965,-2100.16,128
3880,1003880000000,1003903824881,23.824881,291.2,128
3881,1003881000000,1003903392731,22.392731,-1169.22,128
3882,1003882000000,1003905335481,23.335482,1640.11,128
3883,1003883000000,1003903138730,20.13873,-151.14,128
3884,1003884000000,1003905331960,21.331961,-2893.83,128
3885,1003885000000,1003904138659,19.138659,-3650.73,128
3886,1003886000000,1003907620604,21.620605,1278.28,128
3887,1003887000000,1003910251239,23.25124,-201.29,128
3888,1003888000000,1003908586195,20.586195,-660.18,128
3889,1003889000000,1003908868584,19.868584,-4458.52,128
3890,1003890000000,1003910890293,20.890294,-3792.23,128
3891,1003891000000,1003909846957,18.846958,-1458.87,128
3892,1003892000000,1003915398127,23.398127,-6076.98,128
3893,1003893000000,1003919029887,26.029888,-7271.62,128
3894,1003894000000,1003913315115,19.315115,-1225.48,128
3895,1003895000000,1003912790346,17.790346,-215.68,128
3896,1003896000000,1003915194109,19.194109,7775.57,128
3897,1003897000000,1003917894253,20.894253,5431.4,128
3898,1003898000000,1003920908508,22.908508,506.2,128
3899,1003899000000,1003920879577,21.879577,-329.84,128
3900,1003900000000,1003920604105,20.604106,-2660.34,128
3901,1003901000000,1003920185452,19.185453,2013.44,128
3902,1003902000000,1003922975382,20.975383,-1745.08,128
3903,1003903000000,1003924868908,21.868909,-6653.21,128
3904,1003904000000,1003925538382,21.538382,-6545.08,128
3905,1003905000000,1003924462483,19.462483,756.46,128
3906,1003906000000,1003925870443,19.870443,713.46,128
3907,1003907000000,1003931320108,24.320109,-5626.81,128
3908,1003908000000,1003931409323,23.409324,-3941.28,128
3909,1003909000000,1003934694238,25.694238,3057.7,128
3910,1003910000000,1003933107079,23.10708,4176.55,128
3911,1003911000000,1003932934184,21.934185,267.65,128
3912,1003912000000,1003932605706,20.605706,5736.27,128
3913,1003913000000,1003938320500,25.3205,-213.15,128
3914,1003914000000,1003935131910,21.13191,-1012.62,128
3915,1003915000000,1003935137104,20.137105,-4264.94,128
3916,1003916000000,1003941361775,25.361776,219.36,128
3917,1003917000000,1003937071552,20.071552,-122.94,128
3918,1003918000000,1003938928841,20.928842,825.76,128
3919,1003919000000,1003942758935,23.758935,-1847.19,128
3920,1003920000000,1003941161253,21.161253,-2028.82,128
3921,1003921000000,1003942871697,21.871697,557.88,128
3922,1003922000000,1003942284183,20.284184,1205.22,128
3923,1003923000000,1003942414346,19.414347,-5356.04,128
3924,1003924000000,1003942091375,18.091376,-2581.72,128
3925,1003925000000,1003947447537,22.447537,-1915.14,128
3926,1003926000000,1003946587111,20.587111,-1837.06,128
3927,1003927000000,1003947516475,20.516475,-3087.58,128
3928,1003928000000,1003951269491,23.269491,-3206.16,128
3929,1003929000000,1003950858733,21.858733,4392.08,128
3930,1003930000000,1003951665096,21.665096,-1032.93,128
3931,1003931000000,1003952662777,21.662778,3244.94,128
3932,1003932000000,1003951899465,19.899466,-3749.61,128
3933,1003933000000,1003952928546,19.928546,1039.0,128
3934,1003934000000,1003957969277,23.969278,-3240.72,128
3935,1003935000000,1003955173490,20.173491,-433.08,128
3936,1003936000000,1003955443085,19.443085,4768.17,128
3937,1003937000000,1003960083504,23.083504,-5535.36,128
3938,1003938000000,1003959601590,21.60159,-3927.14,128
3939,1003939000000,1003961818086,22.818086,-2833.94,128
3940,1003940000000,1003959030172,19.030172,8147.61,128
3941,1003941000000,1003963085759,22.08576,2148.92,128
3942,1003942000000,1003961270111,19.270111,1448.71,128
3943,1003943000000,1003966179838,23.179838,-1053.17,128
3944,1003944000000,1003964170940,20.170941,4339.69,128
3945,1003945000000,1003964394413,19.394414,-1846.2,128
3946,1003946000000,1003965551792,19.551792,-6234.63,128
3947,1003947000000,1003967579242,20.579242,-4941.05,128
3948,1003948000000,1003975604085,27.604085,1126.02,128
3949,1003949000000,1003967618006,18.618006,-5322.92,128
3950,1003950000000,1003970813040,20.813041,-15.91,128
3951,1003951000000,1003972129692,21.129693,1044.86,128
3952,1003952000000,1003975161635,23.161636,6084.7,128
3953,1003953000000,1003973522684,20.522684,2186.21,128
3954,1003954000000,1003980131045,26.131045,336.57,128
3955,1003955000000,1003979228141,24.228141,2651.7,128
3956,1003956000000,1003978578824,22.578824,-3032.15,128
3957,1003957000000,1003977735624,20.735625,3648.62,128
3958,1003958000000,1003978845814,20.845815,-1716.49,128
3959,1003959000000,1003983878400,24.878401,-1734.57,128
3960,1003960000000,1003980463297,20.463297,839.87,128
3961,1003961000000,1003979187283,18.187284,899.09,128
3962,1003962000000,1003984617228,22.617228,1170.12,128
3963,1003963000000,1003986142797,23.142797,-1782.04,128
3964,1003964000000,1003987307742,23.307743,-1246.55,128
3965,1003965000000,1003991201972,26.201972,-2529.62,128
3966,1003966000000,1003986279105,20.279106,1057.15,128
3967,1003967000000,1003984380611,17.380611,2403.78,128
3968,1003968000000,1003988122895,20.122895,-2491.25,128
3969,1003969000000,1003990152394,21.152395,5287.68,128
3970,1003970000000,1003991223817,21.223817,1792.02,128
3971,1003971000000,1003993240735,22.240735,-5884.72,128
3972,1003972000000,1003993336649,21.336649,3154.39,128
3973,1003973000000,1003991094029,18.09403,-776.15,128
3974,1003974000000,1003995747151,21.747151,4208.61,128
3975,1003975000000,1003995024398,20.024398,-717.99,128
3976,1003976000000,1003999735432,23.735432,-1641.37,128
3977,1003977000000,1003999119612,22.119613,-750.77,128
3978,1003978000000,1003996943551,18.943552,3645.15,128
3979,1003979000000,1004003733084,24.733084,1325.47,128
3980,1003980000000,1004003417371,23.417372,442.27,128
3981,1003981000000,1004000244850,19.244851,-301.46,128
3982,1003982000000,1004006544481,24.544481,-2045.84,128
3983,1003983000000,1004003637416,20.637416,5618.34,128
3984,1003984000000,1004006397485,22.397485,-594.99,128
3985,1003985000000,1004006218175,21.218175,-3035.72,128
3986,1003986000000,1004009516503,23.516503,2322.74,128
3987,1003987000000,1004006389789,19.389789,-869.54,128
3988,1003988000000,1004008803434,20.803434,10283.74,128
3989,1003989000000,1004007143864,18.143865,642.91,128
3990,1003990000000,1004011276420,21.27642,-4064.51,128
3991,1003991000000,1004009397707,18.397707,3472.74,128
3992,1003992000000,1004012471826,20.471826,233.53,128
3993,1003993000000,1004015291712,22.291713,-1062.9,128
3994,1003994000000,1004016799241,22.799241,-248.82,128
3995,1003995000000,1004019408973,24.408974,-3423.21,128
3996,1003996000000,1004014781747,18.781748,31.51,128
3997,1003997000000,1004019758240,22.758241,2450.16,128
3998,1003998000000,1004019869545,21.869546,5448.53,128
3999,1003999000000,1004019830298,20.830299,-6418.79,128
4000,1004000000000,1004018804802,18.804802,2179.45,128
4001,1004001000000,1004023662341,22.662341,661.79,128
4002,1004002000000,1004022264596,20.264596,-845.07,128
4003,1004003000000,1004022676405,19.676406,3129.54,128
4004,1004004000000,1004025041823,21.041824,1157.77,128
4005,1004005000000,1004025220771,20.220772,-170.32,128
4006,1004006000000,1004024111677,18.111677,-1414.8,128
4007,1004007000000,1004026704912,19.704912,-1434.0,128
4008,1004008000000,1004029482724,21.482724,3194.33,128
4009,1004009000000,1004026998075,17.998076,3680.1,128
4010,1004010000000,1004032743331,22.743331,4981.85,128
4011,1004011000000,1004028619254,17.619255,-1874.51,128
4012,1004012000000,1004034361804,22.361805,-973.07,128
4013,1004013000000,1004031559280,18.55928,-2335.76,128
4014,1004014000000,1004032253552,18.253552,599.09,128
4015,1004015000000,1004039611793,24.611794,951.24,128
4016,1004016000000,1004038596349,22.596349,-3771.65,128
4017,1004017000000,1004038018321,21.018322,3000.78,128
4018,1004018000000,1004044248403,26.248403,-1603.96,128
4019,1004019000000,1004042789977,23.789977,-1906.66,128
4020,1004020000000,1004040006171,20.006172,-511.11,128
4021,1004021000000,1004046755993,25.755994,-2081.48,128
4022,1004022000000,1004042294789,20.294789,790.84,128
4023,1004023000000,1004045321276,22.321277,-6202.18,128
4024,1004024000000,1004040718295,16.718295,10009.02,128
4025,1004025000000,1004045547152,20.547153,2610.58,128
4026,1004026000000,1004046738915,20.738916,-7350.37,128
4027,1004027000000,1004051600260,24.60026,-1151.33,128
4028,1004028000000,1004052061627,24.061628,-6811.1,128
4029,1004029000000,1004049293629,20.293629,6424.35,128
4030,1004030000000,1004050433763,20.433764,-1396.87,128
4031,1004031000000,1004053778410,22.778411,-2075.31,128
4032,1004032000000,1004054583425,22.583426,1022.43,128
4033,1004033000000,1004053829306,20.829306,-1690.98,128
4034,1004034000000,1004057211561,23.211561,389.92,128
4035,1004035000000,1004055898761,20.898762,-6804.59,128
4036,1004036000000,1004056268709,20.268709,3607.34,128
4037,1004037000000,1004053795071,16.795072,-4110.04,128
4038,1004038000000,1004057666899,19.6669,-371.55,128
4039,1004039000000,1004059766712,20.766713,-1222.12,128
4040,1004040000000,1004059436536,19.436537,-899.26,128
4041,1004041000000,1004061589757,20.589758,-104.5,128
4042,1004042000000,1004059549786,17.549787,585.58,128
4043,1004043000000,1004064550775,21.550775,4211.85,128
4044,1004044000000,1004065097857,21.097858,2970.96,128
4045,1004045000000,1004066111375,21.111376,2653.75,128
4046,1004046000000,1004068944493,22.944494,-3639.34,128
4047,1004047000000,1004066727450,19.72745,2691.15,128
4048,1004048000000,1004069878209,21.87821,194.96,128
4049,1004049000000,1004070398695,21.398696,131.44,128
4050,1004050000000,1004069375253,19.375253,81.3,128
4051,1004051000000,1004071270449,20.27045,1149.62,128
4052,1004052000000,1004073635220,21.63522,2190.91,128
4053,1004053000000,1004073711746,20.711747,652.66,128
4054,1004054000000,1004076179449,22.179449,333.22,128
4055,1004055000000,1004075723141,20.723142,-3227.24,128
4056,1004056000000,1004074887314,18.887315,-4301.23,128
4057,1004057000000,1004079260393,22.260393,-3306.48,128
4058,1004058000000,1004076890378,18.890378,63.12,128
4059,1004059000000,1004081934188,22.934189,5286.59,128
4060,1004060000000,1004082108155,22.108156,1442.97,128
4061,1004061000000,1004086697064,25.697065,1830.36,128
4062,1004062000000,1004083297128,21.297128,2818.32,128
4063,1004063000000,1004083328437,20.328438,-1999.98,128
4064,1004064000000,1004084085084,20.085085,2282.89,128
4065,1004065000000,1004084806387,19.806388,-1882.29,128
4066,1004066000000,1004084810246,18.810247,2118.58,128
4067,1004067000000,1004087329778,20.329778,850.15,128
4068,1004068000000,1004087550678,19.550679,1721.32,128
4069,1004069000000,1004088496197,19.496197,1006.18,128
4070,1004070000000,1004093372105,23.372106,-301.11,128
4071,1004071000000,1004092961974,21.961974,-4265.31,128
4072,1004072000000,1004090372136,18.372136,808.79,128
4073,1004073000000,1004097538171,24.538171,-2126.27,128
4074,1004074000000,1004092704385,18.704386,462.4,128
4075,1004075000000,1004097312567,22.312568,-3529.22,128
4076,1004076000000,1004096031486,20.031487,-2166.32,128
4077,1004077000000,1004099308098,22.308098,-1645.04,128
4078,1004078000000,1004096897517,18.897518,617.03,128
4079,1004079000000,1004101726695,22.726695,68.29,128
4080,1004080000000,1004101474024,21.474025,-2592.69,128
4081,1004081000000,1004102959467,21.959467,3541.61,128
4082,1004082000000,1004101496511,19.496511,-3782.19,128
4083,1004083000000,1004102695077,19.695078,3195.99,128
4084,1004084000000,1004105449257,21.449257,1129.26,128
4085,1004085000000,1004105572434,20.572434,-4287.35,128
4086,1004086000000,1004108373379,22.37338,3247.43,128
4087,1004087000000,1004109169923,22.169923,4408.72,128
4088,1004088000000,1004111803688,23.803689,-6913.75,128
4089,1004089000000,1004105604412,16.604412,-1192.91,128
4090,1004090000000,1004112927397,22.927397,2846.23,128
4091,1004091000000,1004110670274,19.670275,-1688.8,128
4092,1004092000000,1004116026319,24.026319,-1421.94,128
4093,1004093000000,1004116935385,23.935386,3661.52,128
4094,1004094000000,1004111959317,17.959317,1069.27,128
4095,1004095000000,1004115149614,20.149614,-5535.4,128
4096,1004096000000,1004115459808,19.459808,1808.33,128
4097,1004097000000,1004121098464,24.098464,2143.54,128
4098,1004098000000,1004118867150,20.867151,4485.02,128
4099,1004099000000,1004122108604,23.108604,-1558.46,128
4100,1004100000000,1004122112684,22.112684,-2764.45,128
4101,1004101000000,1004120763464,19.763465,-3888.99,128
4102,1004102000000,1004126166176,24.166177,-2794.38,128
4103,1004103000000,1004124666889,21.66689,-3938.66,128
4104,1004104000000,1004127478799,23.4788,-4360.91,128
4105,1004105000000,1004125150664,20.150664,1611.84,128
4106,1004106000000,1004128730195,22.730195,637.43,128
4107,1004107000000,1004130616609,23.61661,-3113.6,128
4108,1004108000000,1004129513736,21.513737,-1771.58,128
4109,1004109000000,1004128069759,19.069759,1072.82,128
4110,1004110000000,1004130531984,20.531984,2439.86,128
4111,1004111000000,1004131629436,20.629436,1476.92,128
4112,1004112000000,1004131197767,19.197767,496.17,128
4113,1004113000000,1004132388439,19.38844,2201.92,128
4114,1004114000000,1004134845480,20.84548,-3670.81,128
4115,1004115000000,1004133864094,18.864095,-137.63,128
4116,1004116000000,1004138968268,22.968268,-1052.35,128
4117,1004117000000,1004139358062,22.358062,-4072.38,128
4118,1004118000000,1004138986970,20.986971,-1689.18,128
4119,1004119000000,1004140072346,21.072347,-927.27,128
4120,1004120000000,1004141753315,21.753315,-694.34,128
4121,1004121000000,1004139067687,18.067688,8253.53,128
4122,1004122000000,1004143938254,21.938255,-1205.41,128
4123,1004123000000,1004145987783,22.987784,-2598.6,128
4124,1004124000000,1004147663328,23.663328,18.5,128
4125,1004125000000,1004146288804,21.288805,3114.98,128
4126,1004126000000,1004147245100,21.2451,2973.4,128
4127,1004127000000,1004149104580,22.104581,-3240.9,128
4128,1004128000000,1004149297021,21.297022,3131.44,128
4129,1004129000000,1004151608236,22.608237,-205.61,128
4130,1004130000000,1004152285082,22.285083,-812.38,128
4131,1004131000000,1004150940749,19.94075,4363.64,128
4132,1004132000000,1004155119928,23.119928,1498.3,128
4133,1004133000000,1004157087995,24.087996,2561.97,128
4134,1004134000000,1004156172251,22.172252,-1431.59,128
4135,1004135000000,1004158238470,23.23847,250.61,128
4136,1004136000000,1004156322774,20.322774,2208.42,128
4137,1004137000000,1004157905478,20.905478,-4426.15,128
4138,1004138000000,1004157977384,19.977385,1005.56,128
4139,1004139000000,1004159595269,20.59527,-2200.54,128
4140,1004140000000,1004159840696,19.840696,3338.17,128
4141,1004141000000,1004162243427,21.243427,-1429.19,128
4142,1004142000000,1004163480220,21.48022,-1853.65,128
4143,1004143000000,1004169849365,26.849365,-3507.17,128
4144,1004144000000,1004166633412,22.633413,412.61,128
4145,1004145000000,1004169807801,24.807801,-1170.07,128
4146,1004146000000,1004167809559,21.809559,-2092.84,128
4147,1004147000000,1004167085732,20.085733,-5738.58,128
4148,1004148000000,1004171277999,23.277999,-2752.62,128
4149,1004149000000,1004171980377,22.980378,2149.08,128
4150,1004150000000,1004169637156,19.637156,1869.14,128
4151,1004151000000,1004173457528,22.457528,-357.72,128
4152,1004152000000,1004175636319,23.636319,-46.62,128
4153,1004153000000,1004171089001,18.089001,-8219.85,128
4154,1004154000000,1004177412852,23.412853,1792.03,128
4155,1004155000000,1004173427705,18.427705,2477.35,128
4156,1004156000000,1004177563655,21.563655,4784.46,128
4157,1004157000000,1004182864729,25.864729,-1202.69,128
4158,1004158000000,1004178364556,20.364556,-4532.09,128
4159,1004159000000,1004176727396,17.727396,-4015.23,128
4160,1004160000000,1004180006215,20.006216,757.72,128
4161,1004161000000,1004182031670,21.03167,-2278.47,128
4162,1004162000000,1004183940132,21.940132,6854.84,128
4163,1004163000000,1004186567426,23.567426,-838.06,128
4164,1004164000000,1004189440485,25.440486,-1531.96,128
4165,1004165000000,1004186906761,21.906761,-4094.7,128
4166,1004166000000,1004186768699,20.768699,1676.22,128
4167,1004167000000,1004189687985,22.687985,1577.79,128
4168,1004168000000,1004188226578,20.226578,158.81,128
4169,1004169000000,1004190003843,21.003844,72.64,128
4170,1004170000000,1004191920760,21.920761,-2246.75,128
4171,1004171000000,1004191125374,20.125375,1977.27,128
4172,1004172000000,1004193767180,21.767181,4518.32,128
4173,1004173000000,1004193377105,20.377105,3214.36,128
4174,1004174000000,1004194767858,20.767859,-2147.88,128
4175,1004175000000,1004194527728,19.527728,1716.16,128
4176,1004176000000,1004196558725,20.558725,900.38,128
4177,1004177000000,1004200273001,23.273001,-1061.76,128
4178,1004178000000,1004198217268,20.217269,-973.02,128
4179,1004179000000,1004202208660,23.208661,-2541.49,128
4180,1004180000000,1004200285858,20.285858,-3767.27,128
4181,1004181000000,1004202120833,21.120834,4944.23,128
4182,1004182000000,1004203343221,21.343221,-377.83,128
4183,1004183000000,1004206577985,23.577985,475.59,128
4184,1004184000000,1004203714166,19.714167,1570.87,128
4185,1004185000000,1004207569749,22.569749,-610.83,128
4186,1004186000000,1004208286029,22.286029,-2396.95,128
4187,1004187000000,1004206052228,19.052229,-953.69,128
4188,1004188000000,1004207209573,19.209573,6564.04,128
4189,1004189000000,1004206554798,17.554798,2365.93,128
4190,1004190000000,1004208417606,18.417606,1452.53,128
4191,1004191000000,1004213885716,22.885717,-306.08,128
4192,1004192000000,1004212157026,20.157027,1732.74,128
4193,1004193000000,1004216339651,23.339652,-6661.21,128
4194,1004194000000,1004218092304,24.092305,-782.66,128
4195,1004195000000,1004215166436,20.166436,4226.39,128
4196,1004196000000,1004215291501,19.291502,-1660.65,128
4197,1004197000000,1004217812909,20.812909,-473.65,128
4198,1004198000000,1004220964493,22.964494,1417.99,128
4199,1004199000000,1004222886500,23.8865,951.74,128
4200,1004200000000,1004218551334,18.551334,4410.72,128
4201,1004201000000,1004221008861,20.008861,-249.58,128
4202,1004202000000,1004223392925,21.392926,789.69,128
4203,1004203000000,1004228875759,25.87576,-2888.76,128
4204,1004204000000,1004228477472,24.477472,4737.5,128
4205,1004205000000,1004227731854,22.731854,809.77,128
4206,1004206000000,1004227375015,21.375016,-2185.55,128
4207,1004207000000,1004228685022,21.685023,-350.76,128
4208,1004208000000,1004229697527,21.697527,-3010.27,128
4209,1004209000000,1004231211999,22.212,616.21,128
4210,1004210000000,1004228728325,18.728326,-870.27,128
4211,1004211000000,1004230483112,19.483113,3622.04,128
4212,1004212000000,1004231033727,19.033727,-1931.8,128
4213,1004213000000,1004233141031,20.141032,-2446.43,128
4214,1004214000000,1004240777061,26.777061,-758.95,128
4215,1004215000000,1004235384226,20.384227,-4256.39,128
4216,1004216000000,1004236412491,20.412491,2849.41,128
4217,1004217000000,1004238305264,21.305264,938.87,128
4218,1004218000000,1004240509678,22.509678,1031.23,128
4219,1004219000000,1004243468753,24.468754,1641.3,128
4220,1004220000000,1004244401138,24.401138,-3090.58,128
4221,1004221000000,1004240555928,19.555929,-1063.38,128
4222,1004222000000,1004240505867,18.505868,-1806.07,128
4223,1004223000000,1004249107622,26.107623,3772.05,128
4224,1004224000000,1004246264834,22.264834,-5791.19,128
4225,1004225000000,1004248472657,23.472657,-3330.91,128
4226,1004226000000,1004249258459,23.25846,3084.73,128
4227,1004227000000,1004249542974,22.542974,2048.14,128
4228,1004228000000,1004249919823,21.919823,-43.55,128
4229,1004229000000,1004251262029,22.26203,4749.9,128
4230,1004230000000,1004249502225,19.502225,-4236.06,128
4231,1004231000000,1004251137316,20.137316,-216.59,128
4232,1004232000000,1004254167688,22.167689,5262.75,128
4233,1004233000000,1004257981822,24.981822,-3014.22,128
4234,1004234000000,1004255827602,21.827602,-4585.25,128
4235,1004235000000,1004255381036,20.381036,5486.47,128
4236,1004236000000,1004254876340,18.87634,1939.5,128
4237,1004237000000,1004255860149,18.860149,-1273.6,128
4238,1004238000000,1004257774785,19.774785,19.9,128
4239,1004239000000,1004259188487,20.188488,-5663.4,128
4240,1004240000000,1004266012457,26.012458,-4973.01,128
4241,1004241000000,1004264105175,23.105175,-6598.17,128
4242,1004242000000,1004261533378,19.533379,-3543.89,128
4243,1004243000000,1004262052021,19.052022,4536.2,128
4244,1004244000000,1004266767380,22.76738,1759.67,128
4245,1004245000000,1004268566860,23.56686,3264.18,128
4246,1004246000000,1004265045387,19.045388,3010.7,128
4247,1004247000000,1004269577640,22.57764,-2681.92,128
4248,1004248000000,1004267285022,19.285022,-2238.67,128
4249,1004249000000,1004273330955,24.330956,24.95,128
4250,1004250000000,1004269784996,19.784997,-2590.84,128
4251,1004251000000,1004271164257,20.164258,-960.8,128
4252,1004252000000,1004273902474,21.902474,-228.4,128
4253,1004253000000,1004278055450,25.055451,2032.5,128
4254,1004254000000,1004277399944,23.399944,68.14,128
4255,1004255000000,1004273989917,18.989917,5088.37,128
4256,1004256000000,1004274544322,18.544322,367.42,128
4257,1004257000000,1004278874951,21.874951,-4225.68,128
4258,1004258000000,1004276669634,18.669634,-684.23,128
4259,1004259000000,1004279414869,20.41487,1909.01,128
4260,1004260000000,1004280029191,20.029192,1859.3,128
4261,1004261000000,1004282177718,21.177718,2467.01,128
4262,1004262000000,1004282968594,20.968594,579.86,128
4263,1004263000000,1004282723810,19.72381,2221.75,128
4264,1004264000000,1004283306744,19.306745,1284.54,128
4265,1004265000000,1004289701491,24.701492,-2467.13,128
4266,1004266000000,1004290580410,24.58041,236.26,128
4267,1004267000000,1004286619097,19.619097,-2587.22,128
4268,1004268000000,1004288807173,20.807174,-1746.88,128
4269,1004269000000,1004289418240,20.418241,-3153.53,128
4270,1004270000000,1004290250216,20.250216,2330.11,128
4271,1004271000000,1004292244950,21.244951,-5933.24,128
4272,1004272000000,1004293305487,21.305487,164.85,128
4273,1004273000000,1004293563562,20.563562,2818.89,128
4274,1004274000000,1004296777194,22.777195,-1340.06,128
4275,1004275000000,1004298240091,23.240091,-2486.32,128
4276,1004276000000,1004301829875,25.829875,-896.59,128
4277,1004277000000,1004299614998,22.614999,1173.37,128
4278,1004278000000,1004298786716,20.786717,296.98,128
4279,1004279000000,1004299557264,20.557265,2612.97,128
4280,1004280000000,1004305340505,25.340506,-3001.87,128
4281,1004281000000,1004301895695,20.895695,-3079.28,128
4282,1004282000000,1004301267181,19.267182,1959.59,128
4283,1004283000000,1004304227097,21.227097,-1522.48,128
4284,1004284000000,1004302505705,18.505706,1485.1,128
4285,1004285000000,1004306871987,21.871987,761.9,128
4286,1004286000000,1004306581208,20.581208,804.01,128
4287,1004287000000,1004306817212,19.817212,-665.29,128
4288,1004288000000,1004310844627,22.844628,4854.73,128
4289,1004289000000,1004312590278,23.590279,-1888.92,128
4290,1004290000000,1004311642842,21.642843,-2504.66,128
4291,1004291000000,1004312794591,21.794591,1066.91,128
4292,1004292000000,1004312531529,20.531529,-199.86,128
4293,1004293000000,1004316643762,23.643763,2647.18,128
4294,1004294000000,1004316360668,22.360668,366.57,128
4295,1004295000000,1004320084336,25.084337,3463.15,128
4296,1004296000000,1004313996880,17.99688,1742.71,128
4297,1004297000000,1004316720994,19.720994,-341.53,128
4298,1004298000000,1004319184274,21.184274,-6299.22,128
4299,1004299000000,1004324276650,25.276651,-1197.61,128
4300,1004300000000,1004321505295,21.505296,645.71,128
4301,1004301000000,1004323628432,22.628432,2947.87,128
4302,1004302000000,1004322055500,20.0555,6292.7,128
4303,1004303000000,1004323258360,20.25836,1115.94,128
4304,1004304000000,1004325338497,21.338497,3125.02,128
4305,1004305000000,1004329543331,24.543332,-801.39,128
4306,1004306000000,1004329234818,23.234818,-616.87,128
4307,1004307000000,1004326310329,19.310329,1337.25,128
4308,1004308000000,1004328619271,20.619271,3775.17,128
4309,1004309000000,1004329710221,20.710221,-3688.05,128
4310,1004310000000,1004330421771,20.421772,267.36,128
4311,1004311000000,1004335072748,24.072748,-1381.01,128
4312,1004312000000,1004335346062,23.346062,1652.19,128
4313,1004313000000,1004338586711,25.586711,-475.99,128
4314,1004314000000,1004333854023,19.854023,-3137.08,128
4315,1004315000000,1004332988656,17.988657,-637.52,128
4316,1004316000000,1004337030424,21.030425,-2603.61,128
4317,1004317000000,1004336106158,19.106159,681.7,128
4318,1004318000000,1004338326622,20.326623,645.8,128
4319,1004319000000,1004338474859,19.474859,2049.23,128
4320,1004320000000,1004338815662,18.815662,-1097.95,128
4321,1004321000000,1004339737845,18.737846,1238.67,128
4322,1004322000000,1004340577270,18.577271,-707.7,128
4323,1004323000000,1004341904773,18.904774,2258.32,128
4324,1004324000000,1004344540539,20.54054,-657.48,128
4325,1004325000000,1004345578891,20.578892,1357.59,128
4326,1004326000000,1004345546383,19.546383,-1470.22,128
4327,1004327000000,1004350401636,23.401637,-3897.01,128
4328,1004328000000,1004350560205,22.560205,3302.71,128
4329,1004329000000,1004349334264,20.334265,4476.96,128
4330,1004330000000,1004352400729,22.400729,547.58,128
4331,1004331000000,1004352604526,21.604526,2236.39,128
4332,1004332000000,1004352796158,20.796159,3610.23,128
4333,1004333000000,1004356966213,23.966213,1231.43,128
4334,1004334000000,1004355760672,21.760673,-5188.5,128
4335,1004335000000,1004355986445,20.986446,2611.95,128
4336,1004336000000,1004355328514,19.328514,-5547.98,128
4337,1004337000000,1004359517241,22.517241,314.74,128
4338,1004338000000,1004356737277,18.737277,-1999.18,128
4339,1004339000000,1004359107283,20.107284,498.15,128
4340,1004340000000,1004359926144,19.926145,2995.74,128
4341,1004341000000,1004364769348,23.769349,4335.3,128
4342,1004342000000,1004363048451,21.048452,-1999.31,128
4343,1004343000000,1004365786734,22.786734,2673.2,128
4344,1004344000000,1004365115182,21.115182,2613.44,128
4345,1004345000000,1004365954699,20.954699,-1049.68,128
4346,1004346000000,1004370007447,24.007447,-5942.9,128
4347,1004347000000,1004366481459,19.481459,3448.79,128
4348,1004348000000,1004370659416,22.659416,1217.47,128
4349,1004349000000,1004369288176,20.288177,4360.13,128
4350,1004350000000,1004369998553,19.998554,-1887.56,128
4351,1004351000000,1004373146229,22.14623,6957.37,128
4352,1004352000000,1004375805301,23.805301,1261.32,128
4353,1004353000000,1004372694502,19.694502,-1045.82,128
4354,1004354000000,1004372463256,18.463257,1744.53,128
4355,1004355000000,1004377189095,22.189095,-1839.11,128
4356,1004356000000,1004377730965,21.730966,-1955.98,128
4357,1004357000000,1004380249623,23.249623,-867.76,128
4358,1004358000000,1004377830277,19.830278,1222.78,128
4359,1004359000000,1004379749551,20.749552,-3146.24,128
4360,1004360000000,1004383606732,23.606733,-1932.9,128
4361,1004361000000,1004381607348,20.607348,1728.31,128
4362,1004362000000,1004378551226,16.551227,226.0,128
4363,1004363000000,1004386584390,23.58439,630.49,128
4364,1004364000000,1004389430860,25.43086,-419.02,128
4365,1004365000000,1004384723930,19.723931,-2529.77,128
4366,1004366000000,1004387813272,21.813273,-2232.79,128
4367,1004367000000,1004385592356,18.592357,-2081.68,128
4368,1004368000000,1004386593848,18.593849,-1250.11,128
4369,1004369000000,1004389368445,20.368445,1438.76,128
4370,1004370000000,1004391519121,21.519122,-2177.88,128
4371,1004371000000,1004394470331,23.470331,-2197.74,128
4372,1004372000000,1004389486112,17.486113,-3391.92,128
4373,1004373000000,1004393289050,20.289051,1052.6,128
4374,1004374000000,1004395054345,21.054345,4569.25,128
4375,1004375000000,1004400651435,25.651436,-1359.91,128
4376,1004376000000,1004396065979,20.065979,1225.49,128
4377,1004377000000,1004396984661,19.984661,-3208.62,128
4378,1004378000000,1004394684811,16.684812,-1576.39,128
4379,1004379000000,1004398787428,19.787429,-1846.29,128
4380,1004380000000,1004399268027,19.268028,98.12,128
4381,1004381000000,1004401139466,20.139466,1749.34,128
4382,1004382000000,1004401098172,19.098172,1610.33,128
4383,1004383000000,1004403749826,20.749827,3594.48,128
4384,1004384000000,1004406377388,22.377388,5515.13,128
4385,1004385000000,1004405947025,20.947026,1575.22,128
4386,1004386000000,1004409943434,23.943435,-1920.41,128
4387,1004387000000,1004404924800,17.9248,-1605.52,128
4388,1004388000000,1004408714399,20.714399,1819.77,128
4389,1004389000000,1004408667701,19.667701,-5908.65,128
4390,1004390000000,1004412168308,22.168308,-3579.72,128
4391,1004391000000,1004409980164,18.980164,3178.97,128
4392,1004392000000,1004412474199,20.4742,-860.78,128
4393,1004393000000,1004413187126,20.187127,-1679.8,128
4394,1004394000000,1004413068716,19.068717,699.89,128
4395,1004395000000,1004416275146,21.275147,265.76,128
4396,1004396000000,1004414027912,18.027912,-3443.8,128
4397,1004397000000,1004416148453,19.148453,1071.7,128
4398,1004398000000,1004419921839,21.92184,-4436.08,128
4399,1004399000000,1004420913570,21.913571,3235.64,128
4400,1004400000000,1004419780505,19.780505,-4293.73,128
4401,1004401000000,1004422660829,21.66083,-4385.87,128
4402,1004402000000,1004426859009,24.85901,-22.32,128
4403,1004403000000,1004427179877,24.179877,-2236.48,128
4404,1004404000000,1004426241936,22.241936,3534.9,128
4405,1004405000000,1004423351431,18.351432,415.36,128
4406,1004406000000,1004427734514,21.734515,37.64,128
4407,1004407000000,1004427558684,20.558685,-2631.38,128
4408,1004408000000,1004430562238,22.562238,324.24,128
4409,1004409000000,1004430934777,21.934778,-7910.26,128
4410,1004410000000,1004428599022,18.599023,-395.18,128
4411,1004411000000,1004431627561,20.627562,2218.54,128
4412,1004412000000,1004433319594,21.319594,-3344.28,128
4413,1004413000000,1004432153211,19.153211,1672.28,128
4414,1004414000000,1004435795309,21.79531,956.34,128
4415,1004415000000,1004438133597,23.133597,-2682.39,128
4416,1004416000000,1004434070073,18.070073,353.03,128
4417,1004417000000,1004437177336,20.177337,-609.59,128
4418,1004418000000,1004442138688,24.138688,5636.48,128
4419,1004419000000,1004439283203,20.283203,-1961.64,128
4420,1004420000000,1004441304636,21.304636,2491.13,128
4421,1004421000000,1004443646302,22.646302,1315.2,128
4422,1004422000000,1004439884828,17.884829,-1991.56,128
4423,1004423000000,1004445987705,22.987705,-5743.52,128
4424,1004424000000,1004446250340,22.250341,997.45,128
4425,1004425000000,1004445453159,20.453159,-839.78,128
4426,1004426000000,1004447952664,21.952665,-2342.42,128
4427,1004427000000,1004448893787,21.893788,-1502.31,128
4428,1004428000000,1004449124077,21.124078,1089.75,128
4429,1004429000000,1004452893254,23.893254,1118.92,128
4430,1004430000000,1004447671859,17.67186,4404.37,128
4431,1004431000000,1004451944624,20.944625,-1335.87,128
4432,1004432000000,1004453492383,21.492383,-4259.23,128
4433,1004433000000,1004455652700,22.6527,-3002.93,128
4434,1004434000000,1004456550689,22.55069,3484.0,128
4435,1004435000000,1004453883083,18.883083,3348.71,128
4436,1004436000000,1004456482085,20.482085,-2537.81,128
4437,1004437000000,1004458141762,21.141762,-4549.48,128
4438,1004438000000,1004460230456,22.230457,-6421.21,128
4439,1004439000000,1004459416481,20.416481,1659.04,128
4440,1004440000000,1004460378759,20.37876,2477.12,128
4441,1004441000000,1004460144427,19.144427,4852.64,128
4442,1004442000000,1004466323826,24.323826,-1233.45,128
4443,1004443000000,1004463270905,20.270905,-812.2,128
4444,1004444000000,1004463755151,19.755152,2083.55,128
4445,1004445000000,1004463874875,18.874875,-195.54,128
4446,1004446000000,1004468706659,22.706659,2301.14,128
4447,1004447000000,1004468718753,21.718753,-909.96,128
4448,1004448000000,1004469518222,21.518222,-795.17,128
4449,1004449000000,1004471028833,22.028833,1409.76,128
4450,1004450000000,1004470949715,20.949716,-211.9,128
4451,1004451000000,1004475402279,24.40228,-2307.08,128
4452,1004452000000,1004471191170,19.19117,6313.38,128
4453,1004453000000,1004476038846,23.038847,-5159.68,128
4454,1004454000000,1004474663411,20.663411,-3165.99,128
4455,1004455000000,1004477355690,22.35569,-2247.35,128
4456,1004456000000,1004479680738,23.680739,558.76,128
4457,1004457000000,1004478743221,21.743222,-26.54,128
4458,1004458000000,1004479894741,21.894741,-332.92,128
4459,1004459000000,1004481372280,22.372281,-2961.88,128
4460,1004460000000,1004483458396,23.458397,-1556.46,128
4461,1004461000000,1004483753116,22.753116,-5994.83,128
4462,1004462000000,1004484240924,22.240925,1054.5,128
4463,1004463000000,1004485329690,22.32969,-925.99,128
4464,1004464000000,1004488296517,24.296517,1899.44,128
4465,1004465000000,1004490428063,25.428063,4070.71,128
4466,1004466000000,1004486776870,20.77687,-739.03,128
4467,1004467000000,1004490755656,23.755657,1737.15,128
4468,1004468000000,1004488524451,20.524452,-3004.43,128
4469,1004469000000,1004492732105,23.732106,-1682.79,128
4470,1004470000000,1004488248956,18.248956,-2416.58,128
4471,1004471000000,1004489515538,18.515539,-1027.92,128
4472,1004472000000,1004491283292,19.283292,1816.26,128
4473,1004473000000,1004496391622,23.391622,4514.42,128
4474,1004474000000,1004494012501,20.012501,-5524.72,128
4475,1004475000000,1004497845904,22.845904,2361.35,128
4476,1004476000000,1004499432979,23.43298,3166.41,128
4477,1004477000000,1004498807090,21.80709,-652.6,128
4478,1004478000000,1004498637000,20.637,5369.91,128
4479,1004479000000,1004502891271,23.891271,1647.87,128
4480,1004480000000,1004501238921,21.238922,4632.75,128
4481,1004481000000,1004500242567,19.242567,3118.16,128
4482,1004482000000,1004502812605,20.812606,-2844.28,128
4483,1004483000000,1004509062037,26.062037,-1096.55,128
4484,1004484000000,1004504797009,20.797009,-387.05,128
4485,1004485000000,1004506478434,21.478435,3648.91,128
4486,1004486000000,1004509232668,23.232668,-3052.02,128
4487,1004487000000,1004506101986,19.101987,770.5,128
4488,1004488000000,1004510612725,22.612725,-3392.39,128
4489,1004489000000,1004511298255,22.298256,-6011.46,128
4490,1004490000000,1004510563564,20.563564,-4421.33,128
4491,1004491000000,1004514706095,23.706096,-1794.13,128
4492,1004492000000,1004516434547,24.434548,1443.57,128
4493,1004493000000,1004513489685,20.489685,1164.78,128
4494,1004494000000,1004518589175,24.589175,-1692.96,128
4495,1004495000000,1004513690132,18.690133,-2724.2,128
4496,1004496000000,1004516296686,20.296686,3449.54,128
4497,1004497000000,1004518482485,21.482486,-283.42,128
4498,1004498000000,1004516253604,18.253604,3687.31,128
4499,1004499000000,1004521076406,22.076406,-1193.46,128
4500,1004500000000,1004523142165,23.142165,2628.65,128
4501,1004501000000,1004523560335,22.560335,-3317.74,128
4502,1004502000000,1004526134994,24.134995,-828.32,128
4503,1004503000000,1004523160698,20.160699,-1663.84,128
4504,1004504000000,1004524872013,20.872013,-2197.1,128
4505,1004505000000,1004525442418,20.442419,-1378.18,128
4506,1004506000000,1004526000215,20.000215,4239.64,128
4507,1004507000000,1004526793916,19.793917,-5041.12,128
4508,1004508000000,1004528836716,20.836717,-3705.54,128
4509,1004509000000,1004528931843,19.931844,2725.33,128
4510,1004510000000,1004529451394,19.451395,-3314.61,128
4511,1004511000000,1004532275959,21.275959,501.56,128
4512,1004512000000,1004538251896,26.251897,60.99,128
4513,1004513000000,1004534562696,21.562697,780.95,128
4514,1004514000000,1004534047366,20.047367,3614.56,128
4515,1004515000000,1004536060651,21.060652,-5283.29,128
4516,1004516000000,1004536967871,20.967872,-1402.02,128
4517,1004517000000,1004538215554,21.215554,-6007.85,128
4518,1004518000000,1004540066628,22.066629,590.19,128
4519,1004519000000,1004538474518,19.474519,2752.78,128
4520,1004520000000,1004537844351,17.844351,-3906.75,128
4521,1004521000000,1004542220090,21.220091,-4326.35,128
4522,1004522000000,1004540665578,18.665579,2806.69,128
4523,1004523000000,1004543179782,20.179782,2983.96,128
4524,1004524000000,1004543871573,19.871573,4391.85,128
4525,1004525000000,1004547598711,22.598712,-2128.36,128
4526,1004526000000,1004549616620,23.61662,3566.1,128
4527,1004527000000,1004546876861,19.876862,245.81,128
4528,1004528000000,1004552235408,24.235409,-937.46,128
4529,1004529000000,1004552483258,23.483258,2216.74,128
4530,1004530000000,1004551036073,21.036073,-3098.27,128
4531,1004531000000,1004550188350,19.188351,6165.16,128
4532,1004532000000,1004556153540,24.15354,787.41,128
4533,1004533000000,1004552556288,19.556289,-4166.73,128
4534,1004534000000,1004553418589,19.41859,-806.04,128
4535,1004535000000,1004556085555,21.085555,1151.6,128
4536,1004536000000,1004559111646,23.111646,-768.28,128
4537,1004537000000,1004558887641,21.887641,5490.92,128
4538,1004538000000,1004558941911,20.941911,-2427.14,128
4539,1004539000000,1004560625996,21.625996,-642.91,128
4540,1004540000000,1004562981864,22.981865,-1987.41,128
4541,1004541000000,1004557888603,16.888603,1186.3,128
4542,1004542000000,1004563497176,21.497177,-3349.36,128
4543,1004543000000,1004563971265,20.971266,-4455.98,128
4544,1004544000000,1004564411054,20.411054,-860.91,128
4545,1004545000000,1004565675344,20.675344,-3269.47,128
4546,1004546000000,1004567486406,21.486406,-715.68,128
4547,1004547000000,1004567763435,20.763435,1495.97,128
4548,1004548000000,1004571269051,23.269052,453.55,128
4549,1004549000000,1004570227607,21.227607,148.71,128
4550,1004550000000,1004569503187,19.503188,-3457.22,128
4551,1004551000000,1004572231538,21.231539,-3544.12,128
4552,1004552000000,1004572152420,20.152421,-55.05,128
4553,1004553000000,1004573451918,20.451918,660.73,128
4554,1004554000000,1004576407284,22.407285,-5534.69,128
4555,1004555000000,1004578023152,23.023152,117.54,128
4556,1004556000000,1004574630825,18.630826,1824.61,128
4557,1004557000000,1004579542833,22.542834,-6734.15,128
4558,1004558000000,1004582598827,24.598828,2173.56,128
4559,1004559000000,1004582535913,23.535913,-177.39,128
4560,1004560000000,1004581713989,21.713989,2123.02,128
4561,1004561000000,1004581254365,20.254366,3382.15,128
4562,1004562000000,1004586785636,24.785637,2110.62,128
4563,1004563000000,1004585907440,22.90744,-2977.85,128
4564,1004564000000,1004585442376,21.442377,2199.93,128
4565,1004565000000,1004585364611,20.364612,-591.64,128
4566,1004566000000,1004585521709,19.52171,-1754.94,128
4567,1004567000000,1004589898537,22.898538,1859.55,128
4568,1004568000000,1004587809807,19.809807,174.2,128
4569,1004569000000,1004586370602,17.370602,-6905.56,128
4570,1004570000000,1004593798088,23.798089,6104.04,128
4571,1004571000000,1004589841027,18.841027,-9869.65,128
4572,1004572000000,1004595115620,23.11562,4949.68,128
4573,1004573000000,1004592256591,19.256592,-207.69,128
4574,1004574000000,1004595397171,21.397171,5936.32,128
4575,1004575000000,1004594830687,19.830688,122.96,128
4576,1004576000000,1004597057485,21.057486,319.19,128
4577,1004577000000,1004598651699,21.651699,3393.08,128
4578,1004578000000,1004597618099,19.6181,-1097.63,128
4579,1004579000000,1004605935153,26.935153,647.6,128
4580,1004580000000,1004599894112,19.894113,-918.19,128
4581,1004581000000,1004602821334,21.821334,-5886.03,128
4582,1004582000000,1004603124840,21.124841,-2237.28,128
4583,1004583000000,1004604060325,21.060325,-1374.21,128
4584,1004584000000,1004607419369,23.41937,2548.71,128
4585,1004585000000,1004605831373,20.831374,2969.87,128
4586,1004586000000,1004607417368,21.417368,-464.92,128
4587,1004587000000,1004605874563,18.874563,36.0,128
4588,1004588000000,1004612508788,24.508789,1944.2,128
4589,1004589000000,1004608503600,19.5036,-2125.74,128
4590,1004590000000,1004609283031,19.283031,2400.75,128
4591,1004591000000,1004610326670,19.32667,-3129.07,128
4592,1004592000000,1004615032873,23.032874,-2307.24,128
4593,1004593000000,1004615868835,22.868836,-5664.92,128
4594,1004594000000,1004613898797,19.898797,607.62,128
4595,1004595000000,1004617720442,22.720442,-3196.46,128
4596,1004596000000,1004618320777,22.320778,3860.69,128
4597,1004597000000,1004621987621,24.987622,-2642.38,128
4598,1004598000000,1004618795459,20.795459,4803.57,128
4599,1004599000000,1004618834356,19.834357,7398.16,128
4600,1004600000000,1004620089087,20.089087,-289.19,128
4601,1004601000000,1004622784876,21.784877,1010.11,128
4602,1004602000000,1004622519283,20.519284,-2458.48,128
4603,1004603000000,1004627850794,24.850795,-2309.81,128
4604,1004604000000,1004623963653,19.963653,-587.47,128
4605,1004605000000,1004623834525,18.834525,-52.58,128
4606,1004606000000,1004632075310,26.07531,1512.4,128
4607,1004607000000,1004625748739,18.748739,3211.68,128
4608,1004608000000,1004630017744,22.017745,3613.42,128
4609,1004609000000,1004629463481,20.463481,-2875.86,128
4610,1004610000000,1004631910445,21.910445,318.49,128
4611,1004611000000,1004632885486,21.885486,-827.26,128
4612,1004612000000,1004637357800,25.3578,24.02,128
4613,1004613000000,1004633144396,20.144397,-7898.27,128
4614,1004614000000,1004634839802,20.839802,-2969.42,128
4615,1004615000000,1004636196542,21.196542,-2574.07,128
4616,1004616000000,1004638439721,22.439722,2338.13,128
4617,1004617000000,1004640512861,23.512861,-4336.23,128
4618,1004618000000,1004639239645,21.239646,284.42,128
4619,1004619000000,1004639855749,20.855749,-2888.62,128
4620,1004620000000,1004639611231,19.611232,4357.29,128
4621,1004621000000,1004641976652,20.976653,1412.62,128
4622,1004622000000,1004643260469,21.26047,-490.65,128
4623,1004623000000,1004645670088,22.670089,4301.02,128
4624,1004624000000,1004643531200,19.5312,-3103.7,128
4625,1004625000000,1004644713251,19.713252,-3813.85,128
4626,1004626000000,1004652269170,26.269171,-3816.96,128
4627,1004627000000,1004649248502,22.248503,-3889.99,128
4628,1004628000000,1004649994457,21.994458,-4113.51,128
4629,1004629000000,1004650242526,21.242526,-2982.81,128
4630,1004630000000,1004652874928,22.874929,-1616.29,128
4631,1004631000000,1004649612948,18.612948,4492.76,128
4632,1004632000000,1004654251296,22.251296,-529.74,128
4633,1004633000000,1004652501948,19.501949,-1773.67,128
4634,1004634000000,1004651983871,17.983872,890.31,128
4635,1004635000000,1004656523091,21.523092,-1119.91,128
4636,1004636000000,1004658785596,22.785597,-1649.55,128
4637,1004637000000,1004658661061,21.661062,-5043.13,128
4638,1004638000000,1004657192587,19.192588,498.85,128
4639,1004639000000,1004660971395,21.971395,-157.1,128
4640,1004640000000,1004660220347,20.220347,-3789.42,128
4641,1004641000000,1004663197091,22.197092,1812.44,128
4642,1004642000000,1004661911705,19.911706,-444.84,128
4643,1004643000000,1004662647155,19.647156,-2326.79,128
4644,1004644000000,1004667003139,23.003139,2549.13,128
4645,1004645000000,1004665043107,20.043108,135.6,128
4646,1004646000000,1004667890145,21.890146,5273.01,128
4647,1004647000000,1004665554605,18.554605,2706.84,128
4648,1004648000000,1004666767425,18.767426,2427.54,128
4649,1004649000000,1004673331902,24.331902,1696.97,128
4650,1004650000000,1004669029247,19.029247,-959.2,128
4651,1004651000000,1004671853291,20.853292,-714.03,128
4652,1004652000000,1004670652092,18.652093,4079.72,128
4653,1004653000000,1004674703069,21.703069,-1190.41,128
4654,1004654000000,1004675349486,21.349486,-1447.5,128
4655,1004655000000,1004674718879,19.71888,1884.21,128
4656,1004656000000,1004677561567,21.561567,-1087.02,128
4657,1004657000000,1004677193580,20.19358,-3195.12,128
4658,1004658000000,1004679408213,21.408214,-1269.97,128
4659,1004659000000,1004683932934,24.932934,2476.69,128
4660,1004660000000,1004683841124,23.841124,2317.26,128
4661,1004661000000,1004682019083,21.019083,994.91,128
4662,1004662000000,1004683377696,21.377696,-1666.53,128
4663,1004663000000,1004679752380,16.752381,7372.35,128
4664,1004664000000,1004685925268,21.925269,-1388.06,128
4665,1004665000000,1004688343189,23.34319,-1047.95,128
4666,1004666000000,1004687671473,21.671473,-891.93,128
4667,1004667000000,1004686173178,19.173178,1030.63,128
4668,1004668000000,1004688051708,20.051708,-2494.97,128
4669,1004669000000,1004689101143,20.101143,-1422.6,128
4670,1004670000000,1004690732882,20.732882,3989.11,128
4671,1004671000000,1004689780212,18.780212,-1012.32,128
4672,1004672000000,1004692609310,20.60931,33.27,128
4673,1004673000000,1004695438997,22.438997,-5121.03,128
4674,1004674000000,1004690834638,16.834639,-984.2,128
4675,1004675000000,1004696815885,21.815886,1324.55,128
4676,1004676000000,1004700827291,24.827292,-5930.67,128
4677,1004677000000,1004699044227,22.044227,558.77,128
4678,1004678000000,1004699082335,21.082335,-1346.93,128
4679,1004679000000,1004699863042,20.863043,1338.65,128
4680,1004680000000,1004700452816,20.452816,2133.73,128
4681,1004681000000,1004701879130,20.87913,-3584.53,128
4682,1004682000000,1004704890780,22.89078,-4073.03,128
4683,1004683000000,1004704762784,21.762785,3110.86,128
4684,1004684000000,1004704064635,20.064636,-2886.56,128
4685,1004685000000,1004707077223,22.077224,5862.56,128
4686,1004686000000,1004710028383,24.028383,-1682.25,128
4687,1004687000000,1004712260719,25.260719,-2318.81,128
4688,1004688000000,1004710677864,22.677864,791.07,128
4689,1004689000000,1004707955967,18.955968,3007.86,128
4690,1004690000000,1004710983397,20.983397,-4193.54,128
4691,1004691000000,1004711465485,20.465485,-1765.59,128
4692,1004692000000,1004712570268,20.570269,-1841.1,128
4693,1004693000000,1004714186556,21.186557,1209.64,128
4694,1004694000000,1004716487968,22.487969,3262.53,128
4695,1004695000000,1004714206548,19.206549,120.83,128
4696,1004696000000,1004718423223,22.423223,-2581.46,128
4697,1004697000000,1004719421676,22.421676,602.92,128
4698,1004698000000,1004722062868,24.062869,5321.73,128
4699,1004699000000,1004718833592,19.833592,-66.47,128
4700,1004700000000,1004719843792,19.843793,-4186.99,128
4701,1004701000000,1004720650387,19.650387,1194.45,128
4702,1004702000000,1004724325537,22.325537,-2089.64,128
4703,1004703000000,1004728394826,25.394827,-2302.54,128
4704,1004704000000,1004723990974,19.990974,-244.38,128
4705,1004705000000,1004723436081,18.436081,2418.15,128
4706,1004706000000,1004727375064,21.375065,3360.74,128
4707,1004707000000,1004730352272,23.352273,1801.56,128
4708,1004708000000,1004727287842,19.287843,752.64,128
4709,1004709000000,1004728478412,19.478412,4535.61,128
4710,1004710000000,1004732417281,22.417281,-928.5,128
4711,1004711000000,1004729967344,18.967344,312.46,128
4712,1004712000000,1004734215629,22.21563,-1974.43,128
4713,1004713000000,1004734778122,21.778123,2001.73,128
4714,1004714000000,1004733607533,19.607533,3950.38,128
4715,1004715000000,1004736144850,21.14485,-2577.78,128
4716,1004716000000,1004740142499,24.1425,1505.3,128
4717,1004717000000,1004740788849,23.78885,802.09,128
4718,1004718000000,1004735673729,17.67373,-442.07,128
4719,1004719000000,1004740561408,21.561409,-1362.74,128
4720,1004720000000,1004740598629,20.59863,-2082.39,128
4721,1004721000000,1004747272524,26.272524,-908.87,128
4722,1004722000000,1004742377234,20.377234,273.19,128
4723,1004723000000,1004745054773,22.054774,1920.27,128
4724,1004724000000,1004746956610,22.956611,1278.74,128
4725,1004725000000,1004748642928,23.642928,406.8,128
4726,1004726000000,1004744670717,18.670717,-2480.39,128
4727,1004727000000,1004744651031,17.651031,-1839.61,128
4728,1004728000000,1004748333605,20.333606,-3732.78,128
4729,1004729000000,1004754402858,25.402858,6005.69,128
4730,1004730000000,1004750025069,20.025069,4487.08,128
4731,1004731000000,1004753898690,22.89869,-1543.99,128
4732,1004732000000,1004751432799,19.432799,-1140.9,128
4733,1004733000000,1004758251503,25.251504,4811.24,128
4734,1004734000000,1004754002018,20.002019,-647.7,128
4735,1004735000000,1004758514104,23.514104,60.2,128
4736,1004736000000,1004761560058,25.560059,-1650.84,128
4737,1004737000000,1004755557397,18.557398,646.61,128
4738,1004738000000,1004760080727,22.080728,1502.88,128
4739,1004739000000,1004760093541,21.093542,-788.79,128
4740,1004740000000,1004762109401,22.109401,-1031.5,128
4741,1004741000000,1004761704665,20.704665,-887.39,128
4742,1004742000000,1004763081870,21.08187,-6538.23,128
4743,1004743000000,1004761652646,18.652646,-1875.28,128
4744,1004744000000,1004765636257,21.636257,592.15,128
4745,1004745000000,1004763360081,18.360081,-706.88,128
4746,1004746000000,1004765031397,19.031398,7535.52,128
4747,1004747000000,1004767510144,20.510145,3108.57,128
4748,1004748000000,1004771213669,23.213669,6758.86,128
4749,1004749000000,1004770790329,21.79033,-4531.62,128
4750,1004750000000,1004772123818,22.123818,-2392.76,128
4751,1004751000000,1004774331693,23.331693,-1303.47,128
4752,1004752000000,1004770167128,18.167128,-898.23,128
4753,1004753000000,1004775836314,22.836314,-4347.29,128
4754,1004754000000,1004770538776,16.538776,1427.14,128
4755,1004755000000,1004772117565,17.117566,-1512.99,128
4756,1004756000000,1004777257509,21.25751,3908.5,128
4757,1004757000000,1004780651628,23.651629,4259.27,128
4758,1004758000000,1004776833879,18.83388,2977.67,128
4759,1004759000000,1004778549355,19.549355,-4641.15,128
4760,1004760000000,1004778600784,18.600784,145.55,128
4761,1004761000000,1004781084109,20.08411,-4420.12,128
4762,1004762000000,1004781463557,19.463557,1637.54,128
4763,1004763000000,1004784233430,21.233431,6049.86,128
4764,1004764000000,1004789087950,25.087951,1298.69,128
4765,1004765000000,1004786875713,21.875713,-2236.34,128
4766,1004766000000,1004783973981,17.973982,-609.48,128
4767,1004767000000,1004789446781,22.446782,4373.78,128
4768,1004768000000,1004787310414,19.310414,-2764.91,128
4769,1004769000000,1004792290635,23.290636,880.44,128
4770,1004770000000,1004790142842,20.142843,-2652.76,128
4771,1004771000000,1004791456395,20.456396,4946.31,128
4772,1004772000000,1004795285170,23.28517,-1781.82,128
4773,1004773000000,1004796832557,23.832558,-3184.21,128
4774,1004774000000,1004794721439,20.721439,1709.25,128
4775,1004775000000,1004795471377,20.471377,-443.07,128
4776,1004776000000,1004797091825,21.091826,-55.55,128
4777,1004777000000,1004795513012,18.513013,-794.71,128
4778,1004778000000,1004799905698,21.905698,-512.05,128
4779,1004779000000,1004801106709,22.106709,2172.19,128
4780,1004780000000,1004802804682,22.804682,-1688.81,128
4781,1004781000000,1004800797952,19.797953,-5306.16,128
4782,1004782000000,1004799640280,17.640281,-447.4,128
4783,1004783000000,1004806087737,23.087737,4196.64,128
4784,1004784000000,1004808334387,24.334388,5483.33,128
4785,1004785000000,1004807080899,22.0809,-4071.25,128
4786,1004786000000,1004807656226,21.656227,-2003.03,128
4787,1004787000000,1004807152626,20.152627,-1187.69,128
4788,1004788000000,1004813032638,25.032638,-3844.0,128
4789,1004789000000,1004813198716,24.198716,2116.55,128
4790,1004790000000,1004812797887,22.797887,-2428.97,128
4791,1004791000000,1004813781781,22.781782,269.21,128
4792,1004792000000,1004813049076,21.049076,-24.66,128
4793,1004793000000,1004815126270,22.12627,1480.72,128
4794,1004794000000,1004818730631,24.730632,-4326.25,128
4795,1004795000000,1004816404317,21.404318,7079.52,128
4796,1004796000000,1004818630160,22.63016,-3176.94,128
4797,1004797000000,1004817134016,20.134017,-2713.24,128
4798,1004798000000,1004817468303,19.468304,8232.4,128
4799,1004799000000,1004819480170,20.480171,-3429.48,128
4800,1004800000000,1004824382851,24.382852,-2834.52,128
4801,1004801000000,1004822090002,21.090003,-1365.54,128
4802,1004802000000,1004821966451,19.966452,-4436.79,128
4803,1004803000000,1004821718257,18.718258,2588.44,128
4804,1004804000000,1004825823694,21.823694,-2730.28,128
4805,1004805000000,1004821463105,16.463105,-4700.83,128
4806,1004806000000,1004826298354,20.298355,-1329.16,128
4807,1004807000000,1004829861337,22.861338,137.32,128
4808,1004808000000,1004831692142,23.692142,-4747.76,128
4809,1004809000000,1004829113465,20.113465,1229.67,128
4810,1004810000000,1004832330554,22.330555,-4362.06,128
4811,1004811000000,1004833693131,22.693131,-2757.63,128
4812,1004812000000,1004832024581,20.024582,254.75,128
4813,1004813000000,1004835203154,22.203154,-272.31,128
4814,1004814000000,1004838814418,24.814418,-5977.12,128
4815,1004815000000,1004835329568,20.329568,2318.14,128
4816,1004816000000,1004839779829,23.77983,-3193.24,128
4817,1004817000000,1004839423589,22.42359,-2979.62,128
4818,1004818000000,1004838383516,20.383517,2036.44,128
4819,1004819000000,1004840125192,21.125192,49.11,128
4820,1004820000000,1004843113124,23.113124,2927.6,128
4821,1004821000000,1004846945334,25.945335,2407.89,128
4822,1004822000000,1004847334152,25.334153,3235.02,128
4823,1004823000000,1004847150905,24.150905,-723.67,128
4824,1004824000000,1004846425144,22.425144,997.84,128
4825,1004825000000,1004845107943,20.107944,-708.52,128
4826,1004826000000,1004847887188,21.887188,-1192.14,128
4827,1004827000000,1004847138062,20.138062,6918.78,128
4828,1004828000000,1004847502344,19.502344,5184.3,128
4829,1004829000000,1004849828746,20.828747,-10.08,128
4830,1004830000000,1004853962640,23.96264,-5348.7,128
4831,1004831000000,1004851474933,20.474934,-1094.22,128
4832,1004832000000,1004856686069,24.686069,330.72,128
4833,1004833000000,1004858761201,25.761201,-4670.0,128
4834,1004834000000,1004854998376,20.998376,2140.67,128
4835,1004835000000,1004855881350,20.881351,4001.04,128
4836,1004836000000,1004857994666,21.994667,439.56,128
4837,1004837000000,1004856726187,19.726187,-1150.35,128
4838,1004838000000,1004859807236,21.807237,-1893.75,128
4839,1004839000000,1004858674798,19.674798,1452.47,128
4840,1004840000000,1004858584333,18.584333,1217.29,128
4841,1004841000000,1004866698400,25.6984,-3662.83,128
4842,1004842000000,1004866494924,24.494925,-1228.89,128
4843,1004843000000,1004866125879,23.125879,-1196.39,128
4844,1004844000000,1004865783409,21.783409,381.28,128
4845,1004845000000,1004864518609,19.518609,-2680.97,128
4846,1004846000000,1004866446480,20.44648,-3661.85,128
4847,1004847000000,1004870168459,23.16846,2190.87,128
4848,1004848000000,1004869381081,21.381082,1336.06,128
4849,1004849000000,1004868257250,19.25725,2165.91,128
4850,1004850000000,1004872607362,22.607362,2146.74,128
4851,1004851000000,1004872339895,21.339896,1285.01,128
4852,1004852000000,1004876573591,24.573591,-2746.95,128
4853,1004853000000,1004873406683,20.406683,657.53,128
4854,1004854000000,1004873022097,19.022098,-528.85,128
4855,1004855000000,1004875913272,20.913272,-436.21,128
4856,1004856000000,1004879724794,23.724794,1849.05,128
4857,1004857000000,1004880818508,23.818509,-3459.38,128
4858,1004858000000,1004879478625,21.478625,1082.19,128
4859,1004859000000,1004879269862,20.269862,2365.14,128
4860,1004860000000,1004881266904,21.266904,-2368.32,128
4861,1004861000000,1004886561060,25.561061,-495.16,128
4862,1004862000000,1004881013128,19.013129,-2250.44,128
4863,1004863000000,1004885266622,22.266622,1158.56,128
4864,1004864000000,1004887251209,23.251209,-1447.37,128
4865,1004865000000,1004884199996,19.199997,-2637.62,128
4866,1004866000000,1004886223595,20.223595,-8867.89,128
4867,1004867000000,1004889643344,22.643345,2791.91,128
4868,1004868000000,1004886250011,18.250012,6041.14,128
4869,1004869000000,1004886613855,17.613856,-3043.67,128
4870,1004870000000,1004888114275,18.114276,-2124.81,128
4871,1004871000000,1004887990092,16.990092,2334.12,128
4872,1004872000000,1004890138064,18.138065,640.05,128
4873,1004873000000,1004892062307,19.062308,996.62,128
4874,1004874000000,1004901599900,27.599901,-3422.84,128
4875,1004875000000,1004896143340,21.143341,-982.24,128
4876,1004876000000,1004900435351,24.435352,388.76,128
4877,1004877000000,1004899932342,22.932342,-6067.44,128
4878,1004878000000,1004899155061,21.155061,92.6,128
4879,1004879000000,1004898257059,19.25706,1820.89,128
4880,1004880000000,1004901668127,21.668127,-1333.42,128
4881,1004881000000,1004901328662,20.328662,4491.78,128
4882,1004882000000,1004905293718,23.293718,-316.07,128
4883,1004883000000,1004902085924,19.085924,624.05,128
4884,1004884000000,1004902709029,18.709029,6045.09,128
4885,1004885000000,1004903431019,18.431019,-4627.05,128
4886,1004886000000,1004905775037,19.775038,-2803.34,128
4887,1004887000000,1004906447271,19.447272,-1000.73,128
4888,1004888000000,1004909699488,21.699488,-355.4,128
4889,1004889000000,1004911027102,22.027103,2456.92,128
4890,1004890000000,1004914009837,24.009837,2439.83,128
4891,1004891000000,1004913971503,22.971504,-7115.71,128
4892,1004892000000,1004911242361,19.242361,3039.68,128
4893,1004893000000,1004912538487,19.538487,-4616.13,128
4894,1004894000000,1004911849519,17.849519,-2394.14,128
4895,1004895000000,1004914914861,19.914861,-370.82,128
4896,1004896000000,1004919084261,23.084262,-4520.87,128
4897,1004897000000,1004918135023,21.135023,-2566.81,128
4898,1004898000000,1004919126840,21.126841,3314.51,128
4899,1004899000000,1004918889047,19.889047,1518.68,128
4900,1004900000000,1004922244430,22.24443,-4733.28,128
4901,1004901000000,1004924025585,23.025586,2510.0,128
4902,1004902000000,1004923831441,21.831442,-970.52,128
4903,1004903000000,1004925091618,22.091618,3541.94,128
4904,1004904000000,1004924716154,20.716155,774.16,128
4905,1004905000000,1004930146522,25.146523,2744.78,128
4906,1004906000000,1004927685500,21.685501,2000.1,128
4907,1004907000000,1004928127381,21.127381,-81.52,128
4908,1004908000000,1004931941928,23.941928,-5658.63,128
4909,1004909000000,1004933313153,24.313153,-569.6,128
4910,1004910000000,1004930758926,20.758926,801.26,128
4911,1004911000000,1004931444623,20.444623,-1840.82,128
4912,1004912000000,1004928785011,16.785011,-3339.39,128
4913,1004913000000,1004932506267,19.506267,3011.16,128
4914,1004914000000,1004934761200,20.7612,470.37,128
4915,1004915000000,1004938285676,23.285676,1920.07,128
4916,1004916000000,1004938694229,22.694229,4048.16,128
4917,1004917000000,1004936860124,19.860125,159.39,128
4918,1004918000000,1004937947888,19.947888,4664.08,128
4919,1004919000000,1004939610859,20.610859,-3096.01,128
4920,1004920000000,1004942616668,22.616668,83.15,128
4921,1004921000000,1004945104361,24.104361,305.27,128
4922,1004922000000,1004940934531,18.934532,-493.51,128
4923,1004923000000,1004942948939,19.94894,3554.31,128
4924,1004924000000,1004943468275,19.468276,-5298.4,128
4925,1004925000000,1004946381107,21.381107,-2040.86,128
4926,1004926000000,1004948188284,22.188285,10027.13,128
4927,1004927000000,1004948981071,21.981072,-6628.77,128
4928,1004928000000,1004949373832,21.373832,-646.26,128
4929,1004929000000,1004948811731,19.811731,-1244.3,128
4930,1004930000000,1004950574599,20.574599,3194.06,128
4931,1004931000000,1004950930791,19.930791,6130.73,128
4932,1004932000000,1004952573803,20.573803,1664.49,128
4933,1004933000000,1004952889725,19.889726,-7882.14,128
4934,1004934000000,1004953737903,19.737903,-1470.52,128
4935,1004935000000,1004956038967,21.038967,4647.59,128
4936,1004936000000,1004956111784,20.111784,3440.67,128
4937,1004937000000,1004958711982,21.711983,-3363.22,128
4938,1004938000000,1004961459016,23.459017,-4051.73,128
4939,1004939000000,1004960786398,21.786398,-1036.06,128
4940,1004940000000,1004960926336,20.926336,652.89,128
4941,1004941000000,1004965710312,24.710312,3557.48,128
4942,1004942000000,1004961821507,19.821507,4808.51,128
4943,1004943000000,1004964799365,21.799366,-4303.55,128
4944,1004944000000,1004965279616,21.279616,-3953.89,128
4945,1004945000000,1004967518168,22.518169,2379.83,128
4946,1004946000000,1004964031692,18.031693,4732.1,128
4947,1004947000000,1004970076340,23.07634,4780.95,128
4948,1004948000000,1004967888006,19.888006,-704.71,128
4949,1004949000000,1004969722265,20.722265,608.69,128
4950,1004950000000,1004969591375,19.591375,254.38,128
4951,1004951000000,1004972346280,21.346281,-1833.01,128
4952,1004952000000,1004971259204,19.259204,3059.35,128
4953,1004953000000,1004972479624,19.479625,-292.57,128
4954,1004954000000,1004971323762,17.323762,-5731.62,128
4955,1004955000000,1004975770240,20.770241,-1573.63,128
4956,1004956000000,1004978086996,22.086996,750.3,128
4957,1004957000000,1004979279169,22.279169,2689.88,128
4958,1004958000000,1004978307907,20.307907,-414.73,128
4959,1004959000000,1004977568987,18.568987,-2574.16,128
4960,1004960000000,1004980927618,20.927618,-921.4,128
4961,1004961000000,1004982301517,21.301518,5647.31,128
4962,1004962000000,1004985246924,23.246924,5940.67,128
4963,1004963000000,1004983560073,20.560074,-4388.08,128
4964,1004964000000,1004983295646,19.295646,5073.54,128
4965,1004965000000,1004990615124,25.615125,-376.26,128
4966,1004966000000,1004985382568,19.382569,1312.42,128
4967,1004967000000,1004989350113,22.350113,-2504.8,128
4968,1004968000000,1004989105116,21.105117,1453.47,128
4969,1004969000000,1004991813914,22.813915,6024.48,128
4970,1004970000000,1004991039371,21.039371,3051.13,128
4971,1004971000000,1004993264947,22.264948,-3366.24,128
4972,1004972000000,1004990613321,18.613321,1093.08,128
4973,1004973000000,1004995065878,22.065879,627.61,128
4974,1004974000000,1004994629466,20.629467,-3544.0,128
4975,1004975000000,1004998463158,23.463158,3648.82,128
4976,1004976000000,1004999305444,23.305444,-3357.19,128
4977,1004977000000,1004998592203,21.592204,2616.85,128
4978,1004978000000,1004998393364,20.393364,1212.52,128
4979,1004979000000,1005000344415,21.344415,-7021.31,128
4980,1004980000000,1005001476646,21.476646,-2910.94,128
4981,1004981000000,1005001930100,20.930101,2085.93,128
4982,1004982000000,1005001433723,19.433723,1047.94,128
4983,1004983000000,1005005564637,22.564637,3026.44,128
4984,1004984000000,1005003547915,19.547916,-2536.5,128
4985,1004985000000,1005009466825,24.466826,1619.58,128
4986,1004986000000,1005006848868,20.848869,561.38,128
4987,1004987000000,1005008665622,21.665623,-1003.47,128
4988,1004988000000,1005008957253,20.957253,983.06,128
4989,1004989000000,1005010890132,21.890132,-720.85,128
4990,1004990000000,1005014170210,24.17021,-1233.1,128
4991,1004991000000,1005012412994,21.412994,1383.28,128
4992,1004992000000,1005011402924,19.402924,-4490.63,128
4993,1004993000000,1005014121620,21.121621,-3955.78,128
4994,1004994000000,1005015524260,21.52426,-247.19,128
4995,1004995000000,1005014731421,19.731422,1921.85,128
4996,1004996000000,1005018199721,22.199722,327.47,128
4997,1004997000000,1005013844689,16.844689,3155.96,128
4998,1004998000000,1005018025129,20.02513,-609.96,128
4999,1004999000000,1005023517382,24.517382,-4959.04,128
