seq,send_ns,recv_ns,latency_ms,jitter_us,pkt_size
0,1779714387912575855,1779714387953157600,40.581745,0.0,128
1,1779714387976357216,1779714387954641041,-21.716175,483.441,128
2,1779714387978138669,1779714387956400385,-21.738284,759.344,128
3,1779714387979808488,1779714387958254347,-21.554141,853.962,128
4,1779714387981474037,1779714387959858316,-21.615721,603.969,128
5,1779714387983085265,1779714387960993302,-22.091963,134.986,128
6,1779714387984503062,1779714387963091029,-21.412033,1097.727,128
7,1779714387986347535,1779714387965020490,-21.327045,929.461,128
8,1779714387987908959,1779714387966029888,-21.879071,9.398,128
9,1779714387989280490,1779714387967556602,-21.723888,526.714,128
10,1779714387991053856,1779714387969847854,-21.206002,1291.252,128
11,1779714387993110853,1779714387971575677,-21.535176,727.823,128
12,1779714387994904279,1779714387973492523,-21.411756,916.846,128
13,1779714387996903961,1779714387975100776,-21.803185,608.253,128
14,1779714387998558640,1779714387976930976,-21.627664,830.2,128
15,1779714388000291995,1779714387978528092,-21.763903,597.116,128
16,1779714388001983573,1779714387980395125,-21.588448,867.033,128
17,1779714388003445980,1779714387982279348,-21.166632,884.223,128
18,1779714388005470658,1779714387984612874,-20.857784,1333.526,128
19,1779714388008003924,1779714387986095642,-21.908282,482.768,128
20,1779714388009698687,1779714387988254888,-21.443799,1159.246,128
21,1779714388011516414,1779714387989872727,-21.643687,617.839,128
22,1779714388013438182,1779714387991715929,-21.722253,843.202,128
23,1779714388015352252,1779714387994014411,-21.337841,1298.482,128
24,1779714388017228460,1779714387995540022,-21.688438,525.611,128
25,1779714388018874721,1779714387996803591,-22.07113,263.569,128
26,1779714388020248221,1779714387998584136,-21.664085,780.545,128
27,1779714388021848356,1779714388000109889,-21.738467,525.753,128
28,1779714388023317572,1779714388001436231,-21.881341,326.342,128
29,1779714388024765653,1779714388002844997,-21.920656,408.766,128
30,1779714388026367244,1779714388004657405,-21.709839,812.408,128
31,1779714388027912503,1779714388006064525,-21.847978,407.12,128
32,1779714388029390004,1779714388007933514,-21.45649,868.989,128
33,1779714388031347632,1779714388010077261,-21.270371,1143.747,128
34,1779714388033504708,1779714388012375330,-21.129378,1298.069,128
35,1779714388035988546,1779714388016941174,-19.047372,3565.844,128
36,1779714388040586057,1779714388020225765,-20.360292,2284.591,128
37,1779714388043718020,1779714388022790518,-20.927502,1564.753,128
38,1779714388046289155,1779714388025670468,-20.618687,1879.95,128
39,1779714388049051416,1779714388027767187,-21.284229,1096.719,128
40,1779714388051282043,1779714388030095197,-21.186846,1328.01,128
41,1779714388053466189,1779714388032939993,-20.526196,1844.796,128
42,1779714388056318494,1779714388035205131,-21.113363,1265.138,128
43,1779714388058661041,1779714388037539167,-21.121874,1334.036,128
44,1779714388061021784,1779714388039985882,-21.035902,1446.715,128
45,1779714388063332855,1779714388042084005,-21.24885,1098.123,128
46,1779714388065404640,1779714388043736815,-21.667825,652.81,128
47,1779714388067226020,1779714388045831898,-21.394122,1095.083,128
48,1779714388069222812,1779714388047879659,-21.343153,1047.761,128
49,1779714388071258058,1779714388049813566,-21.444492,933.907,128
50,1779714388073133234,1779714388051941761,-21.191473,1128.195,128
51,1779714388075211424,1779714388054976872,-20.234552,2035.111,128
52,1779714388077992014,1779714388056573174,-21.41884,596.302,128
53,1779714388079938991,1779714388058471022,-21.467969,897.848,128
54,1779714388081929467,1779714388060747649,-21.181818,1276.627,128
55,1779714388084087740,1779714388062719630,-21.36811,971.981,128
56,1779714388086117012,1779714388064879454,-21.237558,1159.824,128
57,1779714388088282821,1779714388067128844,-21.153977,1249.39,128
58,1779714388090474484,1779714388069225816,-21.248668,1096.972,128
59,1779714388092526619,1779714388071823484,-20.703135,1597.668,128
60,1779714388095116551,1779714388074151949,-20.964602,1328.465,128
61,1779714388097460720,1779714388077210330,-20.25039,2058.381,128
62,1779714388100628512,1779714388079636649,-20.991863,1426.319,128
63,1779714388103091678,1779714388081973007,-21.118671,1336.358,128
64,1779714388105335437,1779714388084008494,-21.326943,1035.487,128
65,1779714388107421968,1779714388086800150,-20.621818,1791.656,128
66,1779714388110281216,1779714388094480981,-15.800235,6680.831,128
67,1779714388117840890,1779714388102458984,-15.381906,6978.003,128
68,1779714388125952909,1779714388105006738,-20.946171,1547.754,128
69,1779714388128497272,1779714388107901653,-20.595619,1894.915,128
70,1779714388131354319,1779714388110456905,-20.897414,1555.252,128
71,1779714388133968103,1779714388112269617,-21.698486,812.712,128
72,1779714388136268306,1779714388116013626,-20.25468,2744.009,128
73,1779714388139663229,1779714388118409846,-21.253383,1396.22,128
74,1779714388142199911,1779714388121248121,-20.95179,1838.275,128
75,1779714388144642609,1779714388123098045,-21.544564,849.924,128
76,1779714388146523998,1779714388124543807,-21.980191,445.762,128
77,1779714388148030723,1779714388125770123,-22.2606,226.316,128
78,1779714388149220811,1779714388126818153,-22.402658,48.03,128
79,1779714388150226260,1779714388128496792,-21.729468,678.639,128
80,1779714388151614707,1779714388131918386,-19.696321,2421.594,128
81,1779714388155707062,1779714388137026598,-18.680464,4108.212,128
82,1779714388160486235,1779714388139390416,-21.095819,1363.818,128
83,1779714388162814147,1779714388141112338,-21.701809,721.922,128
84,1779714388164510535,1779714388143405419,-21.105116,1293.081,128
85,1779714388166743626,1779714388145406566,-21.33706,1001.147,128
86,1779714388168827546,1779714388148509350,-20.318196,2102.784,128
87,1779714388171314779,1779714388149944352,-21.370427,435.002,128
88,1779714388173256869,1779714388151690805,-21.566064,746.453,128
89,1779714388175478884,1779714388155175254,-20.30363,2484.449,128
90,1779714388178283420,1779714388156673022,-21.610398,497.768,128
91,1779714388180002977,1779714388158631319,-21.371658,958.297,128
92,1779714388182077281,1779714388160819090,-21.258191,1187.771,128
93,1779714388184352908,1779714388162744649,-21.608259,925.559,128
94,1779714388186226622,1779714388164804479,-21.422143,1059.83,128
95,1779714388187903519,1779714388167240571,-20.662948,1436.092,128
96,1779714388190886262,1779714388169672713,-21.213549,1432.142,128
97,1779714388193160392,1779714388172457890,-20.702502,1785.177,128
98,1779714388195797636,1779714388173792910,-22.004726,335.02,128
99,1779714388197212384,1779714388175779762,-21.432622,986.852,128
100,1779714388199227007,1779714388177578268,-21.648739,798.506,128
101,1779714388201156719,1779714388181138933,-20.017786,2560.665,128
102,1779714388205343544,1779714388184544962,-20.798582,2406.029,128
103,1779714388207961803,1779714388188173179,-19.788624,2628.217,128
104,1779714388211698757,1779714388190775966,-20.922791,1602.787,128
105,1779714388214094762,1779714388193288909,-20.805853,1512.943,128
106,1779714388216757605,1779714388195543973,-21.213632,1255.064,128
107,1779714388219058023,1779714388197547095,-21.510928,1003.122,128
108,1779714388220986650,1779714388199907280,-21.07937,1360.185,128
109,1779714388223373903,1779714388202535934,-20.837969,1628.654,128
110,1779714388225897139,1779714388203970340,-21.926799,434.406,128
111,1779714388227358029,1779714388206002548,-21.355481,1032.208,128
112,1779714388229324473,1779714388207665819,-21.658654,663.271,128
113,1779714388231149402,1779714388211045735,-20.103667,2379.916,128
114,1779714388234333087,1779714388212345808,-21.987279,300.073,128
115,1779714388235767528,1779714388213539876,-22.227652,194.068,128
116,1779714388236925692,1779714388216786000,-20.139692,2246.124,128
117,1779714388240169546,1779714388218077541,-22.092005,291.541,128
118,1779714388241490290,1779714388219761394,-21.728896,683.853,128
119,1779714388243110870,1779714388222129058,-20.981812,1367.664,128
120,1779714388245346735,1779714388225520415,-19.82632,2391.357,128
121,1779714388248943901,1779714388229864655,-19.079246,3344.24,128
122,1779714388253424303,1779714388232954421,-20.469882,2089.766,128
123,1779714388255835730,1779714388234772286,-21.063444,817.865,128
124,1779714388258227943,1779714388236986989,-21.240954,1214.703,128
125,1779714388260442178,1779714388239322740,-21.119438,1335.751,128
126,1779714388262661195,1779714388241519959,-21.141236,1197.219,128
127,1779714388264790964,1779714388243497568,-21.293396,977.609,128
128,1779714388266978919,1779714388245884088,-21.094831,1386.52,128
129,1779714388269320393,1779714388247845537,-21.474856,961.449,128
130,1779714388271332357,1779714388250084073,-21.248284,1238.536,128
131,1779714388273524064,1779714388252525809,-20.998255,1441.736,128
132,1779714388275780417,1779714388254546839,-21.233578,1021.03,128
133,1779714388277811540,1779714388256278429,-21.533111,731.59,128
134,1779714388279647132,1779714388258367274,-21.279858,1088.845,128
135,1779714388281778279,1779714388260331105,-21.447174,963.831,128
136,1779714388283770964,1779714388263141333,-20.629631,1810.228,128
137,1779714388286527348,1779714388265263025,-21.264323,1121.692,128
138,1779714388288750676,1779714388267675371,-21.075305,1412.346,128
139,1779714388291087386,1779714388270690673,-20.396713,2015.302,128
140,1779714388293974159,1779714388273570371,-20.403788,1879.698,128
141,1779714388296844417,1779714388277135340,-19.709077,2564.969,128
142,1779714388300413068,1779714388279702105,-20.710963,1566.765,128
143,1779714388303050580,1779714388285283129,-17.767451,4581.024,128
144,1779714388307388334,1779714388287110058,-20.278276,826.929,128
145,1779714388310406124,1779714388289150562,-21.255562,1040.504,128
146,1779714388312622100,1779714388291086664,-21.535436,936.102,128
147,1779714388315847831,1779714388294467906,-21.379925,2381.242,128
148,1779714388317850950,1779714388296252631,-21.598319,784.725,128
149,1779714388319722920,1779714388297749690,-21.97323,497.059,128
150,1779714388321200925,1779714388300113612,-21.087313,1363.922,128
151,1779714388323478956,1779714388302144471,-21.334485,1030.859,128
152,1779714388327651582,1779714388307264945,-20.386637,4120.474,128
153,1779714388330352482,1779714388309702031,-20.650451,1437.086,128
154,1779714388333190809,1779714388312270257,-20.920552,1568.226,128
155,1779714388335634597,1779714388314404809,-21.229788,1134.552,128
156,1779714388337335982,1779714388316077375,-21.258607,672.566,128
157,1779714388339286254,1779714388319761403,-19.524851,2684.028,128
158,1779714388341230396,1779714388320078117,-21.152279,-683.286,128
159,1779714388343312965,1779714388322712114,-20.600851,1633.997,128
160,1779714388345341441,1779714388326595917,-18.745524,2883.803,128
161,1779714388349970281,1779714388328776625,-21.193656,1180.708,128
162,1779714388352228958,1779714388330615275,-21.613683,838.65,128
163,1779714388354076502,1779714388333872461,-20.204041,2257.186,128
164,1779714388357219677,1779714388338330305,-18.889372,3457.844,128
165,1779714388361777858,1779714388340603442,-21.174416,1273.137,128
166,1779714388364019202,1779714388343004475,-21.014727,1401.033,128
167,1779714388366313659,1779714388345018772,-21.294887,1014.297,128
168,1779714388368531660,1779714388347438458,-21.093202,1419.686,128
169,1779714388370963159,1779714388349819914,-21.143245,1381.456,128
170,1779714388373181807,1779714388351391536,-21.790271,571.622,128
171,1779714388374766897,1779714388353634936,-21.131961,1243.4,128
172,1779714388377015427,1779714388355804727,-21.2107,1169.791,128
173,1779714388378894838,1779714388357990523,-20.904315,1185.796,128
174,1779714388381224745,1779714388359758728,-21.466017,768.205,128
175,1779714388383236838,1779714388361742519,-21.494319,983.791,128
176,1779714388385224148,1779714388363384825,-21.839323,642.306,128
177,1779714388386872752,1779714388365148491,-21.724261,763.666,128
178,1779714388388721548,1779714388367013005,-21.708543,864.514,128
179,1779714388390498156,1779714388369388500,-21.109656,1375.495,128
180,1779714388392715333,1779714388371764430,-20.950903,1375.93,128
181,1779714388395152771,1779714388373707756,-21.445015,943.326,128
182,1779714388397116749,1779714388375787758,-21.328991,1080.002,128
183,1779714388398778252,1779714388376987891,-21.790361,200.133,128
184,1779714388400417442,1779714388378925785,-21.491657,937.894,128
185,1779714388402367972,1779714388381703844,-20.664128,1778.059,128
186,1779714388405116486,1779714388383395684,-21.720802,691.84,128
187,1779714388406741144,1779714388384792488,-21.948656,396.804,128
188,1779714388408352551,1779714388387061658,-21.290893,1269.17,128
189,1779714388410535901,1779714388389349450,-21.186451,1287.792,128
190,1779714388412739216,1779714388391100381,-21.638835,750.931,128
191,1779714388414709332,1779714388393797153,-20.912179,1696.772,128
192,1779714388417461223,1779714388400124449,-17.336774,5327.296,128
193,1779714388423520711,1779714388403800020,-19.720691,2675.571,128
194,1779714388427360954,1779714388408207718,-19.153236,3407.698,128
195,1779714388431758763,1779714388412196084,-19.562679,2988.366,128
196,1779714388435732181,1779714388415113464,-20.618717,1917.38,128
197,1779714388438490141,1779714388417598646,-20.891495,1485.182,128
198,1779714388441123258,1779714388420351436,-20.771822,1752.79,128
199,1779714388443840977,1779714388423071146,-20.769831,1719.71,128
200,1779714388447118561,1779714388426184401,-20.93416,2113.255,128
201,1779714388449641256,1779714388429896239,-19.745017,2711.838,128
202,1779714388453632343,1779714388433398220,-20.234123,2501.981,128
203,1779714388457563921,1779714388439908396,-17.655525,5510.176,128
204,1779714388463475092,1779714388449915133,-13.559959,9006.737,128
205,1779714388473380350,1779714388455453604,-17.926746,4538.471,128
206,1779714388478900591,1779714388458038489,-20.862102,1584.885,128
207,1779714388481407325,1779714388461497082,-19.910243,2458.593,128
208,1779714388484712114,1779714388463450421,-21.261693,953.339,128
209,1779714388486863063,1779714388465461615,-21.401448,1011.194,128
210,1779714388488928947,1779714388467885074,-21.043873,1423.459,128
211,1779714388491333193,1779714388471605327,-19.727866,2720.253,128
212,1779714388495082526,1779714388474363243,-20.719283,1757.916,128
213,1779714388497640267,1779714388476727858,-20.912409,1364.615,128
214,1779714388500019970,1779714388478715902,-21.304068,988.044,128
215,1779714388502197649,1779714388481722951,-20.474698,2007.049,128
216,1779714388505112449,1779714388483502742,-21.609707,779.791,128
217,1779714388506985947,1779714388486297459,-20.688488,1794.717,128
218,1779714388509408680,1779714388488536396,-20.872284,1238.937,128
219,1779714388512122222,1779714388490881438,-21.240784,1345.042,128
220,1779714388514335197,1779714388493437051,-20.898146,1555.613,128
221,1779714388516830563,1779714388496017315,-20.813248,1580.264,128
222,1779714388519468543,1779714388498735442,-20.733101,1718.127,128
223,1779714388522129269,1779714388501334759,-20.79451,1599.317,128
224,1779714388524780835,1779714388503965693,-20.815142,1630.934,128
225,1779714388527109350,1779714388505824236,-21.285114,858.543,128
226,1779714388529135821,1779714388508572343,-20.563478,1748.107,128
227,1779714388531314574,1779714388510808054,-20.50652,1235.711,128
228,1779714388533899220,1779714388512667379,-21.231841,859.325,128
229,1779714388535961263,1779714388514729329,-21.231934,1061.95,128
230,1779714388538199998,1779714388516997526,-21.202472,1268.197,128
231,1779714388540444322,1779714388520433184,-20.011138,2435.658,128
232,1779714388543449603,1779714388522339899,-21.109704,906.715,128
233,1779714388545654367,1779714388524508933,-21.145434,1169.034,128
234,1779714388547619845,1779714388526715775,-20.90407,1206.842,128
235,1779714388550008270,1779714388529013284,-20.994986,1297.509,128
236,1779714388552442564,1779714388532673195,-19.769369,2659.911,128
237,1779714388555913006,1779714388535008481,-20.904525,1335.286,128
238,1779714388558209954,1779714388537009576,-21.200378,1001.095,128
239,1779714388560438608,1779714388539301303,-21.137305,1291.727,128
240,1779714388562643527,1779714388541679000,-20.964527,1377.697,128
241,1779714388565151724,1779714388543598634,-21.55309,919.634,128
242,1779714388567067868,1779714388545776449,-21.291419,1177.815,128
243,1779714388569063938,1779714388547926941,-21.136997,1150.492,128
244,1779714388571342014,1779714388550431332,-20.910682,1504.391,128
245,1779714388573469490,1779714388552483599,-20.985891,1052.267,128
246,1779714388575869576,1779714388554279093,-21.590483,795.494,128
247,1779714388577759261,1779714388556426750,-21.332511,1147.657,128
248,1779714388579659100,1779714388558776930,-20.88217,1350.18,128
249,1779714388582169074,1779714388561481275,-20.687799,1704.345,128
250,1779714388584772276,1779714388564058358,-20.713918,1577.083,128
251,1779714388587184635,1779714388565969728,-21.214907,911.37,128
252,1779714388589392291,1779714388568265456,-21.126835,1295.728,128
253,1779714388591254835,1779714388569911064,-21.343771,645.608,128
254,1779714388593153141,1779714388572654553,-20.498588,1743.489,128
255,1779714388596148634,1779714388578307932,-17.840702,4653.379,128
256,1779714388601631548,1779714388580987805,-20.643743,1679.873,128
257,1779714388604391037,1779714388582917270,-21.473767,929.465,128
258,1779714388606358450,1779714388585080607,-21.277843,1163.337,128
259,1779714388608382329,1779714388586890281,-21.492048,809.674,128
260,1779714388610348065,1779714388589420207,-20.927858,1529.926,128
261,1779714388612604523,1779714388591191921,-21.412602,771.714,128
262,1779714388614627561,1779714388593480338,-21.147223,1288.417,128
263,1779714388616980565,1779714388596287921,-20.692644,1807.583,128
264,1779714388619368364,1779714388598050097,-21.318267,762.176,128
265,1779714388621438355,1779714388601984167,-19.454188,2934.07,128
266,1779714388624484942,1779714388605367874,-19.117068,2383.707,128
267,1779714388628409959,1779714388610235072,-18.174887,3867.198,128
268,1779714388633686579,1779714388616658626,-17.027953,5423.554,128
269,1779714388640267159,1779714388628876482,-11.390677,11217.856,128
270,1779714388652183844,1779714388641427768,-10.756076,11551.286,128
271,1779714388664082413,1779714388651650120,-12.432293,9222.352,128
272,1779714388675233725,1779714388657540301,-17.693424,4890.181,128
273,1779714388680937227,1779714388660353046,-20.584181,1812.745,128
274,1779714388683439322,1779714388663944382,-19.49494,2591.336,128
275,1779714388687221642,1779714388666293894,-20.927748,1349.512,128
276,1779714388689658500,1779714388669587768,-20.070732,2293.874,128
277,1779714388692433657,1779714388671872416,-20.561241,1284.648,128
278,1779714388694817679,1779714388676553032,-18.264647,3680.616,128
279,1779714388699557082,1779714388684577757,-14.979325,7024.725,128
280,1779714388707974858,1779714388690107729,-17.867129,4529.972,128
281,1779714388713506601,1779714388692300103,-21.206498,1192.374,128
282,1779714388715391658,1779714388694571093,-20.820565,1270.99,128
283,1779714388718141967,1779714388697915485,-20.226482,2344.392,128
284,1779714388720872406,1779714388702774400,-18.098006,3858.915,128
285,1779714388726137374,1779714388705904049,-20.233325,2129.649,128
286,1779714388729346936,1779714388708078451,-21.268485,1174.402,128
287,1779714388731521742,1779714388712570342,-18.9514,3491.891,128
288,1779714388733749655,1779714388712581468,-21.168187,-988.874,128
289,1779714388735920889,1779714388714000076,-21.920813,418.608,128
290,1779714388737370515,1779714388715723328,-21.647187,723.252,128
291,1779714388739111101,1779714388717507139,-21.603962,783.811,128
292,1779714388740908332,1779714388719485069,-21.423263,977.93,128
293,1779714388742891380,1779714388721513098,-21.378282,1028.029,128
294,1779714388744884523,1779714388723075305,-21.809218,562.207,128
295,1779714388746426279,1779714388724933204,-21.493075,857.899,128
296,1779714388748305760,1779714388726850926,-21.454834,917.722,128
297,1779714388750334380,1779714388728723712,-21.610668,872.786,128
298,1779714388752097123,1779714388731631680,-20.465443,1907.968,128
299,1779714388754423110,1779714388733556066,-20.867044,924.386,128
300,1779714388756333797,1779714388737627323,-18.706474,3071.257,128
301,1779714388760482862,1779714388742224344,-18.258518,3597.021,128
302,1779714388765447631,1779714388744675425,-20.772206,1451.081,128
303,1779714388767996422,1779714388748147803,-19.848619,2472.378,128
304,1779714388771150793,1779714388753599883,-17.55091,4452.08,128
305,1779714388777118958,1779714388755737143,-21.381815,1137.26,128
306,1779714388779111268,1779714388758023604,-21.087664,1286.461,128
307,1779714388781422108,1779714388759935026,-21.487082,911.422,128
308,1779714388783245590,1779714388762690418,-20.555172,1755.392,128
309,1779714388786091589,1779714388765093908,-20.997681,1403.49,128
310,1779714388788655661,1779714388767923293,-20.732368,1829.385,128
311,1779714388791176824,1779714388770823565,-20.353259,1900.272,128
312,1779714388794281695,1779714388773758184,-20.523511,1934.619,128
313,1779714388797069702,1779714388776391045,-20.678657,1632.861,128
314,1779714388799712767,1779714388778971633,-20.741134,1580.588,128
315,1779714388802338622,1779714388780805216,-21.533406,833.583,128
316,1779714388804258079,1779714388782775107,-21.482972,969.891,128
317,1779714388806044524,1779714388787215913,-18.828611,3440.806,128
318,1779714388810507520,1779714388789713282,-20.794238,1497.369,128
319,1779714388813105893,1779714388792568000,-20.537893,1854.718,128
320,1779714388815888323,1779714388796341946,-19.546377,2773.946,128
321,1779714388819800225,1779714388799229236,-20.570989,1887.29,128
322,1779714388822406976,1779714388810748580,-11.658396,10519.344,128
323,1779714388834144245,1779714388813896215,-20.24803,2147.635,128
324,1779714388837140197,1779714388815915275,-21.224922,1019.06,128
325,1779714388839276972,1779714388818084131,-21.192841,1168.856,128
326,1779714388841418068,1779714388820273376,-21.144692,1189.245,128
327,1779714388843567289,1779714388822490424,-21.076865,1217.048,128
328,1779714388845882723,1779714388824365580,-21.517143,875.156,128
329,1779714388847688944,1779714388834754966,-12.933978,9389.386,128
330,1779714388857951437,1779714388836740069,-21.211368,985.103,128
331,1779714388859961917,1779714388838695491,-21.266426,955.422,128
332,1779714388862028785,1779714388841285267,-20.743518,1589.776,128
333,1779714388863855306,1779714388842704328,-21.150978,419.061,128
334,1779714388866060809,1779714388844520518,-21.540291,816.19,128
335,1779714388867935237,1779714388846282547,-21.65269,762.029,128
336,1779714388869668433,1779714388848079055,-21.589378,796.508,128
337,1779714388871324219,1779714388849469460,-21.854759,390.405,128
338,1779714388872770191,1779714388851235955,-21.534236,766.495,128
339,1779714388874484515,1779714388853126774,-21.357741,890.819,128
340,1779714388876385180,1779714388854716788,-21.668392,590.014,128
341,1779714388878070794,1779714388856355493,-21.715301,638.705,128
342,1779714388879653179,1779714388858350583,-21.302596,995.09,128
343,1779714388881525230,1779714388860466416,-21.058814,1115.833,128
344,1779714388883761076,1779714388872622013,-11.139063,11155.597,128
345,1779714388895841798,1779714388883672674,-12.169124,10050.661,128
346,1779714388906796285,1779714388887202998,-19.593287,2530.324,128
347,1779714388910495754,1779714388888966726,-21.529028,763.728,128
348,1779714388912312222,1779714388890736172,-21.57605,769.446,128
349,1779714388914095911,1779714388892608136,-21.487775,871.964,128
350,1779714388915939917,1779714388894793365,-21.146552,1185.229,128
351,1779714388918149493,1779714388896584636,-21.564857,791.271,128
352,1779714388919998906,1779714388898406424,-21.592482,821.788,128
353,1779714388921738975,1779714388899907522,-21.831453,501.098,128
354,1779714388923205963,1779714388901728692,-21.477271,821.17,128
355,1779714388925000750,1779714388905229339,-19.771411,2500.647,128
356,1779714388928629797,1779714388907843666,-20.786131,1614.327,128
357,1779714388931136613,1779714388909885030,-21.251583,1041.364,128
358,1779714388933152550,1779714388912119425,-21.033125,1234.395,128
359,1779714388935332939,1779714388914114973,-21.217966,995.548,128
360,1779714388937455001,1779714388915966037,-21.488964,851.064,128
361,1779714388939277663,1779714388917754033,-21.52363,787.996,128
362,1779714388940956608,1779714388919647316,-21.309292,893.283,128
363,1779714388943071894,1779714388922320437,-20.751457,1673.121,128
364,1779714388945603137,1779714388924382914,-21.220223,1062.477,128
365,1779714388947805691,1779714388926511862,-21.293829,1128.948,128
366,1779714388949874790,1779714388928308936,-21.565854,797.074,128
367,1779714388951522104,1779714388930139963,-21.382141,831.027,128
368,1779714388953383770,1779714388931507410,-21.87636,367.447,128
369,1779714388954622636,1779714388934809437,-19.813199,2302.027,128
370,1779714388958218580,1779714388937328541,-20.890039,1519.104,128
371,1779714388960675527,1779714388939942337,-20.73319,1613.796,128
372,1779714388963308715,1779714388943507409,-19.801306,2565.072,128
373,1779714388966814427,1779714388946290409,-20.524018,1783.0,128
374,1779714388969754098,1779714388948785401,-20.968697,1494.992,128
375,1779714388972211839,1779714388950545297,-21.666542,759.896,128
376,1779714388974042656,1779714388952409337,-21.633319,864.04,128
377,1779714388975855703,1779714388954471722,-21.383981,1062.385,128
378,1779714388977822250,1779714388955894402,-21.927848,422.68,128
379,1779714388979376217,1779714388958177584,-21.198633,1283.182,128
380,1779714388981384809,1779714388960431408,-20.953401,1253.824,128
381,1779714388983540347,1779714388962289331,-21.251016,857.923,128
382,1779714388985660097,1779714388964958238,-20.701859,1668.907,128
383,1779714388988376330,1779714388967511285,-20.865045,1553.047,128
384,1779714388990881540,1779714388969634526,-21.247014,1123.241,128
385,1779714388992996070,1779714388971364189,-21.631881,729.663,128
386,1779714388994787418,1779714388973033331,-21.754087,669.142,128
387,1779714388996401390,1779714388974552225,-21.849165,518.894,128
388,1779714388997926594,1779714388981629964,-16.29663,6077.739,128
389,1779714389004885448,1779714388983964885,-20.920563,1334.921,128
390,1779714389007284810,1779714388986342747,-20.942063,1377.862,128
391,1779714389009247399,1779714388987837563,-21.409836,494.816,128
392,1779714389011228569,1779714388989706460,-21.522109,868.897,128
393,1779714389012979845,1779714388991287722,-21.692123,581.262,128
394,1779714389014699796,1779714388993069272,-21.630524,781.55,128
395,1779714389016519904,1779714388995133484,-21.38642,1064.212,128
396,1779714389018517013,1779714388997338419,-21.178594,1204.935,128
397,1779714389021060572,1779714389000117560,-20.943012,1779.141,128
398,1779714389023139730,1779714389001950254,-21.189476,832.694,128
399,1779714389025299867,1779714389003960192,-21.339675,1009.938,128
400,1779714389027251887,1779714389005513425,-21.738462,553.233,128
401,1779714389028929400,1779714389007065378,-21.864022,551.953,128
402,1779714389030497550,1779714389009059622,-21.437928,994.244,128
403,1779714389032390894,1779714389011065886,-21.325008,1006.264,128
404,1779714389034419961,1779714389012930657,-21.489304,864.771,128
405,1779714389036375087,1779714389014994788,-21.380299,1064.131,128
406,1779714389038464083,1779714389016888223,-21.57586,893.435,128
407,1779714389040263964,1779714389018716536,-21.547428,828.313,128
408,1779714389041978360,1779714389020371018,-21.607342,654.482,128
409,1779714389043690453,1779714389021815439,-21.875014,444.421,128
410,1779714389045191256,1779714389024310258,-20.880998,1494.819,128
411,1779714389047532516,1779714389026210858,-21.321658,900.6,128
412,1779714389049618401,1779714389028538510,-21.079891,1327.652,128
413,1779714389051880240,1779714389030833149,-21.047091,1294.639,128
414,1779714389054111725,1779714389033241253,-20.870472,1408.104,128
415,1779714389056521172,1779714389035426114,-21.095058,1184.861,128
416,1779714389058540737,1779714389037804264,-20.736473,1378.15,128
417,1779714389061110072,1779714389039421830,-21.688242,617.566,128
418,1779714389062555593,1779714389042487430,-20.068163,2065.6,128
419,1779714389065688938,1779714389044267960,-21.420978,780.53,128
420,1779714389067667236,1779714389046298137,-21.369099,1030.177,128
421,1779714389069765399,1779714389048248871,-21.516528,950.734,128
422,1779714389071637288,1779714389050067516,-21.569772,818.645,128
423,1779714389073455438,1779714389051763178,-21.69226,695.662,128
424,1779714389075063323,1779714389053511476,-21.551847,748.298,128
425,1779714389076861088,1779714389055329915,-21.531173,818.439,128
426,1779714389078673191,1779714389057069015,-21.604176,739.1,128
427,1779714389080415050,1779714389058749930,-21.66512,680.915,128
428,1779714389082119160,1779714389060232795,-21.886365,482.865,128
429,1779714389083525537,1779714389062008386,-21.517151,775.591,128
430,1779714389085351498,1779714389064071810,-21.279688,1063.424,128
431,1779714389087271820,1779714389066107609,-21.164211,1035.799,128
432,1779714389089485101,1779714389068688720,-20.796381,1581.111,128
433,1779714389091596847,1779714389070348067,-21.24878,659.347,128
434,1779714389093610192,1779714389072452918,-21.157274,1104.851,128
435,1779714389095954714,1779714389074683734,-21.27098,1230.816,128
436,1779714389097973972,1779714389076503291,-21.470681,819.557,128
437,1779714389099965903,1779714389078597943,-21.36796,1094.652,128
438,1779714389101976344,1779714389080889831,-21.086513,1291.888,128
439,1779714389104328291,1779714389083763055,-20.565236,1873.224,128
440,1779714389107226578,1779714389086935964,-20.290614,2172.909,128
441,1779714389110351585,1779714389089092537,-21.259048,1156.573,128
442,1779714389112331533,1779714389090772959,-21.558574,680.422,128
443,1779714389114223907,1779714389092725876,-21.498031,952.917,128
444,1779714389115987923,1779714389094608421,-21.379502,882.545,128
445,1779714389117930976,1779714389096808686,-21.12229,1200.265,128
446,1779714389120136505,1779714389098701076,-21.435429,892.39,128
447,1779714389122122404,1779714389101250761,-20.871643,1549.685,128
448,1779714389124487497,1779714389102762289,-21.725208,511.528,128
449,1779714389126030129,1779714389104534489,-21.49564,772.2,128
450,1779714389127857741,1779714389105980139,-21.877602,445.65,128
451,1779714389129361588,1779714389107678711,-21.682877,698.572,128
452,1779714389131076785,1779714389110021897,-21.054888,1343.186,128
453,1779714389133348551,1779714389112499388,-20.849163,1477.491,128
454,1779714389135860219,1779714389114401701,-21.458518,902.313,128
455,1779714389137688939,1779714389117283614,-20.405325,1881.913,128
456,1779714389140622102,1779714389118851243,-21.770859,567.629,128
457,1779714389142288635,1779714389121582808,-20.705827,1731.565,128
458,1779714389144919984,1779714389123748851,-21.171133,1166.043,128
459,1779714389147037804,1779714389125845966,-21.191838,1097.115,128
460,1779714389149137745,1779714389127711290,-21.426455,865.324,128
461,1779714389151000874,1779714389129773209,-21.227665,1061.919,128
462,1779714389153078619,1779714389131767789,-21.31083,994.58,128
463,1779714389155176077,1779714389134296811,-20.879266,1529.022,128
464,1779714389157400451,1779714389136310761,-21.08969,1013.95,128
465,1779714389159651642,1779714389137921996,-21.729646,611.235,128
466,1779714389161352786,1779714389142483954,-18.868832,3561.958,128
467,1779714389165670199,1779714389144119050,-21.551149,635.096,128
468,1779714389167432939,1779714389145770298,-21.662641,651.248,128
469,1779714389169066971,1779714389148912905,-20.154066,2142.607,128
470,1779714389172182823,1779714389153158823,-19.024,3245.918,128
471,1779714389176634570,1779714389155138165,-21.496405,979.342,128
472,1779714389178460252,1779714389157453197,-21.007055,1315.032,128
473,1779714389180767502,1779714389159554965,-21.212537,1101.768,128
474,1779714389182753745,1779714389161648384,-21.105361,1093.419,128
475,1779714389184867848,1779714389163123932,-21.743916,475.548,128
476,1779714389186435011,1779714389165116120,-21.318891,992.188,128
477,1779714389188123295,1779714389167096211,-21.027084,980.091,128
478,1779714389190182464,1779714389168341330,-21.841134,245.119,128
479,1779714389191284527,1779714389169304958,-21.979569,-36.372,128
480,1779714389192615774,1779714389171017377,-21.598397,712.419,128
481,1779714389194340538,1779714389175645622,-18.694916,3628.245,128
482,1779714389198878673,1779714389176646189,-22.232484,0.567,128
483,1779714389199978600,1779714389177705713,-22.272887,59.524,128
484,1779714389201065055,1779714389179585354,-21.479701,879.641,128
485,1779714389202777296,1779714389181229883,-21.547413,644.529,128
486,1779714389204540547,1779714389183535839,-21.004708,1305.956,128
487,1779714389206872069,1779714389185717327,-21.154742,1181.488,128
488,1779714389209023261,1779714389188206783,-20.816478,1489.456,128
489,1779714389211480472,1779714389193149140,-18.331332,3942.357,128
490,1779714389216360049,1779714389194892246,-21.467803,743.106,128
491,1779714389218191221,1779714389197273373,-20.917848,1381.127,128
492,1779714389220648908,1779714389198568436,-22.080472,295.063,128
493,1779714389221909624,1779714389201631226,-20.278398,2062.79,128
494,1779714389224755770,1779714389203902734,-20.853036,1271.508,128
495,1779714389226904376,1779714389205397570,-21.506806,494.836,128
496,1779714389228393683,1779714389206795795,-21.597888,398.225,128
497,1779714389230171991,1779714389209348701,-20.82329,1552.906,128
498,1779714389232432966,1779714389211119970,-21.312996,771.269,128
499,1779714389234359647,1779714389214376864,-19.982783,2256.894,128
500,1779714389237593521,1779714389218926112,-18.667409,3549.248,128
501,1779714389242074963,1779714389220261759,-21.813204,335.647,128
502,1779714389243483370,1779714389222096557,-21.386813,834.798,128
503,1779714389245327671,1779714389224479547,-20.848124,1382.99,128
504,1779714389247882460,1779714389229092953,-18.789507,3613.406,128
505,1779714389252333954,1779714389230971211,-21.362743,878.258,128
506,1779714389254321101,1779714389232451582,-21.869519,480.371,128
507,1779714389255774410,1779714389234792613,-20.981797,1341.031,128
508,1779714389257928278,1779714389237454402,-20.473876,1661.789,128
509,1779714389260682687,1779714389244470055,-16.212632,6015.653,128
510,1779714389267770334,1779714389251470947,-16.299387,6000.892,128
511,1779714389273935706,1779714389255115738,-18.819968,2644.791,128
512,1779714389277722077,1779714389257059606,-20.662471,943.868,128
513,1779714389280068238,1779714389260295712,-19.772526,2236.106,128
514,1779714389283064341,1779714389263679307,-19.385034,2383.595,128
515,1779714389286325519,1779714389265961664,-20.363855,1282.357,128
516,1779714389288788329,1779714389268607640,-20.180689,1645.976,128
517,1779714389291179513,1779714389270431564,-20.747949,823.924,128
518,1779714389292964836,1779714389274662540,-18.302296,3230.976,128
519,1779714389296908696,1779714389277745551,-19.163145,2083.011,128
520,1779714389300079039,1779714389278853813,-21.225226,108.262,128
521,1779714389301712657,1779714389282128605,-19.584052,2274.792,128
522,1779714389304958684,1779714389284102273,-20.856411,973.668,128
523,1779714389306773613,1779714389285643952,-21.129661,541.679,128
524,1779714389308707739,1779714389288526245,-20.181494,1882.293,128
525,1779714389311350852,1779714389290712221,-20.638631,1185.976,128
526,1779714389313528145,1779714389292674816,-20.853329,962.595,128
527,1779714389315857640,1779714389295685354,-20.172286,2010.538,128
528,1779714389318639464,1779714389296906670,-21.732794,221.316,128
529,1779714389320009218,1779714389300465899,-19.543319,2559.229,128
530,1779714389323760149,1779714389302579905,-21.180244,1114.006,128
531,1779714389325832781,1779714389304508628,-21.324153,928.723,128
532,1779714389327545360,1779714389306112824,-21.432536,604.196,128
533,1779714389329262618,1779714389307524663,-21.737955,411.839,128
534,1779714389330827729,1779714389311060244,-19.767485,2535.581,128
535,1779714389334308913,1779714389314593856,-19.715057,2533.612,128
536,1779714389337478486,1779714389316702200,-20.776286,1108.344,128
537,1779714389339979261,1779714389319114200,-20.865061,1412.0,128
538,1779714389342293900,1779714389321526208,-20.767692,1412.008,128
539,1779714389344738057,1779714389323580947,-21.15711,1054.739,128
540,1779714389346700194,1779714389325988153,-20.712041,1407.206,128
541,1779714389349100344,1779714389327952582,-21.147762,964.429,128
542,1779714389351019975,1779714389329971262,-21.048713,1018.68,128
543,1779714389352734034,1779714389332316063,-20.417971,1344.801,128
544,1779714389355230616,1779714389334997793,-20.232823,1681.73,128
545,1779714389358098733,1779714389337350817,-20.747916,1353.024,128
546,1779714389360634921,1779714389339516210,-21.118711,1165.393,128
547,1779714389362731793,1779714389341800877,-20.930916,1284.667,128
548,1779714389364933692,1779714389343983034,-20.950658,1182.157,128
549,1779714389367141751,1779714389345968520,-21.173231,985.486,128
550,1779714389369300370,1779714389348262792,-21.037578,1294.272,128
551,1779714389371437066,1779714389350458288,-20.978778,1195.496,128
552,1779714389373845163,1779714389352530472,-21.314691,1072.184,128
553,1779714389375702214,1779714389355068697,-20.633517,1538.225,128
554,1779714389378238491,1779714389357118061,-21.12043,1049.364,128
555,1779714389380217768,1779714389358713368,-21.5044,595.307,128
556,1779714389382029859,1779714389360825929,-21.20393,1112.561,128
557,1779714389383985934,1779714389362674999,-21.310935,849.07,128
558,1779714389385755148,1779714389364753533,-21.001615,1078.534,128
559,1779714389388213179,1779714389367220074,-20.993105,1466.541,128
560,1779714389390497819,1779714389369357382,-21.140437,1137.308,128
561,1779714389392421319,1779714389371682595,-20.738724,1325.213,128
562,1779714389395042161,1779714389373785448,-21.256713,1102.853,128
563,1779714389397188769,1779714389377918490,-19.270279,3133.042,128
564,1779714389401242399,1779714389380219357,-21.023042,1300.867,128
565,1779714389403405821,1779714389382116958,-21.288863,897.601,128
566,1779714389405525292,1779714389383909736,-21.615556,792.778,128
567,1779714389407461077,1779714389385872715,-21.588362,962.979,128
568,1779714389409328841,1779714389387687855,-21.640986,815.14,128
569,1779714389411017056,1779714389389558091,-21.458965,870.236,128
570,1779714389413042836,1779714389392379284,-20.663552,1821.193,128
571,1779714389415790960,1779714389394491247,-21.299713,1111.963,128
572,1779714389417869075,1779714389397925044,-19.944031,2433.797,128
573,1779714389421272883,1779714389400691359,-20.581524,1766.315,128
574,1779714389423670765,1779714389403054684,-20.616081,1363.325,128
575,1779714389426337600,1779714389405514231,-20.823369,1459.547,128
576,1779714389428910437,1779714389407465717,-21.44472,951.486,128
577,1779714389430892767,1779714389409969047,-20.92372,1503.33,128
578,1779714389433088552,1779714389411872958,-21.215594,903.911,128
579,1779714389435140783,1779714389414096488,-21.044295,1223.53,128
580,1779714389437386738,1779714389417242954,-20.143784,2146.466,128
581,1779714389440626006,1779714389421523817,-19.102189,3280.863,128
582,1779714389444796534,1779714389424392148,-20.404386,1868.331,128
583,1779714389447683658,1779714389426603346,-21.080312,1211.198,128
584,1779714389449671869,1779714389428619234,-21.052635,1015.888,128
585,1779714389451913033,1779714389430910375,-21.002658,1291.141,128
586,1779714389454354117,1779714389433452891,-20.901226,1542.516,128
587,1779714389456811939,1779714389435867746,-20.944193,1414.855,128
588,1779714389459161406,1779714389438438666,-20.72274,1570.92,128
589,1779714389461810469,1779714389441525613,-20.284856,2086.947,128
590,1779714389464803386,1779714389444873205,-19.930181,2347.592,128
591,1779714389468128635,1779714389449172287,-18.956348,3299.082,128
592,1779714389472728025,1779714389456133431,-16.594594,5961.144,128
593,1779714389479362813,1779714389458575274,-20.787539,1441.843,128
594,1779714389481511593,1779714389460771695,-20.739898,1196.421,128
595,1779714389484333989,1779714389464991030,-19.342959,3219.335,128
596,1779714389488410395,1779714389467752158,-20.658237,1761.128,128
597,1779714389491075629,1779714389469877696,-21.197933,1125.538,128
598,1779714389493242989,1779714389471918502,-21.324487,1040.806,128
599,1779714389495133635,1779714389473474073,-21.659562,555.571,128
600,1779714389496783347,1779714389475273230,-21.510117,799.157,128
601,1779714389498632052,1779714389477374049,-21.258003,1100.819,128
602,1779714389500691896,1779714389479469946,-21.22195,1095.897,128
603,1779714389502789592,1779714389481750107,-21.039485,1280.161,128
604,1779714389504918134,1779714389483488377,-21.429757,738.27,128
605,1779714389506688407,1779714389486467379,-20.221028,1979.002,128
606,1779714389509796625,1779714389489313776,-20.482849,1846.397,128
607,1779714389512198400,1779714389491194072,-21.004328,880.296,128
608,1779714389514162918,1779714389492744510,-21.418408,550.438,128
609,1779714389516053714,1779714389494794371,-21.259343,1049.861,128
610,1779714389518102446,1779714389497094521,-21.007925,1300.15,128
611,1779714389520231050,1779714389499463893,-20.767157,1369.372,128
612,1779714389522794986,1779714389503470200,-19.324786,3006.307,128
613,1779714389526925349,1779714389507653611,-19.271738,3183.411,128
614,1779714389530983920,1779714389510102283,-20.881637,1448.672,128
615,1779714389533112441,1779714389512133357,-20.979084,1031.074,128
616,1779714389535472406,1779714389514378528,-21.093878,1245.171,128
617,1779714389537626941,1779714389517039643,-20.587298,1661.115,128
618,1779714389540345329,1779714389519160545,-21.184784,1120.902,128
619,1779714389542569953,1779714389521756037,-20.813916,1595.492,128
620,1779714389545026803,1779714389523377168,-21.649635,621.131,128
621,1779714389546670616,1779714389525390920,-21.279696,1013.752,128
622,1779714389548589536,1779714389527709910,-20.879626,1318.99,128
623,1779714389551010206,1779714389529827420,-21.182786,1117.51,128
624,1779714389553124177,1779714389532614493,-20.509684,1787.073,128
625,1779714389555749979,1779714389534976676,-20.773303,1362.183,128
626,1779714389558468789,1779714389537075733,-21.393056,1099.057,128
627,1779714389560646981,1779714389539475502,-21.171479,1399.769,128
628,1779714389562852899,1779714389541677691,-21.175208,1202.189,128
629,1779714389565173402,1779714389543379641,-21.793761,701.95,128
630,1779714389566632465,1779714389545487965,-21.1445,1108.324,128
631,1779714389568749358,1779714389548705604,-20.043754,2217.639,128
632,1779714389571726112,1779714389550162982,-21.56313,457.378,128
633,1779714389573526832,1779714389552155547,-21.371285,992.565,128
634,1779714389575319071,1779714389553879201,-21.43987,723.654,128
635,1779714389577134482,1779714389555686050,-21.448432,806.849,128
636,1779714389578927336,1779714389558367504,-20.559832,1681.454,128
637,1779714389581515939,1779714389560561010,-20.954929,1193.506,128
638,1779714389583810100,1779714389562441881,-21.368219,880.871,128
639,1779714389585666801,1779714389564167269,-21.499532,725.388,128
640,1779714389587424794,1779714389565799484,-21.62531,632.215,128
641,1779714389589040630,1779714389568389410,-20.65122,1589.926,128
642,1779714389591626950,1779714389570268513,-21.358437,879.103,128
643,1779714389593660391,1779714389572333592,-21.326799,1065.079,128
644,1779714389595607853,1779714389574462635,-21.145218,1129.043,128
645,1779714389597722467,1779714389576138266,-21.584201,675.631,128
646,1779714389599321657,1779714389577817828,-21.503829,679.562,128
647,1779714389601054414,1779714389579752365,-21.302049,934.537,128
648,1779714389603073117,1779714389581758153,-21.314964,1005.788,128
649,1779714389605054152,1779714389583709402,-21.34475,951.249,128
650,1779714389607055830,1779714389585586492,-21.469338,877.09,128
651,1779714389608855381,1779714389587920243,-20.935138,1333.751,128
652,1779714389611158624,1779714389593283177,-17.875447,4362.934,128
653,1779714389616435627,1779714389596605345,-19.830282,2322.168,128
654,1779714389619885774,1779714389598659325,-21.226449,1053.98,128
655,1779714389622007247,1779714389600762330,-21.244917,1103.005,128
656,1779714389624050704,1779714389602900447,-21.150257,1138.117,128
657,1779714389626290025,1779714389606293974,-19.996051,2393.527,128
658,1779714389629452099,1779714389608545828,-20.906271,1251.854,128
659,1779714389631705635,1779714389610873620,-20.832015,1327.792,128
660,1779714389634150447,1779714389614123761,-20.026686,2250.141,128
661,1779714389637458093,1779714389616879410,-20.578683,1755.649,128
662,1779714389640099988,1779714389620460393,-19.639595,2580.983,128
663,1779714389643532282,1779714389623670877,-19.861405,2210.484,128
664,1779714389646971411,1779714389626371044,-20.600367,1700.167,128
665,1779714389649572764,1779714389632059070,-17.513694,4688.026,128
666,1779714389655011867,1779714389633832203,-21.179664,773.133,128
667,1779714389657149814,1779714389636094218,-21.055596,1262.015,128
668,1779714389659419738,1779714389638515222,-20.904516,1421.004,128
669,1779714389661809012,1779714389641469173,-20.339839,1953.951,128
670,1779714389664833983,1779714389643950613,-20.88337,1481.44,128
671,1779714389666840644,1779714389645663073,-21.177571,712.46,128
672,1779714389668872683,1779714389648312778,-20.559905,1649.705,128
673,1779714389671360943,1779714389655628190,-15.732753,6315.412,128
674,1779714389678955279,1779714389660035226,-18.920053,3407.036,128
675,1779714389683303460,1779714389665113477,-18.189983,4078.251,128
676,1779714389688434561,1779714389667503443,-20.931118,1389.966,128
677,1779714389690858727,1779714389670927216,-19.931511,2423.773,128
678,1779714389694410707,1779714389676520493,-17.890214,4593.277,128
679,1779714389699946031,1779714389695963507,-3.982524,18443.014,128
680,1779714389719237366,1779714389697769795,-21.467571,806.288,128
681,1779714389721155515,1779714389699649834,-21.505681,880.039,128
682,1779714389723016494,1779714389701424437,-21.592057,774.603,128
683,1779714389724752001,1779714389703508483,-21.243518,1084.046,128
684,1779714389726786301,1779714389705494058,-21.292243,985.575,128
685,1779714389728744750,1779714389706767791,-21.976959,273.733,128
686,1779714389730046822,1779714389707773089,-22.273733,5.298,128
687,1779714389731153132,1779714389709038786,-22.114346,265.697,128
688,1779714389732358157,1779714389710340394,-22.017763,301.608,128
689,1779714389733670026,1779714389711763547,-21.906479,423.153,128
690,1779714389735084803,1779714389713380608,-21.704195,617.061,128
691,1779714389736629400,1779714389714683986,-21.945414,303.378,128
692,1779714389738036985,1779714389715940461,-22.096524,256.475,128
693,1779714389739065051,1779714389716917863,-22.147188,-22.598,128
694,1779714389740229675,1779714389718177140,-22.052535,259.277,128
695,1779714389741468465,1779714389719226833,-22.241632,49.693,128
696,1779714389742433177,1779714389720536385,-21.896792,309.552,128
697,1779714389743719978,1779714389724719705,-19.000273,3183.32,128
698,1779714389747854395,1779714389728677870,-19.176525,2958.165,128
699,1779714389752067941,1779714389734237396,-17.830545,4559.526,128
700,1779714389755886291,1779714389734365423,-21.520868,-871.973,128
701,1779714389757667801,1779714389736392555,-21.275246,1027.132,128
702,1779714389759762839,1779714389738529386,-21.233453,1136.831,128
703,1779714389761830659,1779714389741394699,-20.43596,1865.313,128
704,1779714389764691334,1779714389743792060,-20.899274,1397.361,128
705,1779714389767192257,1779714389745695589,-21.496668,903.529,128
706,1779714389769033094,1779714389747891093,-21.142001,1195.504,128
707,1779714389771229027,1779714389755499666,-15.729361,6608.573,128
708,1779714389778615870,1779714389757732708,-20.883162,1233.042,128
709,1779714389780964937,1779714389760625436,-20.339501,1892.728,128
710,1779714389783825975,1779714389858187844,74.361869,96562.408,128
711,1779714389881527948,1779714389861000922,-20.527026,1813.078,128
712,1779714389884195977,1779714389996445814,112.249837,134444.892,128
713,1779714390019490172,1779714389999452950,-20.037222,2007.136,128
714,1779714390022698763,1779714390001809313,-20.88945,1356.363,128
715,1779714390024911585,1779714390004099802,-20.811783,1290.489,128
716,1779714390027217405,1779714390006271891,-20.945514,1172.089,128
717,1779714390029509460,1779714390008130585,-21.378875,858.694,128
718,1779714390031452805,1779714390009916969,-21.535836,786.384,128
719,1779714390033138758,1779714390011674110,-21.464648,757.141,128
720,1779714390034904706,1779714390013277532,-21.627174,603.422,128
721,1779714390036588355,1779714390014970649,-21.617706,693.117,128
722,1779714390038203801,1779714390016679769,-21.524032,709.12,128
723,1779714390039904877,1779714390018148738,-21.756139,468.969,128
724,1779714390041344383,1779714390020474323,-20.87006,1325.585,128
725,1779714390043535809,1779714390021984696,-21.551113,510.373,128
726,1779714390045258899,1779714390024760575,-20.498324,1775.879,128
727,1779714390047742985,1779714390027573166,-20.169819,1812.591,128
728,1779714390050660237,1779714390032310031,-18.350206,3736.865,128
729,1779714390055440916,1779714390036183455,-19.257461,2873.424,128
730,1779714390059093991,1779714390038394469,-20.699522,1211.014,128
731,1779714390061693472,1779714390042738303,-18.955169,3343.834,128
732,1779714390065925251,1779714390045593370,-20.331881,1855.067,128
733,1779714390068861481,1779714390048263090,-20.598391,1669.72,128
734,1779714390071425004,1779714390050343351,-21.081653,1080.261,128
735,1779714390073516072,1779714390052096935,-21.419137,753.584,128
736,1779714390075128043,1779714390053595438,-21.532605,498.503,128
737,1779714390076870913,1779714390056569805,-20.301108,1974.367,128
738,1779714390079463966,1779714390058369868,-21.094098,800.063,128
739,1779714390081281013,1779714390060194674,-21.086339,824.806,128
740,1779714390083218770,1779714390063441159,-19.777611,2246.485,128
741,1779714390086687117,1779714390065317486,-21.369631,876.327,128
742,1779714390088455638,1779714390066968719,-21.486919,651.233,128
743,1779714390090160756,1779714390068706841,-21.453915,738.122,128
744,1779714390091731443,1779714390071449195,-20.282248,1742.354,128
745,1779714390094669639,1779714390073135422,-21.534217,686.227,128
746,1779714390096349606,1779714390075479932,-20.869674,1344.51,128
747,1779714390098660631,1779714390076713906,-21.946725,233.974,128
748,1779714390100019983,1779714390078617681,-21.402302,903.775,128
749,1779714390101900034,1779714390080479226,-21.420808,861.545,128
750,1779714390103519181,1779714390083210730,-20.308451,1731.504,128
751,1779714390106401007,1779714390085294939,-21.106068,1084.209,128
752,1779714390108413308,1779714390089548745,-18.864563,3253.806,128
753,1779714390111375792,1779714390090596732,-20.77906,47.987,128
754,1779714390113682278,1779714390093136228,-20.54605,1539.496,128
755,1779714390115908038,1779714390094400532,-21.507506,264.304,128
756,1779714390117515820,1779714390096294057,-21.221763,893.525,128
757,1779714390119475682,1779714390098050072,-21.42561,756.015,128
758,1779714390121303008,1779714390099990800,-21.312208,940.728,128
759,1779714390123243451,1779714390101655036,-21.588415,664.236,128
760,1779714390124697842,1779714390103502020,-21.195822,846.984,128
761,1779714390126427739,1779714390105237367,-21.190372,735.347,128
762,1779714390128404686,1779714390107071397,-21.333289,834.03,128
763,1779714390130341399,1779714390109267025,-21.074374,1195.628,128
764,1779714390132463030,1779714390111065654,-21.397376,798.629,128
765,1779714390134285853,1779714390114294035,-19.991818,2228.381,128
766,1779714390137591745,1779714390117861239,-19.730506,2567.204,128
767,1779714390141387558,1779714390120061137,-21.326421,1199.898,128
768,1779714390143405599,1779714390122855170,-20.550429,1794.033,128
769,1779714390145884160,1779714390124596178,-21.287982,741.008,128
770,1779714390147908268,1779714390126549562,-21.358706,953.384,128
771,1779714390149894901,1779714390128459178,-21.435723,909.616,128
772,1779714390151766464,1779714390130811206,-20.955258,1352.028,128
773,1779714390154012452,1779714390133222856,-20.789596,1411.65,128
774,1779714390156359816,1779714390135512563,-20.847253,1289.707,128
775,1779714390158826726,1779714390138302057,-20.524669,1789.494,128
776,1779714390161513315,1779714390141803685,-19.70963,2501.628,128
777,1779714390165532200,1779714390144907232,-20.624968,2103.547,128
778,1779714390168097272,1779714390146554732,-21.54254,647.5,128
779,1779714390169802344,1779714390148493858,-21.308486,939.126,128
780,1779714390171726794,1779714390150116517,-21.610277,622.659,128
781,1779714390173438265,1779714390152315563,-21.122702,1199.046,128
782,1779714390175789743,1779714390154112781,-21.676962,797.218,128
783,1779714390177440183,1779714390156524556,-20.915627,1411.775,128
784,1779714390179293562,1779714390158820123,-20.473439,1295.567,128
785,1779714390181235471,1779714390160754422,-20.481049,934.299,128
786,1779714390183396220,1779714390162703940,-20.69228,949.518,128
787,1779714390185459348,1779714390165265107,-20.194241,1561.167,128
788,1779714390187414085,1779714390166858162,-20.555923,593.055,128
789,1779714390189454364,1779714390170645765,-18.808599,2787.603,128
790,1779714390192679830,1779714390174049919,-18.629911,2404.154,128
791,1779714390196873220,1779714390176364446,-20.508774,1314.527,128
792,1779714390199260877,1779714390179659796,-19.601081,2295.35,128
793,1779714390202760126,1779714390184584958,-18.175168,3925.162,128
794,1779714390207516007,1779714390188404944,-19.111063,2819.986,128
795,1779714390211721029,1779714390191171804,-20.549225,1766.86,128
796,1779714390214225718,1779714390193052107,-21.173611,880.303,128
797,1779714390216363221,1779714390194854352,-21.508869,802.245,128
798,1779714390218179840,1779714390197336802,-20.843038,1482.45,128
799,1779714390221190925,1779714390201256982,-19.933943,2920.18,128
800,1779714390224425388,1779714390203742269,-20.683119,1485.287,128
801,1779714390227188980,1779714390209003368,-18.185612,4261.099,128
802,1779714390232076099,1779714390212367804,-19.708295,2364.436,128
803,1779714390235599918,1779714390217960981,-17.638937,4593.177,128
804,1779714390241622728,1779714390222440671,-19.182057,3479.69,128
805,1779714390245529193,1779714390224816104,-20.713089,1375.433,128
806,1779714390247988524,1779714390227239817,-20.748707,1423.713,128
807,1779714390250466863,1779714390229354355,-21.112508,1114.538,128
808,1779714390252657794,1779714390231634937,-21.022857,1280.582,128
809,1779714390254755162,1779714390233745529,-21.009633,1110.592,128
810,1779714390256855702,1779714390235254464,-21.601238,508.935,128
811,1779714390258488668,1779714390237237345,-21.251323,982.881,128
812,1779714390260476086,1779714390238773851,-21.702235,536.506,128
813,1779714390262077240,1779714390241283336,-20.793904,1509.485,128
814,1779714390264265656,1779714390242914765,-21.350891,631.429,128
815,1779714390266208271,1779714390244622880,-21.585391,708.115,128
816,1779714390267930440,1779714390246691134,-21.239306,1068.254,128
817,1779714390269972222,1779714390250017919,-19.954303,2326.785,128
818,1779714390273045871,1779714390252303188,-20.742683,1285.269,128
819,1779714390275459915,1779714390254185018,-21.274897,881.83,128
820,1779714390277410089,1779714390256393154,-21.016935,1208.136,128
821,1779714390279507017,1779714390258378373,-21.128644,985.219,128
822,1779714390281486265,1779714390261124601,-20.361664,1746.228,128
823,1779714390284338338,1779714390262983733,-21.354605,859.132,128
824,1779714390286228021,1779714390264869058,-21.358963,885.325,128
825,1779714390288148693,1779714390266621583,-21.52711,752.525,128
826,1779714390289924407,1779714390268385908,-21.538499,764.325,128
827,1779714390291625652,1779714390270473264,-21.152388,1087.356,128
828,1779714390293630025,1779714390272288718,-21.341307,815.454,128
829,1779714390295500453,1779714390274451097,-21.049356,1162.379,128
830,1779714390297468217,1779714390276076541,-21.391676,625.444,128
831,1779714390299268198,1779714390278302650,-20.965548,1226.109,128
832,1779714390301449214,1779714390280259397,-21.189817,956.747,128
833,1779714390303451783,1779714390282483484,-20.968299,1224.087,128
834,1779714390305743916,1779714390285213465,-20.530451,1729.981,128
835,1779714390308416131,1779714390287393792,-21.022339,1180.327,128
836,1779714390310583581,1779714390289650965,-20.932616,1257.173,128
837,1779714390312524780,1779714390291792875,-20.731905,1141.91,128
838,1779714390315319855,1779714390296352983,-18.966872,3560.108,128
839,1779714390319768203,1779714390299232764,-20.535439,1879.781,128
840,1779714390322326217,1779714390300827027,-21.49919,594.263,128
841,1779714390324015338,1779714390302758981,-21.256357,931.954,128
842,1779714390325889147,1779714390304279566,-21.609581,520.585,128
843,1779714390327572933,1779714390305917526,-21.655407,637.96,128
844,1779714390329193953,1779714390307508777,-21.685176,591.251,128
845,1779714390330820667,1779714390309354047,-21.46662,845.27,128
846,1779714390332526934,1779714390311666244,-20.86069,1312.197,128
847,1779714390334955223,1779714390313986522,-20.968701,1320.278,128
848,1779714390337255886,1779714390315825187,-21.430699,838.665,128
849,1779714390339229622,1779714390317147786,-22.081836,322.599,128
850,1779714390340386049,1779714390319329694,-21.056355,1181.908,128
851,1779714390342572268,1779714390321595230,-20.977038,1265.536,128
852,1779714390344534665,1779714390325344678,-19.189987,2749.448,128
853,1779714390347385992,1779714390325917939,-21.468053,-426.739,128
854,1779714390349222502,1779714390328604977,-20.617525,1687.038,128
855,1779714390351860730,1779714390330385048,-21.475682,780.071,128
856,1779714390353701063,1779714390335653768,-18.047295,4268.72,128
857,1779714390359931484,1779714390338755900,-21.175584,2102.132,128
858,1779714390362023074,1779714390340756994,-21.26608,1001.094,128
859,1779714390364105324,1779714390343889468,-20.215856,2132.474,128
860,1779714390367124680,1779714390347364936,-19.759744,2475.468,128
861,1779714390370596778,1779714390348696898,-21.89988,331.962,128
862,1779714390372007206,1779714390350130817,-21.876389,433.919,128
863,1779714390373688988,1779714390352469652,-21.219336,1338.835,128
864,1779714390375504861,1779714390353963489,-21.541372,493.837,128
865,1779714390377330319,1779714390355424612,-21.905707,461.123,128
866,1779714390378735125,1779714390357665079,-21.070046,1240.467,128
867,1779714390381033578,1779714390359514361,-21.519217,849.282,128
868,1779714390382900058,1779714390362133869,-20.766189,1619.508,128
869,1779714390384998680,1779714390363280993,-21.717687,147.124,128
870,1779714390386732040,1779714390366118194,-20.613846,1837.201,128
871,1779714390389249017,1779714390368418446,-20.830571,1300.252,128
872,1779714390391650812,1779714390370337410,-21.313402,918.964,128
873,1779714390393638328,1779714390372827846,-20.810482,1490.436,128
874,1779714390395932053,1779714390374813005,-21.119048,985.159,128
875,1779714390398337009,1779714390379116723,-19.220286,3303.718,128
876,1779714390402329199,1779714390380629250,-21.699949,512.527,128
877,1779714390403888431,1779714390383024954,-20.863477,1395.704,128
878,1779714390406034726,1779714390383812295,-22.222431,-212.659,128
879,1779714390407174031,1779714390385278121,-21.89591,465.826,128
880,1779714390408572732,1779714390386219363,-22.353369,-58.758,128
881,1779714390409552439,1779714390387339756,-22.212683,120.393,128
882,1779714390410674070,1779714390388422924,-22.251146,83.168,128
883,1779714390411744160,1779714390389532865,-22.211295,109.941,128
884,1779714390412863361,1779714390390604193,-22.259168,71.328,128
885,1779714390413931960,1779714390391646664,-22.285296,42.471,128
886,1779714390414961357,1779714390392807085,-22.154272,160.421,128
887,1779714390416108452,1779714390393915464,-22.192988,108.379,128
888,1779714390417236540,1779714390394957142,-22.279398,41.678,128
889,1779714390418328809,1779714390395906726,-22.422083,-50.416,128
890,1779714390419229841,1779714390397167622,-22.062219,260.896,128
891,1779714390420350436,1779714390397852268,-22.498168,-315.354,128
892,1779714390421245979,1779714390399003509,-22.24247,151.241,128
893,1779714390422384359,1779714390399870699,-22.51366,-132.81,128
894,1779714390423268033,1779714390401131677,-22.136356,260.978,128
895,1779714390424318399,1779714390402768310,-21.550089,636.633,128
896,1779714390426352636,1779714390404506755,-21.845881,738.445,128
897,1779714390427821254,1779714390405711445,-22.109809,204.69,128
898,1779714390429020972,1779714390407027561,-21.993411,316.116,128
899,1779714390430297782,1779714390407944304,-22.353478,-83.257,128
900,1779714390431284734,1779714390409338723,-21.946011,394.419,128
901,1779714390432553376,1779714390410472499,-22.080877,133.776,128
902,1779714390433656999,1779714390411415701,-22.241298,-56.798,128
903,1779714390434770209,1779714390412346235,-22.423974,-69.466,128
904,1779714390435687793,1779714390413605959,-22.081834,259.724,128
905,1779714390436735269,1779714390414538216,-22.197053,-67.743,128
906,1779714390437911304,1779714390461280664,23.36936,45742.448,128
907,1779714390484353640,1779714390461983348,-22.370292,-297.316,128
908,1779714390485319498,1779714390463305829,-22.013669,322.481,128
909,1779714390486262806,1779714390464080661,-22.182145,-225.168,128
910,1779714390487374010,1779714390464963013,-22.410997,-117.648,128
911,1779714390488321679,1779714390466336907,-21.984772,373.894,128
912,1779714390489327465,1779714390467052540,-22.274925,-284.367,128
913,1779714390490287699,1779714390467618475,-22.669224,-434.065,128
914,1779714390490969196,1779714390468495997,-22.473199,-122.478,128
915,1779714390491824964,1779714390469389452,-22.435512,-106.545,128
916,1779714390492689451,1779714390470044574,-22.644877,-344.878,128
917,1779714390493446832,1779714390471131528,-22.315304,86.954,128
918,1779714390494379324,1779714390471917865,-22.461459,-213.663,128
919,1779714390495258106,1779714390472773294,-22.484812,-144.571,128
920,1779714390496135891,1779714390473657065,-22.478826,-116.229,128
921,1779714390496985888,1779714390474520766,-22.465122,-136.299,128
922,1779714390497874222,1779714390475345221,-22.529001,-175.545,128
923,1779714390498728807,1779714390475989831,-22.738976,-355.39,128
924,1779714390499342081,1779714390476873308,-22.468773,-116.523,128
925,1779714390500236139,1779714390477611199,-22.62494,-262.109,128
926,1779714390500966503,1779714390478490580,-22.475923,-120.619,128
927,1779714390501843578,1779714390479336863,-22.506715,-153.717,128
928,1779714390502701239,1779714390480037029,-22.66421,-299.834,128
929,1779714390503432182,1779714390481332892,-22.09929,295.863,128
930,1779714390504570929,1779714390482315250,-22.255679,-17.642,128
931,1779714390505698990,1779714390483571193,-22.127797,255.943,128
932,1779714390506948001,1779714390484654056,-22.293945,82.863,128
933,1779714390508001460,1779714390485764128,-22.237332,110.072,128
934,1779714390509085710,1779714390486945581,-22.140129,181.453,128
935,1779714390510137844,1779714390487806809,-22.331035,-138.772,128
936,1779714390511164562,1779714390489028932,-22.13563,222.123,128
937,1779714390512281655,1779714390490013249,-22.268406,-15.683,128
938,1779714390513236406,1779714390491213418,-22.022988,200.169,128
939,1779714390514339259,1779714390492243577,-22.095682,30.159,128
940,1779714390515357658,1779714390493485599,-21.872059,242.022,128
941,1779714390516369807,1779714390494085223,-22.284584,-400.376,128
942,1779714390517306660,1779714390494802004,-22.504656,-283.219,128
943,1779714390518089660,1779714390495610444,-22.479216,-191.56,128
944,1779714390518882789,1779714390496684507,-22.198282,74.063,128
945,1779714390519904906,1779714390497557988,-22.346918,-126.519,128
946,1779714390520896563,1779714390498730583,-22.16598,172.595,128
947,1779714390521846200,1779714390499518897,-22.327303,-211.686,128
948,1779714390522792411,1779714390500836507,-21.955904,317.61,128
949,1779714390524385547,1779714390502961869,-21.423678,1125.362,128
950,1779714390526212946,1779714390503980607,-22.232339,18.738,128
951,1779714390527262110,1779714390504956165,-22.305945,-24.442,128
952,1779714390528303469,1779714390506715855,-21.587614,759.69,128
953,1779714390529976823,1779714390509344508,-20.632315,1628.653,128
954,1779714390532438700,1779714390510164450,-22.27425,-180.058,128
955,1779714390533472323,1779714390511142767,-22.329556,-21.683,128
956,1779714390534445723,1779714390511915567,-22.530156,-227.2,128
957,1779714390535261783,1779714390512745899,-22.515884,-169.668,128
958,1779714390536066147,1779714390513854638,-22.211509,108.739,128
959,1779714390537137536,1779714390514992504,-22.145032,137.866,128
960,1779714390538304562,1779714390516270686,-22.033876,278.182,128
961,1779714390539445168,1779714390517116823,-22.328345,-153.863,128
962,1779714390540429629,1779714390518230209,-22.19942,113.386,128
963,1779714390541528649,1779714390519380507,-22.148142,150.298,128
964,1779714390542632660,1779714390520316619,-22.316041,-63.888,128
965,1779714390543573716,1779714390521269326,-22.30439,-47.293,128
966,1779714390544499876,1779714390522197401,-22.302475,-71.925,128
967,1779714390545456293,1779714390523259937,-22.196356,62.536,128
968,1779714390546536446,1779714390524278272,-22.258174,18.335,128
969,1779714390547548372,1779714390589946646,42.398274,64668.374,128
970,1779714390612934545,1779714390590842850,-22.091695,-103.796,128
971,1779714390614177006,1779714390591735305,-22.441701,-107.545,128
972,1779714390615072019,1779714390592679973,-22.392046,-55.332,128
973,1779714390616050329,1779714390595374983,-20.675346,1695.01,128
974,1779714390618397708,1779714390597491790,-20.905918,1116.807,128
975,1779714390621118813,1779714390600474459,-20.644354,1982.669,128
976,1779714390623394460,1779714390602241470,-21.15299,767.011,128
977,1779714390628785461,1779714390615832244,-12.953217,12590.774,128
978,1779714390639460987,1779714390622925025,-16.535962,6092.781,128
979,1779714390646240595,1779714390625874475,-20.36612,1949.45,128
980,1779714390649218516,1779714390631371743,-17.846773,4497.268,128
981,1779714390655005422,1779714390635838826,-19.166596,3467.083,128
982,1779714390658959518,1779714390637991610,-20.967908,1152.784,128
983,1779714390661281902,1779714390639859055,-21.422847,867.445,128
984,1779714390663231563,1779714390641805112,-21.426451,946.057,128
985,1779714390665144673,1779714390643809261,-21.335412,1004.149,128
986,1779714390667167550,1779714390645915632,-21.251918,1106.371,128
987,1779714390669225553,1779714390648054955,-21.170598,1139.323,128
988,1779714390671462269,1779714390652093926,-19.368343,3038.971,128
989,1779714390675393378,1779714390654656350,-20.737028,1562.424,128
990,1779714390678036177,1779714390657319385,-20.716792,1663.035,128
991,1779714390682852515,1779714390662343199,-20.509316,4023.814,128
992,1779714390685824194,1779714390665358619,-20.465575,2015.42,128
993,1779714390688799082,1779714390667591947,-21.207135,1233.328,128
994,1779714390690882759,1779714390669967897,-20.914862,1375.95,128
995,1779714390693177960,1779714390671805893,-21.372067,837.996,128
996,1779714390694956618,1779714390673741569,-21.215049,935.676,128
997,1779714390697031945,1779714390677691749,-19.340196,2950.18,128
998,1779714390700927214,1779714390682583751,-18.343463,3892.002,128
999,1779714390705538371,1779714390683809108,-21.729263,225.357,128
1000,1779714390706975713,1779714390685233995,-21.741718,424.887,128
1001,1779714390708368844,1779714390686359641,-22.009203,125.646,128
1002,1779714390709612052,1779714390689690988,-19.921064,2331.347,128
1003,1779714390712733448,1779714390691140249,-21.593199,449.261,128
1004,1779714390714341333,1779714390696906562,-17.434771,4766.313,128
1005,1779714390720056357,1779714390701837870,-18.218487,3931.308,128
1006,1779714390724907092,1779714390704368476,-20.538616,1530.606,128
1007,1779714390727498758,1779714390706034708,-21.46405,666.232,128
1008,1779714390729292909,1779714390707540968,-21.751941,506.26,128
1009,1779714390730819059,1779714390709224390,-21.594669,683.422,128
1010,1779714390732299323,1779714390711066222,-21.233101,841.832,128
1011,1779714390734136293,1779714390712927923,-21.20837,861.701,128
1012,1779714390736041117,1779714390714813516,-21.227601,885.593,128
1013,1779714390737923673,1779714390716735550,-21.188123,922.034,128
1014,1779714390740005146,1779714390718997008,-21.008138,1261.458,128
1015,1779714390742137216,1779714390720373415,-21.763801,376.407,128
1016,1779714390743395202,1779714390722470654,-20.924548,1097.239,128
1017,1779714390745550228,1779714390724833941,-20.716287,1363.287,128
1018,1779714390748009609,1779714390728910973,-19.098636,3077.032,128
1019,1779714390752125002,1779714390740110744,-12.014258,10199.771,128
1020,1779714390763775679,1779714390746007829,-17.76785,4897.085,128
1021,1779714390769203526,1779714390750882137,-18.321389,3874.308,128
1022,1779714390773986352,1779714390754307989,-19.678363,2425.852,128
1023,1779714390777412719,1779714390766428955,-10.983764,11120.966,128
1024,1779714390789533739,1779714390770339466,-19.194273,2910.511,128
1025,1779714390793392701,1779714390772433171,-20.95953,1093.705,128
1026,1779714390795677705,1779714390775906856,-19.770849,2473.685,128
1027,1779714390798795337,1779714390777778742,-21.016595,871.886,128
1028,1779714390800854556,1779714390779368684,-21.485872,589.942,128
1029,1779714390802402275,1779714390782562200,-19.840075,2193.516,128
1030,1779714390805436263,1779714390783954485,-21.481778,392.285,128
1031,1779714390807187351,1779714390786090328,-21.097023,1135.843,128
1032,1779714390809110929,1779714390788722479,-20.38845,1632.151,128
1033,1779714390811800577,1779714390791032653,-20.767924,1310.174,128
1034,1779714390814189421,1779714390792722518,-21.466903,689.865,128
1035,1779714390815673283,1779714390794071301,-21.601982,348.783,128
1036,1779714390817255122,1779714390796505709,-20.749413,1434.408,128
1037,1779714390819245980,1779714390800251437,-18.994543,2745.728,128
1038,1779714390823270413,1779714390802106998,-21.163415,855.561,128
1039,1779714390825308317,1779714390805310673,-19.997644,2203.675,128
1040,1779714390828421374,1779714390808975190,-19.446184,2664.517,128
1041,1779714390832170041,1779714390810694563,-21.475478,719.373,128
1042,1779714390833863750,1779714390817522633,-16.341117,5828.07,128
1043,1779714390840665027,1779714390819452646,-21.212381,930.013,128
1044,1779714390842644155,1779714390821387375,-21.25678,934.729,128
1045,1779714390844429672,1779714390822903209,-21.526463,515.834,128
1046,1779714390846161343,1779714390824890210,-21.271133,987.001,128
1047,1779714390848120280,1779714390826998652,-21.121628,1108.442,128
1048,1779714390850168704,1779714390831362426,-18.806278,3363.774,128
1049,1779714390855033467,1779714390834399332,-20.634135,2036.906,128
1050,1779714390857520580,1779714390835461362,-22.059218,62.03,128
1051,1779714390858814364,1779714390840255494,-18.55887,3794.132,128
1052,1779714390863475817,1779714390843682855,-19.792962,2427.361,128
1053,1779714390866884144,1779714390844650845,-22.233299,-32.01,128
1054,1779714390867940731,1779714390845787055,-22.153676,136.21,128
1055,1779714390869048307,1779714390846766477,-22.28183,-20.578,128
1056,1779714390870117663,1779714390849267710,-20.849953,1501.233,128
1057,1779714390872504159,1779714390850998019,-21.50614,730.309,128
1058,1779714390874241595,1779714390852994800,-21.246795,996.781,128
1059,1779714390876308228,1779714390855133450,-21.174778,1138.65,128
1060,1779714390878461984,1779714390856787851,-21.674133,654.401,128
1061,1779714390880098332,1779714390858754883,-21.343449,967.032,128
1062,1779714390882069416,1779714390867677095,-14.392321,7922.212,128
1063,1779714390890975345,1779714390869934021,-21.041324,1256.926,128
1064,1779714390893221007,1779714390873256370,-19.964637,2322.349,128
1065,1779714390896460710,1779714390875331477,-21.129233,1075.107,128
1066,1779714390898639789,1779714390880577750,-18.062039,4246.273,128
1067,1779714390903734122,1779714390885374919,-18.359203,3797.169,128
1068,1779714390908555744,1779714390887857046,-20.698698,1482.127,128
1069,1779714390911081809,1779714390890532117,-20.549692,1675.071,128
1070,1779714390913862086,1779714390892334578,-21.527508,802.461,128
1071,1779714390915839709,1779714390894612416,-21.227293,1277.838,128
1072,1779714390917892011,1779714390897045221,-20.84679,1432.805,128
1073,1779714390920341352,1779714390904299635,-16.041717,6254.414,128
1074,1779714390927482655,1779714390907331384,-20.151271,2031.749,128
1075,1779714390930416289,1779714390910531485,-19.884804,2200.101,128
1076,1779714390933683592,1779714390913804947,-19.878645,2273.462,128
1077,1779714390937164194,1779714390916580439,-20.583755,1775.492,128
1078,1779714390939926142,1779714390918935770,-20.990372,1355.331,128
1079,1779714390942438918,1779714390921478750,-20.960168,1542.98,128
1080,1779714390944844953,1779714390924339783,-20.50517,1861.033,128
1081,1779714390947547222,1779714390925566702,-21.98052,226.919,128
1082,1779714390948850494,1779714390926766010,-22.084484,199.308,128
1083,1779714390950074121,1779714390927624826,-22.449295,-141.184,128
1084,1779714390950984785,1779714390928722259,-22.262526,97.433,128
1085,1779714390952041738,1779714390929777074,-22.264664,54.815,128
1086,1779714390953046184,1779714390930692443,-22.353741,-84.631,128
1087,1779714390953902329,1779714390931643392,-22.258937,-49.051,128
1088,1779714390954856885,1779714390932650819,-22.206066,7.427,128
1089,1779714390955973010,1779714390933574377,-22.398633,-76.442,128
1090,1779714390956923057,1779714390934653560,-22.269497,79.183,128
1091,1779714390957986287,1779714390937363157,-20.62313,1709.597,128
1092,1779714390960707699,1779714390939280180,-21.427519,917.023,128
1093,1779714390962694685,1779714390941940591,-20.754094,1660.411,128
1094,1779714390965276679,1779714390943697041,-21.579638,756.45,128
1095,1779714390967098242,1779714390945654707,-21.443535,957.666,128
1096,1779714390969058935,1779714390947911452,-21.147483,1256.745,128
1097,1779714390971252159,1779714390949749934,-21.502225,838.482,128
1098,1779714390973073625,1779714390950853445,-22.22018,103.511,128
1099,1779714390974186858,1779714390951878415,-22.308443,24.97,128
1100,1779714390975092245,1779714390952805703,-22.286542,-72.712,128
1101,1779714390976134459,1779714390953764378,-22.370081,-41.325,128
1102,1779714390977107470,1779714390954812358,-22.295112,47.98,128
1103,1779714390978123341,1779714390955791614,-22.331727,-20.744,128
1104,1779714390979122810,1779714390956689045,-22.433765,-102.569,128
1105,1779714390980053988,1779714390957776591,-22.277397,87.546,128
1106,1779714390981127402,1779714390959260754,-21.866648,484.163,128
1107,1779714390982282650,1779714390960129320,-22.15333,-131.434,128
1108,1779714390983406122,1779714390961419490,-21.986632,290.17,128
1109,1779714390984601602,1779714390962537750,-22.063852,118.26,128
1110,1779714390985851587,1779714390963600251,-22.251336,62.501,128
1111,1779714390986965828,1779714390964800714,-22.165114,200.463,128
1112,1779714390988140578,1779714390965999130,-22.141448,198.416,128
1113,1779714390989330947,1779714390967121791,-22.209156,122.661,128
1114,1779714390990402758,1779714390968038839,-22.363919,-82.952,128
1115,1779714390991344184,1779714390969333954,-22.01023,295.115,128
1116,1779714390992596801,1779714390970380076,-22.216725,46.122,128
1117,1779714390993621362,1779714390971558203,-22.063159,178.127,128
1118,1779714390994878136,1779714390972766316,-22.11182,208.113,128
1119,1779714390996064307,1779714390974117370,-21.946937,351.054,128
1120,1779714390997375022,1779714390975284757,-22.090265,167.387,128
1121,1779714390998562640,1779714390976370015,-22.192625,85.258,128
1122,1779714390999712857,1779714390977726158,-21.986699,356.143,128
1123,1779714391001007316,1779714390979112838,-21.894478,386.68,128
1124,1779714391002105765,1779714390979828574,-22.277191,-284.264,128
1125,1779714391002991274,1779714390981291182,-21.700092,462.608,128
1126,1779714391004061780,1779714390982771881,-21.289899,480.699,128
1127,1779714391005108732,1779714390983585424,-21.523308,-186.457,128
1128,1779714391006257614,1779714390984450879,-21.806735,-134.545,128
1129,1779714391007341617,1779714390985576001,-21.765616,125.122,128
1130,1779714391008518996,1779714390986511024,-22.007972,-64.977,128
1131,1779714391009600158,1779714390987617798,-21.98236,106.774,128
1132,1779714391010770667,1779714390988538796,-22.231871,-79.002,128
1133,1779714391011850003,1779714390989880441,-21.969562,341.645,128
1134,1779714391012968615,1779714390990413023,-22.555592,-467.418,128
1135,1779714391013696240,1779714390991551819,-22.144421,138.796,128
1136,1779714391014802350,1779714390992343799,-22.458551,-208.02,128
1137,1779714391015695045,1779714390993851766,-21.843279,507.967,128
1138,1779714391016846992,1779714390994812488,-22.034504,-39.278,128
1139,1779714391017884239,1779714390995791108,-22.093131,-21.38,128
1140,1779714391018938027,1779714390996724403,-22.213624,-66.705,128
1141,1779714391019981120,1779714390997812277,-22.168843,87.874,128
1142,1779714391021087937,1779714390998999866,-22.088071,187.589,128
1143,1779714391022149958,1779714391018933421,-3.216537,18933.555,128
1144,1779714391043411071,1779714391029370932,-14.040139,9437.511,128
1145,1779714391052629594,1779714391030656332,-21.973262,285.4,128
1146,1779714391053907407,1779714391031656572,-22.250835,0.24,128
1147,1779714391054930515,1779714391032683598,-22.246917,27.026,128
1148,1779714391056022716,1779714391033860325,-22.162391,176.727,128
1149,1779714391057136355,1779714391034730139,-22.406216,-130.186,128
1150,1779714391058071971,1779714391035947082,-22.124889,216.943,128
1151,1779714391059216671,1779714391036723585,-22.493086,-223.497,128
1152,1779714391060061498,1779714391037788512,-22.272986,64.927,128
1153,1779714391061116932,1779714391038925176,-22.191756,136.664,128
1154,1779714391062151287,1779714391039851826,-22.299461,-73.35,128
1155,1779714391063205666,1779714391040985716,-22.21995,133.89,128
1156,1779714391064221151,1779714391041924851,-22.2963,-60.865,128
1157,1779714391065230544,1779714391042797062,-22.433482,-127.789,128
1158,1779714391066162982,1779714391044436858,-21.726124,639.796,128
1159,1779714391067289433,1779714391045345210,-21.944223,-91.648,128
1160,1779714391068651294,1779714391046358652,-22.292642,13.442,128
1161,1779714391069677525,1779714391047354690,-22.322835,-3.962,128
1162,1779714391070693345,1779714391048777163,-21.916182,422.473,128
1163,1779714391072098042,1779714391049794878,-22.303164,17.715,128
1164,1779714391073100200,1779714391050893446,-22.206754,98.568,128
1165,1779714391074123786,1779714391052004312,-22.119474,110.866,128
1166,1779714391075154981,1779714391052897284,-22.257697,-107.028,128
1167,1779714391076212864,1779714391053902770,-22.310094,5.486,128
1168,1779714391077204379,1779714391054898065,-22.306314,-4.705,128
1169,1779714391078222601,1779714391055764179,-22.458422,-133.886,128
1170,1779714391079105813,1779714391056585630,-22.520183,-178.549,128
1171,1779714391079939006,1779714391057718420,-22.220586,132.79,128
1172,1779714391080966873,1779714391058476956,-22.489917,-241.464,128
1173,1779714391081828214,1779714391059570078,-22.258136,93.122,128
1174,1779714391082877505,1779714391060397175,-22.48033,-172.903,128
1175,1779714391083589330,1779714391061542342,-22.046988,145.167,128
1176,1779714391084601596,1779714391062367179,-22.234417,-175.163,128
1177,1779714391085634533,1779714391063538479,-22.096054,171.3,128
1178,1779714391086793202,1779714391064403163,-22.390039,-135.316,128
1179,1779714391087717791,1779714391065523524,-22.194267,120.361,128
1180,1779714391088788513,1779714391066437787,-22.350726,-85.737,128
1181,1779714391089720022,1779714391067164185,-22.555837,-273.602,128
1182,1779714391090473426,1779714391068062037,-22.411389,-102.148,128
1183,1779714391091239015,1779714391068794984,-22.444031,-267.053,128
1184,1779714391092177277,1779714391085903708,-6.273569,16108.724,128
1185,1779714391108805215,1779714391087838145,-20.96707,934.437,128
1186,1779714391111082480,1779714391092877013,-18.205467,4038.868,128
1187,1779714391116058491,1779714391095701810,-20.356681,1824.797,128
1188,1779714391118828539,1779714391097893685,-20.934854,1191.875,128
1189,1779714391121012786,1779714391118788391,-2.224395,19894.706,128
1190,1779714391142046013,1779714391124883838,-17.162175,5095.447,128
1191,1779714391148088170,1779714391127018327,-21.069843,1134.489,128
1192,1779714391150115324,1779714391143359410,-6.755914,15341.083,128
1193,1779714391166493437,1779714391146035223,-20.458214,1675.813,128
1194,1779714391169259910,1779714391148128900,-21.13101,1093.677,128
1195,1779714391171376319,1779714391150656156,-20.720163,1527.256,128
1196,1779714391173784544,1779714391152738436,-21.046108,1082.28,128
1197,1779714391175995434,1779714391154789230,-21.206204,1050.794,128
1198,1779714391178030697,1779714391156948201,-21.082496,1158.971,128
1199,1779714391180104941,1779714391159735394,-20.369547,1787.193,128
1200,1779714391182875457,1779714391163270373,-19.605084,2534.979,128
1201,1779714391186448156,1779714391164950624,-21.497532,680.251,128
1202,1779714391188124770,1779714391167024246,-21.100524,1073.622,128
1203,1779714391190195565,1779714391169575657,-20.619908,1551.411,128
1204,1779714391192523588,1779714391172170513,-20.353075,1594.856,128
1205,1779714391195266312,1779714391175859901,-19.406411,2689.388,128
1206,1779714391196980118,1779714391175867113,-21.113005,-992.788,128
1207,1779714391198831515,1779714391180837925,-17.99359,3970.812,128
1208,1779714391203970521,1779714391182486589,-21.483932,648.664,128
1209,1779714391205672564,1779714391183709418,-21.963146,222.829,128
1210,1779714391206883569,1779714391185812250,-21.071319,1102.832,128
1211,1779714391208924865,1779714391187866553,-21.058312,1054.303,128
1212,1779714391211050706,1779714391190241475,-20.809231,1374.922,128
1213,1779714391213374175,1779714391194528277,-18.845898,3286.802,128
1214,1779714391217677472,1779714391196700384,-20.977088,1172.107,128
1215,1779714391219901869,1779714391199027074,-20.874795,1326.69,128
1216,1779714391222151298,1779714391201442813,-20.708485,1415.739,128
1217,1779714391224500862,1779714391203270546,-21.230316,827.733,128
1218,1779714391226278326,1779714391204828874,-21.449452,558.328,128
1219,1779714391227955459,1779714391206436244,-21.519215,607.37,128
1220,1779714391229630165,1779714391207974332,-21.655833,538.088,128
1221,1779714391231152131,1779714391209770591,-21.38154,796.259,128
1222,1779714391232878109,1779714391211752598,-21.125511,982.007,128
1223,1779714391234904977,1779714391213928007,-20.97697,1175.409,128
1224,1779714391236816589,1779714391216581628,-20.234961,1653.621,128
1225,1779714391239652595,1779714391219020726,-20.631869,1439.098,128
1226,1779714391242111182,1779714391221253265,-20.857917,1232.539,128
1227,1779714391244287414,1779714391223320220,-20.967194,1066.955,128
1228,1779714391246476924,1779714391224694678,-21.782246,374.458,128
1229,1779714391247823379,1779714391226366776,-21.456603,672.098,128
1230,1779714391249512763,1779714391235712731,-13.800032,8345.955,128
1231,1779714391259283338,1779714391240867716,-18.415622,4154.985,128
1232,1779714391263878675,1779714391242951330,-20.927345,1083.614,128
1233,1779714391266323068,1779714391245593508,-20.72956,1642.178,128
1234,1779714391268860666,1779714391248337758,-20.522908,1744.25,128
1235,1779714391271512464,1779714391252119934,-19.39253,2782.176,128
1236,1779714391275180250,1779714391253918264,-21.261986,798.33,128
1237,1779714391277220963,1779714391255769137,-21.451826,850.873,128
1238,1779714391278942984,1779714391257966444,-20.97654,1197.307,128
1239,1779714391281252178,1779714391260473590,-20.778588,1507.146,128
1240,1779714391283875119,1779714391262507143,-21.367976,1033.553,128
1241,1779714391285576157,1779714391265234097,-20.34206,1726.954,128
1242,1779714391288269794,1779714391268916489,-19.353305,2682.392,128
1243,1779714391291971529,1779714391271756332,-20.215197,1839.843,128
1244,1779714391294943593,1779714391274104939,-20.838654,1348.607,128
1245,1779714391297169788,1779714391275810776,-21.359012,705.837,128
1246,1779714391298894877,1779714391277309333,-21.585544,498.557,128
1247,1779714391300717219,1779714391279241656,-21.475563,932.323,128
1248,1779714391302413642,1779714391281080669,-21.332973,839.013,128
1249,1779714391304300338,1779714391284261197,-20.039141,2180.528,128
1250,1779714391307312991,1779714391289881412,-17.431579,4620.215,128
1251,1779714391312923901,1779714391291408675,-21.515226,527.263,128
1252,1779714391314501916,1779714391293223338,-21.278578,814.663,128
1253,1779714391316331096,1779714391295278767,-21.052329,1055.429,128
1254,1779714391318469094,1779714391297077533,-21.391561,798.766,128
1255,1779714391320282207,1779714391299228032,-21.054175,1150.499,128
1256,1779714391322384301,1779714391300781493,-21.602808,553.461,128
1257,1779714391324038709,1779714391302617993,-21.420716,836.5,128
1258,1779714391325677169,1779714391304198525,-21.478644,580.532,128
1259,1779714391327430322,1779714391305993310,-21.437012,794.785,128
1260,1779714391329182972,1779714391307828543,-21.354429,835.233,128
1261,1779714391331048134,1779714391309919332,-21.128802,1090.789,128
1262,1779714391333023866,1779714391311230396,-21.79347,311.064,128
1263,1779714391334411398,1779714391312749847,-21.661551,519.451,128
1264,1779714391335995373,1779714391314661918,-21.333455,912.071,128
1265,1779714391337874978,1779714391316486150,-21.388828,824.232,128
1266,1779714391339775692,1779714391318531268,-21.244424,1045.118,128
1267,1779714391341693071,1779714391320600537,-21.092534,1069.269,128
1268,1779714391343682336,1779714391322481286,-21.20105,880.749,128
1269,1779714391345705713,1779714391324350828,-21.354885,869.542,128
1270,1779714391347653131,1779714391326332728,-21.320403,981.9,128
1271,1779714391349541321,1779714391328279964,-21.261357,947.236,128
1272,1779714391351335429,1779714391331420214,-19.915215,2140.25,128
1273,1779714391354398848,1779714391333060396,-21.338452,640.182,128
1274,1779714391356093320,1779714391335294105,-20.799215,1233.709,128
1275,1779714391358460865,1779714391337274274,-21.186591,980.169,128
1276,1779714391360435571,1779714391339145289,-21.290282,871.015,128
1277,1779714391362323180,1779714391340878847,-21.444333,733.558,128
1278,1779714391364030328,1779714391342012298,-22.01803,133.451,128
1279,1779714391365272532,1779714391343870683,-21.401849,858.385,128
1280,1779714391367037454,1779714391345484864,-21.55259,614.181,128
1281,1779714391368717724,1779714391347344808,-21.372916,859.944,128
1282,1779714391370547793,1779714391348642337,-21.905456,297.529,128
1283,1779714391371877350,1779714391350461930,-21.41542,819.593,128
1284,1779714391373705801,1779714391352360387,-21.345414,898.457,128
1285,1779714391375357949,1779714391354282565,-21.075384,922.178,128
1286,1779714391377182019,1779714391356335486,-20.846533,1052.921,128
1287,1779714391379337453,1779714391357929231,-21.408222,593.745,128
1288,1779714391381118251,1779714391359412556,-21.705695,483.325,128
1289,1779714391382501382,1779714391361739958,-20.761424,1327.402,128
1290,1779714391384795210,1779714391363057678,-21.737532,317.72,128
1291,1779714391386172551,1779714391364730015,-21.442536,672.337,128
1292,1779714391387944587,1779714391366286314,-21.658273,556.299,128
1293,1779714391389595255,1779714391367861756,-21.733499,575.442,128
1294,1779714391391057769,1779714391369121447,-21.936322,259.691,128
1295,1779714391392371446,1779714391370827656,-21.54379,706.209,128
1296,1779714391394074034,1779714391372333643,-21.740391,505.987,128
1297,1779714391395634437,1779714391373791406,-21.843031,457.763,128
1298,1779714391397001761,1779714391375523140,-21.478621,731.734,128
1299,1779714391398657505,1779714391376935024,-21.722481,411.884,128
1300,1779714391400173908,1779714391378266640,-21.907268,331.616,128
1301,1779714391401492459,1779714391379793242,-21.699217,526.602,128
1302,1779714391403024381,1779714391381057744,-21.966637,264.502,128
1303,1779714391404311956,1779714391382540392,-21.771564,482.648,128
1304,1779714391405805643,1779714391384322298,-21.483345,781.906,128
1305,1779714391407430568,1779714391385624398,-21.80617,302.1,128
1306,1779714391408879731,1779714391387348518,-21.531213,724.12,128
1307,1779714391410529385,1779714391389396640,-21.132745,1048.122,128
1308,1779714391412418933,1779714391390720386,-21.698547,323.746,128
1309,1779714391413885110,1779714391392413815,-21.471295,693.429,128
1310,1779714391415502588,1779714391393818299,-21.684289,404.484,128
1311,1779714391416970515,1779714391395313109,-21.657406,494.81,128
1312,1779714391418521219,1779714391397449526,-21.071693,1136.417,128
1313,1779714391420068833,1779714391398522191,-21.546642,72.665,128
1314,1779714391421757910,1779714391400266364,-21.491546,744.173,128
1315,1779714391423245876,1779714391401508554,-21.737322,242.19,128
1316,1779714391424782671,1779714391403081686,-21.700985,573.132,128
1317,1779714391426307008,1779714391404754567,-21.552441,672.881,128
1318,1779714391427942105,1779714391406529251,-21.412854,774.684,128
1319,1779714391429775277,1779714391408016201,-21.759076,486.95,128
1320,1779714391431212821,1779714391409266278,-21.946543,250.077,128
1321,1779714391432461309,1779714391410669359,-21.79195,403.081,128
1322,1779714391433906402,1779714391412075311,-21.831091,405.952,128
1323,1779714391435240589,1779714391413699852,-21.540737,624.541,128
1324,1779714391436849910,1779714391415187213,-21.662697,487.361,128
1325,1779714391438284278,1779714391416711689,-21.572589,524.476,128
1326,1779714391439931735,1779714391418337378,-21.594357,625.689,128
1327,1779714391441516580,1779714391419970701,-21.545879,633.323,128
1328,1779714391443261739,1779714391422288846,-20.972893,1318.145,128
1329,1779714391445417400,1779714391423855511,-21.561889,566.665,128
1330,1779714391447040306,1779714391425281393,-21.758913,425.882,128
1331,1779714391448478166,1779714391426962267,-21.515899,680.874,128
1332,1779714391450164728,1779714391428926533,-21.238195,964.266,128
1333,1779714391451671856,1779714391430031224,-21.640632,104.691,128
1334,1779714391453138063,1779714391432019816,-21.118247,988.592,128
1335,1779714391454802264,1779714391433892902,-20.909362,873.086,128
1336,1779714391457102826,1779714391435946755,-21.156071,1053.853,128
1337,1779714391459111778,1779714391437777620,-21.334158,830.865,128
1338,1779714391460897230,1779714391439479901,-21.417329,702.281,128
1339,1779714391462689071,1779714391440762237,-21.926834,282.336,128
1340,1779714391463970862,1779714391442246450,-21.724412,484.213,128
1341,1779714391465382753,1779714391443794426,-21.588327,547.976,128
1342,1779714391467044161,1779714391445214713,-21.829448,420.287,128
1343,1779714391468419889,1779714391447350491,-21.069398,1135.778,128
1344,1779714391470510071,1779714391449006824,-21.503247,656.333,128
1345,1779714391472136237,1779714391449855200,-22.281037,-151.624,128
1346,1779714391473163482,1779714391451282795,-21.880687,427.595,128
1347,1779714391474473561,1779714391452770045,-21.703516,487.25,128
1348,1779714391475976479,1779714391454904656,-21.071823,1134.611,128
1349,1779714391478088989,1779714391455715389,-22.3736,-189.267,128
1350,1779714391478876470,1779714391457035448,-21.841022,320.059,128
1351,1779714391480240606,1779714391460025586,-20.21502,1990.138,128
1352,1779714391483207185,1779714391462566672,-20.640513,1541.086,128
1353,1779714391485736367,1779714391464758509,-20.977858,1191.837,128
1354,1779714391488059648,1779714391467400472,-20.659176,1641.963,128
1355,1779714391490480992,1779714391469578419,-20.902573,1177.947,128
1356,1779714391492717769,1779714391471252870,-21.464899,674.451,128
1357,1779714391494426655,1779714391472727812,-21.698843,474.942,128
1358,1779714391495812471,1779714391474097988,-21.714483,370.176,128
1359,1779714391497366441,1779714391475585275,-21.781166,487.287,128
1360,1779714391498743100,1779714391501733220,2.99012,25147.945,128
1361,1779714391524802446,1779714391505155046,-19.6474,2421.826,128
1362,1779714391528326035,1779714391507050681,-21.275354,895.635,128
1363,1779714391530212060,1779714391508835795,-21.376265,785.114,128
1364,1779714391532026383,1779714391510481122,-21.545261,645.327,128
1365,1779714391533623665,1779714391512361315,-21.26235,880.193,128
1366,1779714391535374644,1779714391513857612,-21.517032,496.297,128
1367,1779714391537041958,1779714391515632874,-21.409084,775.262,128
1368,1779714391538813154,1779714391516922606,-21.890548,289.732,128
1369,1779714391540135661,1779714391518372892,-21.762769,450.286,128
1370,1779714391541605031,1779714391520247684,-21.357347,874.792,128
1371,1779714391543211913,1779714391521929644,-21.282269,681.96,128
1372,1779714391545180331,1779714391523343625,-21.836706,413.981,128
1373,1779714391546556031,1779714391524928068,-21.627963,584.443,128
1374,1779714391548089163,1779714391526408254,-21.680909,480.186,128
1375,1779714391549602178,1779714391527750227,-21.851951,341.973,128
1376,1779714391550936996,1779714391529022983,-21.914013,272.756,128
1377,1779714391552247049,1779714391530660518,-21.586531,637.535,128
1378,1779714391553827295,1779714391532578954,-21.248341,918.436,128
1379,1779714391555707529,1779714391533935724,-21.771805,356.77,128
1380,1779714391557111210,1779714391535734310,-21.3769,798.586,128
1381,1779714391558888942,1779714391537542536,-21.346406,808.226,128
1382,1779714391560619565,1779714391538937357,-21.682208,394.821,128
1383,1779714391562147429,1779714391543821119,-18.32631,3883.762,128
1384,1779714391567026422,1779714391545446526,-21.579896,625.407,128
1385,1779714391568643098,1779714391547184656,-21.458442,738.13,128
1386,1779714391570387622,1779714391548703442,-21.68418,518.786,128
1387,1779714391571931724,1779714391550168998,-21.762726,465.556,128
1388,1779714391573344280,1779714391551676084,-21.668196,507.086,128
1389,1779714391574897671,1779714391553315908,-21.581763,639.824,128
1390,1779714391576506880,1779714391554765185,-21.741695,449.277,128
1391,1779714391578012818,1779714391555572391,-22.440427,-192.794,128
1392,1779714391578792922,1779714391557239623,-21.553299,667.232,128
1393,1779714391580482336,1779714391558895632,-21.586704,656.009,128
1394,1779714391582047349,1779714391560314213,-21.733136,418.581,128
1395,1779714391583479822,1779714391561050623,-22.429199,-263.59,128
1396,1779714391584338763,1779714391562681090,-21.657673,630.467,128
1397,1779714391585696056,1779714391564120071,-21.575985,438.981,128
1398,1779714391587230831,1779714391565563159,-21.667672,443.088,128
1399,1779714391588759558,1779714391566907841,-21.851717,344.682,128
1400,1779714391590121603,1779714391568516672,-21.604931,608.831,128
1401,1779714391591669722,1779714391570060369,-21.609353,543.697,128
1402,1779714391593141197,1779714391577981681,-15.159516,6921.312,128
1403,1779714391601113978,1779714391579404796,-21.709182,423.115,128
1404,1779714391602495530,1779714391580436778,-22.058752,31.982,128
1405,1779714391603632610,1779714391581477282,-22.155328,40.504,128
1406,1779714391604603144,1779714391583027242,-21.575902,549.96,128
1407,1779714391605826352,1779714391583965262,-21.86109,-61.98,128
1408,1779714391606835536,1779714391584880007,-21.955529,-85.255,128
1409,1779714391608074918,1779714391587067748,-21.00717,1187.741,128
1410,1779714391610112393,1779714391588417633,-21.69476,349.885,128
1411,1779714391611626696,1779714391590358575,-21.268121,940.942,128
1412,1779714391613666618,1779714391592210122,-21.456496,851.547,128
1413,1779714391615418453,1779714391595021712,-20.396741,1811.59,128
1414,1779714391618363990,1779714391597721281,-20.642709,1699.569,128
1415,1779714391620925680,1779714391598948161,-21.977519,226.88,128
1416,1779714391622161217,1779714391600445334,-21.715883,497.173,128
1417,1779714391623644812,1779714391602100308,-21.544504,654.974,128
1418,1779714391625254590,1779714391603277309,-21.977281,177.001,128
1419,1779714391626442002,1779714391604748360,-21.693642,471.051,128
1420,1779714391627910388,1779714391605654901,-22.255487,-93.459,128
1421,1779714391628826002,1779714391606802929,-22.023073,148.028,128
1422,1779714391630024187,1779714391608118730,-21.905457,315.801,128
1423,1779714391631350574,1779714391611078992,-20.271582,1960.262,128
1424,1779714391634230138,1779714391618228366,-16.001772,6149.374,128
1425,1779714391641226625,1779714391623363972,-17.862653,4135.606,128
1426,1779714391646396935,1779714391624753339,-21.643596,389.367,128
1427,1779714391647913079,1779714391626296285,-21.616794,542.946,128
1428,1779714391649429580,1779714391628236510,-21.19307,940.225,128
1429,1779714391651354252,1779714391629851635,-21.502617,615.125,128
1430,1779714391652982554,1779714391631411989,-21.570565,560.354,128
1431,1779714391654554983,1779714391634625155,-19.929828,2213.166,128
1432,1779714391657797228,1779714391636020901,-21.776327,395.746,128
1433,1779714391659179642,1779714391637315034,-21.864608,294.133,128
1434,1779714391660493755,1779714391638963487,-21.530268,648.453,128
1435,1779714391662093316,1779714391641847831,-20.245485,1884.344,128
1436,1779714391664922155,1779714391642467275,-22.45488,-380.556,128
1437,1779714391665731948,1779714391643321436,-22.410512,-145.839,128
1438,1779714391666487852,1779714391644908163,-21.579689,586.727,128
1439,1779714391668077469,1779714391646456352,-21.621117,548.189,128
1440,1779714391669515948,1779714391649147140,-20.368808,1690.788,128
1441,1779714391672253809,1779714391650591327,-21.662482,444.187,128
1442,1779714391673818591,1779714391652312777,-21.505814,721.45,128
1443,1779714391675461289,1779714391655328262,-20.133027,2015.485,128
1444,1779714391678397972,1779714391656657486,-21.740486,329.224,128
1445,1779714391679922810,1779714391657598339,-22.324471,-59.147,128
1446,1779714391680805354,1779714391658858753,-21.946601,260.414,128
1447,1779714391681947173,1779714391660121227,-21.825946,262.474,128
1448,1779714391683244175,1779714391661422217,-21.821958,300.99,128
1449,1779714391684647766,1779714391662625025,-22.022741,202.808,128
1450,1779714391685780517,1779714391664362587,-21.41793,737.562,128
1451,1779714391687422874,1779714391665390192,-22.032682,27.605,128
1452,1779714391688620169,1779714391667132027,-21.488142,741.835,128
1453,1779714391690213052,1779714391667918313,-22.294739,-213.714,128
1454,1779714391691114787,1779714391668929880,-22.184907,11.567,128
1455,1779714391692047328,1779714391670041415,-22.005913,111.535,128
1456,1779714391693193356,1779714391671563009,-21.630347,521.594,128
1457,1779714391694666129,1779714391673301331,-21.364798,738.322,128
1458,1779714391696354017,1779714391675329462,-21.024555,1028.131,128
1459,1779714391698340345,1779714391676362023,-21.978322,32.561,128
1460,1779714391699500723,1779714391677550521,-21.950202,188.498,128
1461,1779714391700702089,1779714391678567279,-22.13481,16.758,128
1462,1779714391701731027,1779714391679122768,-22.608259,-444.511,128
1463,1779714391702368653,1779714391680300552,-22.068101,177.784,128
1464,1779714391703465769,1779714391681467775,-21.997994,167.223,128
1465,1779714391704684008,1779714391682323766,-22.360242,-144.009,128
1466,1779714391705455609,1779714391683273405,-22.182204,-50.361,128
1467,1779714391706424172,1779714391684254079,-22.170093,-19.326,128
1468,1779714391707413532,1779714391685940161,-21.473371,686.082,128
1469,1779714391709097183,1779714391687084520,-22.012663,144.359,128
1470,1779714391710205657,1779714391687896726,-22.308931,-187.794,128
1471,1779714391711113134,1779714391688965201,-22.147933,68.475,128
1472,1779714391712187314,1779714391690300191,-21.887123,334.99,128
1473,1779714391713355612,1779714391691102038,-22.253574,-198.153,128
1474,1779714391714337854,1779714391691831335,-22.506519,-270.703,128
1475,1779714391714952505,1779714391692394966,-22.557539,-436.369,128
1476,1779714391715617276,1779714391693409620,-22.207656,14.654,128
1477,1779714391716636677,1779714391694343496,-22.293181,-66.124,128
1478,1779714391717635696,1779714391696413934,-21.221762,1070.438,128
1479,1779714391719388197,1779714391697536887,-21.85131,122.953,128
1480,1779714391720504253,1779714391698470758,-22.033495,-66.129,128
1481,1779714391721421058,1779714391699317046,-22.104012,-153.712,128
1482,1779714391722414366,1779714391699931443,-22.482923,-385.603,128
1483,1779714391723179744,1779714391700822605,-22.357139,-108.838,128
1484,1779714391723990644,1779714391702055675,-21.934969,233.07,128
1485,1779714391725231863,1779714391702762100,-22.469763,-293.575,128
1486,1779714391725942057,1779714391703928524,-22.013533,166.424,128
1487,1779714391727099662,1779714391705235059,-21.864603,306.535,128
1488,1779714391728308620,1779714391706290564,-22.018056,55.505,128
1489,1779714391729692770,1779714391708319744,-21.373026,1029.18,128
1490,1779714391731549411,1779714391709857345,-21.692066,537.601,128
1491,1779714391732934029,1779714391711223056,-21.710973,365.711,128
1492,1779714391734377077,1779714391712201217,-22.17586,-21.839,128
1493,1779714391735317112,1779714391713701601,-21.615511,500.384,128
1494,1779714391736862223,1779714391714846585,-22.015638,144.984,128
1495,1779714391737974650,1779714391715578522,-22.396128,-268.063,128
1496,1779714391738746953,1779714391716601201,-22.145752,22.679,128
1497,1779714391739770737,1779714391717583371,-22.187366,-17.83,128
1498,1779714391740763791,1779714391718313190,-22.450601,-270.181,128
1499,1779714391741500253,1779714391719280344,-22.219909,-32.846,128
1500,1779714391742452129,1779714391720251625,-22.200504,-28.719,128
1501,1779714391743426582,1779714391721591371,-21.835211,339.746,128
1502,1779714391744777848,1779714391722600831,-22.177017,9.46,128
1503,1779714391745812957,1779714391723971973,-21.840984,371.142,128
1504,1779714391747151971,1779714391724906844,-22.245127,-65.129,128
1505,1779714391748067483,1779714391726112545,-21.954938,205.701,128
1506,1779714391749287236,1779714391727105949,-22.181287,-6.596,128
1507,1779714391750330141,1779714391728330404,-21.999737,224.455,128
1508,1779714391751387012,1779714391729272657,-22.114355,-57.747,128
1509,1779714391752446396,1779714391730390694,-22.055702,118.037,128
1510,1779714391753495744,1779714391732289880,-21.205864,899.186,128
1511,1779714391755298597,1779714391733293447,-22.00515,3.567,128
1512,1779714391756424480,1779714391734297864,-22.126616,4.417,128
1513,1779714391757473394,1779714391735929909,-21.543485,632.045,128
1514,1779714391759036337,1779714391737051707,-21.98463,121.798,128
1515,1779714391760241363,1779714391738229740,-22.011623,178.033,128
1516,1779714391761285333,1779714391739326653,-21.95868,96.913,128
1517,1779714391762499016,1779714391740381064,-22.117952,54.411,128
1518,1779714391763627801,1779714391741428155,-22.199646,47.091,128
1519,1779714391764630989,1779714391742650383,-21.980606,222.228,128
1520,1779714391765798711,1779714391743771458,-22.027253,121.075,128
1521,1779714391766949961,1779714391744688504,-22.261457,-82.954,128
1522,1779714391767857410,1779714391745857947,-21.999463,169.443,128
1523,1779714391769032464,1779714391746974272,-22.058192,116.325,128
1524,1779714391770150387,1779714391747940460,-22.209927,-33.812,128
1525,1779714391771116628,1779714391754466835,-16.649793,5526.375,128
1526,1779714391777616038,1779714391755621359,-21.994679,154.524,128
1527,1779714391778767608,1779714391756810934,-21.956674,189.575,128
1528,1779714391780032888,1779714391760476122,-19.556766,2665.188,128
1529,1779714391783667217,1779714391761606223,-22.060994,130.101,128
1530,1779714391784827064,1779714391763038136,-21.788928,431.913,128
1531,1779714391786387361,1779714391764762935,-21.624426,724.799,128
1532,1779714391788034676,1779714391766510831,-21.523845,747.896,128
1533,1779714391789798548,1779714391767997985,-21.800563,487.154,128
1534,1779714391791162746,1779714391769280852,-21.881894,282.867,128
1535,1779714391792414413,1779714391770706678,-21.707735,425.826,128
1536,1779714391793714948,1779714391771977573,-21.737375,270.895,128
1537,1779714391795175808,1779714391773635330,-21.540478,657.757,128
1538,1779714391796843955,1779714391782726027,-14.117928,8090.697,128
1539,1779714391805988318,1779714391783906183,-22.082135,180.156,128
1540,1779714391807086377,1779714391785330098,-21.756279,423.915,128
1541,1779714391808482991,1779714391786782513,-21.700478,452.415,128
1542,1779714391810053513,1779714391787380221,-22.673292,-402.292,128
1543,1779714391810679717,1779714391788506184,-22.173533,125.963,128
1544,1779714391811729715,1779714391789762766,-21.966949,256.582,128
1545,1779714391813008711,1779714391790718039,-22.290672,-44.727,128
1546,1779714391814182124,1779714391792288327,-21.893797,570.288,128
1547,1779714391815455604,1779714391793666622,-21.788982,378.295,128
1548,1779714391816962254,1779714391794968805,-21.993449,302.183,128
1549,1779714391818255157,1779714391796773023,-21.482134,804.218,128
1550,1779714391820067368,1779714391798303224,-21.764144,530.201,128
1551,1779714391821506695,1779714391800065115,-21.44158,761.891,128
1552,1779714391823295843,1779714391802472805,-20.823038,1407.69,128
1553,1779714391825694492,1779714391804580760,-21.113732,1107.955,128
1554,1779714391827737631,1779714391806301976,-21.435655,721.216,128
1555,1779714391829423038,1779714391810685813,-18.737225,3383.837,128
1556,1779714391833772356,1779714391813234091,-20.538265,1548.278,128
1557,1779714391836335467,1779714391815112605,-21.222862,878.514,128
1558,1779714391838342077,1779714391817249402,-21.092675,1136.797,128
1559,1779714391840391882,1779714391819467875,-20.924007,1218.473,128
1560,1779714391842661152,1779714391821126640,-21.534512,658.765,128
1561,1779714391844416541,1779714391822953405,-21.463136,826.765,128
1562,1779714391846255272,1779714391824937823,-21.317449,984.418,128
1563,1779714391848221465,1779714391826561110,-21.660355,623.287,128
1564,1779714391849794372,1779714391828374133,-21.420239,813.023,128
1565,1779714391851367816,1779714391829733594,-21.634222,359.461,128
1566,1779714391853022180,1779714391831370818,-21.651362,637.224,128
1567,1779714391854564623,1779714391833514088,-21.050535,1143.27,128
1568,1779714391856709581,1779714391834675746,-22.033835,161.658,128
1569,1779714391857944366,1779714391836534946,-21.40942,859.2,128
1570,1779714391859834243,1779714391838551630,-21.282613,1016.684,128
1571,1779714391861678925,1779714391840080930,-21.597995,529.3,128
1572,1779714391863304303,1779714391841703485,-21.600818,622.555,128
1573,1779714391865538291,1779714391846029027,-19.509264,3325.542,128
1574,1779714391869123845,1779714391847538956,-21.584889,509.929,128
1575,1779714391870669503,1779714391848719245,-21.950258,180.289,128
1576,1779714391871938195,1779714391850037122,-21.901073,317.877,128
1577,1779714391873208252,1779714391851626958,-21.581294,589.836,128
1578,1779714391874724835,1779714391853291671,-21.433164,664.713,128
1579,1779714391876397428,1779714391854434391,-21.963037,142.72,128
1580,1779714391877529778,1779714391855812894,-21.716884,378.503,128
1581,1779714391878975132,1779714391857243481,-21.731651,430.587,128
1582,1779714391880353749,1779714391858567959,-21.78579,324.478,128
1583,1779714391881821361,1779714391859808594,-22.012767,240.635,128
1584,1779714391883070421,1779714391861565869,-21.504552,757.275,128
1585,1779714391884734748,1779714391862816165,-21.918583,250.296,128
1586,1779714391886025598,1779714391864622662,-21.402936,806.497,128
1587,1779714391887723563,1779714391866005142,-21.718421,382.48,128
1588,1779714391889170280,1779714391867344337,-21.825943,339.195,128
1589,1779714391890455373,1779714391868637677,-21.817696,293.34,128
1590,1779714391891772804,1779714391870296724,-21.47608,659.047,128
1591,1779714391893716700,1779714391872406479,-21.310221,1109.755,128
1592,1779714391895569526,1779714391874156482,-21.413044,750.003,128
1593,1779714391897080577,1779714391875564070,-21.516507,407.588,128
1594,1779714391898711793,1779714391878971579,-19.740214,2407.509,128
1595,1779714391902143326,1779714391880688705,-21.454621,717.126,128
1596,1779714391903876563,1779714391883066726,-20.809837,1378.021,128
1597,1779714391906339697,1779714391885266471,-21.073226,1199.745,128
1598,1779714391908230261,1779714391886351505,-21.878756,85.034,128
1599,1779714391909681754,1779714391890330268,-19.351486,2978.763,128
1600,1779714391914333545,1779714391898975342,-15.358203,7645.074,128
1601,1779714391922077327,1779714391901877022,-20.200305,1901.68,128
1602,1779714391925158250,1779714391906444190,-18.71406,3567.168,128
1603,1779714391929615251,1779714391908479437,-21.135814,1035.247,128
1604,1779714391931465575,1779714391910266064,-21.199511,786.627,128
1605,1779714391933237215,1779714391912047472,-21.189743,781.408,128
1606,1779714391935214189,1779714391913709077,-21.505112,661.605,128
1607,1779714391937009548,1779714391917912096,-19.097452,3203.019,128
1608,1779714391941108074,1779714391931697421,-9.410653,12785.325,128
1609,1779714391954705306,1779714391955292413,0.587107,22594.992,128
1610,1779714391978459389,1779714391958124316,-20.335073,1831.903,128
1611,1779714391981229741,1779714391961356058,-19.873683,2231.742,128
1612,1779714391984401413,1779714391976955294,-7.446119,14599.236,128
1613,1779714392000182957,1779714391979659781,-20.523176,1704.487,128
1614,1779714392002898810,1779714391981675177,-21.223633,1015.396,128
1615,1779714392004782017,1779714391983954476,-20.827541,1279.299,128
1616,1779714392007116340,1779714391985951208,-21.165132,996.732,128
1617,1779714392009029317,1779714391988223829,-20.805488,1272.621,128
1618,1779714392011389976,1779714391990744856,-20.64512,1521.027,128
1619,1779714392013933439,1779714391993200982,-20.732457,1456.126,128
1620,1779714392016450274,1779714391995903339,-20.546935,1702.357,128
1621,1779714392019085622,1779714391998265190,-20.820432,1361.851,128
1622,1779714392021465490,1779714392000250105,-21.215385,984.915,128
1623,1779714392023365583,1779714392001912110,-21.453473,662.005,128
1624,1779714392025063522,1779714392003805391,-21.258131,893.281,128
1625,1779714392026916690,1779714392006060216,-20.856474,1254.825,128
1626,1779714392029213907,1779714392008404455,-20.809452,1344.239,128
1627,1779714392031255682,1779714392012134592,-19.12109,2730.137,128
1628,1779714392035365473,1779714392014082154,-21.283319,947.562,128
1629,1779714392037182636,1779714392015993308,-21.189328,911.154,128
1630,1779714392039199706,1779714392019991247,-19.208459,2997.939,128
1631,1779714392043085738,1779714392021823708,-21.26203,832.461,128
1632,1779714392044915892,1779714392023745023,-21.170869,921.315,128
1633,1779714392046909080,1779714392025951526,-20.957554,1206.503,128
1634,1779714392049087154,1779714392028569893,-20.517261,1618.367,128
1635,1779714392051723749,1779714392031327466,-20.396283,1757.573,128
1636,1779714392054500251,1779714392033631377,-20.868874,1303.911,128
1637,1779714392056786245,1779714392035519521,-21.266724,888.144,128
1638,1779714392058667999,1779714392037721868,-20.946131,1202.347,128
1639,1779714392060928024,1779714392040419060,-20.508964,1697.192,128
1640,1779714392063492157,1779714392050198737,-13.29342,8779.677,128
1641,1779714392073374487,1779714392053450962,-19.923525,2252.225,128
1642,1779714392076487874,1779714392055536284,-20.95159,1085.322,128
1643,1779714392078706160,1779714392057311526,-21.394634,775.242,128
1644,1779714392080469488,1779714392059229463,-21.240025,917.937,128
1645,1779714392082460352,1779714392061198100,-21.262252,968.637,128
1646,1779714392084356040,1779714392062935481,-21.420559,737.381,128
1647,1779714392086095918,1779714392064700264,-21.395654,764.783,128
1648,1779714392087816196,1779714392066408796,-21.4074,708.532,128
1649,1779714392089686006,1779714392068098778,-21.587228,689.982,128
1650,1779714392091287599,1779714392070125090,-21.162509,1026.312,128
1651,1779714392093217950,1779714392072314727,-20.903223,1189.637,128
1652,1779714392095625839,1779714392075724620,-19.901219,2409.893,128
1653,1779714392097202581,1779714392075830878,-21.371703,-893.742,128
1654,1779714392098977130,1779714392077514000,-21.46313,683.122,128
1655,1779714392100643566,1779714392079016343,-21.627223,502.343,128
1656,1779714392102139149,1779714392080735738,-21.403411,719.395,128
1657,1779714392103744417,1779714392082498810,-21.245607,763.072,128
1658,1779714392105686740,1779714392084289959,-21.396781,791.149,128
1659,1779714392107386278,1779714392086111205,-21.275073,821.246,128
1660,1779714392109384497,1779714392087890515,-21.493982,779.31,128
1661,1779714392110972323,1779714392089509227,-21.463096,618.712,128
1662,1779714392112675365,1779714392091394068,-21.281297,884.841,128
1663,1779714392114678870,1779714392093077970,-21.6009,683.902,128
1664,1779714392116171444,1779714392094737930,-21.433514,659.96,128
1665,1779714392117805412,1779714392096874941,-20.930471,1137.011,128
1666,1779714392119985743,1779714392098872923,-21.11282,997.982,128
1667,1779714392122001349,1779714392100480931,-21.520418,608.008,128
1668,1779714392123521521,1779714392102048320,-21.473201,567.389,128
1669,1779714392125114248,1779714392103783871,-21.330377,735.551,128
1670,1779714392126913414,1779714392105817569,-21.095845,1033.698,128
1671,1779714392128922919,1779714392107574836,-21.348083,757.267,128
1672,1779714392130670233,1779714392109558958,-21.111275,984.122,128
1673,1779714392132465602,1779714392111262884,-21.202718,703.926,128
1674,1779714392134383026,1779714392113302686,-21.08034,1039.802,128
1675,1779714392136479381,1779714392115120883,-21.358498,818.197,128
1676,1779714392138323744,1779714392117460071,-20.863673,1339.188,128
1677,1779714392140640294,1779714392118863173,-21.777121,403.102,128
1678,1779714392142013076,1779714392120271211,-21.741865,408.038,128
1679,1779714392143424254,1779714392121659022,-21.765232,387.811,128
1680,1779714392144826926,1779714392123490571,-21.336355,831.549,128
1681,1779714392146745443,1779714392125337080,-21.408363,846.509,128
1682,1779714392148597251,1779714392127263217,-21.334034,926.137,128
1683,1779714392150416705,1779714392128487933,-21.928772,224.716,128
1684,1779714392151754798,1779714392130253717,-21.501081,765.784,128
1685,1779714392153370147,1779714392131653485,-21.716662,399.768,128
1686,1779714392154887028,1779714392133282352,-21.604676,628.867,128
1687,1779714392156375782,1779714392134890313,-21.485469,607.961,128
1688,1779714392158104132,1779714392136421114,-21.683018,530.801,128
1689,1779714392159507041,1779714392137751065,-21.755976,329.951,128
1690,1779714392160897312,1779714392139552058,-21.345254,800.993,128
1691,1779714392162746894,1779714392141065323,-21.681571,513.265,128
1692,1779714392164270684,1779714392142574864,-21.69582,509.541,128
1693,1779714392165776939,1779714392143867934,-21.909005,293.07,128
1694,1779714392167087704,1779714392145263754,-21.82395,395.82,128
1695,1779714392168476045,1779714392146980641,-21.495404,716.887,128
1696,1779714392170343777,1779714392149658818,-20.684959,1678.177,128
1697,1779714392172816237,1779714392150780432,-22.035805,121.614,128
1698,1779714392174093137,1779714392152536246,-21.556891,755.814,128
1699,1779714392175369608,1779714392153610261,-21.759347,74.015,128
1700,1779714392176818971,1779714392154744112,-22.074859,133.851,128
1701,1779714392178092893,1779714392156278659,-21.814234,534.547,128
1702,1779714392179378735,1779714392157532350,-21.846385,253.691,128
1703,1779714392180778445,1779714392160035996,-20.742449,1503.646,128
1704,1779714392183240852,1779714392161583241,-21.657611,547.245,128
1705,1779714392184786680,1779714392163217850,-21.56883,634.609,128
1706,1779714392186348947,1779714392164652321,-21.696626,434.471,128
1707,1779714392187970982,1779714392166238473,-21.732509,586.152,128
1708,1779714392189355150,1779714392167363224,-21.991926,124.751,128
1709,1779714392190689978,1779714392168760478,-21.9295,397.254,128
1710,1779714392192017386,1779714392170371640,-21.645746,611.162,128
1711,1779714392193415619,1779714392171646096,-21.769523,274.456,128
1712,1779714392194881178,1779714392173012142,-21.869036,366.046,128
1713,1779714392196203726,1779714392174337915,-21.865811,325.773,128
1714,1779714392197688864,1779714392175734881,-21.953983,396.966,128
1715,1779714392199017602,1779714392177925078,-21.092524,1190.197,128
1716,1779714392201268712,1779714392179959906,-21.308806,1034.828,128
1717,1779714392203167553,1779714392181431021,-21.736532,471.115,128
1718,1779714392204575157,1779714392182717425,-21.857732,286.404,128
1719,1779714392205873537,1779714392184079449,-21.794088,362.024,128
1720,1779714392207252039,1779714392185984181,-21.267858,904.732,128
1721,1779714392209191895,1779714392187563836,-21.628059,579.655,128
1722,1779714392210851321,1779714392189266824,-21.584497,702.988,128
1723,1779714392212349944,1779714392190676275,-21.673669,409.451,128
1724,1779714392213849432,1779714392191885047,-21.964385,208.772,128
1725,1779714392215046430,1779714392193377588,-21.668842,492.541,128
1726,1779714392216615778,1779714392195400468,-21.21531,1022.88,128
1727,1779714392218466528,1779714392197054358,-21.41217,653.89,128
1728,1779714392220174018,1779714392198671554,-21.502464,617.196,128
1729,1779714392221806961,1779714392200483583,-21.323378,812.029,128
1730,1779714392223520061,1779714392202265703,-21.254358,782.12,128
1731,1779714392225282108,1779714392203904327,-21.377781,638.624,128
1732,1779714392227088239,1779714392206041008,-21.047231,1136.681,128
1733,1779714392229114459,1779714392207644872,-21.469587,603.864,128
1734,1779714392230716357,1779714392208728493,-21.987864,83.621,128
1735,1779714392231937966,1779714392210430270,-21.507696,701.777,128
1736,1779714392233508396,1779714392212442652,-21.065744,1012.382,128
1737,1779714392235427581,1779714392213978293,-21.449288,535.641,128
1738,1779714392237136849,1779714392216448825,-20.688024,1470.532,128
1739,1779714392239659554,1779714392218234443,-21.425111,785.618,128
1740,1779714392241426085,1779714392219896209,-21.529876,661.766,128
1741,1779714392242978809,1779714392221214423,-21.764386,318.214,128
1742,1779714392244403158,1779714392222755058,-21.6481,540.635,128
1743,1779714392246054430,1779714392225249380,-20.80505,1494.322,128
1744,1779714392248434519,1779714392227129242,-21.305277,879.862,128
1745,1779714392250314034,1779714392229019013,-21.295021,889.771,128
1746,1779714392252196600,1779714392230785050,-21.41155,766.037,128
1747,1779714392253971248,1779714392232400556,-21.570692,615.506,128
1748,1779714392255432356,1779714392234243684,-21.188672,843.128,128
1749,1779714392257330067,1779714392235742799,-21.587268,499.115,128
1750,1779714392258983895,1779714392237729836,-21.254059,987.037,128
1751,1779714392260828777,1779714392239274091,-21.554686,544.255,128
1752,1779714392262475048,1779714392241245862,-21.229186,971.771,128
1753,1779714392264366301,1779714392242928676,-21.437625,682.814,128
1754,1779714392266132005,1779714392244790353,-21.341652,861.677,128
1755,1779714392267656639,1779714392246040096,-21.616543,249.743,128
1756,1779714392269229620,1779714392248223522,-21.006098,1183.426,128
1757,1779714392271330972,1779714392250255175,-21.075797,1031.653,128
1758,1779714392273368087,1779714392251941330,-21.426757,686.155,128
1759,1779714392274952219,1779714392253269760,-21.682459,328.43,128
1760,1779714392276468236,1779714392255287054,-21.181182,1017.294,128
1761,1779714392278455815,1779714392256864098,-21.591717,577.044,128
1762,1779714392280012603,1779714392258262189,-21.750414,398.091,128
1763,1779714392281268294,1779714392260233204,-21.03509,971.015,128
1764,1779714392283355480,1779714392262007590,-21.34789,774.386,128
1765,1779714392285094139,1779714392263885654,-21.208485,878.064,128
1766,1779714392286890950,1779714392265566139,-21.324811,680.485,128
1767,1779714392288843969,1779714392267575182,-21.268787,1009.043,128
1768,1779714392290747412,1779714392269338188,-21.409224,763.006,128
1769,1779714392292369290,1779714392271193800,-21.17549,855.612,128
1770,1779714392294280874,1779714392272244033,-22.036841,50.233,128
1771,1779714392295418890,1779714392274386445,-21.032445,1142.412,128
1772,1779714392297497745,1779714392275680258,-21.817487,293.813,128
1773,1779714392298795305,1779714392277749525,-21.04578,1069.267,128
1774,1779714392300850933,1779714392279802271,-21.048662,1052.746,128
1775,1779714392302898452,1779714392281625537,-21.272915,823.266,128
1776,1779714392304659071,1779714392282944516,-21.714555,318.979,128
1777,1779714392306046868,1779714392284921890,-21.124978,977.374,128
1778,1779714392308013386,1779714392286991974,-21.021412,1070.084,128
1779,1779714392310066904,1779714392288823087,-21.243817,831.113,128
1780,1779714392312058522,1779714392290411508,-21.647014,588.421,128
1781,1779714392313532360,1779714392292136147,-21.396213,724.639,128
1782,1779714392315271669,1779714392293803935,-21.467734,667.788,128
1783,1779714392317091721,1779714392295399789,-21.691932,595.854,128
1784,1779714392318620816,1779714392296972954,-21.647862,573.165,128
1785,1779714392320056974,1779714392298704220,-21.352754,731.266,128
1786,1779714392321863895,1779714392300053199,-21.810696,348.979,128
1787,1779714392323246354,1779714392301818444,-21.42791,765.245,128
1788,1779714392324918529,1779714392303019387,-21.899142,200.943,128
1789,1779714392326248536,1779714392304736139,-21.512397,716.752,128
1790,1779714392327911135,1779714392306735333,-21.175802,999.194,128
1791,1779714392329999453,1779714392308681212,-21.318241,945.879,128
1792,1779714392331806997,1779714392310949254,-20.857743,1268.042,128
1793,1779714392334109547,1779714392312368016,-21.741531,418.762,128
1794,1779714392335679742,1779714392314099618,-21.580124,731.602,128
1795,1779714392337302969,1779714392315985880,-21.317089,886.262,128
1796,1779714392339109254,1779714392317255069,-21.854185,269.189,128
1797,1779714392340494074,1779714392319295085,-21.198989,1040.016,128
1798,1779714392341987790,1779714392321315243,-20.672547,1020.158,128
1799,1779714392344447279,1779714392322882290,-21.564989,567.047,128
1800,1779714392346056756,1779714392325230891,-20.825865,1348.601,128
1801,1779714392348327261,1779714392326882337,-21.444924,651.446,128
1802,1779714392350053987,1779714392329269940,-20.784047,1387.603,128
1803,1779714392352420477,1779714392331022385,-21.398092,752.445,128
1804,1779714392354174362,1779714392333227549,-20.946813,1205.164,128
1805,1779714392356105429,1779714392334775495,-21.329934,547.946,128
1806,1779714392358025991,1779714392336371607,-21.654384,596.112,128
1807,1779714392359487359,1779714392337686790,-21.800569,315.183,128
1808,1779714392360879498,1779714392339308710,-21.570788,621.92,128
1809,1779714392362433482,1779714392340847726,-21.585756,539.016,128
1810,1779714392364025853,1779714392342766955,-21.258898,919.229,128
1811,1779714392366006838,1779714392344144835,-21.862003,377.88,128
1812,1779714392367307254,1779714392345826817,-21.480437,681.982,128
1813,1779714392369091576,1779714392347177000,-21.914576,350.183,128
1814,1779714392370288694,1779714392348519053,-21.769641,342.053,128
1815,1779714392371703528,1779714392350150375,-21.553153,631.322,128
1816,1779714392373237088,1779714392352110748,-21.12634,960.373,128
1817,1779714392375197322,1779714392353725326,-21.471996,614.578,128
1818,1779714392376920827,1779714392355089146,-21.831681,363.82,128
1819,1779714392378235218,1779714392356474775,-21.760443,385.629,128
1820,1779714392379507240,1779714392357797552,-21.709688,322.777,128
1821,1779714392380962721,1779714392359029128,-21.933593,231.576,128
1822,1779714392382234646,1779714392360720411,-21.514235,691.283,128
1823,1779714392383669338,1779714392362088203,-21.581135,367.792,128
1824,1779714392385265597,1779714392363304276,-21.961321,216.073,128
1825,1779714392386504734,1779714392365969426,-20.535308,1665.15,128
1826,1779714392387947390,1779714392371315404,-16.631986,4345.978,128
1827,1779714392394586909,1779714392374998589,-19.58832,2683.185,128
1828,1779714392398147350,1779714392381513270,-16.63408,5514.681,128
1829,1779714392404232556,1779714392383843842,-20.388714,1330.572,128
1830,1779714392406887997,1779714392385974908,-20.913089,1131.066,128
1831,1779714392408996536,1779714392386922179,-22.074357,-52.729,128
1832,1779714392410200309,1779714392388684494,-21.515815,762.315,128
1833,1779714392411787521,1779714392390077473,-21.710048,392.979,128
1834,1779714392413277980,1779714392392017419,-21.260561,939.946,128
1835,1779714392414756736,1779714392393317238,-21.439498,299.819,128
1836,1779714392416476311,1779714392395027006,-21.449305,709.768,128
1837,1779714392418181639,1779714392396768818,-21.412821,741.812,128
1838,1779714392419874609,1779714392397817069,-22.05754,48.251,128
1839,1779714392420960990,1779714392399214028,-21.746962,396.959,128
1840,1779714392422366634,1779714392400555856,-21.810778,341.828,128
1841,1779714392423738263,1779714392402657468,-21.080795,1101.612,128
1842,1779714392425829246,1779714392404686064,-21.143182,1028.596,128
1843,1779714392427751385,1779714392406295775,-21.45561,609.711,128
1844,1779714392429424642,1779714392408071613,-21.353029,775.838,128
1845,1779714392431250793,1779714392409861933,-21.38886,790.32,128
1846,1779714392433053142,1779714392411474232,-21.57891,612.299,128
1847,1779714392434632842,1779714392413353569,-21.279273,879.337,128
1848,1779714392436325077,1779714392414648001,-21.677076,294.432,128
1849,1779714392437748639,1779714392415964874,-21.783765,316.873,128
1850,1779714392439084498,1779714392417169879,-21.914619,205.005,128
1851,1779714392440343717,1779714392418834439,-21.509278,664.56,128
1852,1779714392441939366,1779714392420074645,-21.864721,240.206,128
1853,1779714392443268050,1779714392421699251,-21.568799,624.606,128
1854,1779714392444878849,1779714392423790077,-21.088772,1090.826,128
1855,1779714392446889080,1779714392425559914,-21.329166,769.837,128
1856,1779714392448659347,1779714392427289283,-21.370064,729.369,128
1857,1779714392450499115,1779714392429264471,-21.234644,975.188,128
1858,1779714392452421930,1779714392430874651,-21.547279,610.18,128
1859,1779714392453870622,1779714392432243061,-21.627561,368.41,128
1860,1779714392455325604,1779714392433708698,-21.616906,465.637,128
1861,1779714392456906212,1779714392435716060,-21.190152,1007.362,128
1862,1779714392458812260,1779714392437055658,-21.756602,339.598,128
1863,1779714392460226697,1779714392438419500,-21.807197,363.842,128
1864,1779714392461624419,1779714392439795461,-21.828958,375.961,128
1865,1779714392462969487,1779714392441274173,-21.695314,478.712,128
1866,1779714392464391862,1779714392442853366,-21.538496,579.193,128
1867,1779714392466003144,1779714392444200268,-21.802876,346.902,128
1868,1779714392467296562,1779714392445272413,-22.024149,72.145,128
1869,1779714392468433165,1779714392446700692,-21.732473,428.279,128
1870,1779714392469811637,1779714392449097478,-20.714159,1396.786,128
1871,1779714392472216216,1779714392450657624,-21.558592,560.146,128
1872,1779714392473756327,1779714392452051191,-21.705136,393.567,128
1873,1779714392475316304,1779714392454270659,-21.045645,1219.468,128
1874,1779714392477401660,1779714392455684605,-21.717055,413.946,128
1875,1779714392478800861,1779714392456914388,-21.886473,229.783,128
1876,1779714392480081920,1779714392458172376,-21.909544,257.988,128
1877,1779714392481291577,1779714392459636626,-21.654951,464.25,128
1878,1779714392482738723,1779714392461048141,-21.690582,411.515,128
1879,1779714392484192789,1779714392462745710,-21.447079,697.569,128
1880,1779714392485839091,1779714392464418091,-21.421,672.381,128
1881,1779714392487363020,1779714392465777423,-21.585597,359.332,128
1882,1779714392488926406,1779714392467506222,-21.420184,728.799,128
1883,1779714392490677922,1779714392468853556,-21.824366,347.334,128
1884,1779714392491967323,1779714392470366946,-21.600377,513.39,128
1885,1779714392493421257,1779714392472108273,-21.312984,741.327,128
1886,1779714392495101195,1779714392473574778,-21.526417,466.505,128
1887,1779714392496715737,1779714392474862751,-21.852986,287.973,128
1888,1779714392498078932,1779714392476131706,-21.947226,268.955,128
1889,1779714392499286799,1779714392478067723,-21.219076,936.017,128
1890,1779714392501031672,1779714392479151003,-21.880669,83.28,128
1891,1779714392502112038,1779714392479770453,-22.341585,-380.55,128
1892,1779714392502948605,1779714392481628516,-21.320089,858.063,128
1893,1779714392504753077,1779714392483268407,-21.48467,639.891,128
1894,1779714392506357606,1779714392484505708,-21.851898,237.301,128
1895,1779714392507668874,1779714392486303123,-21.365751,797.415,128
1896,1779714392509494343,1779714392488246398,-21.247945,943.275,128
1897,1779714392511383771,1779714392489861445,-21.522326,615.047,128
1898,1779714392512994476,1779714392491647496,-21.34698,786.051,128
1899,1779714392514734899,1779714392493010130,-21.724769,362.634,128
1900,1779714392516188991,1779714392494473074,-21.715917,462.944,128
1901,1779714392517624180,1779714392495822990,-21.80119,349.916,128
1902,1779714392518978680,1779714392497143201,-21.835479,320.211,128
1903,1779714392520416091,1779714392498395337,-22.020754,252.136,128
1904,1779714392521633961,1779714392500019528,-21.614433,624.191,128
1905,1779714392522931770,1779714392501669035,-21.262735,649.507,128
1906,1779714392524684353,1779714392503239650,-21.444703,570.615,128
1907,1779714392526421335,1779714392504806165,-21.61517,566.515,128
1908,1779714392527971444,1779714392506085113,-21.886331,278.948,128
1909,1779714392529256867,1779714392507466280,-21.790587,381.167,128
1910,1779714392530677139,1779714392509072270,-21.604869,605.99,128
1911,1779714392531992916,1779714392510383808,-21.609108,311.538,128
1912,1779714392533443717,1779714392512049968,-21.393749,666.16,128
1913,1779714392535132749,1779714392513707110,-21.425639,657.142,128
1914,1779714392536726276,1779714392515253453,-21.472823,546.343,128
1915,1779714392538394938,1779714392516980718,-21.41422,727.265,128
1916,1779714392540129467,1779714392518542723,-21.586744,562.005,128
1917,1779714392541429907,1779714392519929668,-21.500239,386.945,128
1918,1779714392542976297,1779714392521615905,-21.360392,686.237,128
1919,1779714392544636931,1779714392523221592,-21.415339,605.687,128
1920,1779714392546359952,1779714392527236955,-19.122997,3015.363,128
1921,1779714392549025218,1779714392527378763,-21.646455,-858.192,128
1922,1779714392550378015,1779714392529211714,-21.166301,832.951,128
1923,1779714392552267041,1779714392532835164,-19.431877,2623.45,128
1924,1779714392556033649,1779714392536972174,-19.061475,3137.01,128
1925,1779714392560111128,1779714392542820655,-17.290473,4848.481,128
1926,1779714392565814440,1779714392545840483,-19.973957,2019.828,128
1927,1779714392568911928,1779714392548736373,-20.175555,1895.89,128
1928,1779714392571845435,1779714392550772360,-21.073075,1035.987,128
1929,1779714392573786745,1779714392554257968,-19.528777,2485.608,128
1930,1779714392577258804,1779714392556812290,-20.446514,1554.322,128
1931,1779714392580233300,1779714392559565046,-20.668254,1752.756,128
1932,1779714392582805571,1779714392562067319,-20.738252,1502.273,128
1933,1779714392585135504,1779714392564512204,-20.6233,1444.885,128
1934,1779714392587434679,1779714392566290634,-21.144045,778.43,128
1935,1779714392589318021,1779714392567648421,-21.6696,357.787,128
1936,1779714392590703079,1779714392569500327,-21.202752,851.906,128
1937,1779714392592622981,1779714392571307363,-21.315618,807.036,128
1938,1779714392594336334,1779714392573256069,-21.080265,948.706,128
1939,1779714392596362916,1779714392574567160,-21.795756,311.091,128
1940,1779714392597663407,1779714392576106272,-21.557135,539.112,128
1941,1779714392599218545,1779714392577782597,-21.435948,676.325,128
1942,1779714392600862617,1779714392579411554,-21.451063,628.957,128
1943,1779714392602537287,1779714392581334165,-21.203122,922.611,128
1944,1779714392604311877,1779714392583239057,-21.07282,904.892,128
1945,1779714392606292503,1779714392584601201,-21.691302,362.144,128
1946,1779714392607673740,1779714392585983103,-21.690637,381.902,128
1947,1779714392608984163,1779714392587329809,-21.654354,346.706,128
1948,1779714392610445096,1779714392589096226,-21.34887,766.417,128
1949,1779714392612146981,1779714392591168018,-20.978963,1071.792,128
1950,1779714392614204205,1779714392592435390,-21.768815,267.372,128
1951,1779714392615505028,1779714392593717181,-21.787847,281.791,128
1952,1779714392616931906,1779714392595256683,-21.675223,539.502,128
1953,1779714392618285136,1779714392596671662,-21.613474,414.979,128
1954,1779714392619765360,1779714392598086342,-21.679018,414.68,128
1955,1779714392621276719,1779714392599489271,-21.787448,402.929,128
1956,1779714392622650392,1779714392601232126,-21.418266,742.855,128
1957,1779714392624323423,1779714392604108121,-20.215302,1875.995,128
1958,1779714392627309690,1779714392605829656,-21.480034,721.535,128
1959,1779714392628935933,1779714392607327773,-21.60816,498.117,128
1960,1779714392630396021,1779714392608745014,-21.651007,417.241,128
1961,1779714392631948907,1779714392610290505,-21.658402,545.491,128
1962,1779714392633362844,1779714392611270401,-22.092443,-20.104,128
1963,1779714392634307631,1779714392612715380,-21.592251,444.979,128
1964,1779714392635747443,1779714392614760066,-20.987377,1044.686,128
1965,1779714392637645173,1779714392616255143,-21.39003,495.077,128
1966,1779714392639350525,1779714392617888479,-21.462046,633.336,128
1967,1779714392640965799,1779714392619585302,-21.380497,696.823,128
1968,1779714392642625770,1779714392621561094,-21.064676,975.792,128
1969,1779714392644476979,1779714392622986059,-21.49092,424.965,128
1970,1779714392646124397,1779714392624085479,-22.038918,99.42,128
1971,1779714392647199565,1779714392625587946,-21.611619,502.467,128
1972,1779714392648714922,1779714392626718546,-21.996376,130.6,128
1973,1779714392649825683,1779714392628924807,-20.900876,1206.261,128
1974,1779714392651767339,1779714392630362741,-21.404598,437.934,128
1975,1779714392653301130,1779714392631784990,-21.51614,422.249,128
1976,1779714392654837005,1779714392633063285,-21.77372,278.295,128
1977,1779714392656219720,1779714392634703953,-21.515767,640.668,128
1978,1779714392657727405,1779714392636278611,-21.448794,574.658,128
1979,1779714392659287691,1779714392638205754,-21.081937,927.143,128
1980,1779714392661163232,1779714392641480117,-19.683115,2274.363,128
1981,1779714392664638812,1779714392643345412,-21.2934,865.295,128
1982,1779714392666375386,1779714392644865733,-21.509653,520.321,128
1983,1779714392667972037,1779714392646611601,-21.360436,745.868,128
1984,1779714392669722180,1779714392647892565,-21.829615,280.964,128
1985,1779714392670977224,1779714392649129019,-21.848205,236.454,128
1986,1779714392672243629,1779714392650559197,-21.684432,430.178,128
1987,1779714392673647210,1779714392652393843,-21.253367,834.646,128
1988,1779714392675660740,1779714392654511962,-21.148778,1118.119,128
1989,1779714392677258085,1779714392655918310,-21.339775,406.348,128
1990,1779714392679078225,1779714392657103083,-21.975142,184.773,128
1991,1779714392680327152,1779714392658825577,-21.501575,722.494,128
1992,1779714392682005650,1779714392660555301,-21.450349,729.724,128
1993,1779714392683611935,1779714392663978331,-19.633604,2423.03,128
1994,1779714392686995316,1779714392667196580,-19.798736,2218.249,128
1995,1779714392690276488,1779714392670038308,-20.23818,1841.728,128
1996,1779714392693084108,1779714392671907934,-21.176174,869.626,128
1997,1779714392694979060,1779714392673764193,-21.214867,856.259,128
1998,1779714392696928339,1779714392675517029,-21.41131,752.836,128
1999,1779714392698630691,1779714392677385391,-21.2453,868.362,128
2000,1779714392700688634,1779714392680358805,-20.329829,1973.414,128
2001,1779714392703557073,1779714392682250182,-21.306891,891.377,128
2002,1779714392705326802,1779714392683959590,-21.367212,709.408,128
2003,1779714392707211446,1779714392686384692,-20.826754,1425.102,128
2004,1779714392709457286,1779714392688072673,-21.384613,687.981,128
2005,1779714392711295913,1779714392689721739,-21.574174,649.066,128
2006,1779714392712950332,1779714392691423041,-21.527291,701.302,128
2007,1779714392714499869,1779714392693393145,-21.106724,970.104,128
2008,1779714392716606297,1779714392695183185,-21.423112,790.04,128
2009,1779714392718348474,1779714392696880431,-21.468043,697.246,128
2010,1779714392720018780,1779714392698477160,-21.54162,596.729,128
2011,1779714392721476406,1779714392700379655,-21.096751,902.495,128
2012,1779714392723474208,1779714392701910782,-21.563426,531.127,128
2013,1779714392724998186,1779714392703921977,-21.076209,1011.195,128
2014,1779714392727094405,1779714392706880360,-20.214045,1958.383,128
2015,1779714392729964738,1779714392709250441,-20.714297,1370.081,128
2016,1779714392732215166,1779714392710358975,-21.856191,108.534,128
2017,1779714392733592365,1779714392711956754,-21.635611,597.779,128
2018,1779714392735049497,1779714392714012933,-21.036564,1056.179,128
2019,1779714392737134829,1779714392715687363,-21.447466,674.43,128
2020,1779714392738749163,1779714392717263415,-21.485748,576.052,128
2021,1779714392740483389,1779714392718035255,-22.448134,-228.16,128
2022,1779714392741312009,1779714392719795499,-21.51651,760.244,128
2023,1779714392742935778,1779714392721222598,-21.71318,427.099,128
2024,1779714392744326200,1779714392722362254,-21.963946,139.656,128
2025,1779714392745823955,1779714392724211100,-21.612855,848.846,128
2026,1779714392747447972,1779714392726067646,-21.380326,856.546,128
2027,1779714392749221356,1779714392727397371,-21.823985,329.725,128
2028,1779714392750625141,1779714392728308897,-22.316244,-88.474,128
2029,1779714392751486878,1779714392729942658,-21.54422,633.761,128
2030,1779714392753118129,1779714392731308368,-21.809761,365.71,128
2031,1779714392754317468,1779714392733021852,-21.295616,713.484,128
2032,1779714392755970139,1779714392734418253,-21.551886,396.401,128
2033,1779714392757500170,1779714392735558796,-21.941374,140.543,128
2034,1779714392758768214,1779714392736725860,-22.042354,167.064,128
2035,1779714392759814751,1779714392737857867,-21.956884,132.007,128
2036,1779714392760983900,1779714392738936112,-22.047788,78.245,128
2037,1779714392762068194,1779714392740169325,-21.898869,233.213,128
2038,1779714392763315881,1779714392741914769,-21.401112,745.444,128
2039,1779714392764957219,1779714392743420324,-21.536895,505.555,128
2040,1779714392766632973,1779714392744753761,-21.879212,333.437,128
2041,1779714392767848896,1779714392746216261,-21.632635,462.5,128
2042,1779714392769352101,1779714392747489986,-21.862115,273.725,128
2043,1779714392770753156,1779714392748906457,-21.846699,416.471,128
2044,1779714392772113165,1779714392750285502,-21.827663,379.045,128
2045,1779714392773462052,1779714392752076453,-21.385599,790.951,128
2046,1779714392775862979,1779714392755694994,-20.167985,2618.541,128
2047,1779714392778828840,1779714392756902387,-21.926453,207.393,128
2048,1779714392780047807,1779714392758287278,-21.760529,384.891,128
2049,1779714392781479480,1779714392759788135,-21.691345,500.857,128
2050,1779714392782936557,1779714392761085849,-21.850708,297.714,128
2051,1779714392784178474,1779714392762560732,-21.617742,474.883,128
2052,1779714392785641730,1779714392763575096,-22.066634,14.364,128
2053,1779714392786809677,1779714392764780447,-22.02923,205.351,128
2054,1779714392787898994,1779714392765808375,-22.090619,27.928,128
2055,1779714392789011177,1779714392766723323,-22.287854,-85.052,128
2056,1779714392789867571,1779714392768056835,-21.810736,333.512,128
2057,1779714392791134691,1779714392769488752,-21.645939,431.917,128
2058,1779714392792395284,1779714392770421824,-21.97346,-66.928,128
2059,1779714392793596177,1779714392771883655,-21.712522,461.831,128
2060,1779714392794849032,1779714392773106011,-21.743021,222.356,128
2061,1779714392796212516,1779714392774039700,-22.172816,-66.311,128
2062,1779714392797277588,1779714392776051175,-21.226413,1011.475,128
2063,1779714392799213521,1779714392777331713,-21.881808,280.538,128
2064,1779714392800479880,1779714392778863282,-21.616598,531.569,128
2065,1779714392802105542,1779714392780250789,-21.854753,387.507,128
2066,1779714392803359901,1779714392782481592,-20.878309,1230.803,128
2067,1779714392805607581,1779714392783748407,-21.859174,266.815,128
2068,1779714392806926704,1779714392785222034,-21.70467,473.627,128
2069,1779714392808235069,1779714392787083260,-21.151809,861.226,128
2070,1779714392810186112,1779714392787636006,-22.550106,-447.254,128
2071,1779714392810887516,1779714392789315851,-21.571665,679.845,128
2072,1779714392812435501,1779714392790755270,-21.680231,439.419,128
2073,1779714392813856674,1779714392792265971,-21.590703,510.701,128
2074,1779714392815454914,1779714392793897221,-21.557693,631.25,128
2075,1779714392816960644,1779714392794870547,-22.090097,-26.674,128
2076,1779714392818017490,1779714392796477747,-21.539743,607.2,128
2077,1779714392819712849,1779714392797866533,-21.846316,388.786,128
2078,1779714392820995710,1779714392798866980,-22.12873,0.447,128
2079,1779714392822055770,1779714392800320367,-21.735403,453.387,128
2080,1779714392823344301,1779714392801663169,-21.681132,342.802,128
2081,1779714392824761981,1779714392802912271,-21.84971,249.102,128
2082,1779714392826030577,1779714392804162529,-21.868048,250.258,128
2083,1779714392827298102,1779714392806424790,-20.873312,1262.261,128
2084,1779714392828890091,1779714392806652807,-22.237284,-771.983,128
2085,1779714392829831876,1779714392807726384,-22.105492,73.577,128
2086,1779714392830851584,1779714392808867072,-21.984512,140.688,128
2087,1779714392832043637,1779714392809977303,-22.066334,110.231,128
2088,1779714392832986714,1779714392811048486,-21.938228,71.183,128
2089,1779714392834123388,1779714392812116633,-22.006755,68.147,128
2090,1779714392835321933,1779714392813669282,-21.652651,552.649,128
2091,1779714392836701676,1779714392814696760,-22.004916,27.478,128
2092,1779714392837687730,1779714392815817706,-21.870024,120.946,128
2093,1779714392838898592,1779714392816786584,-22.112008,-31.122,128
2094,1779714392839925021,1779714392817969814,-21.955207,183.23,128
2095,1779714392840960926,1779714392819533940,-21.426986,564.126,128
2096,1779714392842682193,1779714392820602489,-22.079704,68.549,128
2097,1779714392843760814,1779714392821807394,-21.95342,204.905,128
2098,1779714392844930741,1779714392823130200,-21.800541,322.806,128
2099,1779714392846137277,1779714392824212535,-21.924742,82.335,128
2100,1779714392847236567,1779714392825457940,-21.778627,245.405,128
2101,1779714392848489508,1779714392826556656,-21.932852,98.716,128
2102,1779714392849674007,1779714392827913260,-21.760747,356.604,128
2103,1779714392850939903,1779714392829013157,-21.926746,99.897,128
2104,1779714392852107214,1779714392830582106,-21.525108,568.949,128
2105,1779714392853676443,1779714392832031703,-21.64474,449.597,128
2106,1779714392855157039,1779714392833555277,-21.601762,523.574,128
2107,1779714392856629890,1779714392834740677,-21.889213,185.4,128
2108,1779714392857883969,1779714392835884114,-21.999855,143.437,128
2109,1779714392859041295,1779714392837235631,-21.805664,351.517,128
2110,1779714392860264961,1779714392838867462,-21.397499,631.831,128
2111,1779714392861917587,1779714392840313675,-21.603912,446.213,128
2112,1779714392863411246,1779714392841651260,-21.759986,337.585,128
2113,1779714392864670641,1779714392842879560,-21.791081,228.3,128
2114,1779714392866017868,1779714392844301838,-21.71603,422.278,128
2115,1779714392867381028,1779714392845571184,-21.809844,269.346,128
2116,1779714392868665846,1779714392846265545,-22.400301,-305.639,128
2117,1779714392869423857,1779714392847971442,-21.452415,705.897,128
2118,1779714392871009705,1779714392849506552,-21.503153,535.11,128
2119,1779714392872635184,1779714392850959198,-21.675986,452.646,128
2120,1779714392874043320,1779714392852392620,-21.6507,433.422,128
2121,1779714392875331008,1779714392853357641,-21.973367,-34.979,128
2122,1779714392876528741,1779714392855002489,-21.526252,644.848,128
2123,1779714392878135162,1779714392856191847,-21.943315,189.358,128
2124,1779714392879246153,1779714392857547294,-21.698859,355.447,128
2125,1779714392880544470,1779714392859144173,-21.400297,596.879,128
2126,1779714392882287721,1779714392860017268,-22.270453,-126.905,128
2127,1779714392883112197,1779714392861757655,-21.354542,740.387,128
2128,1779714392884849218,1779714392863544831,-21.304387,787.176,128
2129,1779714392886617881,1779714392864927018,-21.690863,382.187,128
2130,1779714392888113243,1779714392866155469,-21.957774,228.451,128
2131,1779714392889273099,1779714392867313165,-21.959934,157.696,128
2132,1779714392890370470,1779714392868918530,-21.45194,605.365,128
2133,1779714392891914831,1779714392870334734,-21.580097,416.204,128
2134,1779714392893290221,1779714392871978841,-21.31138,644.107,128
2135,1779714392895066792,1779714392873435800,-21.630992,456.959,128
2136,1779714392896542380,1779714392875292401,-21.249979,856.601,128
2137,1779714392898404645,1779714392876952371,-21.452274,659.97,128
2138,1779714392900080750,1779714392878818398,-21.262352,866.027,128
2139,1779714392901864693,1779714392880295539,-21.569154,477.141,128
2140,1779714392903369632,1779714392881970948,-21.398684,675.409,128
2141,1779714392905098163,1779714392883677152,-21.421011,706.204,128
2142,1779714392906831758,1779714392885350762,-21.480996,673.61,128
2143,1779714392908479826,1779714392886672800,-21.807026,322.038,128
2144,1779714392909792667,1779714392888278133,-21.514534,605.333,128
2145,1779714392911397928,1779714392890151672,-21.246256,873.539,128
2146,1779714392913296550,1779714392891761997,-21.534553,610.325,128
2147,1779714392914828413,1779714392893296413,-21.532,534.416,128
2148,1779714392916478261,1779714392895338461,-21.1398,1042.048,128
2149,1779714392918340739,1779714392897126638,-21.214101,788.177,128
2150,1779714392920360051,1779714392899239306,-21.120745,1112.668,128
2151,1779714392922147886,1779714392900397011,-21.750875,157.705,128
2152,1779714392923462897,1779714392901931101,-21.531796,534.09,128
2153,1779714392924947045,1779714392903817365,-21.12968,886.264,128
2154,1779714392926857394,1779714392905165123,-21.692271,347.758,128
2155,1779714392928309747,1779714392906645776,-21.663971,480.653,128
2156,1779714392929787569,1779714392907932962,-21.854607,287.186,128
2157,1779714392931004421,1779714392909472538,-21.531883,539.576,128
2158,1779714392932451565,1779714392910533502,-21.918063,60.964,128
2159,1779714392933601236,1779714392912107161,-21.494075,573.659,128
2160,1779714392935056228,1779714392913673758,-21.38247,566.597,128
2161,1779714392936768539,1779714392915234568,-21.533971,560.81,128
2162,1779714392938138430,1779714392916700478,-21.437952,465.91,128
2163,1779714392939731034,1779714392918330933,-21.400101,630.455,128
2164,1779714392941244847,1779714392919483397,-21.76145,152.464,128
2165,1779714392942509715,1779714392920985942,-21.523773,502.545,128
2166,1779714392944022512,1779714392922531975,-21.490537,546.033,128
2167,1779714392945626043,1779714392924443190,-21.182853,911.215,128
2168,1779714392947458183,1779714392926293102,-21.165081,849.912,128
2169,1779714392949328100,1779714392928135084,-21.193016,841.982,128
2170,1779714392950899951,1779714392929853062,-21.046889,717.978,128
2171,1779714392952885383,1779714392931334482,-21.550901,481.42,128
2172,1779714392954428602,1779714392935663208,-18.765394,3328.726,128
2173,1779714392958742572,1779714392938118965,-20.623607,1455.757,128
2174,1779714392961305806,1779714392939686133,-21.619673,567.168,128
2175,1779714392962927191,1779714392941632536,-21.294655,946.403,128
2176,1779714392964709149,1779714392943302851,-21.406298,670.315,128
2177,1779714392966390900,1779714392944945785,-21.445115,642.934,128
2178,1779714392968022214,1779714392946757382,-21.264832,811.597,128
2179,1779714392969881851,1779714392948406504,-21.475347,649.122,128
2180,1779714392971644662,1779714392949903117,-21.741545,496.613,128
2181,1779714392972996360,1779714392951616709,-21.379651,713.592,128
2182,1779714392974696693,1779714392952949399,-21.747294,332.69,128
2183,1779714392976094268,1779714392954419426,-21.674842,470.027,128
2184,1779714392977630173,1779714392955639601,-21.990572,220.175,128
2185,1779714392978773455,1779714392957416070,-21.357385,776.469,128
2186,1779714392980541246,1779714392959142351,-21.398895,726.281,128
2187,1779714392982195380,1779714392960077882,-22.117498,-64.469,128
2188,1779714392983202195,1779714392962304518,-20.897677,1226.636,128
2189,1779714392985229834,1779714392963450577,-21.779257,146.059,128
2190,1779714392986486624,1779714392965008101,-21.478523,557.524,128
2191,1779714392988178749,1779714392966601578,-21.577171,593.477,128
2192,1779714392989702603,1779714392968324129,-21.378474,722.551,128
2193,1779714392991411871,1779714392969705049,-21.706822,380.92,128
2194,1779714392992798996,1779714392971319949,-21.479047,614.9,128
2195,1779714392994356050,1779714392972824371,-21.531679,504.422,128
2196,1779714392996002881,1779714392974252335,-21.750546,427.964,128
2197,1779714392997284220,1779714392976044671,-21.239549,792.336,128
2198,1779714392999113191,1779714392977309801,-21.80339,265.13,128
2199,1779714393000400031,1779714392978870430,-21.529601,560.629,128
2200,1779714393001914236,1779714392979984758,-21.929478,114.328,128
2201,1779714393003146197,1779714392981675458,-21.470739,690.7,128
2202,1779714393004722692,1779714392983096556,-21.626136,421.098,128
2203,1779714393006166275,1779714392984382405,-21.78387,285.849,128
2204,1779714393007513935,1779714392985800554,-21.713381,418.149,128
2205,1779714393008880274,1779714392987456476,-21.423798,655.922,128
2206,1779714393010604789,1779714392988863349,-21.74144,406.873,128
2207,1779714393011925518,1779714392990311041,-21.614477,447.692,128
2208,1779714393013337027,1779714392991403128,-21.933899,92.087,128
2209,1779714393014549583,1779714392992612690,-21.936893,209.562,128
2210,1779714393015656479,1779714392993791299,-21.86518,178.609,128
2211,1779714393016938478,1779714392995560983,-21.377495,769.684,128
2212,1779714393018665319,1779714392996820401,-21.844918,259.418,128
2213,1779714393019895126,1779714392998003881,-21.891245,183.48,128
2214,1779714393021097663,1779714392999290729,-21.806934,286.848,128
2215,1779714393022374447,1779714393000892131,-21.482316,601.402,128
2216,1779714393023934098,1779714393002370289,-21.563809,478.158,128
2217,1779714393025334584,1779714393003938300,-21.396284,568.011,128
2218,1779714393026988093,1779714393005440199,-21.547894,501.899,128
2219,1779714393028519895,1779714393007397006,-21.122889,956.807,128
2220,1779714393030489077,1779714393010837049,-19.652028,2440.043,128
2221,1779714393033882935,1779714393012402302,-21.480633,565.253,128
2222,1779714393035530284,1779714393014371976,-21.158308,969.674,128
2223,1779714393037464398,1779714393016417919,-21.046479,1045.943,128
2224,1779714393039400480,1779714393017848089,-21.552391,430.17,128
2225,1779714393040978725,1779714393018924168,-22.054557,76.079,128
2226,1779714393042023898,1779714393020312223,-21.711675,388.055,128
2227,1779714393043348433,1779714393021658698,-21.689735,346.475,128
2228,1779714393044716961,1779714393023229321,-21.48764,570.623,128
2229,1779714393046267231,1779714393025432836,-20.834395,1203.515,128
2230,1779714393048714778,1779714393027662797,-21.051981,1229.961,128
2231,1779714393050691841,1779714393028917110,-21.774731,254.313,128
2232,1779714393051998559,1779714393030418945,-21.579614,501.835,128
2233,1779714393053469946,1779714393032305039,-21.164907,886.094,128
2234,1779714393055423455,1779714393033753574,-21.669881,448.535,128
2235,1779714393056795266,1779714393035116779,-21.678487,363.205,128
2236,1779714393058283327,1779714393036547152,-21.736175,430.373,128
2237,1779714393059718409,1779714393037953186,-21.765223,406.034,128
2238,1779714393061050563,1779714393039339405,-21.711158,386.219,128
2239,1779714393062425653,1779714393041239567,-21.186086,900.162,128
2240,1779714393064244533,1779714393042751095,-21.493438,511.528,128
2241,1779714393065818320,1779714393044591623,-21.226697,840.528,128
2242,1779714393067362757,1779714393045951893,-21.410864,360.27,128
2243,1779714393069095243,1779714393047478129,-21.617114,526.236,128
2244,1779714393070506467,1779714393049312669,-21.193798,834.54,128
2245,1779714393072031086,1779714393050409438,-21.621648,96.769,128
2246,1779714393073484287,1779714393051917315,-21.566972,507.877,128
2247,1779714393075044211,1779714393053626824,-21.417387,709.509,128
2248,1779714393076727342,1779714393054769331,-21.958011,142.507,128
2249,1779714393077831697,1779714393055877290,-21.954407,107.959,128
2250,1779714393079052163,1779714393057382865,-21.669298,505.575,128
2251,1779714393080423488,1779714393058892220,-21.531268,509.355,128
2252,1779714393081953844,1779714393060419274,-21.53457,527.054,128
2253,1779714393083484889,1779714393061667970,-21.816919,248.696,128
2254,1779714393084821497,1779714393063281520,-21.539977,613.55,128
2255,1779714393086303073,1779714393064991784,-21.311289,710.264,128
2256,1779714393088159691,1779714393067014323,-21.145368,1022.539,128
2257,1779714393090188385,1779714393068649750,-21.538635,635.427,128
2258,1779714393091741001,1779714393070319292,-21.421709,669.542,128
2259,1779714393093402875,1779714393072353245,-21.04963,1033.953,128
2260,1779714393095467121,1779714393073687731,-21.77939,334.486,128
2261,1779714393096741021,1779714393075115700,-21.625321,427.969,128
2262,1779714393098174669,1779714393076651873,-21.522796,536.173,128
2263,1779714393099740346,1779714393078006498,-21.733848,354.625,128
2264,1779714393101109590,1779714393079656200,-21.45339,649.702,128
2265,1779714393102763591,1779714393081034079,-21.729512,377.879,128
2266,1779714393104123397,1779714393082951457,-21.17194,917.378,128
2267,1779714393106014529,1779714393084375315,-21.639214,423.858,128
2268,1779714393107468628,1779714393085953772,-21.514856,578.457,128
2269,1779714393108900945,1779714393087043777,-21.857168,90.005,128
2270,1779714393110203152,1779714393088356726,-21.846426,312.949,128
2271,1779714393111367996,1779714393089743107,-21.624889,386.381,128
2272,1779714393112793880,1779714393091072294,-21.721586,329.187,128
2273,1779714393114079964,1779714393092267652,-21.812312,195.358,128
2274,1779714393115269098,1779714393093523520,-21.745578,255.868,128
2275,1779714393116660317,1779714393094967608,-21.692709,444.088,128
2276,1779714393118098201,1779714393097129790,-20.968411,1162.182,128
2277,1779714393120227306,1779714393098919077,-21.308229,789.287,128
2278,1779714393122018021,1779714393100845984,-21.172037,926.907,128
2279,1779714393123969812,1779714393102260221,-21.709591,414.237,128
2280,1779714393125294055,1779714393103828062,-21.465993,567.841,128
2281,1779714393126898478,1779714393105468492,-21.429986,640.43,128
2282,1779714393128664856,1779714393107399056,-21.2658,930.564,128
2283,1779714393130605521,1779714393108708353,-21.897168,309.297,128
2284,1779714393131863650,1779714393110126061,-21.737589,417.708,128
2285,1779714393133160295,1779714393111545421,-21.614874,419.36,128
2286,1779714393134698432,1779714393112652723,-22.045709,107.302,128
2287,1779714393135812351,1779714393118427554,-17.384797,4774.831,128
2288,1779714393141614839,1779714393120295302,-21.319537,867.748,128
2289,1779714393143380219,1779714393121937964,-21.442255,642.662,128
2290,1779714393145095591,1779714393123318878,-21.776713,380.914,128
2291,1779714393146492228,1779714393125293095,-21.199133,974.217,128
2292,1779714393148435887,1779714393200878088,52.442201,74584.993,128
2293,1779714393224387790,1779714393210463739,-13.924051,8585.651,128
2294,1779714393232835095,1779714393211877300,-20.957795,413.561,128
2295,1779714393234952817,1779714393213942637,-21.01018,1065.337,128
2296,1779714393237021216,1779714393215824337,-21.196879,881.7,128
2297,1779714393239021904,1779714393217502203,-21.519701,677.866,128
2298,1779714393240587864,1779714393218861743,-21.726121,359.54,128
2299,1779714393241927434,1779714393221300959,-20.626475,1439.216,128
2300,1779714393244370451,1779714393223009244,-21.361207,708.285,128
2301,1779714393246195239,1779714393224570508,-21.624731,561.264,128
2302,1779714393247741312,1779714393226372461,-21.368851,801.953,128
2303,1779714393249468344,1779714393228571587,-20.896757,1199.126,128
2304,1779714393251558436,1779714393230286464,-21.271972,714.877,128
2305,1779714393253226024,1779714393232035627,-21.190397,749.163,128
2306,1779714393255223863,1779714393234480975,-20.742888,1445.348,128
2307,1779714393257608542,1779714393236254219,-21.354323,773.244,128
2308,1779714393259390513,1779714393238193244,-21.197269,939.025,128
2309,1779714393261308433,1779714393239875683,-21.43275,682.439,128
2310,1779714393263003504,1779714393241673502,-21.330002,797.819,128
2311,1779714393264760717,1779714393243382879,-21.377838,709.377,128
2312,1779714393266600595,1779714393245307146,-21.293449,924.267,128
2313,1779714393268378457,1779714393246815900,-21.562557,508.754,128
2314,1779714393269925522,1779714393248285056,-21.640466,469.156,128
2315,1779714393271422258,1779714393249832098,-21.59016,547.042,128
2316,1779714393272862885,1779714393251757483,-21.105402,925.385,128
2317,1779714393274749268,1779714393253183026,-21.566242,425.543,128
2318,1779714393276176569,1779714393254565141,-21.611428,382.115,128
2319,1779714393277689866,1779714393256411606,-21.27826,846.465,128
2320,1779714393279639788,1779714393258465010,-21.174778,1053.404,128
2321,1779714393281661325,1779714393260303276,-21.358049,838.266,128
2322,1779714393283303124,1779714393262145098,-21.158026,841.822,128
2323,1779714393285256720,1779714393264252722,-21.003998,1107.624,128
2324,1779714393287303284,1779714393266318273,-20.985011,1065.551,128
2325,1779714393289345453,1779714393268137021,-21.208432,818.748,128
2326,1779714393291309805,1779714393269818872,-21.490933,681.851,128
2327,1779714393292950369,1779714393271901313,-21.049056,1082.441,128
2328,1779714393294800435,1779714393273422275,-21.37816,520.962,128
2329,1779714393296357605,1779714393275197687,-21.159918,775.412,128
2330,1779714393298392917,1779714393277415199,-20.977718,1217.512,128
2331,1779714393300713522,1779714393279256499,-21.457023,841.3,128
2332,1779714393302410518,1779714393280785319,-21.625199,528.82,128
2333,1779714393303972941,1779714393282015678,-21.957263,230.359,128
2334,1779714393305158766,1779714393283775721,-21.383045,760.043,128
2335,1779714393306864955,1779714393285172670,-21.692285,396.949,128
2336,1779714393308302925,1779714393286421341,-21.881584,248.671,128
2337,1779714393309654338,1779714393288093122,-21.561216,671.781,128
2338,1779714393311264855,1779714393289201220,-22.063635,108.098,128
2339,1779714393312409442,1779714393290652017,-21.757425,450.797,128
2340,1779714393313855562,1779714393291886331,-21.969231,234.314,128
2341,1779714393315098251,1779714393293252199,-21.846052,365.868,128
2342,1779714393316410575,1779714393294712969,-21.697606,460.77,128
2343,1779714393317908796,1779714393295995297,-21.913499,282.328,128
2344,1779714393319206259,1779714393296891926,-22.314333,-103.371,128
2345,1779714393320089298,1779714393298490310,-21.598988,598.384,128
2346,1779714393321682659,1779714393299802844,-21.879815,312.534,128
2347,1779714393323002652,1779714393301562835,-21.439817,759.991,128
2348,1779714393324743998,1779714393302982466,-21.761532,419.631,128
2349,1779714393326195593,1779714393305086355,-21.109238,1103.889,128
2350,1779714393328419682,1779714393307013608,-21.406074,927.253,128
2351,1779714393330229513,1779714393308436802,-21.792711,423.194,128
2352,1779714393331724288,1779714393309816956,-21.907332,380.154,128
2353,1779714393332996169,1779714393311341350,-21.654819,524.394,128
2354,1779714393334492415,1779714393312822673,-21.669742,481.323,128
2355,1779714393336014419,1779714393314446525,-21.567894,623.852,128
2356,1779714393337536793,1779714393316522335,-21.014458,1075.81,128
2357,1779714393339732449,1779714393317865180,-21.867269,342.845,128
2358,1779714393340946983,1779714393319318369,-21.628614,453.189,128
2359,1779714393342504417,1779714393320845036,-21.659381,526.667,128
2360,1779714393344045318,1779714393322697241,-21.348077,852.205,128
2361,1779714393345893869,1779714393324674865,-21.219004,977.624,128
2362,1779714393347852309,1779714393326048795,-21.803514,373.93,128
2363,1779714393349154120,1779714393327101563,-22.052557,52.768,128
2364,1779714393350332510,1779714393328935783,-21.396727,834.22,128
2365,1779714393351922023,1779714393330334435,-21.587588,398.652,128
2366,1779714393353612395,1779714393331823994,-21.788401,489.559,128
2367,1779714393354953723,1779714393333419338,-21.534385,595.344,128
2368,1779714393356633933,1779714393335096753,-21.53718,677.415,128
2369,1779714393358275882,1779714393336487518,-21.788364,390.765,128
2370,1779714393359621457,1779714393338102315,-21.519142,614.797,128
2371,1779714393361198104,1779714393339712257,-21.485847,609.942,128
2372,1779714393362929634,1779714393341331483,-21.598151,619.226,128
2373,1779714393364439489,1779714393343067549,-21.37194,736.066,128
2374,1779714393366371522,1779714393345112636,-21.258886,1045.087,128
2375,1779714393368290534,1779714393346494974,-21.79556,382.338,128
2376,1779714393369807984,1779714393348298196,-21.509788,803.222,128
2377,1779714393371523849,1779714393349622179,-21.90167,323.983,128
2378,1779714393372778741,1779714393351021006,-21.757735,398.827,128
2379,1779714393374160205,1779714393352704130,-21.456075,683.124,128
2380,1779714393376014278,1779714393355192685,-20.821593,1488.555,128
2381,1779714393378210577,1779714393357152034,-21.058543,959.349,128
2382,1779714393380484851,1779714393359903241,-20.58161,1751.207,128
2383,1779714393383069147,1779714393361907691,-21.161456,1004.45,128
2384,1779714393385103674,1779714393364318057,-20.785617,1410.366,128
2385,1779714393387505595,1779714393366295547,-21.210048,977.49,128
2386,1779714393389474014,1779714393367844023,-21.629991,548.476,128
2387,1779714393391045241,1779714393369850090,-21.195151,1006.067,128
2388,1779714393393131778,1779714393372078752,-21.053026,1228.662,128
2389,1779714393395361599,1779714393374265280,-21.096319,1186.528,128
2390,1779714393397438273,1779714393376418404,-21.019869,1153.124,128
2391,1779714393399758299,1779714393378590158,-21.168141,1171.754,128
2392,1779714393401777561,1779714393380587391,-21.19017,997.233,128
2393,1779714393403621474,1779714393382612566,-21.008908,1025.175,128
2394,1779714393405577187,1779714393384538212,-21.038975,925.646,128
2395,1779714393407644587,1779714393386399815,-21.244772,861.603,128
2396,1779714393409519043,1779714393388200078,-21.318965,800.263,128
2397,1779714393411253393,1779714393389952596,-21.300797,752.518,128
2398,1779714393413038417,1779714393391726282,-21.312135,773.686,128
2399,1779714393414855526,1779714393393500438,-21.355088,774.156,128
2400,1779714393416636627,1779714393395976579,-20.660048,1476.141,128
2401,1779714393419167472,1779714393398467265,-20.700207,1490.686,128
2402,1779714393421606901,1779714393400373489,-21.233412,906.224,128
2403,1779714393423381056,1779714393402796212,-20.584844,1422.723,128
2404,1779714393425755521,1779714393404465943,-21.289578,669.731,128
2405,1779714393427551309,1779714393406788466,-20.762843,1322.523,128
2406,1779714393429610278,1779714393408736325,-20.873953,947.859,128
2407,1779714393431863123,1779714393410763248,-21.099875,1026.923,128
2408,1779714393433847128,1779714393413085749,-20.761379,1322.501,128
2409,1779714393436238290,1779714393415475755,-20.762535,1390.006,128
2410,1779714393438588695,1779714393417349473,-21.239222,873.718,128
2411,1779714393440494754,1779714393419442091,-21.052663,1092.618,128
2412,1779714393442506494,1779714393420977054,-21.52944,534.963,128
2413,1779714393444093911,1779714393422738280,-21.355631,761.226,128
2414,1779714393445863639,1779714393424313188,-21.550451,574.908,128
2415,1779714393447340445,1779714393426223961,-21.116484,910.773,128
2416,1779714393449224232,1779714393428091269,-21.132963,867.308,128
2417,1779714393450882575,1779714393429885847,-20.996728,794.578,128
2418,1779714393452949279,1779714393431783995,-21.165284,898.148,128
2419,1779714393454877684,1779714393433766870,-21.110814,982.875,128
2420,1779714393456918384,1779714393436326839,-20.591545,1559.969,128
2421,1779714393459631192,1779714393438789143,-20.842049,1462.304,128
2422,1779714393461951774,1779714393440540446,-21.411328,751.303,128
2423,1779714393463646869,1779714393442855676,-20.791193,1315.23,128
2424,1779714393465878908,1779714393444677300,-21.201608,821.624,128
2425,1779714393467807799,1779714393448358240,-19.449559,2680.94,128
2426,1779714393471314639,1779714393450545336,-20.769303,1187.096,128
2427,1779714393473685867,1779714393453258165,-20.427702,1712.829,128
2428,1779714393476292669,1779714393455691727,-20.600942,1433.562,128
2429,1779714393479080026,1779714393457989242,-21.090784,1297.515,128
2430,1779714393481079479,1779714393460000712,-21.078767,1011.47,128
2431,1779714393483195394,1779714393462187671,-21.007723,1186.959,128
2432,1779714393485261134,1779714393464328687,-20.932447,1141.016,128
2433,1779714393487227648,1779714393466616010,-20.611638,1287.323,128
2434,1779714393489686956,1779714393468864836,-20.82212,1248.826,128
2435,1779714393491863003,1779714393470969494,-20.893509,1104.658,128
2436,1779714393494050226,1779714393472934931,-21.115295,965.437,128
2437,1779714393496088757,1779714393475228446,-20.860311,1293.515,128
2438,1779714393498302142,1779714393477236304,-21.065838,1007.858,128
2439,1779714393500239885,1779714393479606939,-20.632946,1370.635,128
2440,1779714393502673244,1779714393482070300,-20.602944,1463.361,128
2441,1779714393505048338,1779714393484065812,-20.982526,995.512,128
2442,1779714393507207096,1779714393485689396,-21.5177,623.584,128
2443,1779714393508845056,1779714393487726543,-21.118513,1037.147,128
2444,1779714393510875886,1779714393490007351,-20.868535,1280.808,128
2445,1779714393512828007,1779714393494246366,-18.581641,3239.015,128
2446,1779714393517366882,1779714393496813366,-20.553516,1567.0,128
2447,1779714393519946408,1779714393499848183,-20.098225,2034.817,128
2448,1779714393522940509,1779714393502423835,-20.516674,1575.652,128
2449,1779714393525488803,1779714393504231999,-21.256804,808.164,128
2450,1779714393527190480,1779714393506083813,-21.106667,851.814,128
2451,1779714393529171380,1779714393508447134,-20.724246,1363.321,128
2452,1779714393531415957,1779714393510769694,-20.646263,1322.56,128
2453,1779714393533835358,1779714393512544551,-21.290807,774.857,128
2454,1779714393535654805,1779714393514886319,-20.768486,1341.768,128
2455,1779714393537980276,1779714393516812334,-21.167942,926.015,128
2456,1779714393539893143,1779714393518829361,-21.063782,1017.027,128
2457,1779714393541898604,1779714393521759463,-20.139141,1930.102,128
2458,1779714393544661177,1779714393523326820,-21.334357,567.357,128
2459,1779714393546475181,1779714393525408130,-21.067051,1081.31,128
2460,1779714393548485709,1779714393527348721,-21.136988,940.591,128
2461,1779714393550531478,1779714393529068234,-21.463244,719.513,128
2462,1779714393552277555,1779714393531322660,-20.954895,1254.426,128
2463,1779714393554020125,1779714393532692072,-21.328053,369.412,128
2464,1779714393555870147,1779714393534652290,-21.217857,960.218,128
2465,1779714393557889717,1779714393536418096,-21.471621,765.806,128
2466,1779714393559583203,1779714393538874405,-20.708798,1456.309,128
2467,1779714393562056232,1779714393540361034,-21.695198,486.629,128
2468,1779714393563468236,1779714393542706109,-20.762127,1345.075,128
2469,1779714393565861796,1779714393544640332,-21.221464,934.223,128
2470,1779714393567833164,1779714393547264280,-20.568884,1623.948,128
2471,1779714393570415322,1779714393549697867,-20.717455,1433.587,128
2472,1779714393572790765,1779714393551356534,-21.434231,658.667,128
2473,1779714393574537834,1779714393553449219,-21.088615,1092.685,128
2474,1779714393576620276,1779714393555035367,-21.584909,586.148,128
2475,1779714393578209071,1779714393556869045,-21.340026,833.678,128
2476,1779714393580041854,1779714393558761077,-21.280777,892.032,128
2477,1779714393582006746,1779714393560716957,-21.289789,955.88,128
2478,1779714393583879217,1779714393562349035,-21.530182,632.078,128
2479,1779714393585515176,1779714393563893980,-21.621196,544.945,128
2480,1779714393587085808,1779714393565434997,-21.650811,541.017,128
2481,1779714393588586035,1779714393567162170,-21.423865,727.173,128
2482,1779714393590361159,1779714393568963079,-21.39808,800.909,128
2483,1779714393592079173,1779714393570718582,-21.360591,755.503,128
2484,1779714393594063774,1779714393572524808,-21.538966,806.226,128
2485,1779714393595615285,1779714393574475142,-21.140143,950.334,128
2486,1779714393597622452,1779714393576269385,-21.353067,794.243,128
2487,1779714393599367363,1779714393577990511,-21.376852,721.126,128
2488,1779714393601187968,1779714393579949051,-21.238917,958.54,128
2489,1779714393603140605,1779714393581699386,-21.441219,750.335,128
2490,1779714393604890133,1779714393583391491,-21.498642,692.105,128
2491,1779714393606558450,1779714393585323814,-21.234636,932.323,128
2492,1779714393608356134,1779714393586947656,-21.408478,623.842,128
2493,1779714393610115513,1779714393589266721,-20.848792,1319.065,128
2494,1779714393612458616,1779714393591389266,-21.06935,1122.545,128
2495,1779714393614487622,1779714393593829487,-20.658135,1440.221,128
2496,1779714393616993692,1779714393596554635,-20.439057,1725.148,128
2497,1779714393619723721,1779714393598581423,-21.142298,1026.788,128
2498,1779714393621757326,1779714393600511712,-21.245614,930.289,128
2499,1779714393623712390,1779714393602706316,-21.006074,1194.604,128
2500,1779714393625828628,1779714393604611791,-21.216837,905.475,128
2501,1779714393627751807,1779714393606454977,-21.29683,843.186,128
2502,1779714393629548013,1779714393608134113,-21.4139,679.136,128
2503,1779714393631325816,1779714393610161944,-21.163872,1027.831,128
2504,1779714393633349863,1779714393612064076,-21.285787,902.132,128
2505,1779714393635215011,1779714393613548946,-21.666065,484.87,128
2506,1779714393636648647,1779714393615016935,-21.631712,467.989,128
2507,1779714393638155430,1779714393617119746,-21.035684,1102.811,128
2508,1779714393640319166,1779714393619212843,-21.106323,1093.097,128
2509,1779714393642409056,1779714393621008460,-21.400596,795.617,128
2510,1779714393644331810,1779714393623412192,-20.919618,1403.732,128
2511,1779714393646550590,1779714393626085589,-20.465001,1673.397,128
2512,1779714393649207566,1779714393628455949,-20.751617,1370.36,128
2513,1779714393651601396,1779714393630331121,-21.270275,875.172,128
2514,1779714393653467582,1779714393632337125,-21.130457,1006.004,128
2515,1779714393655279312,1779714393634040073,-21.239239,702.948,128
2516,1779714393657189813,1779714393635787050,-21.402763,746.977,128
2517,1779714393658987093,1779714393637344177,-21.642916,557.127,128
2518,1779714393660406280,1779714393639319013,-21.087267,974.836,128
2519,1779714393662191088,1779714393641350058,-20.84103,1031.045,128
2520,1779714393664478823,1779714393645113535,-19.365288,2763.477,128
2521,1779714393668012529,1779714393646943290,-21.069239,829.755,128
2522,1779714393670121443,1779714393648465792,-21.655651,522.502,128
2523,1779714393671608829,1779714393650318876,-21.289953,853.084,128
2524,1779714393673444046,1779714393651894421,-21.549625,575.545,128
2525,1779714393675028756,1779714393653263868,-21.764888,369.447,128
2526,1779714393676461559,1779714393654771561,-21.689998,507.693,128
2527,1779714393677971638,1779714393655836404,-22.135234,64.843,128
2528,1779714393679025010,1779714393657650185,-21.374825,813.781,128
2529,1779714393680849012,1779714393659569803,-21.279209,919.618,128
2530,1779714393682754967,1779714393660998322,-21.756645,428.519,128
2531,1779714393684135127,1779714393662523749,-21.611378,525.427,128
2532,1779714393685643371,1779714393664128805,-21.514566,605.056,128
2533,1779714393687281809,1779714393665584467,-21.697342,455.662,128
2534,1779714393688780946,1779714393667331337,-21.449609,746.87,128
2535,1779714393690349130,1779714393668908586,-21.440544,577.249,128
2536,1779714393691925625,1779714393670431839,-21.493786,523.253,128
2537,1779714393693497506,1779714393671144549,-22.352957,-287.29,128
2538,1779714393694289691,1779714393672380164,-21.909527,235.615,128
2539,1779714393695517028,1779714393673921508,-21.59552,541.344,128
2540,1779714393697077400,1779714393675707093,-21.370307,785.585,128
2541,1779714393698786763,1779714393677983288,-20.803475,1276.195,128
2542,1779714393701074162,1779714393679855254,-21.218908,871.966,128
2543,1779714393703009654,1779714393681397179,-21.612475,541.925,128
2544,1779714393704515430,1779714393682855630,-21.6598,458.451,128
2545,1779714393706015604,1779714393684447970,-21.567634,592.34,128
2546,1779714393707518451,1779714393686191768,-21.326683,743.798,128
2547,1779714393709255924,1779714393687850662,-21.405262,658.894,128
2548,1779714393710971528,1779714393689571718,-21.39981,721.056,128
2549,1779714393712649515,1779714393690838858,-21.810657,267.14,128
2550,1779714393714265035,1779714393692683325,-21.58171,844.467,128
2551,1779714393715856304,1779714393694528237,-21.328067,844.912,128
2552,1779714393717451571,1779714393696313933,-21.137638,785.696,128
2553,1779714393719293735,1779714393697559374,-21.734361,245.441,128
2554,1779714393720888599,1779714393699270798,-21.617801,711.424,128
2555,1779714393722430693,1779714393700878163,-21.55253,607.365,128
2556,1779714393723985835,1779714393702414501,-21.571334,536.338,128
2557,1779714393725560885,1779714393703827718,-21.733167,413.217,128
2558,1779714393726900866,1779714393705775564,-21.125302,947.846,128
2559,1779714393728747631,1779714393710392030,-18.355601,3616.466,128
2560,1779714393733347866,1779714393852979681,119.631815,141587.651,128
2561,1779714393877068293,1779714393857513200,-19.555093,3533.519,128
2562,1779714393880475212,1779714393859443541,-21.031671,930.341,128
2563,1779714393882685550,1779714393861455928,-21.229622,1012.387,128
2564,1779714393884659241,1779714393862598920,-22.060321,142.992,128
2565,1779714393885778162,1779714393864775822,-21.00234,1176.902,128
2566,1779714393887884015,1779714393866942775,-20.94124,1166.953,128
2567,1779714393890135709,1779714393868711753,-21.423956,768.978,128
2568,1779714393891889226,1779714393870269431,-21.619795,557.678,128
2569,1779714393893381785,1779714393872266393,-21.115392,996.962,128
2570,1779714393895423046,1779714393874127034,-21.296012,860.641,128
2571,1779714393897293819,1779714393876242963,-21.050856,1115.929,128
2572,1779714393899362118,1779714393878316968,-21.04515,1074.005,128
2573,1779714393901417423,1779714393880295436,-21.121987,978.468,128
2574,1779714393903263772,1779714393882032888,-21.230884,737.452,128
2575,1779714393904971103,1779714393884040613,-20.93049,1007.725,128
2576,1779714393906634638,1779714393887030395,-19.604243,1989.782,128
2577,1779714393910131563,1779714393890878855,-19.252708,2848.46,128
2578,1779714393913041642,1779714393893271409,-19.770233,1392.554,128
2579,1779714393916395890,1779714393895328008,-21.067882,1056.599,128
2580,1779714393918407286,1779714393897550839,-20.856447,1222.831,128
2581,1779714393920777410,1779714393899611459,-21.165951,1060.62,128
2582,1779714393922717389,1779714393901105726,-21.611663,494.267,128
2583,1779714393924097055,1779714393903204876,-20.892179,1099.15,128
2584,1779714393926257549,1779714393904545847,-21.711702,340.971,128
2585,1779714393927675431,1779714393906091601,-21.58383,545.754,128
2586,1779714393929272914,1779714393908038273,-21.234641,946.672,128
2587,1779714393931251343,1779714393909978913,-21.27243,940.64,128
2588,1779714393933093842,1779714393911996431,-21.097411,1017.518,128
2589,1779714393935071678,1779714393913465153,-21.606525,468.722,128
2590,1779714393936586821,1779714393915284010,-21.302811,818.857,128
2591,1779714393938215085,1779714393916798219,-21.416866,514.209,128
2592,1779714393939956963,1779714393917988733,-21.96823,190.514,128
2593,1779714393940997406,1779714393919303073,-21.694333,314.34,128
2594,1779714393942454453,1779714393921062200,-21.392253,759.127,128
2595,1779714393944096295,1779714393922561011,-21.535284,498.811,128
2596,1779714393945836944,1779714393924237488,-21.599456,676.477,128
2597,1779714393947261458,1779714393925506416,-21.755042,268.928,128
2598,1779714393948716355,1779714393927274402,-21.441953,767.986,128
2599,1779714393950236114,1779714393929082884,-21.15323,808.482,128
2600,1779714393952170385,1779714393930914012,-21.256373,831.128,128
2601,1779714393953954402,1779714393932760964,-21.193438,846.952,128
2602,1779714393955728298,1779714393934404039,-21.324259,643.075,128
2603,1779714393957454750,1779714393936462627,-20.992123,1058.588,128
2604,1779714393959629608,1779714393938302258,-21.32735,839.631,128
2605,1779714393961387548,1779714393939901247,-21.486301,598.989,128
2606,1779714393963060920,1779714393943079454,-19.981466,2178.207,128
2607,1779714393966102245,1779714393945492258,-20.609987,1412.804,128
2608,1779714393968470067,1779714393947974202,-20.495865,1481.944,128
2609,1779714393971032719,1779714393950256287,-20.776432,1282.085,128
2610,1779714393973280029,1779714393951279775,-22.000254,23.488,128
2611,1779714393974342068,1779714393952773601,-21.568467,493.826,128
2612,1779714393975933605,1779714393954701834,-21.231771,928.233,128
2613,1779714393977859427,1779714393956436364,-21.423063,734.53,128
2614,1779714393979590764,1779714393957931682,-21.659082,495.318,128
2615,1779714393981062833,1779714393959304504,-21.758329,372.822,128
2616,1779714393982478189,1779714393961074500,-21.403689,769.996,128
2617,1779714393984072618,1779714393962655956,-21.416662,581.456,128
2618,1779714393985855105,1779714393964119139,-21.735966,463.183,128
2619,1779714393987150655,1779714393965444405,-21.70625,325.266,128
2620,1779714393988680810,1779714393967874339,-20.806471,1429.934,128
2621,1779714393991044225,1779714393969636921,-21.407304,762.582,128
2622,1779714393992740000,1779714393971375453,-21.364547,738.532,128
2623,1779714393994467466,1779714393972820679,-21.646787,445.226,128
2624,1779714393995979981,1779714393974280250,-21.699731,459.571,128
2625,1779714393997446929,1779714393975851352,-21.595577,571.102,128
2626,1779714393998947984,1779714393977084778,-21.863206,233.426,128
2627,1779714394000248650,1779714393978921082,-21.327568,836.304,128
2628,1779714394002089979,1779714393980573205,-21.516774,652.123,128
2629,1779714394003725301,1779714393982078070,-21.647231,504.865,128
2630,1779714394005325328,1779714393983495381,-21.829947,417.311,128
2631,1779714394006732893,1779714393984882845,-21.850048,387.464,128
2632,1779714394008114105,1779714393986640850,-21.473255,758.005,128
2633,1779714394009701579,1779714393988085504,-21.616075,444.654,128
2634,1779714394011258781,1779714393989454692,-21.804089,369.188,128
2635,1779714394012755242,1779714393991261693,-21.493549,807.001,128
2636,1779714394014427264,1779714393992865206,-21.562058,603.513,128
2637,1779714394016136235,1779714393994348658,-21.787577,483.452,128
2638,1779714394017511036,1779714393996281144,-21.229892,932.486,128
2639,1779714394019324208,1779714393997790902,-21.533306,509.758,128
2640,1779714394020942350,1779714393999122725,-21.819625,331.823,128
2641,1779714394022330612,1779714394000898615,-21.431997,775.89,128
2642,1779714394024103640,1779714394002323779,-21.779861,425.164,128
2643,1779714394025557947,1779714394003840161,-21.717786,516.382,128
2644,1779714394026993080,1779714394005480649,-21.512431,640.488,128
2645,1779714394028681298,1779714394007095320,-21.585978,614.671,128
2646,1779714394030244837,1779714394008850344,-21.394493,755.024,128
2647,1779714394032043441,1779714394010860711,-21.18273,1010.367,128
2648,1779714394033985034,1779714394012098970,-21.886064,238.259,128
2649,1779714394035248772,1779714394013663591,-21.585181,564.621,128
2650,1779714394036771772,1779714394015181856,-21.589916,518.265,128
2651,1779714394038324091,1779714394016631919,-21.692172,450.063,128
2652,1779714394039787155,1779714394017907854,-21.879301,275.935,128
2653,1779714394041004269,1779714394019097190,-21.907079,189.336,128
2654,1779714394042234863,1779714394020620536,-21.614327,523.346,128
2655,1779714394043771167,1779714394022308209,-21.462958,687.673,128
2656,1779714394045351927,1779714394023819056,-21.532871,510.847,128
2657,1779714394046943205,1779714394025034200,-21.909005,215.144,128
2658,1779714394048150196,1779714394026873398,-21.276798,839.198,128
2659,1779714394049926210,1779714394030295900,-19.63031,2422.502,128
2660,1779714394053333253,1779714394031859336,-21.473917,563.436,128
2661,1779714394055025853,1779714394033290670,-21.735183,431.334,128
2662,1779714394056456076,1779714394034969638,-21.486438,678.968,128
2663,1779714394058138213,1779714394036404463,-21.73375,434.825,128
2664,1779714394059584008,1779714394037842733,-21.741275,438.27,128
2665,1779714394061146149,1779714394040252787,-20.893362,1410.054,128
2666,1779714394063394536,1779714394041611782,-21.782754,358.995,128
2667,1779714394064748684,1779714394042794382,-21.954302,182.6,128
2668,1779714394065932274,1779714394043842718,-22.089556,48.336,128
2669,1779714394066988635,1779714394045266943,-21.721692,424.225,128
2670,1779714394068454613,1779714394046491347,-21.963266,224.404,128
2671,1779714394069736515,1779714394048085235,-21.65128,593.888,128
2672,1779714394071260361,1779714394049911020,-21.349341,825.785,128
2673,1779714394073053994,1779714394053309988,-19.744006,2398.968,128
2674,1779714394076535435,1779714394055611191,-20.924244,1301.203,128
2675,1779714394078732261,1779714394056892712,-21.839549,281.521,128
2676,1779714394080063877,1779714394058421104,-21.642773,528.392,128
2677,1779714394081669156,1779714394060385149,-21.284007,964.045,128
2678,1779714394083426273,1779714394061751279,-21.674994,366.13,128
2679,1779714394084902869,1779714394063242372,-21.660497,491.093,128
2680,1779714394086387205,1779714394064738766,-21.648439,496.394,128
2681,1779714394087859022,1779714394066102559,-21.756463,363.793,128
2682,1779714394089237189,1779714394067575103,-21.662086,472.544,128
2683,1779714394090761057,1779714394069010412,-21.750645,435.309,128
2684,1779714394092088311,1779714394070785570,-21.302741,775.158,128
2685,1779714394093959847,1779714394072684737,-21.27511,899.167,128
2686,1779714394095827337,1779714394074237423,-21.589914,552.686,128
2687,1779714394097352139,1779714394075625078,-21.727061,387.655,128
2688,1779714394098873626,1779714394076990146,-21.88348,365.068,128
2689,1779714394100149409,1779714394078269465,-21.879944,279.319,128
2690,1779714394101332810,1779714394079957970,-21.37484,688.505,128
2691,1779714394103057944,1779714394082084899,-20.973045,1126.929,128
2692,1779714394105059245,1779714394083712897,-21.346348,627.998,128
2693,1779714394106829998,1779714394085359206,-21.470792,646.309,128
2694,1779714394108655274,1779714394087182717,-21.472557,823.511,128
2695,1779714394110354646,1779714394089497346,-20.8573,1314.629,128
2696,1779714394112768465,1779714394091629807,-21.138658,1132.461,128
2697,1779714394114789006,1779714394093824456,-20.96455,1194.649,128
2698,1779714394116968556,1779714394095641510,-21.327046,817.054,128
2699,1779714394118775986,1779714394097659857,-21.116129,1018.347,128
2700,1779714394120789836,1779714394099352095,-21.437741,692.238,128
2701,1779714394122475502,1779714394101471555,-21.003947,1119.46,128
2702,1779714394124678868,1779714394102980019,-21.698849,508.464,128
2703,1779714394126107612,1779714394104798516,-21.309096,818.497,128
2704,1779714394127935062,1779714394106624338,-21.310724,825.822,128
2705,1779714394129766231,1779714394108463814,-21.302417,839.476,128
2706,1779714394131682794,1779714394110202752,-21.480042,738.938,128
2707,1779714394133294618,1779714394111754649,-21.539969,551.897,128
2708,1779714394134891801,1779714394114110183,-20.781618,1355.534,128
2709,1779714394136994558,1779714394115815268,-21.17929,705.085,128
2710,1779714394139082463,1779714394117501709,-21.580754,686.441,128
2711,1779714394140669837,1779714394118958514,-21.711323,456.805,128
2712,1779714394142105141,1779714394120050479,-22.054662,91.965,128
2713,1779714394143193778,1779714394123697667,-19.496111,2647.188,128
2714,1779714394146782406,1779714394125117415,-21.664991,419.748,128
2715,1779714394148208530,1779714394126867874,-21.340656,750.459,128
2716,1779714394150081963,1779714394128989127,-21.092836,1121.253,128
2717,1779714394152050704,1779714394130435491,-21.615213,446.364,128
2718,1779714394153707747,1779714394132337830,-21.369917,902.339,128
2719,1779714394155625036,1779714394134007890,-21.617146,670.06,128
2720,1779714394157234110,1779714394135706243,-21.527867,698.353,128
2721,1779714394158800373,1779714394137273602,-21.526771,567.359,128
2722,1779714394160359423,1779714394139212157,-21.147266,938.555,128
2723,1779714394162466219,1779714394141019260,-21.446959,807.103,128
2724,1779714394164302419,1779714394143965792,-20.336627,1946.532,128
2725,1779714394167136939,1779714394145666822,-21.470117,701.03,128
2726,1779714394168871324,1779714394147748576,-21.122748,1081.754,128
2727,1779714394170839685,1779714394149224494,-21.615191,475.918,128
2728,1779714394172342700,1779714394150706203,-21.636497,481.709,128
2729,1779714394173770012,1779714394152028702,-21.74131,322.499,128
2730,1779714394175126624,1779714394153711783,-21.414841,683.081,128
2731,1779714394176852420,1779714394155342904,-21.509516,631.121,128
2732,1779714394178665265,1779714394158000433,-20.664832,1657.529,128
2733,1779714394181106133,1779714394159398265,-21.707868,397.832,128
2734,1779714394182662769,1779714394161147840,-21.514929,749.575,128
2735,1779714394184325267,1779714394162904812,-21.420455,756.972,128
2736,1779714394185928418,1779714394164697231,-21.231187,792.419,128
2737,1779714394187782913,1779714394166288533,-21.49438,591.302,128
2738,1779714394189431032,1779714394167926160,-21.504872,637.627,128
2739,1779714394191052495,1779714394169809910,-21.242585,883.75,128
2740,1779714394192863947,1779714394173824888,-19.039059,3014.978,128
2741,1779714394197000916,1779714394176089562,-20.911354,1264.674,128
2742,1779714394199181573,1779714394177853798,-21.327775,764.236,128
2743,1779714394200947561,1779714394179540969,-21.406592,687.171,128
2744,1779714394202566326,1779714394181175809,-21.390517,634.84,128
2745,1779714394204293776,1779714394182878885,-21.414891,703.076,128
2746,1779714394206016714,1779714394185110907,-20.905807,1232.022,128
2747,1779714394208225295,1779714394187929895,-20.2954,1818.988,128
2748,1779714394211054491,1779714394190767736,-20.286755,1837.841,128
2749,1779714394213683386,1779714394192952291,-20.731095,1184.555,128
2750,1779714394216074796,1779714394195684666,-20.39013,1732.375,128
2751,1779714394218821150,1779714394197862234,-20.958916,1177.568,128
2752,1779714394220987996,1779714394199634791,-21.353205,772.557,128
2753,1779714394222762129,1779714394201575678,-21.186451,940.887,128
2754,1779714394224631068,1779714394205234598,-19.39647,2658.92,128
2755,1779714394228312203,1779714394207030777,-21.281426,796.179,128
2756,1779714394230172044,1779714394208621353,-21.550691,590.576,128
2757,1779714394231797343,1779714394210359201,-21.438142,737.848,128
2758,1779714394233411949,1779714394211882273,-21.529676,523.072,128
2759,1779714394234972539,1779714394213676223,-21.296316,793.95,128
2760,1779714394236835940,1779714394216120181,-20.715759,1443.958,128
2761,1779714394239212969,1779714394217813879,-21.39909,693.698,128
2762,1779714394240884127,1779714394219661325,-21.222802,847.446,128
2763,1779714394242834449,1779714394221712116,-21.122333,1050.791,128
2764,1779714394244834907,1779714394223813405,-21.021502,1101.289,128
2765,1779714394246880702,1779714394225472542,-21.40816,659.137,128
2766,1779714394248700021,1779714394227339436,-21.360585,866.894,128
2767,1779714394250493348,1779714394228921153,-21.572195,581.717,128
2768,1779714394252128639,1779714394231206130,-20.922509,1284.977,128
2769,1779714394254353733,1779714394233029305,-21.324428,823.175,128
2770,1779714394256126002,1779714394234874081,-21.251921,844.776,128
2771,1779714394258002630,1779714394237956156,-20.046474,2082.075,128
2772,1779714394261108922,1779714394239984239,-21.124683,1028.083,128
2773,1779714394263153927,1779714394242012758,-21.141169,1028.519,128
2774,1779714394265169051,1779714394243763737,-21.405314,750.979,128
2775,1779714394266755632,1779714394246050661,-20.704971,1286.924,128
2776,1779714394269147712,1779714394248185556,-20.962156,1134.895,128
2777,1779714394271247293,1779714394249494237,-21.753056,308.681,128
2778,1779714394272620032,1779714394251009604,-21.610428,515.367,128
2779,1779714394274184412,1779714394253063676,-21.120736,1054.072,128
2780,1779714394276125282,1779714394254678366,-21.446916,614.69,128
2781,1779714394277756308,1779714394256198787,-21.557521,520.421,128
2782,1779714394279390339,1779714394258504968,-20.885371,1306.181,128
2783,1779714394281640048,1779714394260266637,-21.373411,761.669,128
2784,1779714394283208275,1779714394261932197,-21.276078,665.56,128
2785,1779714394285001280,1779714394265244753,-19.756527,2312.556,128
2786,1779714394286768838,1779714394265251737,-21.517101,-993.016,128
2787,1779714394288114571,1779714394266906149,-21.208422,654.412,128
2788,1779714394289720736,1779714394268220358,-21.500378,314.209,128
2789,1779714394291297640,1779714394270041287,-21.256353,820.929,128
2790,1779714394293063846,1779714394272084660,-20.979186,1043.373,128
2791,1779714394295070439,1779714394273463903,-21.606536,379.243,128
2792,1779714394296493127,1779714394275474798,-21.018329,1010.895,128
2793,1779714394298515421,1779714394277281713,-21.233708,806.915,128
2794,1779714394300309313,1779714394278971380,-21.337933,689.667,128
2795,1779714394301917927,1779714394280592900,-21.325027,621.52,128
2796,1779714394303637822,1779714394281925967,-21.711855,333.067,128
2797,1779714394304958364,1779714394283635379,-21.322985,709.412,128
2798,1779714394306654968,1779714394287077656,-19.577312,2442.277,128
2799,1779714394310083003,1779714394289602972,-20.480031,1525.316,128
2800,1779714394312684330,1779714394292087244,-20.597086,1484.272,128
2801,1779714394315121593,1779714394294386518,-20.735075,1299.274,128
2802,1779714394317451446,1779714394296318387,-21.133059,931.869,128
2803,1779714394319214130,1779714394298285715,-20.928415,967.328,128
2804,1779714394321111242,1779714394299677435,-21.433807,391.72,128
2805,1779714394322733024,1779714394301279761,-21.453263,602.326,128
2806,1779714394324240049,1779714394302676683,-21.563366,396.922,128
2807,1779714394325714203,1779714394303975933,-21.73827,299.25,128
2808,1779714394326854170,1779714394305297549,-21.556621,321.616,128
2809,1779714394328353106,1779714394306757346,-21.59576,459.797,128
2810,1779714394329798911,1779714394308784960,-21.013951,1027.614,128
2811,1779714394331703344,1779714394310442888,-21.260456,657.928,128
2812,1779714394333444855,1779714394312853507,-20.591348,1410.619,128
2813,1779714394335345053,1779714394314642017,-20.703036,788.51,128
2814,1779714394337642922,1779714394315854620,-21.788302,212.603,128
2815,1779714394338900768,1779714394317358217,-21.542551,503.597,128
2816,1779714394340443727,1779714394319443528,-21.000199,1085.311,128
2817,1779714394341920690,1779714394321070304,-20.850386,626.776,128
2818,1779714394344004321,1779714394322398908,-21.605413,328.604,128
2819,1779714394345293091,1779714394323781282,-21.511809,382.374,128
2820,1779714394346836383,1779714394325259055,-21.577328,477.773,128
2821,1779714394348225770,1779714394326759316,-21.466454,500.261,128
2822,1779714394349813189,1779714394328108244,-21.704945,348.928,128
2823,1779714394351096542,1779714394329432967,-21.663575,324.723,128
2824,1779714394352403960,1779714394330491639,-21.912321,58.672,128
2825,1779714394353581649,1779714394332473001,-21.108648,981.362,128
2826,1779714394355521074,1779714394334713289,-20.807785,1240.288,128
2827,1779714394357686833,1779714394336015826,-21.671007,302.537,128
2828,1779714394359118656,1779714394337708790,-21.409866,692.964,128
2829,1779714394360711079,1779714394339335962,-21.375117,627.172,128
2830,1779714394362333933,1779714394341036967,-21.296966,701.005,128
2831,1779714394364090434,1779714394342818048,-21.272386,781.081,128
2832,1779714394365855763,1779714394343922926,-21.932837,104.878,128
2833,1779714394366994987,1779714394345742831,-21.252156,819.905,128
2834,1779714394368705999,1779714394347618651,-21.087348,875.82,128
2835,1779714394370715944,1779714394349534413,-21.181531,915.762,128
2836,1779714394372497358,1779714394351082488,-21.41487,548.075,128
2837,1779714394374156315,1779714394352761562,-21.394753,679.074,128
2838,1779714394375846032,1779714394354402459,-21.443573,640.897,128
2839,1779714394377408883,1779714394356419322,-20.989561,1016.863,128
2840,1779714394379435576,1779714394358089660,-21.345916,670.338,128
2841,1779714394381160322,1779714394359706469,-21.453853,616.809,128
2842,1779714394382806387,1779714394361317608,-21.488779,611.139,128
2843,1779714394384383351,1779714394362835782,-21.547569,518.174,128
2844,1779714394386026523,1779714394364808607,-21.217916,972.825,128
2845,1779714394387859208,1779714394365797148,-22.06206,-11.459,128
2846,1779714394388901137,1779714394367550657,-21.35048,753.509,128
2847,1779714394390645789,1779714394369136174,-21.509615,585.517,128
2848,1779714394392212380,1779714394370374296,-21.838084,238.122,128
2849,1779714394393383881,1779714394371911766,-21.472115,537.47,128
2850,1779714394394930021,1779714394373778323,-21.151698,866.557,128
2851,1779714394396881191,1779714394374626849,-22.254342,-151.474,128
2852,1779714394397762387,1779714394376541124,-21.221263,914.275,128
2853,1779714394399310391,1779714394377791865,-21.518526,250.741,128
2854,1779714394400765048,1779714394378835368,-21.92968,43.503,128
2855,1779714394401924148,1779714394381219607,-20.704541,1384.239,128
2856,1779714394404001246,1779714394382762896,-21.23835,543.289,128
2857,1779714394405788739,1779714394384305607,-21.483132,542.711,128
2858,1779714394407298715,1779714394386300767,-20.997948,995.16,128
2859,1779714394409336641,1779714394388331761,-21.00488,1030.994,128
2860,1779714394411274369,1779714394390596609,-20.67776,1264.848,128
2861,1779714394413496437,1779714394392272426,-21.224011,675.817,128
2862,1779714394415354303,1779714394394429701,-20.924602,1157.275,128
2863,1779714394417439622,1779714394396444091,-20.995531,1014.39,128
2864,1779714394419478537,1779714394397935695,-21.542842,491.604,128
2865,1779714394421014500,1779714394399394052,-21.620448,458.357,128
2866,1779714394422533192,1779714394401387364,-21.145828,993.312,128
2867,1779714394424622715,1779714394403726486,-20.896229,1339.122,128
2868,1779714394426802285,1779714394405519604,-21.282681,793.118,128
2869,1779714394428639234,1779714394407221663,-21.417571,702.059,128
2870,1779714394430259914,1779714394409259629,-21.000285,1037.966,128
2871,1779714394432282989,1779714394410789619,-21.49337,529.99,128
2872,1779714394433801219,1779714394412289317,-21.511902,499.698,128
2873,1779714394435412795,1779714394413683324,-21.729471,394.007,128
2874,1779714394436774098,1779714394415283203,-21.490895,599.879,128
2875,1779714394438344437,1779714394416680650,-21.663787,397.447,128
2876,1779714394439827977,1779714394418072588,-21.755389,391.938,128
2877,1779714394441169166,1779714394419298601,-21.870565,226.013,128
2878,1779714394442378356,1779714394420788238,-21.590118,489.637,128
2879,1779714394443866190,1779714394422286944,-21.579246,498.706,128
2880,1779714394445272241,1779714394423411437,-21.860804,124.493,128
2881,1779714394446609244,1779714394424472256,-22.136988,60.819,128
2882,1779714394447606072,1779714394425673196,-21.932876,200.94,128
2883,1779714394448745838,1779714394426783932,-21.961906,110.736,128
2884,1779714394449865946,1779714394428251856,-21.61409,467.924,128
2885,1779714394451344831,1779714394430009418,-21.335413,757.562,128
2886,1779714394453104438,1779714394431910039,-21.194399,900.621,128
2887,1779714394454441655,1779714394432998829,-21.442826,88.79,128
2888,1779714394456111672,1779714394435137116,-20.974556,1138.287,128
2889,1779714394458211280,1779714394437011845,-21.199435,874.729,128
2890,1779714394460073323,1779714394438807024,-21.266299,795.179,128
2891,1779714394461865677,1779714394440462525,-21.403152,655.501,128
2892,1779714394463481756,1779714394442451945,-21.029811,989.42,128
2893,1779714394465571470,1779714394444670680,-20.90079,1218.735,128
2894,1779714394467718609,1779714394446580509,-21.1381,909.829,128
2895,1779714394469652924,1779714394452013151,-17.639773,4432.642,128
2896,1779714394475282381,1779714394461646982,-13.635399,8633.831,128
2897,1779714394484715171,1779714394464185887,-20.529284,1538.905,128
2898,1779714394487162714,1779714394465449952,-21.712762,264.065,128
2899,1779714394488495944,1779714394466178820,-22.317124,-271.132,128
2900,1779714394489278336,1779714394467980561,-21.297775,801.741,128
2901,1779714394491018635,1779714394469380709,-21.637926,400.148,128
2902,1779714394492495008,1779714394471146781,-21.348227,766.072,128
2903,1779714394494206428,1779714394472456465,-21.749963,309.684,128
2904,1779714394495493958,1779714394474472044,-21.021914,1015.579,128
2905,1779714394497614731,1779714394476218053,-21.396678,746.009,128
2906,1779714394499134906,1779714394477350839,-21.784067,132.786,128
2907,1779714394500467997,1779714394478694978,-21.773019,344.139,128
2908,1779714394501822842,1779714394480678682,-21.14416,983.704,128
2909,1779714394503825993,1779714394481448390,-22.377603,-230.292,128
2910,1779714394504630294,1779714394483452898,-21.177396,1004.508,128
2911,1779714394506379411,1779714394485600840,-20.778571,1147.942,128
2912,1779714394508695586,1779714394487839638,-20.855948,1238.798,128
2913,1779714394510933010,1779714394489803047,-21.129963,963.409,128
2914,1779714394513126281,1779714394491602603,-21.523678,799.556,128
2915,1779714394514710801,1779714394493796143,-20.914658,1193.54,128
2916,1779714394516679922,1779714394495583899,-21.096023,787.756,128
2917,1779714394518569405,1779714394497815557,-20.753848,1231.658,128
2918,1779714394520884528,1779714394500203734,-20.680794,1388.177,128
2919,1779714394523015434,1779714394501423632,-21.591802,219.898,128
2920,1779714394524568710,1779714394503484107,-21.084603,1060.475,128
2921,1779714394526598110,1779714394504895714,-21.702396,411.607,128
2922,1779714394527976335,1779714394506967634,-21.008701,1071.92,128
2923,1779714394529942433,1779714394508946419,-20.996014,978.785,128
2924,1779714394531924405,1779714394510796279,-21.128126,849.86,128
2925,1779714394533931014,1779714394512113802,-21.817212,317.523,128
2926,1779714394535242570,1779714394514497899,-20.744671,1384.097,128
2927,1779714394537465286,1779714394516239179,-21.226107,741.28,128
2928,1779714394539273809,1779714394517162811,-22.110998,-76.368,128
2929,1779714394540231353,1779714394518220807,-22.010546,57.996,128
2930,1779714394541286190,1779714394519889177,-21.397013,668.37,128
2931,1779714394542947577,1779714394521439796,-21.507781,550.619,128
2932,1779714394544468614,1779714394522614505,-21.854109,174.709,128
2933,1779714394545658497,1779714394523518042,-22.140455,-96.463,128
2934,1779714394546638663,1779714394524714026,-21.924637,195.984,128
2935,1779714394547757919,1779714394526732928,-21.024991,1018.902,128
2936,1779714394549725650,1779714394528214275,-21.511375,481.347,128
2937,1779714394551307471,1779714394529996018,-21.311453,781.743,128
2938,1779714394553118896,1779714394531407059,-21.711837,411.041,128
2939,1779714394554433819,1779714394533124656,-21.309163,717.597,128
2940,1779714394556115501,1779714394534864026,-21.251475,739.37,128
2941,1779714394557896426,1779714394536744902,-21.151524,880.876,128
2942,1779714394559797059,1779714394538182006,-21.615053,437.104,128
2943,1779714394561226178,1779714394539840906,-21.385272,658.9,128
2944,1779714394562896578,1779714394541296574,-21.600004,455.668,128
2945,1779714394564347194,1779714394543270352,-21.076842,973.778,128
2946,1779714394566437641,1779714394545180021,-21.25762,909.669,128
2947,1779714394568224890,1779714394547099918,-21.124972,919.897,128
2948,1779714394570127347,1779714394548746624,-21.380723,646.706,128
2949,1779714394571757436,1779714394550734892,-21.022544,988.268,128
2950,1779714394573709505,1779714394552208963,-21.500542,474.071,128
2951,1779714394575250529,1779714394554145139,-21.10539,936.176,128
2952,1779714394577107144,1779714394555656139,-21.451005,511.0,128
2953,1779714394578672045,1779714394559941322,-18.730723,3285.183,128
2954,1779714394583144547,1779714394563428702,-19.715845,2487.38,128
2955,1779714394586356668,1779714394564723611,-21.633057,294.909,128
2956,1779714394587694312,1779714394566221919,-21.472393,498.308,128
2957,1779714394589224657,1779714394567784670,-21.439987,562.751,128
2958,1779714394590820664,1779714394569165486,-21.655178,380.816,128
2959,1779714394592123825,1779714394570602483,-21.521342,436.997,128
2960,1779714394593653230,1779714394572434113,-21.219117,831.63,128
2961,1779714394595455620,1779714394574218607,-21.237013,784.494,128
2962,1779714394597183172,1779714394575324015,-21.859157,105.408,128
2963,1779714394598348053,1779714394577005683,-21.34237,681.668,128
2964,1779714394600037189,1779714394578228051,-21.809138,222.368,128
2965,1779714394601252366,1779714394579705196,-21.54717,477.145,128
2966,1779714394602821062,1779714394581441291,-21.379771,736.095,128
2967,1779714394604451029,1779714394582849836,-21.601193,408.545,128
2968,1779714394605958817,1779714394584355040,-21.603777,505.204,128
2969,1779714394607339329,1779714394586581403,-20.757926,1226.363,128
2970,1779714394609199901,1779714394588415370,-20.784531,833.967,128
2971,1779714394611457250,1779714394590708208,-20.749042,1292.838,128
2972,1779714394613754324,1779714394592987607,-20.766717,1279.399,128
2973,1779714394616316784,1779714394595395700,-20.921084,1408.093,128
2974,1779714394618442036,1779714394597288714,-21.153322,893.014,128
2975,1779714394620617302,1779714394600335270,-20.282032,2046.556,128
2976,1779714394623330904,1779714394602211920,-21.118984,876.65,128
2977,1779714394625320194,1779714394603879147,-21.441047,667.227,128
2978,1779714394626922654,1779714394605923832,-20.998822,1044.685,128
2979,1779714394629026031,1779714394608294157,-20.731874,1370.325,128
2980,1779714394630774708,1779714394609474137,-21.300571,179.98,128
2981,1779714394632496965,1779714394611226370,-21.270595,752.233,128
2982,1779714394634184587,1779714394613359933,-20.824654,1133.563,128
2983,1779714394636435506,1779714394615316311,-21.119195,956.378,128
2984,1779714394638399132,1779714394617845781,-20.553351,1529.47,128
2985,1779714394640921310,1779714394619369733,-21.551577,523.952,128
2986,1779714394642425444,1779714394621143391,-21.282053,773.658,128
2987,1779714394644219094,1779714394622960111,-21.258983,816.72,128
2988,1779714394645971167,1779714394624998690,-20.972477,1038.579,128
2989,1779714394648015704,1779714394626664483,-21.351221,665.793,128
2990,1779714394649685605,1779714394628765146,-20.920459,1100.663,128
2991,1779714394651405428,1779714394630358674,-21.046754,593.528,128
2992,1779714394653343121,1779714394632041948,-21.301173,683.274,128
2993,1779714394654963966,1779714394635101538,-19.862428,2059.59,128
2994,1779714394658125841,1779714394637874736,-20.251105,1773.198,128
2995,1779714394660669260,1779714394640670125,-19.999135,1795.389,128
2996,1779714394663645319,1779714394643026043,-20.619276,1355.918,128
2997,1779714394666066947,1779714394646973564,-19.093383,2947.521,128
2998,1779714394670032365,1779714394648745192,-21.287173,771.628,128
2999,1779714394671853352,1779714394650370209,-21.483143,625.017,128
3000,1779714394673439388,1779714394652318660,-21.120728,948.451,128
3001,1779714394675355680,1779714394654266215,-21.089465,947.555,128
3002,1779714394677252247,1779714394656021894,-21.230353,755.679,128
3003,1779714394679060056,1779714394657642176,-21.41788,620.282,128
3004,1779714394680692042,1779714394660812223,-19.879819,2170.047,128
3005,1779714394683866268,1779714394663055833,-20.810435,1243.61,128
3006,1779714394686016327,1779714394664920916,-21.095411,865.083,128
3007,1779714394687977065,1779714394666839911,-21.137154,918.995,128
3008,1779714394689898048,1779714394668480079,-21.417969,640.168,128
3009,1779714394691594717,1779714394670778529,-20.816188,1298.45,128
3010,1779714394693797561,1779714394673091510,-20.706051,1312.981,128
3011,1779714394696132801,1779714394675298640,-20.834161,1207.13,128
3012,1779714394698354149,1779714394681829529,-16.52462,5530.889,128
3013,1779714394704876950,1779714394683388764,-21.488186,559.235,128
3014,1779714394706461656,1779714394685465970,-20.995686,1077.206,128
3015,1779714394708522310,1779714394687036364,-21.485946,570.394,128
3016,1779714394710100423,1779714394688524014,-21.576409,487.65,128
3017,1779714394711526768,1779714394690276844,-21.249924,752.83,128
3018,1779714394713236700,1779714394691731124,-21.505576,454.28,128
3019,1779714394714718919,1779714394693368363,-21.350556,637.239,128
3020,1779714394716361924,1779714394694682899,-21.679025,314.536,128
3021,1779714394717807898,1779714394696150466,-21.657432,467.567,128
3022,1779714394719273670,1779714394697362067,-21.911603,211.601,128
3023,1779714394720407598,1779714394699121920,-21.285678,759.853,128
3024,1779714394722247861,1779714394701807441,-20.44042,1685.521,128
3025,1779714394724680402,1779714394703258945,-21.421457,451.504,128
3026,1779714394726376684,1779714394704662106,-21.714578,403.161,128
3027,1779714394727795203,1779714394706032821,-21.762382,370.715,128
3028,1779714394729142365,1779714394707674675,-21.46769,641.854,128
3029,1779714394730846532,1779714394710668158,-20.178374,1993.483,128
3030,1779714394733716209,1779714394712258679,-21.45753,590.521,128
3031,1779714394735356977,1779714394714428541,-20.928436,1169.862,128
3032,1779714394737352019,1779714394716122193,-21.229826,693.652,128
3033,1779714394739163576,1779714394717691919,-21.471657,569.726,128
3034,1779714394740689669,1779714394719267114,-21.422555,575.195,128
3035,1779714394742190927,1779714394720920360,-21.270567,653.246,128
3036,1779714394743879037,1779714394722660979,-21.218058,740.619,128
3037,1779714394745611528,1779714394723962933,-21.648595,301.954,128
3038,1779714394747021173,1779714394725691320,-21.329853,728.387,128
3039,1779714394748698452,1779714394726592394,-22.106058,-98.926,128
3040,1779714394749880647,1779714394728494043,-21.386604,901.649,128
3041,1779714394751394051,1779714394730236702,-21.157349,742.659,128
3042,1779714394753057626,1779714394731478667,-21.578959,241.965,128
3043,1779714394754511233,1779714394733028372,-21.482861,549.705,128
3044,1779714394756030402,1779714394734771002,-21.2594,742.63,128
3045,1779714394757664986,1779714394736464435,-21.200551,693.433,128
3046,1779714394759487079,1779714394738004373,-21.482706,539.938,128
3047,1779714394760870830,1779714394739841854,-21.028976,837.481,128
3048,1779714394762787853,1779714394741459517,-21.328336,617.663,128
3049,1779714394764415086,1779714394743701369,-20.713717,1241.852,128
3050,1779714394766817766,1779714394745593586,-21.22418,892.217,128
3051,1779714394768671165,1779714394747286742,-21.384423,693.156,128
3052,1779714394770290202,1779714394748866498,-21.423704,579.756,128
3053,1779714394771862129,1779714394750606443,-21.255686,739.945,128
3054,1779714394773592735,1779714394753408285,-20.18445,1801.842,128
3055,1779714394776398788,1779714394755266290,-21.132498,858.005,128
3056,1779714394778328246,1779714394757352713,-20.975533,1086.423,128
3057,1779714394780321839,1779714394759111155,-21.210684,758.442,128
3058,1779714394781930320,1779714394760086011,-21.844309,-25.144,128
3059,1779714394783167013,1779714394761730912,-21.436101,644.901,128
3060,1779714394784771105,1779714394764677474,-20.093631,1946.562,128
3061,1779714394787661516,1779714394766263248,-21.398268,585.774,128
3062,1779714394789206555,1779714394767797261,-21.409294,534.013,128
3063,1779714394790777981,1779714394768565943,-22.212038,-231.318,128
3064,1779714394791452213,1779714394769541993,-21.91022,-23.95,128
3065,1779714394792514446,1779714394770929815,-21.584631,387.822,128
3066,1779714394793855402,1779714394772531982,-21.32342,602.167,128
3067,1779714394795402831,1779714394774758109,-20.644722,1226.127,128
3068,1779714394797667907,1779714394776230749,-21.437158,472.64,128
3069,1779714394799103317,1779714394777508210,-21.595107,277.461,128
3070,1779714394800470285,1779714394779247737,-21.222548,739.527,128
3071,1779714394802089762,1779714394780388061,-21.701701,140.324,128
3072,1779714394803388321,1779714394781726758,-21.661563,338.697,128
3073,1779714394804749775,1779714394783270898,-21.478877,544.14,128
3074,1779714394806175649,1779714394784377527,-21.798122,106.629,128
3075,1779714394807286114,1779714394785471503,-21.814611,93.976,128
3076,1779714394808510600,1779714394786567414,-21.943186,95.911,128
3077,1779714394809564622,1779714394787866435,-21.698187,299.021,128
3078,1779714394810855858,1779714394789739593,-21.116265,873.158,128
3079,1779714394812718248,1779714394791054216,-21.664032,314.623,128
3080,1779714394814050132,1779714394792543408,-21.506724,489.192,128
3081,1779714394815526427,1779714394794109124,-21.417303,565.716,128
3082,1779714394817093219,1779714394795482456,-21.610763,373.332,128
3083,1779714394818626045,1779714394797209975,-21.41607,727.519,128
3084,1779714394820132587,1779714394798658227,-21.47436,448.252,128
3085,1779714394821647223,1779714394799985143,-21.66208,326.916,128
3086,1779714394823018484,1779714394801494406,-21.524078,509.263,128
3087,1779714394824493401,1779714394803067342,-21.426059,572.936,128
3088,1779714394826039068,1779714394804295532,-21.743536,228.19,128
3089,1779714394827269578,1779714394805697397,-21.572181,401.865,128
3090,1779714394828768902,1779714394806941459,-21.827443,244.062,128
3091,1779714394829937070,1779714394807975724,-21.961346,34.265,128
3092,1779714394830990035,1779714394809484266,-21.505769,508.542,128
3093,1779714394832465452,1779714394810567267,-21.898185,83.001,128
3094,1779714394833529584,1779714394812228151,-21.301433,660.884,128
3095,1779714394835078486,1779714394813272361,-21.806125,44.21,128
3096,1779714394836273853,1779714394814353548,-21.920305,81.187,128
3097,1779714394837326496,1779714394815230791,-22.095705,-122.757,128
3098,1779714394838170857,1779714394816813092,-21.357765,582.301,128
3099,1779714394839808579,1779714394818337922,-21.470657,524.83,128
3100,1779714394841341706,1779714394820035305,-21.306401,697.383,128
3101,1779714394842975013,1779714394821625885,-21.349128,590.58,128
3102,1779714394844620354,1779714394823038320,-21.582034,412.435,128
3103,1779714394846034198,1779714394824529458,-21.50474,491.138,128
3104,1779714394847527087,1779714394826511192,-21.015895,981.734,128
3105,1779714394849472670,1779714394828039082,-21.433588,527.89,128
3106,1779714394851069175,1779714394829370410,-21.698765,331.328,128
3107,1779714394852349979,1779714394830766048,-21.583931,395.638,128
3108,1779714394853818238,1779714394832109029,-21.709209,342.981,128
3109,1779714394855033199,1779714394833264398,-21.768801,155.369,128
3110,1779714394856258452,1779714394835863707,-20.394745,1599.309,128
3111,1779714394858443422,1779714394839015534,-19.427888,2151.827,128
3112,1779714394861876602,1779714394840288695,-21.587907,273.161,128
3113,1779714394863227351,1779714394842326915,-20.900436,1038.22,128
3114,1779714394865187713,1779714394843750038,-21.437675,423.123,128
3115,1779714394866660882,1779714394845403553,-21.257329,653.515,128
3116,1779714394868328811,1779714394847326413,-21.002398,922.86,128
3117,1779714394870428820,1779714394849096060,-21.33276,769.647,128
3118,1779714394872131535,1779714394850458847,-21.672688,362.787,128
3119,1779714394873475020,1779714394851913289,-21.561731,454.442,128
3120,1779714394874902549,1779714394853097804,-21.804745,184.515,128
3121,1779714394876199741,1779714394854238011,-21.96173,140.207,128
3122,1779714394877248222,1779714394855999133,-21.249089,761.122,128
3123,1779714394879050846,1779714394857553353,-21.497493,554.22,128
3124,1779714394880643977,1779714394859664181,-20.979796,1110.828,128
3125,1779714394882696228,1779714394861081882,-21.614346,417.701,128
3126,1779714394884082818,1779714394862638358,-21.44446,556.476,128
3127,1779714394885662146,1779714394864233340,-21.428806,594.982,128
3128,1779714394887144118,1779714394866061264,-21.082854,827.924,128
3129,1779714394889010333,1779714394867272895,-21.737438,211.631,128
3130,1779714394890265953,1779714394869058970,-21.206983,786.075,128
3131,1779714394892067909,1779714394870926334,-21.141575,867.364,128
3132,1779714394893914265,1779714394872130719,-21.783546,204.385,128
3133,1779714394895162218,1779714394873582217,-21.580001,451.498,128
3134,1779714394896653781,1779714394875769104,-20.884677,1186.887,128
3135,1779714394898747555,1779714394876923405,-21.82415,154.301,128
3136,1779714394899919223,1779714394878888471,-21.030752,965.066,128
3137,1779714394901905365,1779714394881205133,-20.700232,1316.662,128
3138,1779714394904065537,1779714394882470463,-21.595074,265.33,128
3139,1779714394905401591,1779714394883918838,-21.482753,448.375,128
3140,1779714394906933114,1779714394885187465,-21.745649,268.627,128
3141,1779714394908197804,1779714394886328866,-21.868938,141.401,128
3142,1779714394909367432,1779714394887911638,-21.455794,582.772,128
3143,1779714394910948918,1779714394889476087,-21.472831,564.449,128
3144,1779714394912499184,1779714394890545861,-21.953323,69.774,128
3145,1779714394913617231,1779714394891772486,-21.844745,226.625,128
3146,1779714394914828543,1779714394893420122,-21.408421,647.636,128
3147,1779714394916436060,1779714394894953924,-21.482136,533.802,128
3148,1779714394917983413,1779714394897215621,-20.767792,1261.697,128
3149,1779714394920212468,1779714394898858205,-21.354263,642.584,128
3150,1779714394921739698,1779714395007540163,85.800465,107681.958,128
3151,1779714395030594147,1779714395009141496,-21.452651,601.333,128
3152,1779714395032046349,1779714395010528647,-21.517702,387.151,128
3153,1779714395033599773,1779714395012398183,-21.20159,869.536,128
3154,1779714395035359832,1779714395016270222,-19.08961,2872.039,128
3155,1779714395039356939,1779714395019416531,-19.940408,2146.309,128
3156,1779714395042497895,1779714395021110182,-21.387713,693.651,128
3157,1779714395044086019,1779714395022849614,-21.236405,739.432,128
3158,1779714395045857908,1779714395024188778,-21.66913,339.164,128
3159,1779714395047195295,1779714395026919304,-20.275991,1730.526,128
3160,1779714395049197217,1779714395027854787,-21.34243,-64.517,128
3161,1779714395050851690,1779714395029270689,-21.581001,415.902,128
3162,1779714395052288618,1779714395030733231,-21.555387,462.542,128
3163,1779714395053756379,1779714395032076968,-21.679411,343.737,128
3164,1779714395055045429,1779714395033522126,-21.523303,445.158,128
3165,1779714395056525362,1779714395035345303,-21.180059,823.177,128
3166,1779714395058296437,1779714395037116172,-21.180265,770.869,128
3167,1779714395059988744,1779714395038095622,-21.893122,-20.55,128
3168,1779714395061066786,1779714395039524252,-21.542534,428.63,128
3169,1779714395062602115,1779714395040509245,-22.09287,-15.007,128
3170,1779714395063466927,1779714395041906314,-21.560613,397.069,128
3171,1779714395064934207,1779714395043587908,-21.346299,681.594,128
3172,1779714395066611633,1779714395045293746,-21.317887,705.838,128
3173,1779714395068270511,1779714395046754346,-21.516165,460.6,128
3174,1779714395069711003,1779714395048232423,-21.47858,478.077,128
3175,1779714395071243620,1779714395049053400,-22.19022,-179.023,128
3176,1779714395072053025,1779714395050240223,-21.812802,186.823,128
3177,1779714395073202574,1779714395051894692,-21.307882,654.469,128
3178,1779714395074923326,1779714395053340388,-21.582938,445.696,128
3179,1779714395076464314,1779714395055052790,-21.411524,712.402,128
3180,1779714395078008057,1779714395056377379,-21.630678,324.589,128
3181,1779714395079405002,1779714395057451673,-21.953329,74.294,128
3182,1779714395080445387,1779714395058791112,-21.654275,339.439,128
3183,1779714395081816286,1779714395060119753,-21.696533,328.641,128
3184,1779714395083136285,1779714395061126548,-22.009737,6.795,128
3185,1779714395084122932,1779714395061899119,-22.223813,-227.429,128
3186,1779714395084962502,1779714395063213445,-21.749057,314.326,128
3187,1779714395086158451,1779714395064417216,-21.741235,203.771,128
3188,1779714395087321771,1779714395065830995,-21.490776,413.779,128
3189,1779714395088905049,1779714395067516830,-21.388219,685.835,128
3190,1779714395090583678,1779714395068534736,-22.048942,17.906,128
3191,1779714395091520656,1779714395069993615,-21.527041,458.879,128
3192,1779714395092892930,1779714395071341007,-21.551923,347.392,128
3193,1779714395094291823,1779714395072404979,-21.886844,63.972,128
3194,1779714395095430505,1779714395073275788,-22.154717,-129.191,128
3195,1779714395096281747,1779714395074688609,-21.593138,412.821,128
3196,1779714395097703387,1779714395076144422,-21.558965,455.813,128
3197,1779714395098987009,1779714395077408573,-21.578436,264.151,128
3198,1779714395100508725,1779714395078807478,-21.701247,398.905,128
3199,1779714395101766538,1779714395081284797,-20.481741,1477.319,128
3200,1779714395103057028,1779714395081637097,-21.419931,-647.7,128
3201,1779714395104156223,1779714395082985754,-21.170469,348.657,128
3202,1779714395105849047,1779714395085345689,-20.503358,1359.935,128
3203,1779714395107624089,1779714395086516522,-21.107567,170.833,128
3204,1779714395109488645,1779714395088652905,-20.83574,1136.383,128
3205,1779714395111334281,1779714395090497563,-20.836718,844.658,128
3206,1779714395113572562,1779714395092985422,-20.58714,1487.859,128
3207,1779714395115824868,1779714395094157082,-21.667786,171.66,128
3208,1779714395117039410,1779714395095687826,-21.351584,530.744,128
3209,1779714395118544322,1779714395097484701,-21.059621,796.875,128
3210,1779714395119885926,1779714395099655881,-20.230045,1171.18,128
3211,1779714395122515294,1779714395101836099,-20.679195,1180.218,128
3212,1779714395124781539,1779714395103358476,-21.423063,522.377,128
3213,1779714395126226746,1779714395104754676,-21.47207,396.2,128
3214,1779714395127523423,1779714395106554443,-20.96898,799.767,128
3215,1779714395129521568,1779714395108970427,-20.551141,1415.984,128
3216,1779714395132008011,1779714395110853829,-21.154182,883.402,128
3217,1779714395133707342,1779714395112259358,-21.447984,405.529,128
3218,1779714395135152242,1779714395113966929,-21.185313,707.571,128
3219,1779714395136945619,1779714395116348078,-20.597541,1381.149,128
3220,1779714395139161926,1779714395117619190,-21.542736,271.112,128
3221,1779714395140559990,1779714395119130692,-21.429298,511.502,128
3222,1779714395142127038,1779714395120653922,-21.473116,523.23,128
3223,1779714395143684809,1779714395122775987,-20.908822,1122.065,128
3224,1779714395145715798,1779714395124315995,-21.399803,540.008,128
3225,1779714395147205604,1779714395125996981,-21.208623,680.986,128
3226,1779714395149012880,1779714395127901089,-21.111791,904.108,128
3227,1779714395150885448,1779714395129358105,-21.527343,457.016,128
3228,1779714395152334263,1779714395131288414,-21.045849,930.309,128
3229,1779714395154089126,1779714395132639475,-21.449651,351.061,128
3230,1779714395155646912,1779714395134118481,-21.528431,479.006,128
3231,1779714395157072654,1779714395136051022,-21.021632,932.541,128
3232,1779714395159069652,1779714395137997414,-21.072238,946.392,128
3233,1779714395160810221,1779714395139851982,-20.958239,854.568,128
3234,1779714395162877132,1779714395141912329,-20.964803,1060.347,128
3235,1779714395164855885,1779714395143555881,-21.300004,643.552,128
3236,1779714395166673393,1779714395145873351,-20.800042,1317.47,128
3237,1779714395168827095,1779714395147952803,-20.874292,1079.452,128
3238,1779714395171012493,1779714395149325175,-21.687318,372.372,128
3239,1779714395172336000,1779714395151268262,-21.067738,943.087,128
3240,1779714395174402615,1779714395153410683,-20.991932,1142.421,128
3241,1779714395176414101,1779714395155453761,-20.96034,1043.078,128
3242,1779714395178456520,1779714395157238499,-21.218021,784.738,128
3243,1779714395180228643,1779714395160550268,-19.678375,2311.769,128
3244,1779714395181911882,1779714395160566017,-21.345865,-984.251,128
3245,1779714395183630948,1779714395162603294,-21.027654,1037.277,128
3246,1779714395185651994,1779714395164520646,-21.131348,917.352,128
3247,1779714395187346054,1779714395166220324,-21.12573,699.678,128
3248,1779714395189115400,1779714395168074656,-21.040744,854.332,128
3249,1779714395190992528,1779714395170422078,-20.57045,1347.422,128
3250,1779714395193356426,1779714395172077254,-21.279172,655.176,128
3251,1779714395195087834,1779714395173887627,-21.200207,810.373,128
3252,1779714395196815026,1779714395175277027,-21.537999,389.4,128
3253,1779714395198174435,1779714395176632739,-21.541696,355.712,128
3254,1779714395199611685,1779714395178393752,-21.217933,761.013,128
3255,1779714395201291270,1779714395180152572,-21.138698,758.82,128
3256,1779714395203138612,1779714395182341557,-20.797055,1188.985,128
3257,1779714395205256044,1779714395183777197,-21.478847,435.64,128
3258,1779714395206798056,1779714395185346404,-21.451652,569.207,128
3259,1779714395208228815,1779714395187028487,-21.200328,682.083,128
3260,1779714395209989620,1779714395189286088,-20.703532,1257.601,128
3261,1779714395212313991,1779714395191002286,-21.311705,716.198,128
3262,1779714395214035371,1779714395192491146,-21.544225,488.86,128
3263,1779714395215506930,1779714395194267925,-21.239005,776.779,128
3264,1779714395217193639,1779714395196082669,-21.11097,814.744,128
3265,1779714395219068851,1779714395197904752,-21.164099,822.083,128
3266,1779714395220772427,1779714395199243596,-21.528831,338.844,128
3267,1779714395222168427,1779714395200798783,-21.369644,555.187,128
3268,1779714395223892241,1779714395202780109,-21.112132,981.326,128
3269,1779714395225704704,1779714395204273247,-21.431457,493.138,128
3270,1779714395227226588,1779714395206339665,-20.886923,1066.418,128
3271,1779714395229251321,1779714395208141194,-21.110127,801.529,128
3272,1779714395231132193,1779714395210094919,-21.037274,953.725,128
3273,1779714395233097589,1779714395211916709,-21.18088,821.79,128
3274,1779714395234936085,1779714395214308980,-20.627105,1392.271,128
3275,1779714395237159655,1779714395215763008,-21.396647,454.028,128
3276,1779714395238738234,1779714395217340340,-21.397894,577.332,128
3277,1779714395240298417,1779714395219510521,-20.787896,1170.181,128
3278,1779714395242637527,1779714395221256284,-21.381243,745.763,128
3279,1779714395244151691,1779714395222710777,-21.440914,454.493,128
3280,1779714395245727000,1779714395224285572,-21.441428,574.795,128
3281,1779714395247247641,1779714395226006750,-21.240891,721.178,128
3282,1779714395248978244,1779714395227627472,-21.350772,620.722,128
3283,1779714395250641735,1779714395229406034,-21.235701,778.562,128
3284,1779714395252337112,1779714395231326160,-21.010952,920.126,128
3285,1779714395254253208,1779714395232828623,-21.424585,502.463,128
3286,1779714395255803440,1779714395234322219,-21.481221,493.596,128
3287,1779714395257299313,1779714395236294350,-21.004963,972.131,128
3288,1779714395259260805,1779714395238073797,-21.187008,779.447,128
3289,1779714395261093476,1779714395240051340,-21.042136,977.543,128
3290,1779714395262993797,1779714395241530377,-21.46342,479.037,128
3291,1779714395264655750,1779714395243026547,-21.629203,496.17,128
3292,1779714395266044161,1779714395244875521,-21.16864,848.974,128
3293,1779714395267832456,1779714395246420524,-21.411932,545.003,128
3294,1779714395269469267,1779714395248972201,-20.497066,1551.677,128
3295,1779714395271931852,1779714395388207895,116.276043,138235.694,128
3296,1779714395409618663,1779714395389443888,-20.174775,235.993,128
3297,1779714395412412489,1779714395391548494,-20.863995,1104.606,128
3298,1779714395414432171,1779714395393065364,-21.366807,516.87,128
3299,1779714395416039047,1779714395394624899,-21.414148,559.535,128
3300,1779714395417589556,1779714395397394666,-20.19489,1769.767,128
3301,1779714395420293912,1779714395398885626,-21.408286,490.96,128
3302,1779714395421895832,1779714395400436508,-21.459324,550.882,128
3303,1779714395423325262,1779714395402200555,-21.124707,764.047,128
3304,1779714395425179967,1779714395403748519,-21.431448,547.964,128
3305,1779714395426639438,1779714395405513496,-21.125942,764.977,128
3306,1779714395428512475,1779714395407245553,-21.266922,732.057,128
3307,1779714395430222698,1779714395408932040,-21.290658,686.487,128
3308,1779714395431850953,1779714395410472546,-21.378407,540.506,128
3309,1779714395433479477,1779714395411949492,-21.529985,476.946,128
3310,1779714395435004377,1779714395413583319,-21.421058,633.827,128
3311,1779714395436500719,1779714395415129823,-21.370896,546.504,128
3312,1779714395438098481,1779714395417034101,-21.06438,904.278,128
3313,1779714395440026811,1779714395418476807,-21.550004,442.706,128
3314,1779714395441247196,1779714395420245090,-21.002106,768.283,128
3315,1779714395443131788,1779714395421763291,-21.368497,518.201,128
3316,1779714395444662456,1779714395423161779,-21.500677,398.488,128
3317,1779714395446145409,1779714395424546426,-21.598983,384.647,128
3318,1779714395447567000,1779714395426210285,-21.356715,663.859,128
3319,1779714395449222996,1779714395427338743,-21.884253,128.458,128
3320,1779714395450315310,1779714395429244529,-21.070781,905.786,128
3321,1779714395452351860,1779714395430766445,-21.585415,521.916,128
3322,1779714395453745805,1779714395433271292,-20.474513,1504.847,128
3323,1779714395456225507,1779714395435278728,-20.946779,1007.436,128
3324,1779714395458242876,1779714395437229540,-21.013336,950.812,128
3325,1779714395460283698,1779714395438888799,-21.394899,659.259,128
3326,1779714395461974273,1779714395441015014,-20.959259,1126.215,128
3327,1779714395464016806,1779714395443779386,-20.23742,1764.372,128
3328,1779714395470237812,1779714395460113705,-10.124107,15334.319,128
3329,1779714395483096257,1779714395462794232,-20.302025,1680.527,128
3330,1779714395485702492,1779714395464681102,-21.02139,886.87,128
3331,1779714395487667574,1779714395466768714,-20.89886,1087.612,128
3332,1779714395489807136,1779714395469366521,-20.440615,1597.807,128
3333,1779714395492208642,1779714395471576450,-20.632192,1209.929,128
3334,1779714395494671315,1779714395474226237,-20.445078,1649.787,128
3335,1779714395497144238,1779714395476184545,-20.959693,958.308,128
3336,1779714395499104503,1779714395477781518,-21.322985,596.973,128
3337,1779714395500736772,1779714395479538284,-21.198488,756.766,128
3338,1779714395502505383,1779714395481807802,-20.697581,1269.518,128
3339,1779714395504852443,1779714395483555642,-21.296801,747.84,128
3340,1779714395506506742,1779714395485259799,-21.246943,704.157,128
3341,1779714395508217779,1779714395487136749,-21.08103,876.95,128
3342,1779714395510206675,1779714395489762779,-20.443896,1626.03,128
3343,1779714395512757001,1779714395491448224,-21.308777,685.445,128
3344,1779714395514524387,1779714395493542295,-20.982092,1094.071,128
3345,1779714395516452041,1779714395494753459,-21.698582,211.164,128
3346,1779714395517696645,1779714395496417816,-21.278829,664.357,128
3347,1779714395519512755,1779714395498450015,-21.06274,1032.199,128
3348,1779714395521493714,1779714395500634250,-20.859464,1184.235,128
3349,1779714395523687606,1779714395502794244,-20.893362,1159.994,128
3350,1779714395525740018,1779714395504683096,-21.056922,888.852,128
3351,1779714395527778911,1779714395506484934,-21.293977,801.838,128
3352,1779714395529415839,1779714395508358284,-21.057555,873.35,128
3353,1779714395531423090,1779714395510799167,-20.623923,1440.883,128
3354,1779714395533671789,1779714395512233704,-21.438085,434.537,128
3355,1779714395535279779,1779714395514057508,-21.222271,823.804,128
3356,1779714395536872686,1779714395515954981,-20.917705,897.473,128
3357,1779714395538968243,1779714395517431445,-21.536798,476.464,128
3358,1779714395540479213,1779714395519239763,-21.23945,808.318,128
3359,1779714395542163723,1779714395521065141,-21.098582,825.378,128
3360,1779714395544036403,1779714395522788752,-21.247651,723.611,128
3361,1779714395545639991,1779714395524600966,-21.039025,812.214,128
3362,1779714395547651012,1779714395526094578,-21.556434,493.612,128
3363,1779714395549092032,1779714395527417905,-21.674127,323.327,128
3364,1779714395550484633,1779714395529052758,-21.431875,634.853,128
3365,1779714395552022139,1779714395531105866,-20.916273,1053.108,128
3366,1779714395553966507,1779714395532092138,-21.874369,-13.728,128
3367,1779714395555163653,1779714395534075428,-21.088225,983.29,128
3368,1779714395557174471,1779714395535903291,-21.27118,827.863,128
3369,1779714395558897659,1779714395537515210,-21.382449,611.919,128
3370,1779714395560512970,1779714395538866362,-21.646608,351.152,128
3371,1779714395561959244,1779714395541237825,-20.721419,1371.463,128
3372,1779714395564101065,1779714395542813243,-21.287822,575.418,128
3373,1779714395565774424,1779714395544612850,-21.161574,799.607,128
3374,1779714395567674991,1779714395551098562,-16.576429,5485.712,128
3375,1779714395573870931,1779714395552722638,-21.148293,624.076,128
3376,1779714395575627241,1779714395554385790,-21.241451,663.152,128
3377,1779714395577503644,1779714395556313218,-21.190426,927.428,128
3378,1779714395579332581,1779714395558096916,-21.235665,783.698,128
3379,1779714395581094537,1779714395559872865,-21.221672,775.949,128
3380,1779714395582876759,1779714395561332762,-21.543997,459.897,128
3381,1779714395584342995,1779714395562939584,-21.403411,606.822,128
3382,1779714395585941954,1779714395564645052,-21.296902,705.468,128
3383,1779714395587659669,1779714395565811298,-21.848371,166.246,128
3384,1779714395588911546,1779714395567272401,-21.639145,461.103,128
3385,1779714395590207179,1779714395569236698,-20.970481,964.297,128
3386,1779714395592098026,1779714395570313547,-21.784479,76.849,128
3387,1779714395593228815,1779714395571759937,-21.468878,446.39,128
3388,1779714395594840005,1779714395573561894,-21.278111,801.957,128
3389,1779714395596406112,1779714395575098704,-21.307408,536.81,128
3390,1779714395598019401,1779714395576684988,-21.334413,586.284,128
3391,1779714395599634743,1779714395578097946,-21.536797,412.958,128
3392,1779714395601044788,1779714395579350642,-21.694146,252.696,128
3393,1779714395602387673,1779714395581228185,-21.159488,877.543,128
3394,1779714395604107644,1779714395583221239,-20.886405,993.054,128
3395,1779714395606077401,1779714395584309693,-21.767708,88.454,128
3396,1779714395607252876,1779714395586006535,-21.246341,696.842,128
3397,1779714395608901542,1779714395587244432,-21.65711,237.897,128
3398,1779714395610130926,1779714395588887660,-21.243266,643.228,128
3399,1779714395611819426,1779714395590545359,-21.274067,657.699,128
3400,1779714395613537410,1779714395592483671,-21.053739,938.312,128
3401,1779714395615270714,1779714395593409976,-21.860738,-73.695,128
3402,1779714395616388798,1779714395595966920,-20.421878,1556.944,128
3403,1779714395618940345,1779714395597580977,-21.359368,614.057,128
3404,1779714395620600209,1779714395599628177,-20.972032,1047.2,128
3405,1779714395622521671,1779714395601547049,-20.974622,918.872,128
3406,1779714395624493833,1779714395603543048,-20.950785,995.999,128
3407,1779714395626523260,1779714395605271417,-21.251843,728.369,128
3408,1779714395628306768,1779714395607026550,-21.280218,755.133,128
3409,1779714395630043812,1779714395608876211,-21.167601,849.661,128
3410,1779714395631892798,1779714395610587092,-21.305706,710.881,128
3411,1779714395633499404,1779714395612325648,-21.173756,738.556,128
3412,1779714395635041277,1779714395629861544,-5.179733,16535.896,128
3413,1779714395653145385,1779714395632258093,-20.887292,1396.549,128
3414,1779714395655148419,1779714395633935483,-21.212936,677.39,128
3415,1779714395656921398,1779714395635019324,-21.902074,83.841,128
3416,1779714395657939124,1779714395636756294,-21.18283,736.97,128
3417,1779714395659690800,1779714395638705087,-20.985713,948.793,128
3418,1779714395661641279,1779714395640332397,-21.308882,627.31,128
3419,1779714395663217453,1779714395642699121,-20.518332,1366.724,128
3420,1779714395665688197,1779714395644581031,-21.107166,881.91,128
3421,1779714395667495954,1779714395646267543,-21.228411,686.512,128
3422,1779714395669114999,1779714395648650921,-20.464078,1383.378,128
3423,1779714395671961799,1779714395650524174,-21.437625,873.253,128
3424,1779714395673530521,1779714395652497920,-21.032601,973.746,128
3425,1779714395675405737,1779714395654375615,-21.030122,877.695,128
3426,1779714395677213568,1779714395656143097,-21.070471,767.482,128
3427,1779714395679082558,1779714395657634393,-21.448165,491.296,128
3428,1779714395680548247,1779714395665593208,-14.955039,6958.815,128
3429,1779714395688512060,1779714395666726971,-21.785089,133.763,128
3430,1779714395689598746,1779714395669361418,-20.237328,1634.447,128
3431,1779714395692304807,1779714395671477428,-20.827379,1116.01,128
3432,1779714395694666328,1779714395676401623,-18.264705,3924.195,128
3433,1779714395699333256,1779714395677408944,-21.924312,7.321,128
3434,1779714395700407075,1779714395679088590,-21.318485,679.646,128
3435,1779714395702080792,1779714395680316126,-21.764666,227.536,128
3436,1779714395703353851,1779714395681985141,-21.36871,669.015,128
3437,1779714395704842427,1779714395682894611,-21.947816,-90.53,128
3438,1779714395705833085,1779714395684717013,-21.116072,822.402,128
3439,1779714395707422254,1779714395686469145,-20.953109,752.132,128
3440,1779714395709487506,1779714395688061645,-21.425861,592.5,128
3441,1779714395710965482,1779714395689220931,-21.744551,159.286,128
3442,1779714395712079036,1779714395690811395,-21.267641,590.464,128
3443,1779714395713802920,1779714395691655169,-22.147751,-156.226,128
3444,1779714395714703449,1779714395693440594,-21.262855,785.425,128
3445,1779714395718139289,1779714395697968252,-20.171037,3527.658,128
3446,1779714395720972986,1779714395699695777,-21.277209,727.525,128
3447,1779714395722624281,1779714395701298184,-21.326097,602.407,128
3448,1779714395724288138,1779714395702918540,-21.369598,620.356,128
3449,1779714395725988618,1779714395704692237,-21.296381,773.697,128
3450,1779714395727402673,1779714395706279838,-21.122835,587.601,128
3451,1779714395729258016,1779714395707735658,-21.522358,455.82,128
3452,1779714395730785321,1779714395708698173,-22.087148,-37.485,128
3453,1779714395731687346,1779714395710357140,-21.330206,658.967,128
3454,1779714395733364924,1779714395711676709,-21.688215,319.569,128
3455,1779714395734781654,1779714395714030460,-20.751194,1353.751,128
3456,1779714395736967857,1779714395715650341,-21.317516,619.881,128
3457,1779714395738463695,1779714395717273893,-21.189802,623.552,128
3458,1779714395740256370,1779714395728210313,-12.046057,9936.42,128
3459,1779714395751028839,1779714395729505788,-21.523051,295.475,128
3460,1779714395752585977,1779714395731007135,-21.578842,501.347,128
3461,1779714395753987592,1779714395732037157,-21.950435,30.022,128
3462,1779714395755086806,1779714395734003895,-21.082911,966.738,128
3463,1779714395757013624,1779714395735842238,-21.171386,838.343,128
3464,1779714395758769858,1779714395738008416,-20.761442,1166.178,128
3465,1779714395760995259,1779714395739611157,-21.384102,602.741,128
3466,1779714395762629129,1779714395741284977,-21.344152,673.82,128
3467,1779714395764268759,1779714395742194552,-22.074207,-90.425,128
3468,1779714395765044277,1779714395743731863,-21.312414,537.311,128
3469,1779714395766800518,1779714395744773105,-22.027413,41.242,128
3470,1779714395767718340,1779714395748277496,-19.440844,2504.391,128
3471,1779714395771181094,1779714395752602417,-18.578677,3324.921,128
3472,1779714395775651334,1779714395755260487,-20.390847,1658.07,128
3473,1779714395778207689,1779714395758329229,-19.87846,2068.742,128
3474,1779714395781417947,1779714395973990273,192.572326,214661.044,128
3475,1779714395997109386,1779714395994845824,-2.263562,19855.551,128
3476,1779714396017683132,1779714395996204798,-21.478334,358.974,128
3477,1779714396019080870,1779714395997484226,-21.596644,279.428,128
3478,1779714396020454096,1779714395999014474,-21.439622,530.248,128
3479,1779714396021880104,1779714395999876785,-22.003319,-137.689,128
3480,1779714396022882646,1779714396001636371,-21.246275,759.586,128
3481,1779714396024492477,1779714396003274821,-21.217656,638.45,128
3482,1779714396026036700,1779714396004465160,-21.57154,190.339,128
3483,1779714396027377612,1779714396006087245,-21.290367,622.085,128
3484,1779714396028859738,1779714396009830679,-19.029059,2743.434,128
3485,1779714396032823898,1779714396011482100,-21.341798,651.421,128
3486,1779714396034443461,1779714396013069027,-21.374434,586.927,128
3487,1779714396035983688,1779714396014936574,-21.047114,867.547,128
3488,1779714396037530031,1779714396015483053,-22.046978,-453.521,128
3489,1779714396038383334,1779714396016791022,-21.592312,307.969,128
3490,1779714396039758487,1779714396018499852,-21.258635,708.83,128
3491,1779714396041409212,1779714396019969680,-21.439532,469.828,128
3492,1779714396042876115,1779714396021368776,-21.507339,399.096,128
3493,1779714396044276648,1779714396023033703,-21.242945,664.927,128
3494,1779714396045865098,1779714396024458473,-21.406625,424.77,128
3495,1779714396047373761,1779714396026256196,-21.117565,797.723,128
3496,1779714396049218383,1779714396027483110,-21.735273,226.914,128
3497,1779714396050451575,1779714396029377510,-21.074065,894.4,128
3498,1779714396052280312,1779714396032415739,-19.864573,2038.229,128
3499,1779714396055681049,1779714396035436290,-20.244759,2020.551,128
3500,1779714396058371718,1779714396037248218,-21.1235,811.928,128
3501,1779714396060044527,1779714396051597231,-8.447296,13349.013,128
3502,1779714396074433902,1779714396052861821,-21.572081,264.59,128
3503,1779714396075807640,1779714396054602847,-21.204793,741.026,128
3504,1779714396077542034,1779714396055857154,-21.68488,254.307,128
3505,1779714396078863845,1779714396057569843,-21.294002,712.689,128
3506,1779714396080493725,1779714396059317662,-21.176063,747.819,128
3507,1779714396082213407,1779714396061478571,-20.734836,1160.909,128
3508,1779714396084449893,1779714396063088860,-21.361033,610.289,128
3509,1779714396086009309,1779714396064797689,-21.21162,708.829,128
3510,1779714396087773520,1779714396066303184,-21.470336,505.495,128
3511,1779714396089238433,1779714396068065611,-21.172822,762.427,128
3512,1779714396090985373,1779714396070678957,-20.306416,1613.346,128
3513,1779714396093625554,1779714396073279046,-20.346508,1600.089,128
3514,1779714396096134114,1779714396074850843,-21.283271,571.797,128
3515,1779714396097753396,1779714396076462385,-21.291011,611.542,128
3516,1779714396099351953,1779714396078053895,-21.298058,591.51,128
3517,1779714396100976675,1779714396081350992,-19.625683,2297.097,128
3518,1779714396104252062,1779714396083596403,-20.655659,1245.411,128
3519,1779714396106578700,1779714396086470633,-20.108067,1874.23,128
3520,1779714396109406937,1779714396087810187,-21.59675,339.554,128
3521,1779714396110718936,1779714396089458418,-21.260518,648.231,128
3522,1779714396112155811,1779714396090850603,-21.305208,392.185,128
3523,1779714396114209824,1779714396092838149,-21.371675,987.546,128
3524,1779714396115740125,1779714396094334754,-21.405371,496.605,128
3525,1779714396117350795,1779714396096593274,-20.757521,1258.52,128
3526,1779714396119505834,1779714396098369718,-21.136116,776.444,128
3527,1779714396121250947,1779714396099779897,-21.47105,410.179,128
3528,1779714396122678825,1779714396101590199,-21.088626,810.302,128
3529,1779714396124748507,1779714396104385951,-20.362556,1795.752,128
3530,1779714396127218450,1779714396106457020,-20.76143,1071.069,128
3531,1779714396129125966,1779714396108048530,-21.077436,591.51,128
3532,1779714396130964874,1779714396110080033,-20.884841,1031.503,128
3533,1779714396133223089,1779714396111987155,-21.235934,907.122,128
3534,1779714396134875523,1779714396113254673,-21.62085,267.518,128
3535,1779714396136085048,1779714396114812396,-21.272652,557.723,128
3536,1779714396137656587,1779714396116263530,-21.393057,451.134,128
3537,1779714396139175896,1779714396117537277,-21.638619,273.747,128
3538,1779714396140445319,1779714396118907909,-21.53741,370.632,128
3539,1779714396141877771,1779714396120348419,-21.529352,440.51,128
3540,1779714396143236078,1779714396122312514,-20.923564,964.095,128
3541,1779714396145208996,1779714396123840733,-21.368263,528.219,128
3542,1779714396146752872,1779714396125463193,-21.289679,622.46,128
3543,1779714396148351314,1779714396126962146,-21.389168,498.953,128
3544,1779714396149959508,1779714396128632083,-21.327425,669.937,128
3545,1779714396151587408,1779714396130024751,-21.562657,392.668,128
3546,1779714396152957437,1779714396132299321,-20.658116,1274.57,128
3547,1779714396155336276,1779714396134065084,-21.271192,765.763,128
3548,1779714396157089191,1779714396135544424,-21.544767,479.34,128
3549,1779714396158790163,1779714396137373212,-21.416951,828.788,128
3550,1779714396160408108,1779714396138742639,-21.665469,369.427,128
3551,1779714396161794814,1779714396140273686,-21.521128,531.047,128
3552,1779714396163288818,1779714396142259395,-21.029423,985.709,128
3553,1779714396165761982,1779714396144514820,-21.247162,1255.425,128
3554,1779714396167673531,1779714396146341123,-21.332408,826.303,128
3555,1779714396169437166,1779714396148266906,-21.17026,925.783,128
3556,1779714396171200477,1779714396149631161,-21.569316,364.255,128
3557,1779714396172581807,1779714396151328244,-21.253563,697.083,128
3558,1779714396174343919,1779714396154090907,-20.253012,1762.663,128
3559,1779714396177132006,1779714396155903884,-21.228122,812.977,128
3560,1779714396178873559,1779714396157398402,-21.475157,494.518,128
3561,1779714396180617859,1779714396159256029,-21.36183,857.627,128
3562,1779714396182409341,1779714396160804148,-21.605193,548.119,128
3563,1779714396183838117,1779714396162551500,-21.286617,747.352,128
3564,1779714396185292905,1779714396163999942,-21.292963,448.442,128
3565,1779714396187048451,1779714396165598868,-21.449583,598.926,128
3566,1779714396188707948,1779714396167283793,-21.424155,684.925,128
3567,1779714396190250759,1779714396169274508,-20.976251,990.715,128
3568,1779714396192187928,1779714396171111520,-21.076408,837.012,128
3569,1779714396194067343,1779714396173374664,-20.692679,1263.144,128
3570,1779714396196425857,1779714396174886187,-21.53967,511.523,128
3571,1779714396197931989,1779714396176268387,-21.663602,382.2,128
3572,1779714396199316196,1779714396178044864,-21.271332,776.477,128
3573,1779714396201038298,1779714396179571298,-21.467,526.434,128
3574,1779714396202838845,1779714396181196725,-21.64212,625.427,128
3575,1779714396204238981,1779714396182851544,-21.387437,654.819,128
3576,1779714396205885923,1779714396184304531,-21.581392,452.987,128
3577,1779714396207353740,1779714396186230127,-21.123613,925.596,128
3578,1779714396209228608,1779714396188017382,-21.211226,787.255,128
3579,1779714396211138994,1779714396189515590,-21.623404,498.208,128
3580,1779714396212722698,1779714396191250436,-21.472262,734.846,128
3581,1779714396214244145,1779714396192241132,-22.003013,-9.304,128
3582,1779714396215285628,1779714396193773175,-21.512453,532.043,128
3583,1779714396216819085,1779714396195017575,-21.80151,244.4,128
3584,1779714396218181715,1779714396196834274,-21.347441,816.699,128
3585,1779714396219979371,1779714396198218771,-21.7606,384.497,128
3586,1779714396221298787,1779714396199895532,-21.403255,676.761,128
3587,1779714396222964022,1779714396201327578,-21.636444,432.046,128
3588,1779714396224346749,1779714396203190954,-21.155795,863.376,128
3589,1779714396226188637,1779714396204638364,-21.550273,447.41,128
3590,1779714396227750914,1779714396206150392,-21.600522,512.028,128
3591,1779714396229254607,1779714396207707048,-21.547559,556.656,128
3592,1779714396230792354,1779714396209430307,-21.362047,723.259,128
3593,1779714396232599338,1779714396211246293,-21.353045,815.986,128
3594,1779714396234325983,1779714396212460164,-21.865819,213.871,128
3595,1779714396235449577,1779714396214267326,-21.182251,807.162,128
3596,1779714396237187221,1779714396216002305,-21.184916,734.979,128
3597,1779714396238891846,1779714396218482601,-20.409245,1480.296,128
3598,1779714396241457510,1779714396220261033,-21.196477,778.432,128
3599,1779714396243036710,1779714396221466985,-21.569725,205.952,128
3600,1779714396244704643,1779714396222934070,-21.770573,467.085,128
3601,1779714396245984101,1779714396224745449,-21.238652,811.379,128
3602,1779714396247369395,1779714396225955170,-21.414225,209.721,128
3603,1779714396249177511,1779714396227539207,-21.638304,584.037,128
3604,1779714396250695788,1779714396229005351,-21.690437,466.144,128
3605,1779714396252054180,1779714396230332621,-21.721559,327.27,128
3606,1779714396253388282,1779714396232376654,-21.011628,1044.033,128
3607,1779714396255315902,1779714396233989159,-21.326743,612.505,128
3608,1779714396257032241,1779714396235755957,-21.276284,766.798,128
3609,1779714396258789016,1779714396237414123,-21.374893,658.166,128
3610,1779714396260635780,1779714396238947919,-21.687861,533.796,128
3611,1779714396261998052,1779714396240761390,-21.236662,813.471,128
3612,1779714396263730251,1779714396241909161,-21.82109,147.771,128
3613,1779714396264925749,1779714396243262746,-21.663003,353.585,128
3614,1779714396266178003,1779714396244443307,-21.734696,180.561,128
3615,1779714396267291261,1779714396246424544,-20.866717,981.237,128
3616,1779714396269219660,1779714396247781454,-21.438206,356.91,128
3617,1779714396270875343,1779714396249309555,-21.565788,528.101,128
3618,1779714396272280918,1779714396250975944,-21.304974,666.389,128
3619,1779714396273999624,1779714396252646347,-21.353277,670.403,128
3620,1779714396275586954,1779714396254478726,-21.108228,832.379,128
3621,1779714396277266139,1779714396255951244,-21.314895,472.518,128
3622,1779714396278977299,1779714396257793855,-21.183444,842.611,128
3623,1779714396280762801,1779714396259365123,-21.397678,571.268,128
3624,1779714396282325953,1779714396261870270,-20.455683,1505.147,128
3625,1779714396284802485,1779714396263837684,-20.964801,967.414,128
3626,1779714396286918752,1779714396266922953,-19.995799,2085.269,128
3627,1779714396289706122,1779714396268599129,-21.106993,676.176,128
3628,1779714396291666348,1779714396270578181,-21.088167,979.052,128
3629,1779714396293695782,1779714396272412517,-21.283265,834.336,128
3630,1779714396295284028,1779714396274508601,-20.775427,1096.084,128
3631,1779714396297409802,1779714396277363782,-20.04602,1855.181,128
3632,1779714396300520991,1779714396280025047,-20.495944,1661.265,128
3633,1779714396302887560,1779714396281597468,-21.290092,572.421,128
3634,1779714396304758901,1779714396282916779,-21.842122,319.311,128
3635,1779714396305949003,1779714396284408672,-21.540331,491.893,128
3636,1779714396307400368,1779714396286122166,-21.278202,713.494,128
3637,1779714396309035929,1779714396288359318,-20.676611,1237.152,128
3638,1779714396311331627,1779714396289851571,-21.480056,492.253,128
3639,1779714396312774165,1779714396291453955,-21.32021,602.384,128
3640,1779714396314396974,1779714396293006144,-21.39083,552.189,128
3641,1779714396316034306,1779714396294577149,-21.457157,571.005,128
3642,1779714396317643365,1779714396296938058,-20.705307,1360.909,128
3643,1779714396319847371,1779714396298684183,-21.163188,746.125,128
3644,1779714396321672184,1779714396300544471,-21.127713,860.288,128
3645,1779714396323686242,1779714396302325129,-21.361113,780.658,128
3646,1779714396325310441,1779714396304133642,-21.176799,808.513,128
3647,1779714396327099204,1779714396305442207,-21.656997,308.565,128
3648,1779714396328471759,1779714396307980453,-20.491306,1538.246,128
3649,1779714396331011853,1779714396309455047,-21.556806,474.594,128
3650,1779714396332483114,1779714396311043473,-21.439641,588.426,128
3651,1779714396333998616,1779714396312513006,-21.48561,469.533,128
3652,1779714396335518883,1779714396314273445,-21.245438,760.439,128
3653,1779714396337317670,1779714396316799350,-20.51832,1525.905,128
3654,1779714396339799375,1779714396318385836,-21.413539,586.486,128
3655,1779714396341444189,1779714396320121333,-21.322856,735.497,128
3656,1779714396343205797,1779714396322274972,-20.930825,1153.639,128
3657,1779714396345258160,1779714396324063238,-21.194922,788.266,128
3658,1779714396347093637,1779714396326121553,-20.972084,1058.315,128
3659,1779714396349075948,1779714396328271923,-20.804025,1150.37,128
3660,1779714396351134597,1779714396329933469,-21.201128,661.546,128
3661,1779714396352943654,1779714396331719396,-21.224258,785.927,128
3662,1779714396354772682,1779714396333880529,-20.892153,1161.133,128
3663,1779714396356879030,1779714396336081300,-20.79773,1200.771,128
3664,1779714396359047335,1779714396338399300,-20.648035,1318.0,128
3665,1779714396361342581,1779714396340093288,-21.249293,693.988,128
3666,1779714396363087215,1779714396341646108,-21.441107,552.82,128
3667,1779714396364747024,1779714396343683981,-21.063043,1037.873,128
3668,1779714396366764429,1779714396345426823,-21.337606,742.842,128
3669,1779714396368436711,1779714396347625773,-20.810938,1198.95,128
3670,1779714396370754699,1779714396349793401,-20.961298,1167.628,128
3671,1779714396372798348,1779714396351518238,-21.28011,724.837,128
3672,1779714396374481405,1779714396352809041,-21.672364,290.803,128
3673,1779714396375873299,1779714396354720947,-21.152352,911.906,128
3674,1779714396377656211,1779714396356980300,-20.675911,1259.353,128
3675,1779714396379888995,1779714396358836918,-21.052077,856.618,128
3676,1779714396381828413,1779714396361026855,-20.801558,1189.937,128
3677,1779714396384075608,1779714396362835259,-21.240349,808.404,128
3678,1779714396385857908,1779714396364618778,-21.23913,783.519,128
3679,1779714396387640161,1779714396366165765,-21.474396,546.987,128
3680,1779714396389184471,1779714396367846193,-21.338278,680.428,128
3681,1779714396390801366,1779714396371271626,-19.52974,2425.433,128
3682,1779714396394108690,1779714396373133754,-20.974936,862.128,128
3683,1779714396396387336,1779714396375753919,-20.633417,1620.165,128
3684,1779714396399189495,1779714396378001251,-21.188244,1247.332,128
3685,1779714396401025848,1779714396380081044,-20.944804,1079.793,128
3686,1779714396402957921,1779714396381619698,-21.338223,538.654,128
3687,1779714396404515204,1779714396383610845,-20.904359,991.147,128
3688,1779714396406708548,1779714396386401504,-20.307044,1790.659,128
3689,1779714396409564139,1779714396388756187,-20.807952,1354.683,128
3690,1779714396411760248,1779714396391342961,-20.417287,1586.774,128
3691,1779714396414192337,1779714396392995377,-21.19696,652.416,128
3692,1779714396416022208,1779714396394886817,-21.135391,891.44,128
3693,1779714396417877680,1779714396396567753,-21.309927,680.936,128
3694,1779714396419667471,1779714396398848429,-20.819042,1280.676,128
3695,1779714396421824380,1779714396400935260,-20.88912,1086.831,128
3696,1779714396423933986,1779714396402632083,-21.301903,696.823,128
3697,1779714396425730184,1779714396404619071,-21.111113,986.988,128
3698,1779714396427567178,1779714396406077446,-21.489732,458.375,128
3699,1779714396429106593,1779714396407842431,-21.264162,764.985,128
3700,1779714396430824341,1779714396410859692,-19.964649,2017.261,128
3701,1779714396433094386,1779714396413198578,-19.895808,1338.886,128
3702,1779714396436271272,1779714396415240020,-21.031252,1041.442,128
3703,1779714396437868730,1779714396416737467,-21.131263,497.447,128
3704,1779714396439733301,1779714396418679211,-21.05409,941.744,128
3705,1779714396441751369,1779714396420665730,-21.085639,986.519,128
3706,1779714396443778167,1779714396422644201,-21.133966,978.471,128
3707,1779714396445672230,1779714396424134208,-21.538022,490.007,128
3708,1779714396447114815,1779714396425797547,-21.317268,663.339,128
3709,1779714396448695516,1779714396426982247,-21.713269,184.7,128
3710,1779714396450001988,1779714396429078703,-20.923285,1096.456,128
3711,1779714396451793602,1779714396431305759,-20.487843,1227.056,128
3712,1779714396453801219,1779714396432781404,-21.019815,475.645,128
3713,1779714396455759717,1779714396434481583,-21.278134,700.179,128
3714,1779714396457341189,1779714396436582380,-20.758809,1100.797,128
3715,1779714396459307816,1779714396438427996,-20.87982,845.616,128
3716,1779714396461298437,1779714396440757490,-20.540947,1329.494,128
3717,1779714396463482800,1779714396442398053,-21.084747,640.563,128
3718,1779714396465254186,1779714396444452736,-20.80145,1054.683,128
3719,1779714396467187549,1779714396446139919,-21.04763,687.183,128
3720,1779714396469171867,1779714396449295263,-19.876604,2155.344,128
3721,1779714396472202859,1779714396450830450,-21.372409,535.187,128
3722,1779714396473816212,1779714396452877817,-20.938395,1047.367,128
3723,1779714396476053305,1779714396455293927,-20.759378,1416.11,128
3724,1779714396478167564,1779714396457965255,-20.202309,1671.328,128
3725,1779714396480904583,1779714396459374381,-21.530202,409.126,128
3726,1779714396482330590,1779714396462726713,-19.603877,2352.332,128
3727,1779714396486494920,1779714396465893346,-20.601574,2166.633,128
3728,1779714396488813522,1779714396469358325,-19.455197,2464.979,128
3729,1779714396493609289,1779714396474315433,-19.293856,3957.108,128
3730,1779714396497855131,1779714396479754135,-18.100996,4438.702,128
3731,1779714396502913826,1779714396484990276,-17.92355,4236.141,128
3732,1779714396507917557,1779714396487318461,-20.599096,1328.185,128
3733,1779714396510278592,1779714396489583651,-20.694941,1265.19,128
3734,1779714396512505162,1779714396492089811,-20.415351,1506.16,128
3735,1779714396515034796,1779714396496046378,-18.988418,2956.567,128
3736,1779714396518756158,1779714396497606174,-21.149984,559.796,128
3737,1779714396520308609,1779714396501029330,-19.279279,2423.156,128
3738,1779714396524092945,1779714396503482431,-20.610514,1453.101,128
3739,1779714396525968867,1779714396506026905,-19.941962,1544.474,128
3740,1779714396528877018,1779714396508041666,-20.835352,1014.761,128
3741,1779714396530896157,1779714396510605266,-20.290891,1563.6,128
3742,1779714396533626380,1779714396512816915,-20.809465,1211.649,128
3743,1779714396535842348,1779714396515324393,-20.517955,1507.478,128
3744,1779714396538279357,1779714396517058000,-21.221357,733.607,128
3745,1779714396539954336,1779714396519806675,-20.147661,1748.675,128
3746,1779714396542772500,1779714396521319397,-21.453103,512.722,128
3747,1779714396544212646,1779714396523272673,-20.939973,953.276,128
3748,1779714396546189582,1779714396525148637,-21.040945,875.964,128
3749,1779714396548059181,1779714396526244814,-21.814367,96.177,128
3750,1779714396549137248,1779714396528125952,-21.011296,881.138,128
3751,1779714396550995167,1779714396530142291,-20.852876,1016.339,128
3752,1779714396552850808,1779714396531328857,-21.521951,186.566,128
3753,1779714396554295365,1779714396533266037,-21.029328,937.18,128
3754,1779714396556206996,1779714396534568388,-21.638608,302.351,128
3755,1779714396558768182,1779714396537677345,-21.090837,2108.957,128
3756,1779714396560681293,1779714396539375742,-21.305551,698.397,128
3757,1779714396562342839,1779714396540740421,-21.602418,364.679,128
3758,1779714396564949406,1779714396543941721,-21.007685,2201.3,128
3759,1779714396566842747,1779714396545365418,-21.477329,423.697,128
3760,1779714396568212282,1779714396547327379,-20.884903,961.961,128
3761,1779714396570233441,1779714396549964509,-20.268932,1637.13,128
3762,1779714396572795774,1779714396551509090,-21.286684,544.581,128
3763,1779714396574446643,1779714396553734847,-20.711796,1225.757,128
3764,1779714396577920347,1779714396556885931,-21.034416,2151.084,128
3765,1779714396579822191,1779714396559107113,-20.715078,1221.182,128
3766,1779714396582073859,1779714396560942896,-21.130963,835.783,128
3767,1779714396583916389,1779714396563724286,-20.192103,1781.39,128
3768,1779714396587317612,1779714396566123972,-21.19364,1399.686,128
3769,1779714396589090657,1779714396568788711,-20.301946,1664.739,128
3770,1779714396591710524,1779714396570060092,-21.650432,271.381,128
3771,1779714396592932431,1779714396571821751,-21.11068,761.659,128
3772,1779714396594707123,1779714396573489307,-21.217816,667.556,128
3773,1779714396596409155,1779714396575298269,-21.110886,808.962,128
3774,1779714396598262859,1779714396577743200,-20.519659,1444.931,128
3775,1779714396600719655,1779714396579369957,-21.349698,626.757,128
3776,1779714396602329893,1779714396581120049,-21.209844,750.092,128
3777,1779714396604073068,1779714396582994238,-21.07883,874.189,128
3778,1779714396605998147,1779714396584281564,-21.716583,287.326,128
3779,1779714396607201907,1779714396586239564,-20.962343,958.0,128
3780,1779714396608950445,1779714396589093183,-19.857262,1853.619,128
3781,1779714396612030771,1779714396610195634,-1.835137,20102.451,128
3782,1779714396633149472,1779714396612345551,-20.803921,1149.917,128
3783,1779714396635270246,1779714396614877044,-20.393202,1531.493,128
3784,1779714396637890331,1779714396616909922,-20.980409,1032.878,128
3785,1779714396639982894,1779714396618710863,-21.272031,800.941,128
3786,1779714396641640954,1779714396629842701,-11.798253,10131.838,128
3787,1779714396652847437,1779714396631190976,-21.656461,348.275,128
3788,1779714396654130727,1779714396632802647,-21.32808,611.671,128
3789,1779714396655824026,1779714396634223850,-21.600176,421.203,128
3790,1779714396657048939,1779714396635362987,-21.685952,139.137,128
3791,1779714396658338174,1779714396636230299,-22.107875,-132.688,128
3792,1779714396659234221,1779714396636959385,-22.274836,-270.914,128
3793,1779714396659984570,1779714396637662399,-22.322171,-296.986,128
3794,1779714396660641307,1779714396638457906,-22.183401,-204.493,128
3795,1779714396661448775,1779714396639320163,-22.128612,-137.743,128
3796,1779714396662296210,1779714396640052419,-22.243791,-267.744,128
3797,1779714396662994847,1779714396640646105,-22.348742,-406.314,128
3798,1779714396663681629,1779714396641380460,-22.301169,-265.645,128
3799,1779714396664321809,1779714396641931556,-22.390253,-448.904,128
3800,1779714396664972153,1779714396642473552,-22.498601,-458.004,128
3801,1779714396665520189,1779714396643226862,-22.293327,-246.69,128
3802,1779714396666185563,1779714396643827126,-22.358437,-399.736,128
3803,1779714396666831395,1779714396644420067,-22.411328,-407.059,128
3804,1779714396667460590,1779714396645120988,-22.339602,-299.079,128
3805,1779714396668119183,1779714396646258939,-21.860244,137.951,128
3806,1779714396669257310,1779714396646989436,-22.267874,-269.503,128
3807,1779714396670036873,1779714396647794232,-22.242641,-195.204,128
3808,1779714396670839322,1779714396649020662,-21.81866,226.43,128
3809,1779714396672030830,1779714396649619676,-22.411154,-400.986,128
3810,1779714396672639350,1779714396650563610,-22.07574,-56.066,128
3811,1779714396673484432,1779714396651550096,-21.934336,-13.514,128
3812,1779714396674283218,1779714396651844279,-22.438939,-705.817,128
3813,1779714396674865993,1779714396652704408,-22.161585,-139.871,128
3814,1779714396675733031,1779714396653538746,-22.194285,-165.662,128
3815,1779714396676565212,1779714396654478760,-22.086452,-59.986,128
3816,1779714396677404088,1779714396655248824,-22.155264,-229.936,128
3817,1779714396678189422,1779714396655978895,-22.210527,-269.929,128
3818,1779714396679020490,1779714396656836171,-22.184319,-142.724,128
3819,1779714396679855447,1779714396657526629,-22.328818,-309.542,128
3820,1779714396680548467,1779714396658559945,-21.988522,33.316,128
3821,1779714396681454848,1779714396659407419,-22.047429,-152.526,128
3822,1779714396682380377,1779714396660125674,-22.254703,-281.745,128
3823,1779714396683082390,1779714396660860509,-22.221881,-265.165,128
3824,1779714396683764659,1779714396661404088,-22.360571,-456.421,128
3825,1779714396684439585,1779714396662302788,-22.136797,-101.3,128
3826,1779714396685267997,1779714396662921799,-22.346198,-380.989,128
3827,1779714396685925538,1779714396663779455,-22.146083,-142.344,128
3828,1779714396686734498,1779714396664553112,-22.181386,-226.343,128
3829,1779714396687640673,1779714396665556102,-22.084571,2.99,128
3830,1779714396688561239,1779714396666322413,-22.238826,-233.689,128
3831,1779714396689364474,1779714396673813424,-15.55105,6491.011,128
3832,1779714396696833054,1779714396676351909,-20.481145,1538.485,128
3833,1779714396699251163,1779714396677977409,-21.273754,625.5,128
3834,1779714396701172097,1779714396680960339,-20.211758,1982.93,128
3835,1779714396703871047,1779714396687585309,-16.285738,5624.97,128
3836,1779714396709503189,1779714396689447710,-20.055479,862.401,128
3837,1779714396712457781,1779714396691857755,-20.600026,1410.045,128
3838,1779714396714796968,1779714396694061780,-20.735188,1204.025,128
3839,1779714396717078719,1779714396696225337,-20.853382,1163.557,128
3840,1779714396719188026,1779714396698066308,-21.121718,840.971,128
3841,1779714396721189003,1779714396702121168,-19.067835,3054.86,128
3842,1779714396725039257,1779714396703764957,-21.2743,643.789,128
3843,1779714396726760019,1779714396705310371,-21.449648,545.414,128
3844,1779714396728333070,1779714396707260688,-21.072382,950.317,128
3845,1779714396730486592,1779714396709392745,-21.093847,1132.057,128
3846,1779714396732411494,1779714396711028338,-21.383156,635.593,128
3847,1779714396734028150,1779714396712820526,-21.207624,792.188,128
3848,1779714396735855834,1779714396715572430,-20.283404,1751.904,128
3849,1779714396738662461,1779714396718135780,-20.526681,1563.35,128
3850,1779714396741196172,1779714396720316984,-20.879188,1181.204,128
3851,1779714396743341725,1779714396722324929,-21.016796,1007.945,128
3852,1779714396745252929,1779714396724149720,-21.103209,824.791,128
3853,1779714396747115157,1779714396725745798,-21.369359,596.078,128
3854,1779714396748770338,1779714396727333055,-21.437283,587.257,128
3855,1779714396750347799,1779714396728946005,-21.401794,612.95,128
3856,1779714396751947596,1779714396730239084,-21.708512,293.079,128
3857,1779714396753230316,1779714396732299488,-20.930828,1060.404,128
3858,1779714396755165677,1779714396734346389,-20.819288,1046.901,128
3859,1779714396757255776,1779714396735496647,-21.759129,150.258,128
3860,1779714396758622257,1779714396736853699,-21.768558,357.052,128
3861,1779714396759974633,1779714396738421929,-21.552704,568.23,128
3862,1779714396761508183,1779714396740461526,-21.046657,1039.597,128
3863,1779714396763483280,1779714396742166971,-21.316309,705.445,128
3864,1779714396765266308,1779714396744104613,-21.161695,937.642,128
3865,1779714396767092768,1779714396745507482,-21.585286,402.869,128
3866,1779714396768616260,1779714396747953735,-20.662525,1446.253,128
3867,1779714396771094194,1779714396751174727,-19.919467,2220.992,128
3868,1779714396773599384,1779714396754134553,-19.464831,1959.826,128
3869,1779714396777031453,1779714396759382974,-17.648479,4248.421,128
3870,1779714396782295464,1779714396761439085,-20.856379,1056.111,128
3871,1779714396784499554,1779714396763350073,-21.149481,910.988,128
3872,1779714396786211234,1779714396765220612,-20.990622,870.539,128
3873,1779714396788181112,1779714396767088183,-21.092929,867.571,128
3874,1779714396790080821,1779714396768198798,-21.882023,110.615,128
3875,1779714396791239971,1779714396769896889,-21.343082,698.091,128
3876,1779714396792829614,1779714396771615643,-21.213971,718.754,128
3877,1779714396794722301,1779714396773402367,-21.319934,786.724,128
3878,1779714396796311263,1779714396774813705,-21.497558,411.338,128
3879,1779714396797798264,1779714396776070603,-21.727661,256.898,128
3880,1779714396799055131,1779714396777935975,-21.119156,865.372,128
3881,1779714396800845466,1779714396779357589,-21.487877,421.614,128
3882,1779714396802272397,1779714396781371827,-20.90057,1014.238,128
3883,1779714396804293940,1779714396783202160,-21.09178,830.333,128
3884,1779714396806155544,1779714396785898667,-20.256877,1696.507,128
3885,1779714396808899968,1779714396787406156,-21.493812,507.489,128
3886,1779714396810287215,1779714396789279705,-21.00751,873.549,128
3887,1779714396812135013,1779714396790652305,-21.482708,372.6,128
3888,1779714396813802705,1779714396792668961,-21.133744,1016.656,128
3889,1779714396815701559,1779714396794459384,-21.242175,790.423,128
3890,1779714396817338440,1779714396796495713,-20.842727,1036.329,128
3891,1779714396819408501,1779714396798327514,-21.080987,831.801,128
3892,1779714396821281586,1779714396800061630,-21.219956,734.116,128
3893,1779714396823174179,1779714396802035099,-21.13908,973.469,128
3894,1779714396824974678,1779714396803977196,-20.997482,942.097,128
3895,1779714396826962039,1779714396805429160,-21.532879,451.964,128
3896,1779714396828488329,1779714396807354104,-21.134225,924.944,128
3897,1779714396830373941,1779714396808980652,-21.393289,626.548,128
3898,1779714396831974785,1779714396810234273,-21.740512,253.621,128
3899,1779714396833163781,1779714396811783309,-21.380472,549.036,128
3900,1779714396834803856,1779714396815573400,-19.230456,2790.091,128
3901,1779714396838721233,1779714396817529663,-21.19157,956.263,128
3902,1779714396840600269,1779714396819113506,-21.486763,583.843,128
3903,1779714396842035007,1779714396820880801,-21.154206,767.295,128
3904,1779714396843881303,1779714396822823921,-21.057382,943.12,128
3905,1779714396845820422,1779714396827606616,-18.213806,3782.695,128
3906,1779714396850582399,1779714396829765696,-20.816703,1159.08,128
3907,1779714396852762595,1779714396831428428,-21.334167,662.732,128
3908,1779714396854341562,1779714396833064066,-21.277496,635.638,128
3909,1779714396856070310,1779714396834941711,-21.128599,877.645,128
3910,1779714396857952454,1779714396836457106,-21.495348,515.395,128
3911,1779714396859465810,1779714396838012357,-21.453453,555.251,128
3912,1779714396861011317,1779714396840588352,-20.422965,1575.995,128
3913,1779714396863709612,1779714396843612427,-20.097185,2024.075,128
3914,1779714396866670394,1779714396845573199,-21.097195,960.772,128
3915,1779714396868648242,1779714396848169686,-20.478556,1596.487,128
3916,1779714396871162375,1779714396850303469,-20.858906,1133.783,128
3917,1779714396873193413,1779714396853587876,-19.605537,2284.407,128
3918,1779714396876714511,1779714396855610205,-21.104306,1022.329,128
3919,1779714396878482869,1779714396860950729,-17.53214,4340.524,128
3920,1779714396883948076,1779714396862372982,-21.575094,422.253,128
3921,1779714396885400520,1779714396864687608,-20.712912,1314.626,128
3922,1779714396887733894,1779714396866546826,-21.187068,859.218,128
3923,1779714396889630347,1779714396869565227,-20.06512,2018.401,128
3924,1779714396892650679,1779714396871271408,-21.379271,706.181,128
3925,1779714396894238311,1779714396872675983,-21.562328,404.575,128
3926,1779714396895758676,1779714396878757815,-17.000861,5081.832,128
3927,1779714396901617773,1779714396880326304,-21.291469,568.489,128
3928,1779714396903333034,1779714396881962822,-21.370212,636.518,128
3929,1779714396904969632,1779714396883519586,-21.450046,556.764,128
3930,1779714396906385544,1779714396884894013,-21.491531,374.427,128
3931,1779714396907944543,1779714396886585286,-21.359257,691.273,128
3932,1779714396909522091,1779714396889493683,-20.028408,1908.397,128
3933,1779714396911241511,1779714396889684145,-21.557366,-809.538,128
3934,1779714396912902787,1779714396891331872,-21.570915,647.727,128
3935,1779714396914192034,1779714396892587402,-21.604632,255.53,128
3936,1779714396915518462,1779714396894236598,-21.281864,649.196,128
3937,1779714396917059672,1779714396895276495,-21.783177,39.897,128
3938,1779714396918240617,1779714396896692439,-21.548178,415.944,128
3939,1779714396919601424,1779714396897947790,-21.653634,255.351,128
3940,1779714396920878358,1779714396899402808,-21.47555,455.018,128
3941,1779714396922320682,1779714396900812483,-21.508199,409.675,128
3942,1779714396923690135,1779714396901951626,-21.738509,139.143,128
3943,1779714396924900477,1779714396903526324,-21.374153,574.698,128
3944,1779714396926360236,1779714396904425218,-21.935018,-101.106,128
3945,1779714396927482623,1779714396905983443,-21.49918,558.225,128
3946,1779714396928962647,1779714396907673677,-21.28897,690.234,128
3947,1779714396930623371,1779714396909564854,-21.058517,891.177,128
3948,1779714396932467801,1779714396910968122,-21.499679,403.268,128
3949,1779714396933872243,1779714396912658303,-21.21394,690.181,128
3950,1779714396935539908,1779714396914318701,-21.221207,660.398,128
3951,1779714396937253642,1779714396915701772,-21.55187,383.071,128
3952,1779714396938619535,1779714396917769119,-20.850416,1067.347,128
3953,1779714396940602179,1779714396919123143,-21.479036,354.024,128
3954,1779714396941941137,1779714396920577148,-21.363989,454.005,128
3955,1779714396943469838,1779714396922336550,-21.133288,759.402,128
3956,1779714396945181327,1779714396923947997,-21.23333,611.447,128
3957,1779714396946973658,1779714396925727960,-21.245698,779.963,128
3958,1779714396948667733,1779714396927370418,-21.297315,642.458,128
3959,1779714396950323453,1779714396928617890,-21.705563,247.472,128
3960,1779714396951575947,1779714396930345072,-21.230875,727.182,128
3961,1779714396953300701,1779714396932003674,-21.297027,658.602,128
3962,1779714396954883416,1779714396933567908,-21.315508,564.234,128
3963,1779714396956355598,1779714396934987643,-21.367955,419.735,128
3964,1779714396957885167,1779714396936688758,-21.196409,701.115,128
3965,1779714396959464622,1779714396938046037,-21.418585,357.279,128
3966,1779714396960966536,1779714396940217234,-20.749302,1171.197,128
3967,1779714396963078932,1779714396941267826,-21.811106,50.592,128
3968,1779714396964137907,1779714396942067573,-22.070334,-200.253,128
3969,1779714396965006075,1779714396944070132,-20.935943,1002.559,128
3970,1779714396966988974,1779714396946022257,-20.966717,952.125,128
3971,1779714396968907433,1779714396947944824,-20.962609,922.567,128
3972,1779714396970877321,1779714396949410971,-21.46635,466.147,128
3973,1779714396972367305,1779714396951041396,-21.325909,630.425,128
3974,1779714396973921362,1779714396952951794,-20.969568,910.398,128
3975,1779714396975825523,1779714396953733099,-22.092424,-218.695,128
3976,1779714396976704078,1779714396954971626,-21.732452,238.527,128
3977,1779714396977926562,1779714396956915330,-21.011232,943.704,128
3978,1779714396979834170,1779714396958859060,-20.97511,943.73,128
3979,1779714396981790550,1779714396960466239,-21.324311,607.179,128
3980,1779714396983397147,1779714396962011694,-21.385453,545.455,128
3981,1779714396984961175,1779714396963617908,-21.343267,606.214,128
3982,1779714396986502776,1779714396964974671,-21.528105,356.763,128
3983,1779714396987937880,1779714396966792029,-21.145851,817.358,128
3984,1779714396989743275,1779714396968025024,-21.718251,232.995,128
3985,1779714396990991705,1779714396970306150,-20.685555,1281.126,128
3986,1779714396993182700,1779714396971732850,-21.44985,426.7,128
3987,1779714396994649524,1779714396972984991,-21.664533,252.141,128
3988,1779714396995933834,1779714396974086877,-21.846957,101.886,128
3989,1779714396997020921,1779714396975351398,-21.669523,264.521,128
3990,1779714396998260478,1779714396976964043,-21.296435,612.645,128
3991,1779714396999907324,1779714396978413273,-21.494051,449.23,128
3992,1779714397001329774,1779714396980036526,-21.293248,623.253,128
3993,1779714397002960768,1779714396981290207,-21.670561,253.681,128
3994,1779714397004245955,1779714396982378542,-21.867413,88.335,128
3995,1779714397005348623,1779714396983778717,-21.569906,400.175,128
3996,1779714397006777851,1779714396985122276,-21.655575,343.559,128
3997,1779714397008083847,1779714396986348225,-21.735622,225.949,128
3998,1779714397009314310,1779714396987493859,-21.820451,145.634,128
3999,1779714397010451140,1779714396988244339,-22.206801,-249.52,128
4000,1779714397011267864,1779714396989598853,-21.669011,354.514,128
4001,1779714397012689521,1779714396990928223,-21.761298,329.37,128
4002,1779714397013864836,1779714396992098717,-21.766119,170.494,128
4003,1779714397015418860,1779714396993733358,-21.685502,634.641,128
4004,1779714397016722455,1779714396994931652,-21.790803,198.294,128
4005,1779714397017856835,1779714396995935443,-21.921392,3.791,128
4006,1779714397018963189,1779714396997355671,-21.607518,420.228,128
4007,1779714397020301576,1779714396998564200,-21.737376,208.529,128
4008,1779714397021467580,1779714396999911762,-21.555818,347.562,128
4009,1779714397022857292,1779714397001353678,-21.503614,441.916,128
4010,1779714397024265473,1779714397002719014,-21.546459,365.336,128
4011,1779714397025648951,1779714397004030689,-21.618262,311.675,128
4012,1779714397026942429,1779714397005307266,-21.635163,276.577,128
4013,1779714397028247041,1779714397006467621,-21.77942,160.355,128
4014,1779714397029418918,1779714397007666573,-21.752345,198.952,128
4015,1779714397030685014,1779714397009444920,-21.240094,778.347,128
4016,1779714397032462467,1779714397010749638,-21.712829,304.718,128
4017,1779714397034077844,1779714397012213526,-21.864318,463.888,128
4018,1779714397035088187,1779714397013700302,-21.387885,486.776,128
4019,1779714397036766853,1779714397015299330,-21.467523,599.028,128
4020,1779714397038143692,1779714397016386509,-21.757183,87.179,128
4021,1779714397039405968,1779714397017524942,-21.881026,138.433,128
4022,1779714397040436696,1779714397018314956,-22.12174,-209.986,128
4023,1779714397041237479,1779714397019123065,-22.114414,-191.891,128
4024,1779714397042013158,1779714397019763467,-22.249691,-359.598,128
4025,1779714397042773917,1779714397020617586,-22.156331,-145.881,128
4026,1779714397043530646,1779714397021394664,-22.135982,-222.922,128
4027,1779714397044385946,1779714397022257817,-22.128129,-136.847,128
4028,1779714397045172540,1779714397023205847,-21.966693,-51.97,128
4029,1779714397046013021,1779714397023952023,-22.060998,-253.824,128
4030,1779714397046799302,1779714397024886159,-21.913143,-65.864,128
4031,1779714397047724565,1779714397025899698,-21.824867,13.539,128
4032,1779714397048830555,1779714397026811266,-22.019289,-88.432,128
4033,1779714397049787963,1779714397027608411,-22.179552,-202.855,128
4034,1779714397050603926,1779714397028550272,-22.053654,-58.139,128
4035,1779714397051564120,1779714397029555851,-22.008269,5.579,128
4036,1779714397052576889,1779714397030356907,-22.219982,-198.944,128
4037,1779714397053383353,1779714397031269698,-22.113655,-87.209,128
4038,1779714397054231791,1779714397032115021,-22.11677,-154.677,128
4039,1779714397055057580,1779714397033721453,-21.336127,606.432,128
4040,1779714397056712550,1779714397034776058,-21.936492,54.605,128
4041,1779714397057630019,1779714397035848719,-21.7813,72.661,128
4042,1779714397058840909,1779714397037087721,-21.753188,239.002,128
4043,1779714397060082477,1779714397037834976,-22.247501,-252.745,128
4044,1779714397060812887,1779714397038958734,-21.854153,123.758,128
4045,1779714397061864544,1779714397039744111,-22.120433,-214.623,128
4046,1779714397062724481,1779714397040574577,-22.149904,-169.534,128
4047,1779714397063562509,1779714397041587239,-21.97527,12.662,128
4048,1779714397064549723,1779714397042535571,-22.014152,-51.668,128
4049,1779714397065538560,1779714397043832383,-21.706177,296.812,128
4050,1779714397066797877,1779714397044586172,-22.211705,-246.211,128
4051,1779714397067535163,1779714397045773706,-21.761457,187.534,128
4052,1779714397068762827,1779714397046799728,-21.963099,26.022,128
4053,1779714397069753315,1779714397047743077,-22.010238,-56.651,128
4054,1779714397070732267,1779714397048582943,-22.149324,-160.134,128
4055,1779714397071589083,1779714397049690273,-21.89881,107.33,128
4056,1779714397072686101,1779714397050746212,-21.939889,55.939,128
4057,1779714397073797932,1779714397051931931,-21.866001,185.719,128
4058,1779714397074919025,1779714397053271533,-21.647492,339.602,128
4059,1779714397076155545,1779714397055378547,-20.776998,1107.014,128
4060,1779714397078298237,1779714397057275662,-21.022575,897.115,128
4061,1779714397079977223,1779714397058663492,-21.313731,387.83,128
4062,1779714397081522376,1779714397060341553,-21.180823,678.061,128
4063,1779714397083191976,1779714397061665464,-21.526512,323.911,128
4064,1779714397084746968,1779714397062932406,-21.814562,266.942,128
4065,1779714397085917901,1779714397064302196,-21.615705,369.79,128
4066,1779714397087301520,1779714397066270925,-21.030595,968.729,128
4067,1779714397089125425,1779714397067397469,-21.727956,126.544,128
4068,1779714397090401748,1779714397068787303,-21.614445,389.834,128
4069,1779714397091736586,1779714397070469747,-21.266839,682.444,128
4070,1779714397093377165,1779714397072020833,-21.356332,551.086,128
4071,1779714397094938027,1779714397073279484,-21.658543,258.651,128
4072,1779714397096311450,1779714397074424854,-21.886596,145.37,128
4073,1779714397097332434,1779714397075991021,-21.341413,566.167,128
4074,1779714397098936299,1779714397077553146,-21.383153,562.125,128
4075,1779714397100565002,1779714397078802745,-21.762257,249.599,128
4076,1779714397101791938,1779714397080359712,-21.432226,556.967,128
4077,1779714397103371072,1779714397082065301,-21.305771,705.589,128
4078,1779714397105024864,1779714397083942731,-21.082133,877.43,128
4079,1779714397106295899,1779714397084553244,-21.742655,-389.487,128
4080,1779714397107427355,1779714397085861162,-21.566193,307.918,128
4081,1779714397108826383,1779714397087713209,-21.113174,852.047,128
4082,1779714397110777766,1779714397090256753,-20.521013,1543.544,128
4083,1779714397113214911,1779714397091579580,-21.635331,322.827,128
4084,1779714397114681128,1779714397092759081,-21.922047,179.501,128
4085,1779714397115738079,1779714397094115381,-21.622698,356.3,128
4086,1779714397117098855,1779714397095803648,-21.295207,688.267,128
4087,1779714397118785626,1779714397097271436,-21.51419,467.788,128
4088,1779714397120239777,1779714397098883980,-21.355797,612.544,128
4089,1779714397121881878,1779714397100360377,-21.521501,476.397,128
4090,1779714397123319991,1779714397101667922,-21.652069,307.545,128
4091,1779714397124805538,1779714397103394042,-21.411496,726.12,128
4092,1779714397126378382,1779714397105541859,-20.836523,1147.817,128
4093,1779714397128126233,1779714397106931701,-21.194532,389.842,128
4094,1779714397129880556,1779714397108556038,-21.324518,624.337,128
4095,1779714397131446110,1779714397110227243,-21.218867,671.205,128
4096,1779714397133075070,1779714397111484351,-21.590719,257.108,128
4097,1779714397134395163,1779714397113078925,-21.316238,594.574,128
4098,1779714397136015457,1779714397114467866,-21.547591,388.941,128
4099,1779714397137502838,1779714397115976041,-21.526797,508.175,128
4100,1779714397139189212,1779714397117866207,-21.323005,890.166,128
4101,1779714397140797287,1779714397119702966,-21.094321,836.759,128
4102,1779714397142703959,1779714397121540011,-21.163948,837.045,128
4103,1779714397144449042,1779714397122906389,-21.542653,366.378,128
4104,1779714397145896822,1779714397124417558,-21.479264,511.169,128
4105,1779714397147411758,1779714397127202540,-20.209218,1784.982,128
4106,1779714397150177698,1779714397128670805,-21.506893,468.265,128
4107,1779714397151689625,1779714397130272904,-21.416721,602.099,128
4108,1779714397153149616,1779714397131540351,-21.609265,267.447,128
4109,1779714397154451693,1779714397135549418,-18.902275,3009.067,128
4110,1779714397158521450,1779714397137357157,-21.164293,807.739,128
4111,1779714397160234223,1779714397138556010,-21.678213,198.853,128
4112,1779714397161507327,1779714397139894902,-21.612425,338.892,128
4113,1779714397162837857,1779714397141409806,-21.428051,514.904,128
4114,1779714397164357431,1779714397142994452,-21.362979,584.646,128
4115,1779714397165937227,1779714397144428653,-21.508574,434.201,128
4116,1779714397167328753,1779714397146717595,-20.611158,1288.942,128
4117,1779714397169743548,1779714397148487265,-21.256283,769.67,128
4118,1779714397171419536,1779714397150040222,-21.379314,552.957,128
4119,1779714397172987795,1779714397151611721,-21.376074,571.499,128
4120,1779714397174469767,1779714397153645460,-20.824307,1033.739,128
4121,1779714397176682152,1779714397156031521,-20.650631,1386.061,128
4122,1779714397178980297,1779714397157958111,-21.022186,926.59,128
4123,1779714397180904347,1779714397167264864,-13.639483,8306.753,128
4124,1779714397190382094,1779714397170015792,-20.366302,1750.928,128
4125,1779714397193205306,1779714397171791480,-21.413826,775.688,128
4126,1779714397194874740,1779714397173249522,-21.625218,458.042,128
4127,1779714397196183437,1779714397175416560,-20.766877,1167.038,128
4128,1779714397198383612,1779714397177250188,-21.133424,833.628,128
4129,1779714397200216463,1779714397179110061,-21.106402,859.873,128
4130,1779714397202062857,1779714397180694899,-21.367958,584.838,128
4131,1779714397203576198,1779714397182638462,-20.937736,943.563,128
4132,1779714397205623878,1779714397184214202,-21.409676,575.74,128
4133,1779714397207177811,1779714397186132555,-21.045256,918.353,128
4134,1779714397209072701,1779714397188282726,-20.789975,1150.171,128
4135,1779714397211156944,1779714397189961527,-21.195417,678.801,128
4136,1779714397212882122,1779714397191899889,-20.982233,938.362,128
4137,1779714397214841884,1779714397193994230,-20.847654,1094.341,128
4138,1779714397216919886,1779714397195910312,-21.009574,916.082,128
4139,1779714397218844388,1779714397197560052,-21.284336,649.74,128
4140,1779714397220522301,1779714397199770621,-20.75168,1210.569,128
4141,1779714397222750129,1779714397201666458,-21.083671,895.837,128
4142,1779714397224536635,1779714397203850761,-20.685874,1184.303,128
4143,1779714397226836988,1779714397205662972,-21.174016,812.211,128
4144,1779714397228720619,1779714397208655131,-20.065488,1992.159,128
4145,1779714397231469593,1779714397210509920,-20.959673,854.789,128
4146,1779714397233433055,1779714397211738850,-21.694205,228.93,128
4147,1779714397234725526,1779714397213382369,-21.343157,643.519,128
4148,1779714397236347951,1779714397215481840,-20.866111,1099.471,128
4149,1779714397238467986,1779714397218299092,-20.168894,1817.252,128
4150,1779714397241201432,1779714397220670801,-20.530631,1371.709,128
4151,1779714397243647690,1779714397222617802,-21.029888,947.001,128
4152,1779714397245547221,1779714397224086955,-21.460266,469.153,128
4153,1779714397247003632,1779714397226363344,-20.640288,1276.389,128
4154,1779714397249237113,1779714397320628196,71.391083,93264.852,128
4155,1779714397343728756,1779714397323038751,-20.690005,1410.555,128
4156,1779714397346052914,1779714397324788012,-21.264902,749.261,128
4157,1779714397347745256,1779714397326186308,-21.558948,398.296,128
4158,1779714397349154429,1779714397327781882,-21.372547,595.574,128
4159,1779714397350740800,1779714397329186887,-21.553913,405.005,128
4160,1779714397352188927,1779714397330589511,-21.599416,402.624,128
4161,1779714397353647785,1779714397332658311,-20.989474,1068.8,128
4162,1779714397355735463,1779714397334647153,-21.08831,988.842,128
4163,1779714397357727789,1779714397336585216,-21.142573,938.063,128
4164,1779714397359659786,1779714397338312624,-21.347162,727.408,128
4165,1779714397361372990,1779714397340631334,-20.741656,1318.71,128
4166,1779714397363591208,1779714397342117008,-21.4742,485.674,128
4167,1779714397365106950,1779714397343379848,-21.727102,262.84,128
4168,1779714397366323513,1779714397344972877,-21.350636,593.029,128
4169,1779714397368191125,1779714397347105659,-21.085466,1132.782,128
4170,1779714397370103828,1779714397348942065,-21.161763,836.406,128
4171,1779714397371915141,1779714397351061338,-20.853803,1119.273,128
4172,1779714397374049433,1779714397352680635,-21.368798,619.297,128
4173,1779714397375724769,1779714397354925962,-20.798807,1245.327,128
4174,1779714397377967363,1779714397356633579,-21.333784,707.617,128
4175,1779714397379609070,1779714397358397036,-21.212034,763.457,128
4176,1779714397381647822,1779714397360383451,-21.264371,986.415,128
4177,1779714397383304474,1779714397361898215,-21.406259,514.764,128
4178,1779714397384758280,1779714397363514262,-21.244018,616.047,128
4179,1779714397386222357,1779714397364622337,-21.60002,108.075,128
4180,1779714397387583692,1779714397366072990,-21.510702,450.653,128
4181,1779714397388950505,1779714397367061185,-21.88932,-11.805,128
4182,1779714397390081253,1779714397368629905,-21.451348,568.72,128
4183,1779714397391614534,1779714397370355226,-21.259308,725.321,128
4184,1779714397393385503,1779714397372210976,-21.174527,855.75,128
4185,1779714397395121437,1779714397374029479,-21.091958,818.503,128
4186,1779714397396845583,1779714397374657615,-22.187968,-371.864,128
4187,1779714397397636404,1779714397376082052,-21.554352,424.437,128
4188,1779714397399067864,1779714397377889908,-21.177956,807.856,128
4189,1779714397400849511,1779714397379567084,-21.282427,677.176,128
4190,1779714397402538196,1779714397381406519,-21.131677,839.435,128
4191,1779714397404388564,1779714397382614129,-21.774435,207.61,128
4192,1779714397405667010,1779714397384391075,-21.275935,776.946,128
4193,1779714397407343037,1779714397386238521,-21.104516,847.446,128
4194,1779714397409101032,1779714397387588166,-21.512866,349.645,128
4195,1779714397410620099,1779714397389281317,-21.338782,693.151,128
4196,1779714397412237413,1779714397390716968,-21.520445,435.651,128
4197,1779714397413649722,1779714397392313493,-21.336229,596.525,128
4198,1779714397415233573,1779714397393970037,-21.263536,656.544,128
4199,1779714397416991594,1779714397395487857,-21.503737,517.82,128
4200,1779714397418385373,1779714397397358464,-21.026909,870.607,128
4201,1779714397420249379,1779714397399064331,-21.185048,705.867,128
4202,1779714397422000942,1779714397400540368,-21.460574,476.037,128
4203,1779714397423659892,1779714397402376757,-21.283135,836.389,128
4204,1779714397425263648,1779714397404268637,-20.995011,891.88,128
4205,1779714397427051908,1779714397405674333,-21.377575,405.696,128
4206,1779714397428678684,1779714397407527494,-21.15119,853.161,128
4207,1779714397430477592,1779714397409333682,-21.14391,806.188,128
4208,1779714397432201640,1779714397411310641,-20.890999,976.959,128
4209,1779714397434093944,1779714397413386864,-20.70708,1076.223,128
4210,1779714397436307626,1779714397414967259,-21.340367,580.395,128
4211,1779714397437831049,1779714397416425913,-21.405136,458.654,128
4212,1779714397439298560,1779714397417461182,-21.837378,35.269,128
4213,1779714397440443470,1779714397419613996,-20.829474,1152.814,128
4214,1779714397442499845,1779714397421403071,-21.096774,789.075,128
4215,1779714397444312619,1779714397422876486,-21.436133,473.415,128
4216,1779714397445798936,1779714397424322394,-21.476542,445.908,128
4217,1779714397447290693,1779714397426263269,-21.027424,940.875,128
4218,1779714397450749498,1779714397429896107,-20.853391,2632.838,128
4219,1779714397452810205,1779714397431359801,-21.450404,463.694,128
4220,1779714397454290099,1779714397432786526,-21.503573,426.725,128
4221,1779714397455738519,1779714397434245405,-21.493114,458.879,128
4222,1779714397457140987,1779714397435661700,-21.479287,416.295,128
4223,1779714397458655904,1779714397437068109,-21.587795,406.409,128
4224,1779714397459994683,1779714397438444506,-21.550177,376.397,128
4225,1779714397461444745,1779714397439950520,-21.494225,506.014,128
4226,1779714397462940540,1779714397441488908,-21.451632,538.388,128
4227,1779714397464398929,1779714397442811383,-21.587546,322.475,128
4228,1779714397465739878,1779714397444120872,-21.619006,309.489,128
4229,1779714397467159640,1779714397446361366,-20.798274,1240.494,128
4230,1779714397469029366,1779714397448645743,-20.383623,1284.377,128
4231,1779714397471500824,1779714397450543621,-20.957203,897.878,128
4232,1779714397473295752,1779714397452754634,-20.541118,1211.013,128
4233,1779714397475641938,1779714397454664190,-20.977748,909.556,128
4234,1779714397477521717,1779714397456348602,-21.173115,684.412,128
4235,1779714397479230059,1779714397458144597,-21.085462,795.995,128
4236,1779714397481009636,1779714397460201130,-20.808506,1056.533,128
4237,1779714397483083919,1779714397462012649,-21.07127,811.519,128
4238,1779714397484838952,1779714397463559472,-21.27948,546.823,128
4239,1779714397486715201,1779714397466119808,-20.595393,1560.336,128
4240,1779714397488740482,1779714397467820202,-20.92028,700.394,128
4241,1779714397490740325,1779714397469281539,-21.458786,461.337,128
4242,1779714397492263174,1779714397470940411,-21.322763,658.872,128
4243,1779714397493844551,1779714397473277195,-20.567356,1336.784,128
4244,1779714397496038639,1779714397474888909,-21.14973,611.714,128
4245,1779714397497804238,1779714397476831964,-20.972274,943.055,128
4246,1779714397499786387,1779714397478822761,-20.963626,990.797,128
4247,1779714397501718848,1779714397481577476,-20.141372,1754.715,128
4248,1779714397504339215,1779714397483463737,-20.875478,886.261,128
4249,1779714397506385905,1779714397485202776,-21.183129,739.039,128
4250,1779714397508287951,1779714397487029875,-21.258076,827.099,128
4251,1779714397509939656,1779714397489385365,-20.554291,1355.49,128
4252,1779714397512345058,1779714397490889309,-21.455749,503.944,128
4253,1779714397513850412,1779714397492816961,-21.033451,927.652,128
4254,1779714397515499383,1779714397494101576,-21.397807,284.615,128
4255,1779714397517186019,1779714397495737873,-21.448146,636.297,128
4256,1779714397518768991,1779714397496996728,-21.772263,258.855,128
4257,1779714397520045817,1779714397498499047,-21.54677,502.319,128
4258,1779714397521394325,1779714397499903590,-21.490735,404.543,128
4259,1779714397522881731,1779714397501395999,-21.485732,492.409,128
4260,1779714397524172134,1779714397503630610,-20.541524,1234.611,128
4261,1779714397526681579,1779714397505341413,-21.340166,710.803,128
4262,1779714397528199459,1779714397507058156,-21.141303,716.743,128
4263,1779714397530120225,1779714397509320396,-20.799829,1262.24,128
4264,1779714397532501284,1779714397511652924,-20.84836,1332.528,128
4265,1779714397534278722,1779714397512460794,-21.817928,-192.13,128
4266,1779714397535415809,1779714397513587197,-21.828612,126.403,128
4267,1779714397536554033,1779714397515372726,-21.181307,785.529,128
4268,1779714397538059599,1779714397516731492,-21.328107,358.766,128
4269,1779714397539512320,1779714397520347655,-19.164665,2616.163,128
4270,1779714397542993287,1779714397521769287,-21.224,421.632,128
4271,1779714397544526285,1779714397523264482,-21.261803,495.195,128
4272,1779714397546173477,1779714397524708913,-21.464564,444.431,128
4273,1779714397547697475,1779714397525917746,-21.779729,208.833,128
4274,1779714397549032938,1779714397527859246,-21.173692,941.5,128
4275,1779714397550621363,1779714397528892643,-21.72872,33.397,128
4276,1779714397551808803,1779714397530442966,-21.365837,550.323,128
4277,1779714397553262280,1779714397532386429,-20.875851,943.463,128
4278,1779714397554805257,1779714397533624113,-21.181144,237.684,128
4279,1779714397556241040,1779714397534917225,-21.323815,293.112,128
4280,1779714397557843731,1779714397536495764,-21.347967,578.539,128
4281,1779714397559342141,1779714397537798689,-21.543452,302.925,128
4282,1779714397560750502,1779714397539562025,-21.188477,763.336,128
4283,1779714397562443716,1779714397541410744,-21.032972,848.719,128
4284,1779714397564186420,1779714397543007217,-21.179203,596.473,128
4285,1779714397565933658,1779714397544822735,-21.110923,815.518,128
4286,1779714397567784007,1779714397546924317,-20.85969,1101.582,128
4287,1779714397569480961,1779714397548046875,-21.434086,122.558,128
4288,1779714397570772985,1779714397549557719,-21.215266,510.844,128
4289,1779714397572282559,1779714397551414277,-20.868282,856.558,128
4290,1779714397573766998,1779714397552492076,-21.274922,77.799,128
4291,1779714397575318306,1779714397553512652,-21.805654,20.576,128
4292,1779714397576664846,1779714397554933506,-21.73134,420.854,128
4293,1779714397577933494,1779714397557508761,-20.424733,1575.255,128
4294,1779714397580177455,1779714397559680180,-20.497275,1171.419,128
4295,1779714397582141939,1779714397560992175,-21.149764,311.995,128
4296,1779714397583832686,1779714397562718029,-21.114657,725.854,128
4297,1779714397585212788,1779714397563952165,-21.260623,234.136,128
4298,1779714397586898301,1779714397565068346,-21.829955,116.181,128
4299,1779714397587999025,1779714397566495005,-21.50402,426.659,128
4300,1779714397589618210,1779714397568515381,-21.102829,1020.376,128
4301,1779714397591386699,1779714397570365280,-21.021419,849.899,128
4302,1779714397592951356,1779714397571675566,-21.27579,310.286,128
4303,1779714397594487655,1779714397572871967,-21.615688,196.401,128
4304,1779714397595797322,1779714397574160839,-21.636483,288.872,128
4305,1779714397597144013,1779714397575666660,-21.477353,505.821,128
4306,1779714397598647461,1779714397577187095,-21.460366,520.435,128
4307,1779714397600128691,1779714397578601269,-21.527422,414.174,128
4308,1779714397601490086,1779714397579878178,-21.611908,276.909,128
4309,1779714397602794782,1779714397581056248,-21.738534,178.07,128
4310,1779714397603880849,1779714397582443317,-21.437532,387.069,128
4311,1779714397605205383,1779714397583636984,-21.568399,193.667,128
4312,1779714397606575394,1779714397585183437,-21.391957,546.453,128
4313,1779714397608212153,1779714397589170122,-19.042031,2986.685,128
4314,1779714397612277339,1779714397595227796,-17.049543,5057.674,128
4315,1779714397618348558,1779714397597446554,-20.902004,1218.758,128
4316,1779714397620550744,1779714397599372372,-21.178372,925.818,128
4317,1779714397622539253,1779714397601051797,-21.487456,679.425,128
4318,1779714397624177544,1779714397602803654,-21.37389,751.857,128
4319,1779714397625924085,1779714397604685895,-21.23819,882.241,128
4320,1779714397627822367,1779714397606411536,-21.410831,725.641,128
4321,1779714397629540231,1779714397608377645,-21.162586,966.109,128
4322,1779714397630817303,1779714397608927538,-21.889765,-450.107,128
4323,1779714397631812134,1779714397609630482,-22.181652,-297.056,128
4324,1779714397632602862,1779714397610585895,-22.016967,-44.587,128
4325,1779714397633430593,1779714397611417568,-22.013025,-168.327,128
4326,1779714397634268684,1779714397611895909,-22.372775,-521.659,128
4327,1779714397634893501,1779714397613865613,-21.027888,969.704,128
4328,1779714397636808198,1779714397615927262,-20.880936,1061.649,128
4329,1779714397639052534,1779714397618117021,-20.935513,1189.759,128
4330,1779714397641129078,1779714397619844712,-21.284366,727.691,128
4331,1779714397642896622,1779714397621851832,-21.04479,1007.12,128
4332,1779714397644975203,1779714397624234751,-20.740452,1382.919,128
4333,1779714397647233612,1779714397626120270,-21.113342,885.519,128
4334,1779714397649031042,1779714397627094098,-21.936944,-26.172,128
4335,1779714397649979338,1779714397627863431,-22.115907,-230.667,128
4336,1779714397650801405,1779714397628865392,-21.936013,1.961,128
4337,1779714397651773663,1779714397629678837,-22.094826,-186.555,128
4338,1779714397652601360,1779714397630335890,-22.26547,-342.947,128
4339,1779714397653230939,1779714397631040445,-22.190494,-295.445,128
4340,1779714397653953188,1779714397631957440,-21.995748,-83.005,128
4341,1779714397654784738,1779714397632892767,-21.891971,-64.673,128
4342,1779714397655730348,1779714397634404313,-21.326035,511.546,128
4343,1779714397657438559,1779714397636103750,-21.334809,699.437,128
4344,1779714397659248363,1779714397637608205,-21.640158,504.455,128
4345,1779714397660616358,1779714397638538400,-22.077958,-69.805,128
4346,1779714397661379030,1779714397640386724,-20.992306,848.324,128
4347,1779714397662271026,1779714397640394510,-21.876516,-992.214,128
4348,1779714397663007732,1779714397640853120,-22.154612,-541.39,128
4349,1779714397663749337,1779714397641620730,-22.128607,-232.39,128
4350,1779714397664488653,1779714397642357688,-22.130965,-263.042,128
4351,1779714397665211595,1779714397642890804,-22.320791,-466.884,128
4352,1779714397665817202,1779714397644440170,-21.377032,549.366,128
4353,1779714397667470623,1779714397645878123,-21.5925,437.953,128
4354,1779714397668801937,1779714397646781133,-22.020804,-96.99,128
4355,1779714397669427366,1779714397647421605,-22.005761,-359.528,128
4356,1779714397670339265,1779714397648349779,-21.989486,-71.826,128
4357,1779714397671254798,1779714397649232734,-22.022064,-117.045,128
4358,1779714397672136751,1779714397650096792,-22.039959,-135.942,128
4359,1779714397673024814,1779714397651037135,-21.987679,-59.657,128
4360,1779714397673945780,1779714397651867470,-22.07831,-169.665,128
4361,1779714397674671451,1779714397652449024,-22.222427,-418.446,128
4362,1779714397675389479,1779714397653368433,-22.021046,-80.591,128
4363,1779714397676290533,1779714397655277216,-21.013317,908.783,128
4364,1779714397678352819,1779714397657076347,-21.276472,799.131,128
4365,1779714397680176162,1779714397659145392,-21.03077,1069.045,128
4366,1779714397682237013,1779714397661419439,-20.817574,1274.047,128
4367,1779714397684412171,1779714397663748954,-20.663217,1329.515,128
4368,1779714397686550169,1779714397737595302,51.045133,72846.348,128
4369,1779714397760360691,1779714397739770421,-20.59027,1175.119,128
4370,1779714397762663165,1779714397741866726,-20.796439,1096.305,128
4371,1779714397766805780,1779714397746602821,-20.202959,3736.095,128
4372,1779714397769520949,1779714397748664715,-20.856234,1061.894,128
4373,1779714397771739419,1779714397752961849,-18.77757,3297.134,128
4374,1779714397775902643,1779714397755129803,-20.77284,1167.954,128
4375,1779714397778183687,1779714397757318118,-20.865569,1188.315,128
4376,1779714397780630878,1779714397760224917,-20.405961,1906.799,128
4377,1779714397783038427,1779714397762275639,-20.762788,1050.722,128
4378,1779714397785105557,1779714397764595897,-20.50966,1320.258,128
4379,1779714397787574442,1779714397766701747,-20.872695,1105.85,128
4380,1779714397789610338,1779714397769284550,-20.325788,1582.803,128
4381,1779714397792027572,1779714397771880445,-20.147127,1595.895,128
4382,1779714397794559500,1779714397774082723,-20.476777,1202.278,128
4383,1779714397797071646,1779714397777018301,-20.053345,1935.578,128
4384,1779714397799876062,1779714397780495584,-19.380478,2477.283,128
4385,1779714397804363880,1779714397784289530,-20.07435,2793.946,128
4386,1779714397807283064,1779714397787040099,-20.242965,1750.569,128
4387,1779714397809528392,1779714397790268613,-19.259779,2228.514,128
4388,1779714397813067998,1779714397792236438,-20.83156,967.825,128
4389,1779714397815223314,1779714397795286335,-19.936979,2049.897,128
4390,1779714397819584086,1779714397798836349,-20.747737,2550.014,128
4391,1779714397822478249,1779714397802629847,-19.848402,2793.498,128
4392,1779714397825165169,1779714397805332525,-19.832644,1702.678,128
4393,1779714397828222652,1779714397807391382,-20.83127,1058.857,128
4394,1779714397830259049,1779714397809724934,-20.534115,1333.552,128
4395,1779714397833611604,1779714397812737531,-20.874073,2012.597,128
4396,1779714397836279322,1779714397817237584,-19.041738,3500.053,128
4397,1779714397839935181,1779714397818504464,-21.430717,266.88,128
4398,1779714397841319544,1779714397820044676,-21.274868,540.212,128
4399,1779714397843112288,1779714397822895810,-20.216478,1851.134,128
4400,1779714397845490164,1779714397824510425,-20.979739,614.615,128
4401,1779714397847207733,1779714397826239088,-20.968645,728.663,128
4402,1779714397849064244,1779714397827823515,-21.240729,584.427,128
4403,1779714397850476126,1779714397829720329,-20.755797,896.814,128
4404,1779714397852540405,1779714397835823492,-16.716913,5103.163,128
4405,1779714397858520759,1779714397837430845,-21.089914,607.353,128
4406,1779714397860021313,1779714397839157153,-20.86416,726.308,128
4407,1779714397861951093,1779714397842772423,-19.17867,2615.27,128
4408,1779714397865529237,1779714397843580542,-21.948695,-191.881,128
4409,1779714397866407414,1779714397845586755,-20.820659,1006.213,128
4410,1779714397868428335,1779714397847347095,-21.08124,760.34,128
4411,1779714397870052562,1779714397849380555,-20.672007,1033.46,128
4412,1779714397872030105,1779714397851324805,-20.7053,944.25,128
4413,1779714397874026704,1779714397853698544,-20.32816,1373.739,128
4414,1779714397875788419,1779714397854512514,-21.275905,-186.03,128
4415,1779714397877155229,1779714397855129164,-22.026065,-383.35,128
4416,1779714397878058008,1779714397857073178,-20.98483,944.014,128
4417,1779714397879896327,1779714397858546075,-21.350252,472.897,128
4418,1779714397881340091,1779714397860085691,-21.2544,539.616,128
4419,1779714397882919693,1779714397860384488,-22.535205,-701.203,128
4420,1779714397883311158,1779714397864873926,-18.437232,3489.438,128
4421,1779714397887769166,1779714397866735018,-21.034148,861.092,128
4422,1779714397889494303,1779714397868753898,-20.740405,1018.88,128
4423,1779714397891456465,1779714397871298977,-20.157488,1545.079,128
4424,1779714397893446537,1779714397873087557,-20.35898,788.58,128
4425,1779714397895831937,1779714397874740673,-21.091264,653.116,128
4426,1779714397897611410,1779714397876492065,-21.119345,751.392,128
4427,1779714397899196396,1779714397877737396,-21.459,245.331,128
4428,1779714397900541067,1779714397879425880,-21.115187,688.484,128
4429,1779714397902086006,1779714397880835637,-21.250369,409.757,128
4430,1779714397903651950,1779714397882881420,-20.77053,1045.783,128
4431,1779714397905604391,1779714397884519093,-21.085298,637.673,128
4432,1779714397907395541,1779714397886136779,-21.258762,617.686,128
4433,1779714397908985014,1779714397887723184,-21.26183,586.405,128
4434,1779714397910548200,1779714397889466990,-21.08121,743.806,128
4435,1779714397912124401,1779714397890883056,-21.241345,416.066,128
4436,1779714397913664341,1779714397892820345,-20.843996,937.289,128
4437,1779714397915640370,1779714397894427080,-21.21329,606.735,128
4438,1779714397917186443,1779714397896067648,-21.118795,640.568,128
4439,1779714397918929671,1779714397898131062,-20.798609,1063.414,128
4440,1779714397920967474,1779714397899791055,-21.176419,659.993,128
4441,1779714397922637439,1779714397901782938,-20.854501,991.883,128
4442,1779714397924594247,1779714397904455308,-20.138939,1672.37,128
4443,1779714397927139167,1779714397906304543,-20.834624,849.235,128
4444,1779714397929076985,1779714397908264307,-20.812678,959.764,128
4445,1779714397931048406,1779714397910420041,-20.628365,1155.734,128
4446,1779714397933035826,1779714397912119901,-20.915925,699.86,128
4447,1779714397934839017,1779714397914016791,-20.822226,896.89,128
4448,1779714397936820052,1779714397915281687,-21.538365,264.896,128
4449,1779714397938078243,1779714397917208928,-20.869315,927.241,128
4450,1779714397939941055,1779714397918847685,-21.09337,638.757,128
4451,1779714397941633769,1779714397924021700,-17.612069,4174.015,128
4452,1779714397946756759,1779714397926619436,-20.137323,1597.736,128
4453,1779714397949505721,1779714397928523237,-20.982484,903.801,128
4454,1779714397951243048,1779714397930337145,-20.905903,813.908,128
4455,1779714397952995983,1779714397931614271,-21.381712,277.126,128
4456,1779714397954320730,1779714397933659529,-20.661201,1045.258,128
4457,1779714397955760994,1779714397935091969,-20.669025,432.44,128
4458,1779714397957755897,1779714397936494989,-21.260908,403.02,128
4459,1779714397959040373,1779714397938920661,-20.119712,1425.672,128
4460,1779714397961180546,1779714397940264702,-20.915844,344.041,128
4461,1779714397962845274,1779714397942812380,-20.032894,1547.678,128
4462,1779714397965581355,1779714397944936079,-20.645276,1123.699,128
4463,1779714397967946325,1779714397948712010,-19.234315,2775.931,128
4464,1779714397971303638,1779714397949646687,-21.656951,-65.323,128
4465,1779714397972475647,1779714397951992149,-20.483498,1345.462,128
4466,1779714397974492172,1779714397954123757,-20.368415,1131.608,128
4467,1779714397976869908,1779714397958533575,-18.336333,3409.818,128
4468,1779714397981459141,1779714397966266404,-15.192737,6732.829,128
4469,1779714397986340122,1779714397967985984,-18.354138,719.58,128
4470,1779714397990952394,1779714397969630000,-21.322394,644.016,128
4471,1779714397992544273,1779714397972722870,-19.821403,2092.87,128
4472,1779714397995270600,1779714397974178965,-21.091635,456.095,128
4473,1779714397997100654,1779714397976784860,-20.315794,1605.895,128
4474,1779714397999658606,1779714397978645869,-21.012737,861.009,128
4475,1779714398001495061,1779714397980412028,-21.083033,766.159,128
4476,1779714398003260835,1779714397982218828,-21.042007,806.8,128
4477,1779714398004942908,1779714397983519303,-21.423605,300.475,128
4478,1779714398006476444,1779714397985529268,-20.947176,1009.965,128
4479,1779714398008396281,1779714397991431590,-16.964691,4902.322,128
4480,1779714398013985557,1779714397994063141,-19.922416,1631.551,128
4481,1779714398016903830,1779714397996544369,-20.359461,1481.228,128
4482,1779714398018984274,1779714397997339422,-21.644852,-204.947,128
4483,1779714398020152206,1779714397999358419,-20.793787,1018.997,128
4484,1779714398021870661,1779714398000660420,-21.210241,302.001,128
4485,1779714398023448449,1779714398002192880,-21.255569,532.46,128
4486,1779714398025050307,1779714398003529935,-21.520372,337.055,128
4487,1779714398026198127,1779714398008293061,-17.905066,3763.126,128
4488,1779714398030803603,1779714398010431356,-20.372247,1138.295,128
4489,1779714398039716493,1779714398019679515,-20.036978,8248.159,128
4490,1779714398042427408,1779714398023267133,-19.160275,2587.618,128
4491,1779714398046052466,1779714398025748818,-20.303648,1481.685,128
4492,1779714398048585157,1779714398028057753,-20.527404,1308.935,128
4493,1779714398050860060,1779714398029861163,-20.998897,803.41,128
4494,1779714398052689591,1779714398031745589,-20.944002,884.426,128
4495,1779714398054572993,1779714398033319306,-21.253687,573.717,128
4496,1779714398056127021,1779714398035606592,-20.520429,1287.286,128
4497,1779714398058460207,1779714398038364075,-20.096132,1757.483,128
4498,1779714398061111418,1779714398040099246,-21.012172,735.171,128
4499,1779714398062916861,1779714398041360484,-21.556377,261.238,128
4500,1779714398064109232,1779714398042789129,-21.320103,428.645,128
4501,1779714398065647508,1779714398044573069,-21.074439,783.94,128
4502,1779714398067312641,1779714398047032161,-20.28048,1459.092,128
4503,1779714398069819486,1779714398048510448,-21.309038,478.287,128
4504,1779714398071231237,1779714398050587439,-20.643798,1076.991,128
4505,1779714398073029525,1779714398051798430,-21.231095,210.991,128
4506,1779714398074491396,1779714398053286853,-21.204543,488.423,128
4507,1779714398076424785,1779714398055252406,-21.172379,965.553,128
4508,1779714398078036136,1779714398056517140,-21.518996,264.734,128
4509,1779714398079307944,1779714398058641613,-20.666331,1124.473,128
4510,1779714398080826374,1779714398059627062,-21.199312,-14.551,128
4511,1779714398082349944,1779714398060643557,-21.706387,16.495,128
4512,1779714398083474663,1779714398061657957,-21.816706,14.4,128
4513,1779714398084493632,1779714398063115681,-21.377951,457.724,128
4514,1779714398085838146,1779714398065221530,-20.616616,1105.849,128
4515,1779714398087789985,1779714398066633678,-21.156307,412.148,128
4516,1779714398089333104,1779714398067989690,-21.343414,356.012,128
4517,1779714398090811755,1779714398070080339,-20.731416,1090.649,128
4518,1779714398092523944,1779714398071435911,-21.088033,355.572,128
4519,1779714398094216847,1779714398072915960,-21.300887,480.049,128
4520,1779714398095818204,1779714398075439498,-20.378706,1523.538,128
4521,1779714398098249728,1779714398077094889,-21.154839,655.391,128
4522,1779714398099904405,1779714398078747938,-21.156467,653.049,128
4523,1779714398101542220,1779714398080262509,-21.279711,514.571,128
4524,1779714398102936985,1779714398081746774,-21.190211,484.265,128
4525,1779714398104632608,1779714398083342300,-21.290308,595.526,128
4526,1779714398106073935,1779714398084593104,-21.480831,250.804,128
4527,1779714398107386158,1779714398085778627,-21.607531,185.523,128
4528,1779714398108648996,1779714398087092668,-21.556328,314.041,128
4529,1779714398109896157,1779714398088114599,-21.781558,21.931,128
4530,1779714398110921936,1779714398089526289,-21.395647,411.69,128
4531,1779714398112190441,1779714398091271946,-20.918495,745.657,128
4532,1779714398113891658,1779714398092416522,-21.475136,144.576,128
4533,1779714398115141829,1779714398094135331,-21.006498,718.809,128
4534,1779714398116969869,1779714398096242065,-20.727804,1106.734,128
4535,1779714398119002179,1779714398097713449,-21.28873,471.384,128
4536,1779714398120511912,1779714398099516490,-20.995422,803.041,128
4537,1779714398122259906,1779714398102439877,-19.820029,1923.387,128
4538,1779714398125111186,1779714398104382389,-20.728797,942.512,128
4539,1779714398127079575,1779714398105649296,-21.430279,266.907,128
4540,1779714398128433381,1779714398107673209,-20.760172,1023.913,128
4541,1779714398130423481,1779714398109263444,-21.160037,590.235,128
4542,1779714398131860010,1779714398110740538,-21.119472,477.094,128
4543,1779714398133346565,1779714398114981367,-18.365198,3240.829,128
4544,1779714398137886667,1779714398117401615,-20.485052,1420.248,128
4545,1779714398140116606,1779714398118898102,-21.218504,496.487,128
4546,1779714398141607492,1779714398120783058,-20.824434,884.956,128
4547,1779714398143627276,1779714398123384202,-20.243074,1601.144,128
4548,1779714398146144372,1779714398125563194,-20.581178,1178.992,128
4549,1779714398148328411,1779714398126729978,-21.598433,166.784,128
4550,1779714398149562401,1779714398128570757,-20.991644,840.779,128
4551,1779714398151370746,1779714398130277284,-21.093462,706.527,128
4552,1779714398153138088,1779714398132617462,-20.520626,1340.178,128
4553,1779714398154901885,1779714398134109044,-20.792841,491.582,128
4554,1779714398156909652,1779714398135716669,-21.192983,607.625,128
4555,1779714398158569823,1779714398137644284,-20.925539,927.615,128
4556,1779714398160326425,1779714398139417280,-20.909145,772.996,128
4557,1779714398162261465,1779714398142174996,-20.086469,1757.716,128
4558,1779714398164761386,1779714398143574973,-21.186413,399.977,128
4559,1779714398166384815,1779714398145644526,-20.740289,1069.553,128
4560,1779714398168430275,1779714398147737928,-20.692347,1093.402,128
4561,1779714398170599572,1779714398150383849,-20.215723,1645.921,128
4562,1779714398173167448,1779714398153064672,-20.102776,1680.823,128
4563,1779714398175896410,1779714398155354181,-20.542229,1289.509,128
4564,1779714398178135626,1779714398157359476,-20.77615,1005.295,128
4565,1779714398180114254,1779714398159418649,-20.695605,1059.173,128
4566,1779714398182085810,1779714398161381048,-20.704762,962.399,128
4567,1779714398184100878,1779714398164036976,-20.063902,1655.928,128
4568,1779714398186256626,1779714398167322459,-18.934167,2285.483,128
4569,1779714398189892330,1779714398169550113,-20.342217,1227.654,128
4570,1779714398192040640,1779714398172090847,-19.949793,1540.734,128
4571,1779714398194897964,1779714398174470637,-20.427327,1379.79,128
4572,1779714398197349988,1779714398176458045,-20.891943,987.408,128
4573,1779714398199265860,1779714398178065768,-21.200092,607.723,128
4574,1779714398200893478,1779714398180045201,-20.848277,979.433,128
4575,1779714398202830151,1779714398181644964,-21.185187,599.763,128
4576,1779714398204248054,1779714398183593276,-20.654778,948.312,128
4577,1779714398206265409,1779714398189530074,-16.735335,4936.798,128
4578,1779714398212518151,1779714398193441489,-19.076662,2911.415,128
4579,1779714398215717025,1779714398195594866,-20.122159,1153.377,128
4580,1779714398218480980,1779714398197529620,-20.95136,934.754,128
4581,1779714398220382887,1779714398199353256,-21.029631,823.636,128
4582,1779714398222249575,1779714398201020142,-21.229433,666.886,128
4583,1779714398223710055,1779714398202644724,-21.065331,624.582,128
4584,1779714398225533021,1779714398204730094,-20.802927,1085.37,128
4585,1779714398227131256,1779714398207054427,-20.076829,1324.333,128
4586,1779714398229821559,1779714398209506276,-20.315283,1451.849,128
4587,1779714398232152537,1779714398212153315,-19.999222,1647.039,128
4588,1779714398234619698,1779714398213776698,-20.843,623.383,128
4589,1779714398236124487,1779714398215565502,-20.558985,788.804,128
4590,1779714398238366248,1779714398218110436,-20.255812,1544.934,128
4591,1779714398240687154,1779714398219574908,-21.112246,464.472,128
4592,1779714398242483273,1779714398222597868,-19.885405,2022.96,128
4593,1779714398244801561,1779714398224578569,-20.222992,980.701,128
4594,1779714398247323917,1779714398227277915,-20.046002,1699.346,128
4595,1779714398250043825,1779714398229427414,-20.616411,1149.499,128
4596,1779714398252136115,1779714398231327822,-20.808293,900.408,128
4597,1779714398254008181,1779714398233564938,-20.443243,1237.116,128
4598,1779714398256442060,1779714398237927075,-18.514985,3362.137,128
4599,1779714398260596337,1779714398243130059,-17.466278,4202.984,128
4600,1779714398265944224,1779714398249329021,-16.615203,5198.962,128
4601,1779714398272143844,1779714398252113235,-20.030609,1784.214,128
4602,1779714398274630781,1779714398254983948,-19.646833,1870.713,128
4603,1779714398277361612,1779714398259642766,-17.718846,3658.818,128
4604,1779714398282493242,1779714398267069163,-15.424079,6426.397,128
4605,1779714398289708839,1779714398273205909,-16.50293,5136.746,128
4606,1779714398295330325,1779714398277246791,-18.083534,3040.882,128
4607,1779714398300045287,1779714398282275521,-17.769766,4028.73,128
4608,1779714398304979291,1779714398285139723,-19.839568,1864.202,128
4609,1779714398307880809,1779714398289999981,-17.880828,3860.258,128
4610,1779714398310831314,1779714398290091818,-20.739496,-908.163,128
4611,1779714398312917105,1779714398291822444,-21.094661,730.626,128
4612,1779714398314655696,1779714398293598360,-21.057336,775.916,128
4613,1779714398316438748,1779714398295986353,-20.452395,1387.993,128
4614,1779714398318738832,1779714398297526314,-21.212518,539.961,128
4615,1779714398320367476,1779714398299783691,-20.583785,1257.377,128
4616,1779714398322497129,1779714398301733374,-20.763755,949.683,128
4617,1779714398324477926,1779714398303589264,-20.888662,855.89,128
4618,1779714398326417264,1779714398305067482,-21.349782,478.218,128
4619,1779714398327815785,1779714398306583585,-21.2322,516.103,128
4620,1779714398329343859,1779714398311679386,-17.664473,4095.801,128
4621,1779714398334526263,1779714398315504356,-19.021907,2824.97,128
4622,1779714398338253945,1779714398318502663,-19.751282,1998.307,128
4623,1779714398341483458,1779714398321730088,-19.75337,2227.425,128
4624,1779714398344327637,1779714398324513019,-19.814618,1782.931,128
4625,1779714398347297938,1779714398326712728,-20.58521,1199.709,128
4626,1779714398349538151,1779714398329250780,-20.287371,1538.052,128
4627,1779714398351868163,1779714398331697605,-20.170558,1446.825,128
4628,1779714398354435782,1779714398333291697,-21.144085,594.092,128
4629,1779714398355913497,1779714398335184526,-20.728971,892.829,128
4630,1779714398357861160,1779714398336705161,-21.155999,520.635,128
4631,1779714398359458911,1779714398338681678,-20.777233,976.517,128
4632,1779714398361457292,1779714398339997228,-21.460064,315.55,128
4633,1779714398362851809,1779714398341644693,-21.207116,647.465,128
4634,1779714398364338813,1779714398344029047,-20.309766,1384.354,128
4635,1779714398366749940,1779714398345766891,-20.983049,737.844,128
4636,1779714398368520947,1779714398347856908,-20.664039,1090.017,128
4637,1779714398370368337,1779714398350138570,-20.229767,1281.662,128
4638,1779714398372899783,1779714398351937188,-20.962595,798.618,128
4639,1779714398374559240,1779714398353457760,-21.10148,520.572,128
4640,1779714398376170883,1779714398354742903,-21.42798,285.143,128
4641,1779714398377512182,1779714398356315689,-21.196493,572.786,128
4642,1779714398379076037,1779714398358338102,-20.737935,1022.413,128
4643,1779714398380955348,1779714398359649657,-21.305691,311.555,128
4644,1779714398382297244,1779714398361360326,-20.936918,710.669,128
4645,1779714398384024234,1779714398362720726,-21.303508,360.4,128
4646,1779714398385454974,1779714398364494604,-20.96037,773.878,128
4647,1779714398387270940,1779714398366092874,-21.178066,598.27,128
4648,1779714398388826773,1779714398368052901,-20.773872,960.027,128
4649,1779714398390697525,1779714398371144545,-19.55298,2091.644,128
4650,1779714398393739913,1779714398373684272,-20.055641,1539.727,128
4651,1779714398396466074,1779714398375395750,-21.070324,711.478,128
4652,1779714398398124522,1779714398376659385,-21.465137,263.635,128
4653,1779714398399420004,1779714398378945866,-20.474138,1286.481,128
4654,1779714398401690759,1779714398383660091,-18.030668,3714.225,128
4655,1779714398406466806,1779714398386901303,-19.565503,2241.212,128
4656,1779714398409624786,1779714398388747346,-20.87744,846.043,128
4657,1779714398411433173,1779714398391323090,-20.110083,1575.744,128
4658,1779714398413867149,1779714398393660038,-20.207111,1336.948,128
4659,1779714398416284334,1779714398395623686,-20.660648,963.648,128
4660,1779714398418179597,1779714398397460068,-20.719529,836.382,128
4661,1779714398420150907,1779714398399276765,-20.874142,816.697,128
4662,1779714398421892794,1779714398400996175,-20.896619,719.41,128
4663,1779714398423759317,1779714398403291367,-20.46795,1295.192,128
4664,1779714398426052833,1779714398405036315,-21.016518,744.948,128
4665,1779714398427776607,1779714398406620041,-21.156566,583.726,128
4666,1779714398429383443,1779714398408711704,-20.671739,1091.663,128
4667,1779714398431025475,1779714398410057512,-20.967963,345.808,128
4668,1779714398432756096,1779714398411910966,-20.84513,853.454,128
4669,1779714398434638418,1779714398416488978,-18.14944,3578.012,128
4670,1779714398439140712,1779714398417605323,-21.535389,116.345,128
4671,1779714398440340670,1779714398418955208,-21.385462,349.885,128
4672,1779714398441784887,1779714398420492469,-21.292418,537.261,128
4673,1779714398443321793,1779714398421797814,-21.523979,305.345,128
4674,1779714398444633969,1779714398423299446,-21.334523,501.632,128
4675,1779714398446121442,1779714398425007364,-21.114078,707.918,128
4676,1779714398447855792,1779714398427546782,-20.30901,1539.418,128
4677,1779714398450241921,1779714398431838718,-18.403203,3291.936,128
4678,1779714398454674568,1779714398434421815,-20.252753,1583.097,128
4679,1779714398457244509,1779714398436374000,-20.870509,952.185,128
4680,1779714398459233776,1779714398437781351,-21.452425,407.351,128
4681,1779714398460576393,1779714398440499216,-20.077177,1717.865,128
4682,1779714398463184624,1779714398442123325,-21.061299,624.109,128
4683,1779714398464909012,1779714398443476645,-21.432367,353.32,128
4684,1779714398466366285,1779714398445625192,-20.741093,1148.547,128
4685,1779714398468423454,1779714398447675339,-20.748115,1050.147,128
4686,1779714398470363249,1779714398449140573,-21.222676,465.234,128
4687,1779714398471764434,1779714398450694991,-21.069443,554.418,128
4688,1779714398473429101,1779714398455535159,-17.893942,3840.168,128
4689,1779714398478275468,1779714398457429337,-20.846131,894.178,128
4690,1779714398480223892,1779714398458845428,-21.378464,416.091,128
4691,1779714398481639965,1779714398460565965,-21.074,720.537,128
4692,1779714398483442523,1779714398462015928,-21.426595,449.963,128
4693,1779714398484879875,1779714398463660206,-21.219669,644.278,128
4694,1779714398486487140,1779714398465293239,-21.193901,633.033,128
4695,1779714398488193994,1779714398466992664,-21.20133,699.425,128
4696,1779714398489863424,1779714398468434956,-21.428468,442.292,128
4697,1779714398491338750,1779714398470177020,-21.16173,742.064,128
4698,1779714398493023076,1779714398472033610,-20.989466,856.59,128
4699,1779714398494900028,1779714398473331303,-21.568725,297.693,128
4700,1779714398496203776,1779714398474830893,-21.372883,499.59,128
4701,1779714398497705681,1779714398476527706,-21.177975,696.813,128
4702,1779714398499378740,1779714398478544727,-20.834013,1017.021,128
4703,1779714398501213022,1779714398480267641,-20.945381,722.914,128
4704,1779714398502929677,1779714398481597417,-21.33226,329.776,128
4705,1779714398504488105,1779714398483415109,-21.072996,817.692,128
4706,1779714398506176645,1779714398484901729,-21.274916,486.62,128
4707,1779714398507780934,1779714398486264238,-21.516696,362.509,128
4708,1779714398509092235,1779714398487727590,-21.364645,463.352,128
4709,1779714398510526835,1779714398490971524,-19.555311,2243.934,128
4710,1779714398513840138,1779714398492730776,-21.109362,759.252,128
4711,1779714398515501759,1779714398494914203,-20.587556,1183.427,128
4712,1779714398517453296,1779714398496665303,-20.787993,751.1,128
4713,1779714398519459797,1779714398498463310,-20.996487,798.007,128
4714,1779714398521250614,1779714398499729138,-21.521476,265.828,128
4715,1779714398522629982,1779714398501634873,-20.995109,905.735,128
4716,1779714398524310635,1779714398502825916,-21.484719,191.043,128
4717,1779714398525746973,1779714398504464949,-21.282024,639.033,128
4718,1779714398527316600,1779714398505789685,-21.526915,324.736,128
4719,1779714398528645122,1779714398507200091,-21.445031,410.406,128
4720,1779714398529906324,1779714398509085306,-20.821018,885.215,128
4721,1779714398531840859,1779714398510792942,-21.047917,707.636,128
4722,1779714398533528128,1779714398512870339,-20.657789,1077.397,128
4723,1779714398535313010,1779714398514418031,-20.894979,547.692,128
4724,1779714398537180404,1779714398516244502,-20.935902,826.471,128
4725,1779714398539023036,1779714398518413200,-20.609836,1168.698,128
4726,1779714398541173473,1779714398520179782,-20.993691,766.582,128
4727,1779714398542968200,1779714398521861933,-21.106267,682.151,128
4728,1779714398544647477,1779714398524376988,-20.270489,1515.055,128
4729,1779714398547139379,1779714398526747164,-20.392215,1370.176,128
4730,1779714398549585284,1779714398527858183,-21.727101,111.019,128
4731,1779714398550702375,1779714398529663302,-21.039073,805.119,128
4732,1779714398552494790,1779714398532747304,-19.747486,2084.002,128
4733,1779714398555224727,1779714398534299000,-20.925727,551.696,128
4734,1779714398557167201,1779714398536090212,-21.076989,791.212,128
4735,1779714398558809142,1779714398542183978,-16.625164,5093.766,128
4736,1779714398564979434,1779714398546831589,-18.147845,3647.611,128
4737,1779714398570118316,1779714398549215646,-20.90267,1384.057,128
4738,1779714398571992552,1779714398550474537,-21.518015,258.891,128
4739,1779714398573209361,1779714398552654603,-20.554758,1180.066,128
4740,1779714398575740441,1779714398556396493,-19.343948,2741.89,128
4741,1779714398579129633,1779714398558414743,-20.71489,1018.25,128
4742,1779714398581168210,1779714398561570931,-19.597279,2156.188,128
4743,1779714398584248523,1779714398563301172,-20.947351,730.241,128
4744,1779714398586192747,1779714398565118236,-21.074511,817.064,128
4745,1779714398587887938,1779714398566936590,-20.951348,818.354,128
4746,1779714398589691902,1779714398568111244,-21.580658,174.654,128
4747,1779714398590950142,1779714398569768612,-21.18153,657.368,128
4748,1779714398592622961,1779714398571385700,-21.237261,617.088,128
4749,1779714398594010479,1779714398573791681,-20.218798,1405.981,128
4750,1779714398596640248,1779714398576174105,-20.466143,1382.424,128
4751,1779714398598919446,1779714398577692725,-21.226721,518.62,128
4752,1779714398600452945,1779714398578875829,-21.577116,183.104,128
4753,1779714398601727109,1779714398580358621,-21.368488,482.792,128
4754,1779714398603123974,1779714398581949643,-21.174331,591.022,128
4755,1779714398604638651,1779714398583664146,-20.974505,714.503,128
4756,1779714398606412657,1779714398585661888,-20.750769,997.742,128
4757,1779714398608334068,1779714398587352036,-20.982032,690.148,128
4758,1779714398609902360,1779714398588620053,-21.282307,268.017,128
4759,1779714398611310805,1779714398590092692,-21.218113,472.639,128
4760,1779714398612949512,1779714398591751782,-21.19773,659.09,128
4761,1779714398614622923,1779714398593647587,-20.975336,895.805,128
4762,1779714398616308452,1779714398595478488,-20.829964,830.901,128
4763,1779714398618231395,1779714398597405942,-20.825453,927.454,128
4764,1779714398620144610,1779714398599194466,-20.950144,788.524,128
4765,1779714398622017588,1779714398600487965,-21.529623,293.499,128
4766,1779714398623321038,1779714398602341695,-20.979343,853.73,128
4767,1779714398625105494,1779714398603929490,-21.176004,587.795,128
4768,1779714398626654083,1779714398605712531,-20.941552,783.041,128
4769,1779714398628515779,1779714398607458831,-21.056948,746.3,128
4770,1779714398630238232,1779714398609251503,-20.986729,792.672,128
4771,1779714398631797822,1779714398610084717,-21.713105,-166.786,128
4772,1779714398632923095,1779714398611083465,-21.83963,-1.252,128
4773,1779714398633853173,1779714398613280370,-20.572803,1196.905,128
4774,1779714398636047792,1779714398615400657,-20.647135,1120.287,128
4775,1779714398638159239,1779714398617573093,-20.586146,1172.436,128
4776,1779714398640341261,1779714398619536540,-20.804721,963.447,128
4777,1779714398642252187,1779714398621820579,-20.431608,1284.039,128
4778,1779714398644669393,1779714398623486403,-21.18299,665.824,128
4779,1779714398646573059,1779714398626802603,-19.770456,2316.2,128
4780,1779714398649634163,1779714398628875739,-20.758424,1073.136,128
4781,1779714398651465985,1779714398630243135,-21.22285,367.396,128
4782,1779714398653118955,1779714398631790817,-21.328138,547.682,128
4783,1779714398654470301,1779714398633757882,-20.712419,967.065,128
4784,1779714398656451382,1779714398635302658,-21.148724,544.776,128
4785,1779714398658008748,1779714398637627967,-20.380781,1325.309,128
4786,1779714398660363858,1779714398639160544,-21.203314,532.577,128
4787,1779714398662005832,1779714398641703842,-20.30199,1543.298,128
4788,1779714398664391828,1779714398646252876,-18.138952,3549.034,128
4789,1779714398667058177,1779714398646887002,-20.171175,-365.874,128
4790,1779714398669686843,1779714398649658705,-20.028138,1771.703,128
4791,1779714398672486559,1779714398651518912,-20.967647,860.207,128
4792,1779714398674219977,1779714398653415413,-20.804564,896.501,128
4793,1779714398676177108,1779714398655837003,-20.340105,1421.59,128
4794,1779714398678521576,1779714398657719905,-20.801671,882.902,128
4795,1779714398680499480,1779714398659908299,-20.591181,1188.394,128
4796,1779714398682498200,1779714398661448154,-21.050046,539.855,128
4797,1779714398684222392,1779714398663180359,-21.042033,732.205,128
4798,1779714398686044381,1779714398665067132,-20.977249,886.773,128
4799,1779714398687895779,1779714398667156922,-20.738857,1089.79,128
4800,1779714398690046501,1779714398669014472,-21.032029,857.55,128
4801,1779714398691718190,1779714398670856284,-20.861906,841.812,128
4802,1779714398693618415,1779714398672298293,-21.320122,442.009,128
4803,1779714398695147439,1779714398674669430,-20.478009,1371.137,128
4804,1779714398697414019,1779714398678776652,-18.637367,3107.222,128
4805,1779714398701626768,1779714398681574760,-20.052008,1798.108,128
4806,1779714398704210086,1779714398683425428,-20.784658,850.668,128
4807,1779714398706232974,1779714398685250823,-20.982151,825.395,128
4808,1779714398708027787,1779714398687689367,-20.33842,1438.544,128
4809,1779714398710535831,1779714398692623841,-17.91199,3934.474,128
4810,1779714398715077879,1779714398694312770,-20.765109,688.929,128
4811,1779714398717771411,1779714398697475173,-20.296238,2162.403,128
4812,1779714398720258929,1779714398699551257,-20.707672,1076.084,128
4813,1779714398722354008,1779714398701265988,-21.08802,714.731,128
4814,1779714398724116022,1779714398703126088,-20.989934,860.1,128
4815,1779714398725849025,1779714398705097719,-20.751306,971.631,128
4816,1779714398727579137,1779714398707381065,-20.198072,1283.346,128
4817,1779714398730177339,1779714398709448596,-20.728743,1067.531,128
4818,1779714398732268819,1779714398711243552,-21.025267,794.956,128
4819,1779714398734092503,1779714398713372960,-20.719543,1129.408,128
4820,1779714398736168967,1779714398715261283,-20.907684,888.323,128
4821,1779714398738127934,1779714398717392266,-20.735668,1130.983,128
4822,1779714398740149521,1779714398718893463,-21.256058,501.197,128
4823,1779714398741707722,1779714398721110216,-20.597506,1216.753,128
4824,1779714398743799706,1779714398723427848,-20.371858,1317.632,128
4825,1779714398746229629,1779714398728832391,-17.397238,4404.543,128
4826,1779714398751453123,1779714398732256327,-19.196796,2423.936,128
4827,1779714398754872215,1779714398734371481,-20.500734,1115.154,128
4828,1779714398757190236,1779714398737777778,-19.412458,2406.297,128
4829,1779714398760582368,1779714398739561105,-21.021263,783.327,128
4830,1779714398762300591,1779714398741550352,-20.750239,989.247,128
4831,1779714398764456682,1779714398744610296,-19.846386,2059.944,128
4832,1779714398767368985,1779714398746580034,-20.788951,969.738,128
4833,1779714398769664780,1779714398752294062,-17.370718,4714.028,128
4834,1779714398775064666,1779714398755316655,-19.748011,2022.593,128
4835,1779714398778222043,1779714398758669337,-19.552706,2352.682,128
4836,1779714398781611294,1779714398760688433,-20.922861,1019.096,128
4837,1779714398783518957,1779714398762396793,-21.122164,708.36,128
4838,1779714398785230967,1779714398764503252,-20.727715,1106.459,128
4839,1779714398787300991,1779714398765868820,-21.432171,365.568,128
4840,1779714398788700603,1779714398767844731,-20.855872,975.911,128
4841,1779714398790666599,1779714398769399354,-21.267245,554.623,128
4842,1779714398792144104,1779714398773156514,-18.98759,2757.16,128
4843,1779714398795882001,1779714398775793152,-20.088849,1636.638,128
4844,1779714398798377299,1779714398777542822,-20.834477,749.67,128
4845,1779714398800352907,1779714398779979228,-20.373679,1436.406,128
4846,1779714398802094845,1779714398782694351,-19.400494,1715.123,128
4847,1779714398805467117,1779714398785521782,-19.945335,1827.431,128
4848,1779714398808336817,1779714398787841357,-20.49546,1319.575,128
4849,1779714398810540853,1779714398791392829,-19.148024,2551.472,128
4850,1779714398813995775,1779714398793446838,-20.548937,1054.009,128
4851,1779714398816132727,1779714398795314045,-20.818682,867.207,128
4852,1779714398817955979,1779714398797349953,-20.606026,1035.908,128
4853,1779714398820143310,1779714398799394532,-20.748778,1044.579,128
4854,1779714398822199433,1779714398801112559,-21.086874,718.027,128
4855,1779714398823856143,1779714398802585785,-21.270358,473.226,128
4856,1779714398825316135,1779714398804378674,-20.937461,792.889,128
4857,1779714398827053957,1779714398805708746,-21.345211,330.072,128
4858,1779714398828474569,1779714398807543417,-20.931152,834.671,128
4859,1779714398830235959,1779714398809553456,-20.682503,1010.039,128
4860,1779714398832404442,1779714398811312087,-21.092355,758.631,128
4861,1779714398834029167,1779714398813364284,-20.664883,1052.197,128
4862,1779714398836050733,1779714398815613932,-20.436801,1249.648,128
4863,1779714398838316239,1779714398817135472,-21.180767,521.54,128
4864,1779714398839852705,1779714398819277644,-20.575061,1142.172,128
4865,1779714398842218989,1779714398821341805,-20.877184,1064.161,128
4866,1779714398844096468,1779714398823690897,-20.405571,1349.092,128
4867,1779714398846481406,1779714398827457510,-19.023896,2766.613,128
4868,1779714398850260504,1779714398829492407,-20.768097,1034.897,128
4869,1779714398852272674,1779714398832895550,-19.377124,2403.143,128
4870,1779714398855638459,1779714398834955383,-20.683076,1059.833,128
4871,1779714398857758015,1779714398836573459,-21.184556,618.076,128
4872,1779714398859495631,1779714398839219988,-20.275643,1646.529,128
4873,1779714398862057187,1779714398841409440,-20.647747,1189.452,128
4874,1779714398864290782,1779714398842677208,-21.613574,267.768,128
4875,1779714398865594488,1779714398843997550,-21.596938,320.342,128
4876,1779714398866832244,1779714398845312672,-21.519572,315.122,128
4877,1779714398868163536,1779714398847307394,-20.856142,994.722,128
4878,1779714398869963809,1779714398848586484,-21.377325,279.09,128
4879,1779714398871416734,1779714398850246982,-21.169752,660.498,128
4880,1779714398872958469,1779714398851414700,-21.543769,167.718,128
4881,1779714398874329873,1779714398853391322,-20.938551,976.622,128
4882,1779714398876184932,1779714398854624932,-21.56,233.61,128
4883,1779714398877508538,1779714398856062184,-21.446354,437.252,128
4884,1779714398878872881,1779714398857253420,-21.619461,191.236,128
4885,1779714398880068827,1779714398858458358,-21.610469,204.938,128
4886,1779714398881194395,1779714398859818928,-21.375467,360.57,128
4887,1779714398882647877,1779714398861369073,-21.278804,550.145,128
4888,1779714398884251285,1779714398863310589,-20.940696,941.516,128
4889,1779714398886034155,1779714398864681085,-21.35307,370.496,128
4890,1779714398887487997,1779714398865817864,-21.670133,136.779,128
4891,1779714398888727542,1779714398867502952,-21.22459,685.088,128
4892,1779714398890331196,1779714398869005101,-21.326095,502.149,128
4893,1779714398891865409,1779714398872300951,-19.564458,2295.85,128
4894,1779714398895074575,1779714398873782148,-21.292427,481.197,128
4895,1779714398896617599,1779714398875350177,-21.267422,568.029,128
4896,1779714398898203102,1779714398876447379,-21.755723,97.202,128
4897,1779714398899290833,1779714398878250609,-21.040224,803.23,128
4898,1779714398900946270,1779714398879412420,-21.53385,161.811,128
4899,1779714398902217592,1779714398880974825,-21.242767,562.405,128
4900,1779714398903763138,1779714398882358610,-21.404528,383.785,128
4901,1779714398905165273,1779714398884022015,-21.143258,663.405,128
4902,1779714398906819650,1779714398885582464,-21.237186,560.449,128
4903,1779714398908382726,1779714398887031445,-21.351281,448.981,128
4904,1779714398909933827,1779714398889021614,-20.912213,990.169,128
4905,1779714398911900784,1779714398890757669,-21.143115,736.055,128
4906,1779714398913675226,1779714398892619518,-21.055708,861.849,128
4907,1779714398915430763,1779714398894891071,-20.539692,1271.553,128
4908,1779714398917521390,1779714398898292535,-19.228855,2401.464,128
4909,1779714398921218661,1779714398900368519,-20.850142,1075.984,128
4910,1779714398923148480,1779714398902249267,-20.899213,880.748,128
4911,1779714398924906546,1779714398903402227,-21.504319,152.96,128
4912,1779714398926285877,1779714398904524307,-21.76157,122.08,128
4913,1779714398927506067,1779714398906362348,-21.143719,838.041,128
4914,1779714398929060239,1779714398907419422,-21.640817,57.074,128
4915,1779714398930246219,1779714398909206583,-21.039636,787.161,128
4916,1779714398931908425,1779714398910672901,-21.235524,466.318,128
4917,1779714398933430248,1779714398912493104,-20.937144,820.203,128
4918,1779714398935316862,1779714398914448965,-20.867897,955.861,128
4919,1779714398937126223,1779714398916368930,-20.757293,919.965,128
4920,1779714398939057910,1779714398918206816,-20.851094,837.886,128
4921,1779714398940868885,1779714398919500692,-21.368193,293.876,128
4922,1779714398942320263,1779714398921113581,-21.206682,612.889,128
4923,1779714398943841628,1779714398922689912,-21.151716,576.331,128
4924,1779714398945643035,1779714398924511989,-21.131046,822.077,128
4925,1779714398947447130,1779714398926727824,-20.719306,1215.835,128
4926,1779714398949884288,1779714398929682916,-20.201372,1955.092,128
4927,1779714398952650222,1779714398931873116,-20.777106,1190.2,128
4928,1779714398954461303,1779714398933357583,-21.10372,484.467,128
4929,1779714398956218549,1779714398934591400,-21.627149,233.817,128
4930,1779714398957630384,1779714398937330001,-20.300383,1738.601,128
4931,1779714398960182396,1779714398939754886,-20.42751,1424.885,128
4932,1779714398962854867,1779714398942659257,-20.19561,1904.371,128
4933,1779714398965331107,1779714398944718424,-20.612683,1059.167,128
4934,1779714398967503504,1779714398946690499,-20.813005,972.075,128
4935,1779714398969660615,1779714398948446251,-21.214364,755.752,128
4936,1779714398971005817,1779714398950354053,-20.651764,907.802,128
4937,1779714398973157669,1779714398952364089,-20.79358,1010.036,128
4938,1779714398974961162,1779714398954274360,-20.686802,910.271,128
4939,1779714398976892140,1779714398956350339,-20.541801,1075.979,128
4940,1779714398979083080,1779714398957961156,-21.121924,610.817,128
4941,1779714398980842782,1779714398959574243,-21.268539,613.087,128
4942,1779714398982469393,1779714398961953937,-20.515456,1379.694,128
4943,1779714398984804628,1779714398963274059,-21.530569,320.122,128
4944,1779714398986169846,1779714398964961177,-21.208669,687.118,128
4945,1779714398987836643,1779714398966589185,-21.247458,628.008,128
4946,1779714398989622254,1779714398968479457,-21.142797,890.272,128
4947,1779714398991372429,1779714398970427643,-20.944786,948.186,128
4948,1779714398993226157,1779714398972088279,-21.137878,660.636,128
4949,1779714398994946171,1779714398974361974,-20.584197,1273.695,128
4950,1779714398997207250,1779714398976273719,-20.933531,911.745,128
4951,1779714398999083179,1779714398978510828,-20.572351,1237.109,128
4952,1779714399001318548,1779714398980448433,-20.870115,937.605,128
4953,1779714399003421849,1779714398982785017,-20.636832,1336.584,128
4954,1779714399005737378,1779714398984629532,-21.107846,844.515,128
4955,1779714399007515204,1779714398986426021,-21.089183,796.489,128
4956,1779714399009295580,1779714398988336921,-20.958659,910.9,128
4957,1779714399011077426,1779714398990291916,-20.78551,954.995,128
4958,1779714399013080128,1779714398992026032,-21.054096,734.116,128
4959,1779714399015028641,1779714398993776552,-21.252089,750.52,128
4960,1779714399016406519,1779714398995348785,-21.057734,572.233,128
4961,1779714399018175061,1779714398997265375,-20.909686,916.59,128
4962,1779714399020028924,1779714398999027019,-21.001905,761.644,128
4963,1779714399021905148,1779714399001395144,-20.510004,1368.125,128
4964,1779714399023775042,1779714399002340420,-21.434622,-54.724,128
4965,1779714399025170394,1779714399003667301,-21.503093,326.881,128
4966,1779714399026536841,1779714399004929603,-21.607238,262.302,128
4967,1779714399027809657,1779714399006767604,-21.042053,838.001,128
4968,1779714399029360355,1779714399007825988,-21.534367,58.384,128
4969,1779714399030639434,1779714399009553935,-21.085499,727.947,128
4970,1779714399032685331,1779714399013015444,-19.669887,2461.509,128
4971,1779714399035786943,1779714399015707812,-20.079131,1692.368,128
4972,1779714399038799623,1779714399018391200,-20.408423,1683.388,128
4973,1779714399041123976,1779714399021382129,-19.741847,1990.929,128
4974,1779714399044076568,1779714399025205409,-18.871159,2823.28,128
4975,1779714399048014503,1779714399027323857,-20.690646,1118.448,128
4976,1779714399050143723,1779714399030009397,-20.134326,1685.54,128
4977,1779714399052470748,1779714399032673726,-19.797022,1664.329,128
4978,1779714399055151266,1779714399034690459,-20.460807,1016.733,128
4979,1779714399057229538,1779714399036525046,-20.704492,834.587,128
4980,1779714399059157161,1779714399038597927,-20.559234,1072.881,128
4981,1779714399061438968,1779714399040742719,-20.696249,1144.792,128
4982,1779714399063746822,1779714399043323073,-20.423749,1580.354,128
4983,1779714399066248293,1779714399045491138,-20.757155,1168.065,128
4984,1779714399068325779,1779714399047784998,-20.540781,1293.86,128
4985,1779714399070722160,1779714399050149094,-20.573066,1364.096,128
4986,1779714399072873483,1779714399052658117,-20.215366,1509.023,128
4987,1779714399075476548,1779714399055193733,-20.282815,1535.616,128
4988,1779714399078041025,1779714399057772159,-20.268866,1578.426,128
4989,1779714399080170163,1779714399059293040,-20.877123,520.881,128
4990,1779714399081973189,1779714399061398542,-20.574647,1105.502,128
4991,1779714399084189158,1779714399063389465,-20.799693,990.923,128
4992,1779714399086118438,1779714399065085523,-21.032915,696.058,128
4993,1779714399087874006,1779714399066955925,-20.918081,870.402,128
4994,1779714399089793365,1779714399069823564,-19.969801,1867.639,128
4995,1779714399092576173,1779714399072906017,-19.670156,2082.453,128
4996,1779714399095747680,1779714399075310555,-20.437125,1404.538,128
4997,1779714399098104559,1779714399077428559,-20.676,1118.004,128
4998,1779714399100322689,1779714399079778727,-20.543962,1350.168,128
4999,1779714399102837244,1779714399081902119,-20.935125,1123.392,128
5000,1779714399104797113,1779714399084502633,-20.29448,1600.514,128
5001,1779714399107241646,1779714399087880278,-19.361368,2377.645,128
5002,1779714399110799766,1779714399090301096,-20.49867,1420.818,128
5003,1779714399113250267,1779714399092433431,-20.816836,1132.335,128
5004,1779714399115299119,1779714399094560775,-20.738344,1127.344,128
5005,1779714399117410548,1779714399097089405,-20.321143,1528.63,128
5006,1779714399119924304,1779714399099123036,-20.801268,1033.631,128
5007,1779714399121981027,1779714399101130762,-20.850265,1007.726,128
5008,1779714399123974952,1779714399102935783,-21.039169,805.021,128
5009,1779714399125801832,1779714399105085482,-20.71635,1149.699,128
5010,1779714399127939553,1779714399107771353,-20.1682,1685.871,128
5011,1779714399130570167,1779714399111436513,-19.133654,2665.16,128
5012,1779714399133798383,1779714399113327344,-20.471039,890.831,128
5013,1779714399136236245,1779714399116177961,-20.058284,1850.617,128
5014,1779714399139070593,1779714399118546745,-20.523848,1368.784,128
5015,1779714399141449539,1779714399120654601,-20.794938,1107.856,128
5016,1779714399143517615,1779714399122985283,-20.532332,1330.682,128
5017,1779714399145784672,1779714399125075783,-20.708889,1090.5,128
5018,1779714399147905400,1779714399126956044,-20.949356,880.261,128
5019,1779714399149779945,1779714399130550369,-19.229576,2594.325,128
5020,1779714399153406635,1779714399133757963,-19.648672,2207.594,128
5021,1779714399156695857,1779714399135914530,-20.781327,1156.567,128
5022,1779714399158812107,1779714399137961800,-20.850307,1047.27,128
5023,1779714399160761688,1779714399140022382,-20.739306,1060.582,128
5024,1779714399162890393,1779714399141377117,-21.513276,354.735,128
5025,1779714399164321198,1779714399143313202,-21.007996,936.085,128
5026,1779714399166151221,1779714399144989747,-21.161474,676.545,128
5027,1779714399168011264,1779714399147520303,-20.490961,1530.556,128
5028,1779714399170441841,1779714399149527596,-20.914245,1007.293,128
5029,1779714399172685244,1779714399152502573,-20.182671,1974.977,128
5030,1779714399175308539,1779714399154453317,-20.855222,950.744,128
5031,1779714399177303405,1779714399156235351,-21.068054,782.034,128
5032,1779714399179036309,1779714399157744389,-21.29192,509.038,128
5033,1779714399180567599,1779714399159579400,-20.988199,835.011,128
5034,1779714399182508278,1779714399161855494,-20.652784,1276.094,128
5035,1779714399184762423,1779714399163618642,-21.143781,763.148,128
5036,1779714399186572882,1779714399165370308,-21.202574,751.666,128
5037,1779714399188124420,1779714399168467406,-19.657014,2097.098,128
5038,1779714399191413402,1779714399170841436,-20.571966,1374.03,128
5039,1779714399193703805,1779714399173045862,-20.657943,1204.426,128
5040,1779714399195889857,1779714399174925080,-20.964777,879.218,128
5041,1779714399197804072,1779714399176654342,-21.14973,729.262,128
5042,1779714399199401279,1779714399178456403,-20.944876,802.061,128
5043,1779714399201362238,1779714399180338800,-21.023438,882.397,128
5044,1779714399203119598,1779714399182402504,-20.717094,1063.704,128
5045,1779714399205219611,1779714399184146856,-21.072755,744.352,128
5046,1779714399206880135,1779714399186504236,-20.375899,1357.38,128
5047,1779714399209261831,1779714399188292442,-20.969389,788.206,128
5048,1779714399210991387,1779714399190745424,-20.245963,1452.982,128
5049,1779714399213652560,1779714399192911013,-20.741547,1165.589,128
5050,1779714399215784018,1779714399195628556,-20.155462,1717.543,128
5051,1779714399218575860,1779714399198223886,-20.351974,1595.33,128
5052,1779714399220781289,1779714399199827779,-20.95351,603.893,128
5053,1779714399222643050,1779714399204833318,-17.809732,4005.539,128
5054,1779714399227764451,1779714399207111975,-20.652476,1278.657,128
5055,1779714399229776049,1779714399208930547,-20.845502,818.572,128
5056,1779714399232105420,1779714399210716671,-21.388749,786.124,128
5057,1779714399233563504,1779714399212526391,-21.037113,809.72,128
5058,1779714399235389625,1779714399214332664,-21.056961,806.273,128
5059,1779714399237150042,1779714399216482889,-20.667153,1150.225,128
5060,1779714399239298256,1779714399218571910,-20.726346,1089.021,128
5061,1779714399241255456,1779714399220162602,-21.092854,590.692,128
5062,1779714399243011775,1779714399221831909,-21.179866,669.307,128
5063,1779714399244780375,1779714399224163512,-20.616863,1331.603,128
5064,1779714399246787834,1779714399225551712,-21.236122,388.2,128
5065,1779714399248413833,1779714399227824950,-20.588883,1273.238,128
5066,1779714399250753977,1779714399229845081,-20.908896,1020.131,128
5067,1779714399252540182,1779714399232635442,-19.90474,1790.361,128
5068,1779714399255640056,1779714399234521904,-21.118152,886.462,128
5069,1779714399257416185,1779714399236541314,-20.874871,1019.41,128
5070,1779714399259377690,1779714399238510823,-20.866867,969.509,128
5071,1779714399261324724,1779714399240367621,-20.957103,856.798,128
5072,1779714399263221593,1779714399242246634,-20.974959,879.013,128
5073,1779714399265070310,1779714399244055507,-21.014803,808.873,128
5074,1779714399267015127,1779714399246289331,-20.725796,1233.824,128
5075,1779714399269129860,1779714399248709560,-20.4203,1420.229,128
5076,1779714399271643562,1779714399250536902,-21.10666,827.342,128
5077,1779714399273349131,1779714399252851799,-20.497332,1314.897,128
5078,1779714399275770908,1779714399255014291,-20.756617,1162.492,128
5079,1779714399277845822,1779714399256628757,-21.217065,614.466,128
5080,1779714399279478605,1779714399258524919,-20.953686,896.162,128
5081,1779714399281400619,1779714399260688430,-20.712189,1163.511,128
5082,1779714399284058029,1779714399263247050,-20.810979,1558.62,128
5083,1779714399286099878,1779714399265148054,-20.951824,901.004,128
5084,1779714399288006936,1779714399267494079,-20.512857,1346.025,128
5085,1779714399290236114,1779714399270272773,-19.963341,1778.694,128
5086,1779714399292838149,1779714399272763633,-20.074516,1490.86,128
5087,1779714399295504924,1779714399274825491,-20.679433,1061.858,128
5088,1779714399297629254,1779714399277626398,-20.002856,1800.907,128
5089,1779714399299971823,1779714399279001503,-20.97032,375.105,128
5090,1779714399301739244,1779714399281356199,-20.383045,1354.696,128
5091,1779714399303956000,1779714399282505022,-21.450978,148.823,128
5092,1779714399305229269,1779714399284509597,-20.719672,1004.575,128
5093,1779714399307188889,1779714399286371025,-20.817864,861.428,128
5094,1779714399309080532,1779714399288053560,-21.026972,682.535,128
5095,1779714399310705341,1779714399290525110,-20.180231,1471.55,128
5096,1779714399313137851,1779714399292327709,-20.810142,802.599,128
5097,1779714399314860514,1779714399293665783,-21.194731,338.074,128
5098,1779714399316358003,1779714399295347746,-21.010257,681.963,128
5099,1779714399318021624,1779714399297193195,-20.828429,845.449,128
5100,1779714399320068549,1779714399299363139,-20.70541,1169.944,128
5101,1779714399322232901,1779714399301329943,-20.902958,966.804,128
5102,1779714399324112312,1779714399303487325,-20.624987,1157.382,128
5103,1779714399326176679,1779714399305307358,-20.869321,820.033,128
5104,1779714399328004477,1779714399307276132,-20.728345,968.774,128
5105,1779714399330060984,1779714399309434904,-20.62608,1158.772,128
5106,1779714399332274301,1779714399310887653,-21.386648,452.749,128
5107,1779714399333733928,1779714399313120713,-20.613215,1233.06,128
5108,1779714399335749771,1779714399315494259,-20.255512,1373.546,128
5109,1779714399338236822,1779714399317416029,-20.820793,921.77,128
5110,1779714399340168235,1779714399319662230,-20.506005,1246.201,128
5111,1779714399342324243,1779714399322331701,-19.992542,1669.471,128
5112,1779714399345337846,1779714399325631402,-19.706444,2299.701,128
5113,1779714399348173775,1779714399327548550,-20.625225,917.148,128
5114,1779714399350258589,1779714399330247792,-20.010797,1699.242,128
5115,1779714399352864776,1779714399333867137,-18.997639,2619.345,128
5116,1779714399356489419,1779714399336760319,-19.7291,1893.182,128
5117,1779714399359546808,1779714399338540304,-21.006504,779.985,128
5118,1779714399361285104,1779714399341548931,-19.736173,2008.627,128
5119,1779714399364237792,1779714399343598881,-20.638911,1049.95,128
5120,1779714399366076507,1779714399346112895,-19.963612,1514.014,128
5121,1779714399368854638,1779714399347914432,-20.940206,801.537,128
5122,1779714399370447611,1779714399349345213,-21.102398,430.781,128
5123,1779714399372103257,1779714399351618894,-20.484363,1273.681,128
5124,1779714399374204969,1779714399353423085,-20.781884,804.191,128
5125,1779714399376134624,1779714399356733199,-19.401425,2310.114,128
5126,1779714399379358200,1779714399359089822,-20.268378,1356.623,128
5127,1779714399381809401,1779714399360906086,-20.903315,816.264,128
5128,1779714399383452409,1779714399363439588,-20.012821,1533.502,128
5129,1779714399385850560,1779714399364777037,-21.073523,337.449,128
5130,1779714399387517025,1779714399366680323,-20.836702,903.286,128
5131,1779714399389383880,1779714399368381494,-21.002386,701.171,128
5132,1779714399391080475,1779714399370250904,-20.829571,869.41,128
5133,1779714399392949461,1779714399372982524,-19.966937,1731.62,128
5134,1779714399395663282,1779714399375396600,-20.266682,1414.076,128
5135,1779714399398027539,1779714399377867535,-20.160004,1470.935,128
5136,1779714399400448064,1779714399379633845,-20.814219,766.31,128
5137,1779714399402262916,1779714399381306408,-20.956508,672.563,128
5138,1779714399403917295,1779714399383637882,-20.279413,1331.474,128
5139,1779714399406255138,1779714399385484270,-20.770868,846.388,128
5140,1779714399407778156,1779714399386656876,-21.12128,172.606,128
5141,1779714399409365577,1779714399388459258,-20.906319,802.382,128
5142,1779714399411155447,1779714399390296380,-20.859067,837.122,128
5143,1779714399413035383,1779714399392335222,-20.700161,1038.842,128
5144,1779714399415056317,1779714399394507484,-20.548833,1172.262,128
5145,1779714399417281923,1779714399396897933,-20.38399,1390.449,128
5146,1779714399419688232,1779714399399523087,-20.165145,1625.154,128
5147,1779714399422151517,1779714399400953991,-21.197526,430.904,128
5148,1779714399423677457,1779714399403857828,-19.819629,1903.837,128
5149,1779714399426449122,1779714399406397685,-20.051437,1539.857,128
5150,1779714399429065329,1779714399408770176,-20.295153,1372.491,128
5151,1779714399431503810,1779714399410730639,-20.773171,960.463,128
5152,1779714399433383599,1779714399412409467,-20.974132,678.828,128
5153,1779714399435102968,1779714399414315177,-20.787791,905.71,128
5154,1779714399437020599,1779714399416621452,-20.399147,1306.275,128
5155,1779714399439228802,1779714399418879829,-20.348973,1258.377,128
5156,1779714399441637206,1779714399420854161,-20.783045,974.332,128
5157,1779714399443655117,1779714399422516698,-21.138419,662.537,128
5158,1779714399445268193,1779714399424364898,-20.903295,848.2,128
5159,1779714399447036923,1779714399425840505,-21.196418,475.607,128
5160,1779714399448628087,1779714399427457521,-21.170566,617.016,128
5161,1779714399450229328,1779714399429318368,-20.91096,860.847,128
5162,1779714399451991933,1779714399431006504,-20.985429,688.136,128
5163,1779714399453835652,1779714399432679783,-21.155869,673.279,128
5164,1779714399455498819,1779714399435371926,-20.126893,1692.143,128
5165,1779714399457980317,1779714399437523446,-20.456871,1151.52,128
5166,1779714399460199229,1779714399439932368,-20.266861,1408.922,128
5167,1779714399462617292,1779714399442410242,-20.20705,1477.874,128
5168,1779714399465263123,1779714399444384280,-20.878843,974.038,128
5169,1779714399466887491,1779714399446313801,-20.57369,929.521,128
5170,1779714399468992600,1779714399460706879,-8.285721,13393.078,128
5171,1779714399483384220,1779714399462401790,-20.98243,694.911,128
5172,1779714399485159055,1779714399463927997,-21.231058,526.207,128
5173,1779714399486665021,1779714399466027384,-20.637637,1099.387,128
5174,1779714399488835319,1779714399468217914,-20.617405,1190.53,128
5175,1779714399490884940,1779714399469917835,-20.967105,699.921,128
5176,1779714399492654074,1779714399471761392,-20.892682,843.557,128
5177,1779714399494588365,1779714399473586164,-21.002201,824.772,128
5178,1779714399496311082,1779714399475270656,-21.040426,684.492,128
5179,1779714399498022334,1779714399481588471,-16.433863,5317.815,128
5180,1779714399504278898,1779714399483244610,-21.034288,656.139,128
5181,1779714399505914642,1779714399486961233,-18.953409,2716.623,128
5182,1779714399507790807,1779714399486974815,-20.815992,-986.418,128
5183,1779714399509381067,1779714399490500779,-18.880288,2525.964,128
5184,1779714399513272458,1779714399492791660,-20.480798,1290.881,128
5185,1779714399515465478,1779714399495282676,-20.182802,1491.016,128
5186,1779714399517941655,1779714399499470105,-18.47155,3187.429,128
5187,1779714399522197454,1779714399502824703,-19.372751,2354.598,128
5188,1779714399525444362,1779714399504823098,-20.621264,998.395,128
5189,1779714399527534500,1779714399507571608,-19.962892,1748.51,128
5190,1779714399530245557,1779714399510111999,-20.133558,1540.391,128
5191,1779714399532819422,1779714399512386151,-20.433271,1274.152,128
5192,1779714399535101518,1779714399514243480,-20.858038,857.329,128
5193,1779714399536961261,1779714399515974133,-20.987128,730.653,128
5194,1779714399538745365,1779714399517655549,-21.089816,681.416,128
5195,1779714399540384216,1779714399520457438,-19.926778,1801.889,128
5196,1779714399543117635,1779714399523115470,-20.002165,1658.032,128
5197,1779714399545904703,1779714399525832139,-20.072564,1716.669,128
5198,1779714399548539144,1779714399530107298,-18.431846,3275.159,128
5199,1779714399552746161,1779714399534330610,-18.415551,3223.312,128
5200,1779714399557181593,1779714399537223578,-19.958015,1892.968,128
5201,1779714399559901887,1779714399539272084,-20.629803,1048.506,128
5202,1779714399561931108,1779714399541165304,-20.765804,893.22,128
5203,1779714399563936384,1779714399544540451,-19.395933,2375.147,128
5204,1779714399567196076,1779714399546298680,-20.897396,758.229,128
5205,1779714399568993981,1779714399548339498,-20.654483,1040.818,128
5206,1779714399571073680,1779714399550667361,-20.406319,1327.863,128
5207,1779714399573434413,1779714399552526679,-20.907734,859.318,128
5208,1779714399575254623,1779714399554379106,-20.875517,852.427,128
5209,1779714399577119671,1779714399556235349,-20.884322,856.243,128
5210,1779714399578953375,1779714399557867155,-21.08622,631.806,128
5211,1779714399580697068,1779714399560711373,-19.985695,1844.218,128
5212,1779714399583110909,1779714399563363591,-19.747318,1652.218,128
5213,1779714399586080809,1779714399565671298,-20.409511,1307.707,128
5214,1779714399588341485,1779714399567873995,-20.46749,1202.697,128
5215,1779714399590519792,1779714399569510386,-21.009406,636.391,128
5216,1779714399592143416,1779714399570706036,-21.43738,195.65,128
5217,1779714399593429168,1779714399573417529,-20.011639,1711.493,128
5218,1779714399596036373,1779714399575029253,-21.00712,611.724,128
5219,1779714399597768620,1779714399576580360,-21.18826,551.107,128
5220,1779714399599319948,1779714399580900636,-18.419312,3320.276,128
5221,1779714399603238844,1779714399582415000,-20.823844,514.364,128
5222,1779714399604726810,1779714399583712752,-21.014058,297.752,128
5223,1779714399606378060,1779714399584982281,-21.395779,269.529,128
5224,1779714399607736351,1779714399586328258,-21.408093,345.977,128
5225,1779714399608985871,1779714399588382730,-20.603141,1054.472,128
5226,1779714399611088962,1779714399590009617,-21.079345,626.887,128
5227,1779714399612858184,1779714399592210059,-20.648125,1200.442,128
5228,1779714399614848470,1779714399594096641,-20.751829,886.582,128
5229,1779714399616916382,1779714399596171182,-20.7452,1074.541,128
5230,1779714399618901878,1779714399597290529,-21.611349,119.347,128
5231,1779714399620089486,1779714399599381401,-20.708085,1090.872,128
5232,1779714399622070390,1779714399600956017,-21.114373,574.616,128
5233,1779714399623678172,1779714399602614418,-21.063754,658.401,128
5234,1779714399625232820,1779714399604427906,-20.804914,813.488,128
5235,1779714399627153075,1779714399606170363,-20.982712,742.457,128
5236,1779714399628871892,1779714399607996721,-20.875171,826.358,128
5237,1779714399630821719,1779714399610047819,-20.7739,1051.098,128
5238,1779714399632907582,1779714399612143871,-20.763711,1096.052,128
5239,1779714399635034092,1779714399614570294,-20.463798,1426.423,128
5240,1779714399637226113,1779714399616636786,-20.589327,1066.492,128
5241,1779714399639434788,1779714399619068157,-20.366631,1431.371,128
5242,1779714399641892813,1779714399621121581,-20.771232,1053.424,128
5243,1779714399643909671,1779714399623270463,-20.639208,1148.882,128
5244,1779714399645899042,1779714399625856001,-20.043041,1585.538,128
5245,1779714399648756402,1779714399627894463,-20.861939,1038.462,128
5246,1779714399650769632,1779714399629975468,-20.794164,1081.005,128
5247,1779714399652746899,1779714399631656336,-21.090563,680.868,128
5248,1779714399654556660,1779714399633670736,-20.885924,1014.4,128
5249,1779714399656302568,1779714399635913499,-20.389069,1242.763,128
5250,1779714399658755985,1779714399637916955,-20.83903,1003.456,128
5251,1779714399660773628,1779714399639373163,-21.400465,456.208,128
5252,1779714399662128026,1779714399641056475,-21.071551,683.312,128
5253,1779714399663909097,1779714399643106104,-20.802993,1049.629,128
5254,1779714399665967216,1779714399645358835,-20.608381,1252.731,128
5255,1779714399668238301,1779714399647538170,-20.700131,1179.335,128
5256,1779714399670335071,1779714399649300768,-21.034303,762.598,128
5257,1779714399672092891,1779714399651119932,-20.972959,819.164,128
5258,1779714399673870595,1779714399653403125,-20.46747,1283.193,128
5259,1779714399676108308,1779714399655113378,-20.99493,710.253,128
5260,1779714399678043140,1779714399656861779,-21.181361,748.401,128
5261,1779714399679790832,1779714399659181589,-20.609243,1319.81,128
5262,1779714399681965551,1779714399660798567,-21.166984,616.978,128
5263,1779714399683787442,1779714399662641787,-21.145655,843.22,128
5264,1779714399685354993,1779714399664300632,-21.054361,658.845,128
5265,1779714399687041728,1779714399666002690,-21.039038,702.058,128
5266,1779714399688828675,1779714399670117935,-18.71074,3115.245,128
5267,1779714399692816073,1779714399671612614,-21.203459,494.679,128
5268,1779714399694159641,1779714399673052057,-21.107584,439.443,128
5269,1779714399695795144,1779714399674278225,-21.516919,226.168,128
5270,1779714399697095551,1779714399676403375,-20.692176,1125.15,128
5271,1779714399699139955,1779714399678727370,-20.412585,1323.995,128
5272,1779714399700777095,1779714399681162234,-19.614861,1434.864,128
5273,1779714399703793099,1779714399683117665,-20.675434,955.431,128
5274,1779714399705863970,1779714399684810210,-21.05376,692.545,128
5275,1779714399707658236,1779714399686857811,-20.800425,1047.601,128
5276,1779714399709642993,1779714399689092776,-20.550217,1234.965,128
5277,1779714399711908112,1779714399691467849,-20.440263,1375.073,128
5278,1779714399714136565,1779714399693733746,-20.402819,1265.897,128
5279,1779714399716617975,1779714399695237429,-21.380546,503.683,128
5280,1779714399717946931,1779714399698251941,-19.69499,2014.512,128
5281,1779714399720920961,1779714399699560635,-21.360326,308.694,128
5282,1779714399722251599,1779714399701614166,-20.637433,1053.531,128
5283,1779714399724207187,1779714399703746707,-20.46048,1132.541,128
5284,1779714399726538364,1779714399705430961,-21.107403,684.254,128
5285,1779714399728227972,1779714399707294116,-20.933856,863.155,128
5286,1779714399729997725,1779714399709132587,-20.865138,838.471,128
5287,1779714399731929641,1779714399711086981,-20.84266,954.394,128
5288,1779714399733742954,1779714399712710054,-21.0329,623.073,128
5289,1779714399735549482,1779714399714715018,-20.834464,1004.964,128
5290,1779714399737404419,1779714399716801818,-20.602601,1086.8,128
5291,1779714399739518083,1779714399718825734,-20.692349,1023.916,128
5292,1779714399741600782,1779714399720612784,-20.987998,787.05,128
5293,1779714399743435236,1779714399723267543,-20.167693,1654.759,128
5294,1779714399745878003,1779714399725298689,-20.579314,1031.146,128
5295,1779714399748156852,1779714399727494887,-20.661965,1196.198,128
5296,1779714399750234076,1779714399730603747,-19.630329,2108.86,128
5297,1779714399753282337,1779714399732476247,-20.80609,872.5,128
5298,1779714399755210724,1779714399734377609,-20.833115,901.362,128
5299,1779714399757162880,1779714399737802212,-19.360668,2424.603,128
5300,1779714399760495036,1779714399739623118,-20.871918,820.906,128
5301,1779714399762441255,1779714399741308496,-21.132759,685.378,128
5302,1779714399764083806,1779714399742975558,-21.108248,667.062,128
5303,1779714399765734579,1779714399744994722,-20.739857,1019.164,128
5304,1779714399767680323,1779714399748967965,-18.712358,2973.243,128
5305,1779714399771774414,1779714400487602680,715.828266,737634.715,128
5306,1779714400510998501,1779714400519467463,8.468962,30864.783,128
5307,1779714400542071020,1779714400618652731,76.581711,98185.268,128
5308,1779714400641155524,1779714400622286780,-18.868744,2634.049,128
5309,1779714400644956273,1779714400624396875,-20.559398,1110.095,128
5310,1779714400647111671,1779714400627241504,-19.870167,1844.629,128
5311,1779714400649981883,1779714400629807586,-20.174297,1566.082,128
5312,1779714400652539749,1779714400631921764,-20.617985,1114.178,128
5313,1779714400654607504,1779714400633797622,-20.809882,875.858,128
5314,1779714400656515780,1779714400635864142,-20.651638,1066.52,128
5315,1779714400658440902,1779714400641262221,-17.178681,4398.079,128
5316,1779714400663958331,1779714400643489465,-20.468866,1227.244,128
5317,1779714400665998436,1779714400645519883,-20.478553,1030.418,128
5318,1779714400667975084,1779714400647378945,-20.596139,859.062,128
5319,1779714400669747774,1779714400648384521,-21.363253,5.576,128
5320,1779714400671137037,1779714400650842487,-20.29455,1457.966,128
5321,1779714400673544459,1779714400652470643,-21.073816,628.156,128
5322,1779714400675095073,1779714400653837479,-21.257594,366.836,128
5323,1779714400676522800,1779714400655472979,-21.049821,635.5,128
5324,1779714400677971622,1779714400658083053,-19.888569,1610.074,128
5325,1779714400680730186,1779714400660227318,-20.502868,1144.265,128
5326,1779714400682544676,1779714400661992845,-20.551831,765.527,128
5327,1779714400684506809,1779714400663748868,-20.757941,756.023,128
5328,1779714400686403229,1779714400665261503,-21.141726,512.635,128
5329,1779714400687882740,1779714400668845242,-19.037498,2583.739,128
5330,1779714400691460786,1779714400672002211,-19.458575,2156.969,128
5331,1779714400694642694,1779714400674081264,-20.56143,1079.053,128
5332,1779714400696812581,1779714400675992668,-20.819913,911.404,128
5333,1779714400698780244,1779714400683506832,-15.273412,6514.164,128
5334,1779714400706005576,1779714400685379771,-20.625805,872.939,128
5335,1779714400708047114,1779714400687266864,-20.78025,887.093,128
5336,1779714400709995684,1779714400688341678,-21.654006,74.814,128
5337,1779714400711108384,1779714400689835346,-21.273038,493.668,128
5338,1779714400712651778,1779714400692173294,-20.478484,1337.948,128
5339,1779714400714747999,1779714400693856553,-20.891446,683.259,128
5340,1779714400716625999,1779714400695497550,-21.128449,640.997,128
5341,1779714400718149099,1779714400697651261,-20.497838,1153.711,128
5342,1779714400720306227,1779714400699826582,-20.479645,1175.321,128
5343,1779714400722466199,1779714400705579452,-16.886747,4752.87,128
5344,1779714400728313613,1779714400714398503,-13.91511,7819.051,128
5345,1779714400736922907,1779714400716709320,-20.213587,1310.817,128
5346,1779714400739411765,1779714400719361209,-20.050556,1651.889,128
5347,1779714400741853282,1779714400721397134,-20.456148,1035.925,128
5348,1779714400744019119,1779714400741939253,-2.079866,19542.119,128
5349,1779714400764623037,1779714400744760631,-19.862406,1821.378,128
5350,1779714400767444703,1779714400746382485,-21.062218,621.854,128
5351,1779714400769089678,1779714400750194291,-18.895387,2811.806,128
5352,1779714400772902053,1779714400751893157,-21.008896,698.866,128
5353,1779714400774656326,1779714400755114128,-19.542198,2220.971,128
5354,1779714400777894495,1779714400757428772,-20.465723,1314.644,128
5355,1779714400780135672,1779714400759425905,-20.709767,997.133,128
5356,1779714400781972752,1779714400761014429,-20.958323,588.524,128
5357,1779714400783744329,1779714400763461065,-20.283264,1446.636,128
5358,1779714400785957072,1779714400765859114,-20.097958,1398.049,128
5359,1779714400788557822,1779714400767681878,-20.875944,822.764,128
5360,1779714400790255561,1779714400769620344,-20.635217,938.466,128
5361,1779714400792329563,1779714400774081501,-18.248062,3461.157,128
5362,1779714400796684941,1779714400780079193,-16.605748,4997.692,128
5363,1779714400802794108,1779714400782043569,-20.750539,964.376,128
5364,1779714400804795458,1779714400784831868,-19.96359,1788.299,128
5365,1779714400807512054,1779714400787060558,-20.451496,1228.69,128
5366,1779714400809713951,1779714400789284400,-20.429551,1223.842,128
5367,1779714400812023182,1779714400791065991,-20.957191,781.591,128
5368,1779714400813585315,1779714400793661878,-19.923437,1595.887,128
5369,1779714400816256835,1779714400795708921,-20.547914,1047.043,128
5370,1779714400818104926,1779714400798606445,-19.498481,1897.524,128
5371,1779714400821240626,1779714400800461859,-20.778767,855.414,128
5372,1779714400823224885,1779714400803923719,-19.301166,2461.86,128
5373,1779714400826640256,1779714400806152131,-20.488125,1228.412,128
5374,1779714400828886556,1779714400808038550,-20.848006,886.419,128
5375,1779714400830634667,1779714400809864882,-20.769785,826.332,128
5376,1779714400832618375,1779714400811695210,-20.923165,830.328,128
5377,1779714400834281840,1779714400812917646,-21.364194,222.436,128
5378,1779714400835678208,1779714400814574321,-21.103887,656.675,128
5379,1779714400837132123,1779714400816217411,-20.914712,643.09,128
5380,1779714400838866568,1779714400818269265,-20.597303,1051.854,128
5381,1779714400840908940,1779714400819801187,-21.107753,531.922,128
5382,1779714400850260976,1779714400829817725,-20.443251,9016.538,128
5383,1779714400852549726,1779714400832876901,-19.672825,2059.176,128
5384,1779714400855492044,1779714400834905702,-20.586342,1028.801,128
5385,1779714400857639871,1779714400837354396,-20.285475,1448.694,128
5386,1779714400860086942,1779714400839348860,-20.738082,994.464,128
5387,1779714400862093700,1779714400999964575,137.870875,159615.715,128
5388,1779714401021288423,1779714401000613848,-20.674575,-350.727,128
5389,1779714401023394014,1779714401002045613,-21.348401,431.765,128
5390,1779714401024765374,1779714401002787203,-21.978171,-258.41,128
5391,1779714401025563383,1779714401003943279,-21.620104,156.076,128
5392,1779714401026695289,1779714401005284811,-21.410478,341.532,128
5393,1779714401027709210,1779714401006141498,-21.567712,-143.313,128
5394,1779714401028740429,1779714401007327355,-21.413074,185.857,128
5395,1779714401029889277,1779714401008262974,-21.626303,-64.381,128
5396,1779714401030808953,1779714401009311642,-21.497311,48.668,128
5397,1779714401031861831,1779714401010374271,-21.48756,62.629,128
5398,1779714401032996168,1779714401011288166,-21.708002,-86.105,128
5399,1779714401033947688,1779714401012346477,-21.601211,58.311,128
5400,1779714401035131337,1779714401013650914,-21.480423,304.437,128
5401,1779714401036262261,1779714401014585881,-21.67638,-65.033,128
5402,1779714401037352011,1779714401015720758,-21.631253,134.877,128
5403,1779714401038381040,1779714401016142237,-22.238803,-578.521,128
5404,1779714401038940485,1779714401017060629,-21.879856,-81.608,128
5405,1779714401039850201,1779714401018647687,-21.202514,587.058,128
5406,1779714401041022832,1779714401019499979,-21.522853,-147.708,128
5407,1779714401043982475,1779714401024301910,-19.680565,3801.931,128
5408,1779714401046898125,1779714401025683800,-21.214325,381.89,128
5409,1779714401048474346,1779714401027662149,-20.812197,978.349,128
5410,1779714401050411297,1779714401029888507,-20.52279,1226.358,128
5411,1779714401052675668,1779714401031654291,-21.021377,765.784,128
5412,1779714401054417177,1779714401032978776,-21.438401,324.485,128
5413,1779714401055321645,1779714401035110144,-20.211501,1131.368,128
5414,1779714401057683079,1779714401036133929,-21.54915,23.785,128
5415,1779714401058672514,1779714401036830749,-21.841765,-303.18,128
5416,1779714401059537817,1779714401037643209,-21.894608,-187.54,128
5417,1779714401060412051,1779714401038543174,-21.868877,-100.035,128
5418,1779714401061317870,1779714401039420685,-21.897185,-122.489,128
5419,1779714401062200740,1779714401040107234,-22.093506,-313.451,128
5420,1779714401062838171,1779714401041197614,-21.640557,90.38,128
5421,1779714401063869095,1779714401042101146,-21.767949,-96.468,128
5422,1779714401064847623,1779714401043145063,-21.70256,43.917,128
5423,1779714401065895311,1779714401044304858,-21.590453,159.795,128
5424,1779714401067066151,1779714401045965935,-21.100216,661.077,128
5425,1779714401068194441,1779714401046601848,-21.592593,-364.087,128
5426,1779714401069322542,1779714401047475482,-21.84706,-126.366,128
5427,1779714401070155945,1779714401048675412,-21.480533,199.93,128
5428,1779714401071263994,1779714401049451638,-21.812356,-223.774,128
5429,1779714401072194395,1779714401050267583,-21.926812,-184.055,128
5430,1779714401072989390,1779714401051283933,-21.705457,16.35,128
5431,1779714401073911439,1779714401052515890,-21.395549,231.957,128
5432,1779714401075270212,1779714401053429596,-21.840616,-86.294,128
5433,1779714401076177826,1779714401054419069,-21.758757,-10.527,128
5434,1779714401077177319,1779714401055292391,-21.884928,-126.678,128
5435,1779714401078021606,1779714401056372626,-21.64898,80.235,128
5436,1779714401079050194,1779714401057263736,-21.786458,-108.89,128
5437,1779714401079935187,1779714401057931281,-22.003906,-332.455,128
5438,1779714401080715412,1779714401058842146,-21.873266,-89.135,128
5439,1779714401081585949,1779714401059730297,-21.855652,-111.849,128
5440,1779714401082396169,1779714401060754247,-21.641922,23.95,128
5441,1779714401083450831,1779714401061779688,-21.671143,25.441,128
5442,1779714401084512258,1779714401062616023,-21.896235,-163.665,128
5443,1779714401085411840,1779714401063599156,-21.812684,-16.867,128
5444,1779714401086386176,1779714401065285619,-21.100557,686.463,128
5445,1779714401087913889,1779714401066271887,-21.642002,-13.732,128
5446,1779714401088966319,1779714401067328446,-21.637873,56.559,128
5447,1779714401090099426,1779714401068439522,-21.659904,111.076,128
5448,1779714401091149500,1779714401069420671,-21.728829,-18.851,128
5449,1779714401092120938,1779714401070133700,-21.987238,-286.971,128
5450,1779714401092917082,1779714401070979123,-21.937959,-154.577,128
5451,1779714401093730012,1779714401071833200,-21.896812,-145.923,128
5452,1779714401094606377,1779714401072790390,-21.815987,-42.81,128
5453,1779714401099472060,1779714401077952036,-21.520024,4161.646,128
5454,1779714401100636626,1779714401078792276,-21.84435,-159.76,128
5455,1779714401101555390,1779714401079658727,-21.896663,-133.549,128
5456,1779714401102434753,1779714401080508758,-21.925995,-149.969,128
5457,1779714401103288741,1779714401081389597,-21.899144,-119.161,128
5458,1779714401104135162,1779714401082460536,-21.674626,70.939,128
5459,1779714401105206860,1779714401083295131,-21.911729,-165.405,128
5460,1779714401106081552,1779714401084234318,-21.847234,-60.813,128
5461,1779714401106967183,1779714401085263026,-21.704157,28.708,128
5462,1779714401107913068,1779714401086288191,-21.624877,25.165,128
5463,1779714401109026559,1779714401087306437,-21.720122,18.246,128
5464,1779714401109898367,1779714401088329108,-21.569259,22.671,128
5465,1779714401110958402,1779714401089267982,-21.69042,-61.126,128
5466,1779714401111859803,1779714401090261665,-21.598138,-6.317,128
5467,1779714401112932846,1779714401091183150,-21.749696,-78.515,128
5468,1779714401113973177,1779714401092372402,-21.600775,189.252,128
5469,1779714401115122530,1779714401093274901,-21.847629,-97.501,128
5470,1779714401115963418,1779714401094351678,-21.61174,76.777,128
5471,1779714401117101804,1779714401095513491,-21.588313,161.813,128
5472,1779714401118243280,1779714401096741569,-21.501711,228.078,128
5473,1779714401119504811,1779714401097955006,-21.549805,213.437,128
5474,1779714401120616946,1779714401098660710,-21.956236,-294.296,128
5475,1779714401121438699,1779714401099885700,-21.552999,224.99,128
5476,1779714401122668509,1779714401101134984,-21.533525,249.284,128
5477,1779714401123764743,1779714401102014439,-21.750304,-120.545,128
5478,1779714401124793682,1779714401103491171,-21.302511,476.732,128
5479,1779714401126038555,1779714401104535277,-21.503278,44.106,128
5480,1779714401127186751,1779714401105744158,-21.442593,208.881,128
5481,1779714401128295140,1779714401106539713,-21.755427,-204.445,128
5482,1779714401129234925,1779714401108291916,-20.943009,752.203,128
5483,1779714401130202544,1779714401108592265,-21.610279,-699.651,128
5484,1779714401131299359,1779714401109655782,-21.643577,63.517,128
5485,1779714401132360830,1779714401110738490,-21.62234,82.708,128
5486,1779714401133527689,1779714401111859351,-21.668338,120.861,128
5487,1779714401134608737,1779714401112908978,-21.699759,49.627,128
5488,1779714401135616296,1779714401113906281,-21.710015,-2.697,128
5489,1779714401136682323,1779714401147666114,10.983791,32759.833,128
5490,1779714401170427314,1779714401149425514,-21.0018,759.4,128
5491,1779714401172264542,1779714401150672135,-21.592407,246.621,128
5492,1779714401173374989,1779714401153112525,-20.262464,1440.39,128
5493,1779714401175996004,1779714401155518812,-20.477192,1406.287,128
5494,1779714401178245018,1779714401157740197,-20.504821,1221.385,128
5495,1779714401180558990,1779714401159859879,-20.699111,1119.682,128
5496,1779714401182775537,1779714401162288444,-20.487093,1428.565,128
5497,1779714401185034175,1779714401164338225,-20.69595,1049.781,128
5498,1779714401187123282,1779714401166008668,-21.114614,670.443,128
5499,1779714401188869025,1779714401168343461,-20.525564,1334.793,128
5500,1779714401191081551,1779714401169423890,-21.657661,80.429,128
5501,1779714401192008686,1779714401170339434,-21.669252,-84.456,128
5502,1779714401193085738,1779714401171361593,-21.724145,22.159,128
5503,1779714401194074016,1779714401172369928,-21.704088,8.335,128
5504,1779714401195002142,1779714401173328418,-21.673724,-41.51,128
5505,1779714401195900109,1779714401176628363,-19.271746,2299.945,128
5506,1779714401199127976,1779714401178060222,-21.067754,431.859,128
5507,1779714401200249339,1779714401179420700,-20.828639,360.478,128
5508,1779714401202445811,1779714401181672344,-20.773467,1251.644,128
5509,1779714401204665151,1779714401183419223,-21.245928,746.879,128
5510,1779714401206174561,1779714401185173234,-21.001327,754.011,128
5511,1779714401207853248,1779714401186774717,-21.078531,601.483,128
5512,1779714401209508909,1779714401188409043,-21.099866,634.326,128
5513,1779714401211262121,1779714401190249603,-21.012518,840.56,128
5514,1779714401212963887,1779714401191963666,-21.000221,714.063,128
5515,1779714401214774644,1779714401193891744,-20.8829,928.078,128
5516,1779714401216720641,1779714401195714989,-21.005652,823.245,128
5517,1779714401218428161,1779714401197833027,-20.595134,1118.038,128
5518,1779714401220712776,1779714401199586305,-21.126471,753.278,128
5519,1779714401222350395,1779714401201793699,-20.556696,1207.394,128
5520,1779714401224513088,1779714401203684360,-20.828728,890.661,128
5521,1779714401226436606,1779714401205674163,-20.762443,989.803,128
5522,1779714401228493124,1779714401207693806,-20.799318,1019.643,128
5523,1779714401230520839,1779714401209566265,-20.954574,872.459,128
5524,1779714401232386949,1779714401212142372,-20.244577,1576.107,128
5525,1779714401234953543,1779714401213950674,-21.002869,808.302,128
5526,1779714401236781540,1779714401217839083,-18.942457,2888.409,128
5527,1779714401240474164,1779714401220076068,-20.398096,1236.985,128
5528,1779714401242889103,1779714401222343469,-20.545634,1267.401,128
5529,1779714401245044847,1779714401224408435,-20.636412,1064.966,128
5530,1779714401247085983,1779714401225779389,-21.306594,370.954,128
5531,1779714401248627181,1779714401227327769,-21.299412,548.38,128
5532,1779714401250129097,1779714401229492911,-20.636186,1165.142,128
5533,1779714401252244935,1779714401231075796,-21.169139,582.885,128
5534,1779714401253678236,1779714401232292231,-21.386005,216.435,128
5535,1779714401254949033,1779714401234181592,-20.767441,889.361,128
5536,1779714401256927340,1779714401236050215,-20.877125,868.623,128
5537,1779714401258796366,1779714401237813024,-20.983342,762.809,128
5538,1779714401260640997,1779714401239518025,-21.122972,705.001,128
5539,1779714401262417687,1779714401242140653,-20.277034,1622.628,128
5540,1779714401264909283,1779714401243624139,-21.285144,483.486,128
5541,1779714401266375848,1779714401245410084,-20.965764,785.945,128
5542,1779714401268158443,1779714401247113366,-21.045077,703.282,128
5543,1779714401269847562,1779714401248599808,-21.247754,486.442,128
5544,1779714401271452423,1779714401250253883,-21.19854,654.075,128
5545,1779714401272971571,1779714401252030979,-20.940592,777.096,128
5546,1779714401274717302,1779714401253528422,-21.18888,497.443,128
5547,1779714401276240192,1779714401255098804,-21.141388,570.382,128
5548,1779714401277856664,1779714401256577238,-21.279426,478.434,128
5549,1779714401279212426,1779714401257439558,-21.772868,-137.68,128
5550,1779714401280194528,1779714401258580924,-21.613604,141.366,128
5551,1779714401281250025,1779714401259842734,-21.407291,261.81,128
5552,1779714401282629104,1779714401261051225,-21.577879,208.491,128
5553,1779714401283799283,1779714401262341883,-21.4574,290.658,128
5554,1779714401285108573,1779714401263853493,-21.25508,511.61,128
5555,1779714401286508589,1779714401264941902,-21.566687,88.409,128
5556,1779714401287767402,1779714401266038127,-21.729275,96.225,128
5557,1779714401288795575,1779714401267281183,-21.514392,243.056,128
5558,1779714401290019043,1779714401268351322,-21.667721,70.139,128
5559,1779714401291068579,1779714401269549054,-21.519525,197.732,128
5560,1779714401292171990,1779714401270532540,-21.63945,-16.514,128
5561,1779714401293307996,1779714401271904784,-21.403212,372.244,128
5562,1779714401294732679,1779714401273284918,-21.447761,380.134,128
5563,1779714401296005369,1779714401274388155,-21.617214,103.237,128
5564,1779714401297236985,1779714401275659898,-21.577087,271.743,128
5565,1779714401298374891,1779714401276771909,-21.602982,112.011,128
5566,1779714401299608051,1779714401278097494,-21.510557,325.585,128
5567,1779714401300781200,1779714401279307046,-21.474154,209.552,128
5568,1779714401301965540,1779714401280625090,-21.34045,318.044,128
5569,1779714401303299140,1779714401281956705,-21.342435,331.615,128
5570,1779714401304730996,1779714401283290569,-21.440427,333.864,128
5571,1779714401306042728,1779714401284864375,-21.178353,573.806,128
5572,1779714401307791958,1779714401286918135,-20.873823,1053.76,128
5573,1779714401309650265,1779714401289087025,-20.56324,1168.89,128
5574,1779714401311934624,1779714401291275009,-20.659615,1187.984,128
5575,1779714401313759732,1779714401293301856,-20.457876,1026.847,128
5576,1779714401315951635,1779714401294857442,-21.094193,555.586,128
5577,1779714401317411191,1779714401296456951,-20.95424,599.509,128
5578,1779714401319216679,1779714401298609503,-20.607176,1152.552,128
5579,1779714401321162810,1779714401299904863,-21.257947,295.36,128
5580,1779714401322789650,1779714401301693725,-21.095925,788.862,128
5581,1779714401324421383,1779714401303742538,-20.678845,1048.813,128
5582,1779714401326292013,1779714401305425610,-20.866403,683.072,128
5583,1779714401328153739,1779714401306694568,-21.459171,268.958,128
5584,1779714401329528167,1779714401308391452,-21.136715,696.884,128
5585,1779714401331154612,1779714401310123483,-21.031129,732.031,128
5586,1779714401332811600,1779714401311745729,-21.065871,622.246,128
5587,1779714401334383358,1779714401313270002,-21.113356,524.273,128
5588,1779714401335842344,1779714401314984262,-20.858082,714.26,128
5589,1779714401337753132,1779714401316487219,-21.265913,502.957,128
5590,1779714401339228849,1779714401318211497,-21.017352,724.278,128
5591,1779714401340835936,1779714401319620419,-21.215517,408.922,128
5592,1779714401342382678,1779714401321402876,-20.979802,782.457,128
5593,1779714401344061941,1779714401323651125,-20.410816,1248.249,128
5594,1779714401345809204,1779714401324692365,-21.116839,41.24,128
5595,1779714401347464686,1779714401326070696,-21.39399,378.331,128
5596,1779714401348805428,1779714401327777517,-21.027911,706.821,128
5597,1779714401350511973,1779714401329367434,-21.144539,589.917,128
5598,1779714401352112859,1779714401331198055,-20.914804,830.621,128
5599,1779714401353898628,1779714401332760528,-21.1381,562.473,128
5600,1779714401355332643,1779714401334403364,-20.929279,642.836,128
5601,1779714401357138043,1779714401336507522,-20.630521,1104.158,128
5602,1779714401359107199,1779714401337875146,-21.232053,367.624,128
5603,1779714401360683447,1779714401339679033,-21.004414,803.887,128
5604,1779714401362493663,1779714401341458920,-21.034743,779.887,128
5605,1779714401364253782,1779714401343286696,-20.967086,827.776,128
5606,1779714401366026940,1779714401345162500,-20.86444,875.804,128
5607,1779714401367762778,1779714401346826059,-20.936719,663.559,128
5608,1779714401369610172,1779714401348434848,-21.175324,608.789,128
5609,1779714401371084483,1779714401350403118,-20.681365,968.27,128
5610,1779714401372977245,1779714401352479963,-20.497282,1076.845,128
5611,1779714401374993236,1779714401354211340,-20.781896,731.377,128
5612,1779714401376927634,1779714401355787118,-21.140516,575.778,128
5613,1779714401378618739,1779714401357668181,-20.950558,881.063,128
5614,1779714401380323098,1779714401359172569,-21.150529,504.388,128
5615,1779714401381912695,1779714401360546949,-21.365746,374.38,128
5616,1779714401383287979,1779714401362454583,-20.833396,907.634,128
5617,1779714401385085944,1779714401364523671,-20.562273,1069.088,128
5618,1779714401387077332,1779714401366486875,-20.590457,963.204,128
5619,1779714401389103912,1779714401367904322,-21.19959,417.447,128
5620,1779714401390754463,1779714401369705920,-21.048543,801.598,128
5621,1779714401392497823,1779714401371578842,-20.918981,872.922,128
5622,1779714401394312716,1779714401373249283,-21.063433,670.441,128
5623,1779714401396057537,1779714401375100516,-20.957021,851.233,128
5624,1779714401397754588,1779714401376877529,-20.877059,777.013,128
5625,1779714401399647981,1779714401378585895,-21.062086,708.366,128
5626,1779714401401290629,1779714401379914096,-21.376533,328.201,128
5627,1779714401402773506,1779714401381996874,-20.776632,1082.778,128
5628,1779714401404583233,1779714401383847876,-20.735357,851.002,128
5629,1779714401406469520,1779714401385597306,-20.872214,749.43,128
5630,1779714401408312184,1779714401387413446,-20.898738,816.14,128
5631,1779714401410081515,1779714401389576176,-20.505339,1162.73,128
5632,1779714401412263978,1779714401391463152,-20.800826,886.976,128
5633,1779714401414095458,1779714401393377660,-20.717798,914.508,128
5634,1779714401416071746,1779714401394915431,-21.156315,537.771,128
5635,1779714401417446532,1779714401396691895,-20.754637,776.464,128
5636,1779714401419305563,1779714401397876304,-21.429259,184.409,128
5637,1779714401420526532,1779714401399827852,-20.69868,951.548,128
5638,1779714401422467986,1779714401401611929,-20.856057,784.077,128
5639,1779714401424254113,1779714401403447731,-20.806382,835.802,128
5640,1779714401426080624,1779714401404864492,-21.216132,416.761,128
5641,1779714401427529716,1779714401406607826,-20.92189,743.334,128
5642,1779714401429190463,1779714401408398239,-20.792224,790.413,128
5643,1779714401430956620,1779714401410329281,-20.627339,931.042,128
5644,1779714401432710109,1779714401412127940,-20.582169,798.659,128
5645,1779714401434704399,1779714401413775409,-20.92899,647.469,128
5646,1779714401436351499,1779714401415765612,-20.585887,990.203,128
5647,1779714401438384529,1779714401418610921,-19.773608,1845.309,128
5648,1779714401441107035,1779714401421877628,-19.229407,2266.707,128
5649,1779714401444381716,1779714401423529078,-20.852638,651.45,128
5650,1779714401446164640,1779714401425070304,-21.094336,541.226,128
5651,1779714401447853323,1779714401427198216,-20.655107,1127.912,128
5652,1779714401449806305,1779714401428832550,-20.973755,634.334,128
5653,1779714401451412744,1779714401430640897,-20.771847,808.347,128
5654,1779714401453221811,1779714401432545246,-20.676565,904.349,128
5655,1779714401455113733,1779714401434326111,-20.787622,780.865,128
5656,1779714401456827126,1779714401435779245,-21.047881,453.134,128
5657,1779714401458456189,1779714401437677778,-20.778411,898.533,128
5658,1779714401460238936,1779714401442273224,-17.965712,3595.446,128
5659,1779714401464788336,1779714401443739314,-21.049022,466.09,128
5660,1779714401466400192,1779714401445347708,-21.052484,608.394,128
5661,1779714401468021247,1779714401447068866,-20.952381,721.158,128
5662,1779714401469639355,1779714401448528172,-21.111183,459.306,128
5663,1779714401471160768,1779714401449829948,-21.33082,301.776,128
5664,1779714401472441294,1779714401452561880,-19.879414,1731.932,128
5665,1779714401475299399,1779714401454725025,-20.574374,1163.145,128
5666,1779714401477403900,1779714401456493842,-20.910058,768.817,128
5667,1779714401479100714,1779714401457634408,-21.466306,140.566,128
5668,1779714401480232382,1779714401461816641,-18.415741,3182.233,128
5669,1779714401484378022,1779714401464582957,-19.795065,1766.316,128
5670,1779714401487226892,1779714401466520129,-20.706763,937.172,128
5671,1779714401489182605,1779714401468601373,-20.581232,1081.244,128
5672,1779714401491223384,1779714401470360316,-20.863068,758.943,128
5673,1779714401492865273,1779714401471982837,-20.882436,622.521,128
5674,1779714401494509352,1779714401473799456,-20.709896,816.619,128
5675,1779714401496430072,1779714401475066271,-21.363801,266.815,128
5676,1779714401497741044,1779714401476402445,-21.338599,336.174,128
5677,1779714401498939233,1779714401478712730,-20.226503,1310.285,128
5678,1779714401501384654,1779714401480356360,-21.028294,643.63,128
5679,1779714401502947725,1779714401482608510,-20.339215,1252.15,128
5680,1779714401504690574,1779714401483364531,-21.326043,-243.979,128
5681,1779714401505720381,1779714401484914746,-20.805635,550.215,128
5682,1779714401507155165,1779714401485985496,-21.169669,70.75,128
5683,1779714401508539126,1779714401488176200,-20.362926,1190.704,128
5684,1779714401510852888,1779714401490081755,-20.771133,905.555,128
5685,1779714401512722651,1779714401492754695,-19.967956,1672.94,128
5686,1779714401515002605,1779714401495264864,-19.737741,1510.169,128
5687,1779714401517953934,1779714401499503777,-18.450157,3238.913,128
5688,1779714401522062927,1779714401502580159,-19.482768,2076.382,128
5689,1779714401525199451,1779714401505518579,-19.680872,1938.42,128
5690,1779714401528194799,1779714401509055038,-19.139761,2536.459,128
5691,1779714401531534344,1779714401512978713,-18.555631,2923.675,128
5692,1779714401535488126,1779714401514476372,-21.011754,497.659,128
5693,1779714401537033303,1779714401518650515,-18.382788,3174.143,128
5694,1779714401541081582,1779714401521462042,-19.61954,1811.527,128
5695,1779714401543904376,1779714401524127858,-19.776518,1665.816,128
5696,1779714401546548853,1779714401526089970,-20.458883,962.112,128
5697,1779714401548521172,1779714401527817371,-20.703801,727.401,128
5698,1779714401550455442,1779714401529705713,-20.749729,888.342,128
5699,1779714401552305781,1779714401532106538,-20.199243,1400.825,128
5700,1779714401554438259,1779714401538298625,-16.139634,5192.087,128
5701,1779714401560878277,1779714401545468456,-15.409821,6169.831,128
5702,1779714401567971337,1779714401551824914,-16.146423,5356.458,128
5703,1779714401574613405,1779714401554784384,-19.829021,1959.47,128
5704,1779714401577371011,1779714401556581105,-20.789906,796.721,128
5705,1779714401579126641,1779714401558307860,-20.818781,726.755,128
5706,1779714401580880381,1779714401560516329,-20.364052,1208.469,128
5707,1779714401583089849,1779714401562565085,-20.524764,1048.756,128
5708,1779714401585255391,1779714401564437090,-20.818301,872.005,128
5709,1779714401586997535,1779714401566318620,-20.678915,881.53,128
5710,1779714401588875424,1779714401568278509,-20.596915,959.889,128
5711,1779714401590951971,1779714401570055670,-20.896301,777.161,128
5712,1779714401592722594,1779714401572507083,-20.215511,1451.413,128
5713,1779714401595156689,1779714401574487511,-20.669178,980.428,128
5714,1779714401597138958,1779714401576607933,-20.531025,1120.422,128
5715,1779714401599148660,1779714401578025710,-21.12295,417.777,128
5716,1779714401600639660,1779714401584837125,-15.802535,5811.415,128
5717,1779714401607414264,1779714401586657345,-20.756919,820.22,128
5718,1779714401609178670,1779714401588529714,-20.648956,872.369,128
5719,1779714401611167545,1779714401590328265,-20.83928,798.551,128
5720,1779714401612984208,1779714401591885399,-21.098809,557.134,128
5721,1779714401614595547,1779714401593812525,-20.783022,927.126,128
5722,1779714401616397004,1779714401595258390,-21.138614,445.865,128
5723,1779714401617921141,1779714401597273324,-20.647817,1014.934,128
5724,1779714401619952934,1779714401598917278,-21.035656,643.954,128
5725,1779714401621626209,1779714401600739703,-20.886506,822.425,128
5726,1779714401623327465,1779714401602400412,-20.927053,660.709,128
5727,1779714401625048861,1779714401604363215,-20.685646,962.803,128
5728,1779714401627046350,1779714401605907205,-21.139145,543.99,128
5729,1779714401628611985,1779714401607448073,-21.163912,540.868,128
5730,1779714401630169670,1779714401609141276,-21.028394,693.203,128
5731,1779714401631830104,1779714401612354753,-19.475351,2213.477,128
5732,1779714401634942737,1779714401613920151,-21.022586,565.398,128
5733,1779714401636583456,1779714401615727007,-20.856449,806.856,128
5734,1779714401638379213,1779714401617445957,-20.933256,718.95,128
5735,1779714401640116629,1779714401619572360,-20.544269,1126.403,128
5736,1779714401641803454,1779714401620998879,-20.804575,426.519,128
5737,1779714401643628751,1779714401622675948,-20.952803,677.069,128
5738,1779714401645418978,1779714401625321576,-20.097402,1645.628,128
5739,1779714401648005016,1779714401627279831,-20.725185,958.255,128
5740,1779714401649902507,1779714401629031566,-20.870941,751.735,128
5741,1779714401651714847,1779714401632555878,-19.158969,2524.312,128
5742,1779714401655171511,1779714401633875791,-21.29572,319.913,128
5743,1779714401656579786,1779714401636448882,-20.130904,1573.091,128
5744,1779714401659044912,1779714401638125153,-20.919759,676.271,128
5745,1779714401660721068,1779714401639785244,-20.935824,660.091,128
5746,1779714401662435339,1779714401641713975,-20.721364,928.731,128
5747,1779714401664365527,1779714401644276972,-20.088555,1562.997,128
5748,1779714401666795205,1779714401646273198,-20.522007,996.226,128
5749,1779714401668967027,1779714401647639220,-21.327807,366.022,128
5750,1779714401670343423,1779714401649354778,-20.988645,715.558,128
5751,1779714401678012844,1779714401657529201,-20.483643,7174.423,128
5752,1779714401680263786,1779714401659161196,-21.10259,631.995,128
5753,1779714401681864195,1779714401660974398,-20.889797,813.202,128
5754,1779714401683469000,1779714401663356244,-20.112756,1381.846,128
5755,1779714401685910113,1779714401665113799,-20.796314,757.555,128
5756,1779714401688217781,1779714401668526141,-19.69164,2412.342,128
5757,1779714401691124567,1779714401671626566,-19.498001,2100.425,128
5758,1779714401694327844,1779714401673968104,-20.35974,1341.538,128
5759,1779714401696609603,1779714401675838533,-20.77107,870.429,128
5760,1779714401698453290,1779714401677740095,-20.713195,901.562,128
5761,1779714401700374891,1779714401679382421,-20.99247,642.326,128
5762,1779714401702013052,1779714401681202389,-20.810663,819.968,128
5763,1779714401703624698,1779714401682529638,-21.09506,327.249,128
5764,1779714401705078910,1779714401684359839,-20.719071,830.201,128
5765,1779714401706979063,1779714401686540277,-20.438786,1180.438,128
5766,1779714401709188615,1779714401687911627,-21.276988,371.35,128
5767,1779714401710605288,1779714401689508837,-21.096451,597.21,128
5768,1779714401712135847,1779714401691828361,-20.307486,1319.524,128
5769,1779714401714429436,1779714401693206053,-21.223383,377.692,128
5770,1779714401715852474,1779714401694930072,-20.922402,724.019,128
5771,1779714401717464614,1779714401696653308,-20.811306,723.236,128
5772,1779714401719266318,1779714401698345905,-20.920413,692.597,128
5773,1779714401720924331,1779714401699854750,-21.069581,508.845,128
5774,1779714401722491500,1779714401701681499,-20.810001,826.749,128
5775,1779714401724311115,1779714401703342510,-20.968605,661.011,128
5776,1779714401725956923,1779714401707440180,-18.516743,3097.67,128
5777,1779714401729727586,1779714401709110525,-20.617061,670.345,128
5778,1779714401731656264,1779714401710462183,-21.194081,351.658,128
5779,1779714401733080225,1779714401712148671,-20.931554,686.488,128
5780,1779714401734809947,1779714401784672658,49.862711,71523.987,128
5781,1779714401807234749,1779714401786155823,-21.078926,483.165,128
5782,1779714401808775661,1779714401787902991,-20.87267,747.168,128
5783,1779714401810515829,1779714401789705970,-20.809859,802.979,128
5784,1779714401812328221,1779714401791488935,-20.839286,782.965,128
5785,1779714401814195272,1779714401793390357,-20.804915,901.422,128
5786,1779714401815993745,1779714401795088010,-20.905735,697.653,128
5787,1779714401817853547,1779714401796772716,-21.080831,684.706,128
5788,1779714401819404355,1779714401798255971,-21.148384,483.255,128
5789,1779714401820875640,1779714401799475570,-21.40007,219.599,128
5790,1779714401822021705,1779714401800936847,-21.084858,461.277,128
5791,1779714401823535812,1779714401802512084,-21.023728,575.237,128
5792,1779714401825137512,1779714401803634025,-21.503487,121.941,128
5793,1779714401826337074,1779714401805224156,-21.112918,590.131,128
5794,1779714401827878444,1779714401806683023,-21.195421,458.867,128
5795,1779714401829379654,1779714401812135308,-17.244346,4452.285,128
5796,1779714401833155484,1779714401812941615,-20.213869,-193.693,128
5797,1779714401835576726,1779714401815356741,-20.219985,1415.126,128
5798,1779714401838011535,1779714401817087999,-20.923536,731.258,128
5799,1779714401839821694,1779714401819116426,-20.705268,1028.427,128
5800,1779714401841752449,1779714401821275425,-20.477024,1158.999,128
5801,1779714401843856170,1779714401826929551,-16.926619,4654.126,128
5802,1779714401849611482,1779714401828566860,-21.044622,637.309,128
5803,1779714401851212733,1779714401830391839,-20.820894,824.979,128
5804,1779714401852995132,1779714401831940344,-21.054788,548.505,128
5805,1779714401854507323,1779714401833319199,-21.188124,378.855,128
5806,1779714401855969323,1779714401835364181,-20.605142,1044.982,128
5807,1779714401857995358,1779714401836802227,-21.193131,438.046,128
5808,1779714401859436777,1779714401838291014,-21.145763,488.787,128
5809,1779714401860931957,1779714401839858440,-21.073517,567.426,128
5810,1779714401862426142,1779714401841635834,-20.790308,777.394,128
5811,1779714401864297985,1779714401843353401,-20.944584,717.567,128
5812,1779714401865990726,1779714401844643757,-21.346969,290.356,128
5813,1779714401867244374,1779714401846029483,-21.214891,385.726,128
5814,1779714401868679163,1779714401848044646,-20.634517,1015.163,128
5815,1779714401870676055,1779714401849856355,-20.8197,811.709,128
5816,1779714401872497230,1779714401851678348,-20.818882,821.993,128
5817,1779714401874395154,1779714401853854108,-20.541046,1175.76,128
5818,1779714401876499740,1779714401855269128,-21.230612,415.02,128
5819,1779714401877913964,1779714401857275570,-20.638394,1006.442,128
5820,1779714401879851947,1779714401858685132,-21.166815,409.562,128
5821,1779714401881360341,1779714401861281864,-20.078477,1596.732,128
5822,1779714401883740378,1779714401862982369,-20.758009,700.505,128
5823,1779714401885483155,1779714401864775497,-20.707658,793.128,128
5824,1779714401887347861,1779714401867138599,-20.209262,1363.102,128
5825,1779714401889692100,1779714401868844858,-20.847242,706.259,128
5826,1779714401891413803,1779714401870508369,-20.905434,663.511,128
5827,1779714401893094328,1779714401872668865,-20.425463,1160.496,128
5828,1779714401895079264,1779714401874490075,-20.589189,821.21,128
5829,1779714401897118178,1779714401876676720,-20.441458,1186.645,128
5830,1779714401899312157,1779714401878515762,-20.796395,839.042,128
5831,1779714401901140455,1779714401880331344,-20.809111,815.582,128
5832,1779714401902891052,1779714401881532427,-21.358625,201.083,128
5833,1779714401904190930,1779714401882988643,-21.202287,456.216,128
5834,1779714401905593611,1779714401884478709,-21.114902,490.066,128
5835,1779714401907032069,1779714401885475519,-21.55655,-3.19,128
5836,1779714401908026756,1779714401886714792,-21.311964,239.273,128
5837,1779714401909186138,1779714401888249443,-20.936695,534.651,128
5838,1779714401910862732,1779714401889997346,-20.865386,747.903,128
5839,1779714401912686250,1779714401891837662,-20.848588,840.316,128
5840,1779714401914473203,1779714401893508621,-20.964582,670.959,128
5841,1779714401916002440,1779714401895206766,-20.795674,698.145,128
5842,1779714401917797814,1779714401896489684,-21.30813,282.918,128
5843,1779714401919025208,1779714401898418293,-20.606915,928.609,128
5844,1779714401921049026,1779714401899807845,-21.241181,389.552,128
5845,1779714401922313878,1779714401901236378,-21.0775,428.533,128
5846,1779714401923801892,1779714401902399307,-21.402585,162.929,128
5847,1779714401924988863,1779714401903877104,-21.111759,477.797,128
5848,1779714401926495591,1779714401905539230,-20.956361,662.126,128
5849,1779714401928155300,1779714401907560717,-20.594583,1021.487,128
5850,1779714401930168295,1779714401909412040,-20.756255,851.323,128
5851,1779714401932004281,1779714401910688721,-21.31556,276.681,128
5852,1779714401933296315,1779714401911939734,-21.356581,251.013,128
5853,1779714401934520189,1779714401913964194,-20.555995,1024.46,128
5854,1779714401936154429,1779714401915368097,-20.786332,403.903,128
5855,1779714401938012967,1779714401917336807,-20.67616,968.71,128
5856,1779714401939791606,1779714401918251648,-21.539958,-85.159,128
5857,1779714401940921437,1779714401919707997,-21.21344,456.349,128
5858,1779714401942354696,1779714401921204698,-21.149998,496.701,128
5859,1779714401943818962,1779714401922311178,-21.507784,106.48,128
5860,1779714401944944526,1779714401923407069,-21.537457,95.891,128
5861,1779714401946097802,1779714401925429507,-20.668295,1022.438,128
5862,1779714401948104316,1779714401926603073,-21.501243,173.566,128
5863,1779714401949186613,1779714401928475584,-20.711029,872.511,128
5864,1779714401951047220,1779714401930342027,-20.705193,866.443,128
5865,1779714401952863281,1779714401932033893,-20.829388,691.866,128
5866,1779714401954653807,1779714401933698252,-20.955555,664.359,128
5867,1779714401956323016,1779714401935308040,-21.014976,609.788,128
5868,1779714401957992427,1779714401936292080,-21.700347,-15.96,128
5869,1779714401958972670,1779714401937778813,-21.193857,486.733,128
5870,1779714401960478313,1779714401939375782,-21.102531,596.969,128
5871,1779714401962003584,1779714401940383788,-21.619796,8.006,128
5872,1779714401962947922,1779714401941809579,-21.138343,425.791,128
5873,1779714401964421256,1779714401942922188,-21.499068,112.609,128
5874,1779714401965615190,1779714401944418847,-21.196343,496.659,128
5875,1779714401966991176,1779714401945853253,-21.137923,434.406,128
5876,1779714401968503122,1779714401947129768,-21.373354,276.515,128
5877,1779714401969812464,1779714401948308516,-21.503948,178.748,128
5878,1779714401970937923,1779714401949784508,-21.153415,475.992,128
5879,1779714401972396888,1779714401951554530,-20.842358,770.022,128
5880,1779714401974179621,1779714401953686509,-20.493112,1131.979,128
5881,1779714401976328570,1779714401955688483,-20.640087,1001.974,128
5882,1779714401978239535,1779714401957392239,-20.847296,703.756,128
5883,1779714401979968205,1779714401958935819,-21.032386,543.58,128
5884,1779714402989064952,1779714402998396742,9.33179,1038460.923,128
5885,1779714403020986073,1779714403165783692,144.797619,166386.95,128
5886,1779714403188388116,1779714403168111836,-20.27628,1328.144,128
5887,1779714403190640316,1779714403174991751,-15.648565,5879.915,128
5888,1779714403194681444,1779714403175000194,-19.68125,-991.557,128
5889,1779714403197571364,1779714403176388720,-21.182644,388.526,128
5890,1779714403198996579,1779714403177415937,-21.580642,27.217,128
5891,1779714403200018452,1779714403178271990,-21.746462,-143.947,128
5892,1779714403200891431,1779714403178986972,-21.904459,-285.018,128
5893,1779714403201669304,1779714403179812956,-21.856348,-174.016,128
5894,1779714403202431566,1779714403180793330,-21.638236,-19.626,128
5895,1779714403203343669,1779714403182048503,-21.295166,255.173,128
5896,1779714403204594687,1779714403183038453,-21.556234,-10.05,128
5897,1779714403205565759,1779714403183899945,-21.665814,-138.508,128
5898,1779714403206500401,1779714403184822843,-21.677558,-77.102,128
5899,1779714403207434740,1779714403185784690,-21.65005,-38.153,128
5900,1779714403208334992,1779714403186672071,-21.662921,-112.619,128
5901,1779714403209247600,1779714403187719890,-21.52771,47.819,128
5902,1779714403210390679,1779714403188777711,-21.612968,57.821,128
5903,1779714403211323635,1779714403189454078,-21.869557,-323.633,128
5904,1779714403212061036,1779714403190418383,-21.642653,-35.695,128
5905,1779714403212965125,1779714403192257984,-20.707141,839.601,128
5906,1779714403213829696,1779714403192266562,-21.563134,-991.422,128
5907,1779714403214640405,1779714403192879068,-21.761337,-387.494,128
5908,1779714403215537021,1779714403193865026,-21.671995,-14.042,128
5909,1779714403216404204,1779714403194575225,-21.828979,-289.801,128
5910,1779714403217177492,1779714403195502822,-21.67467,-72.403,128
5911,1779714403218104421,1779714403196387364,-21.717057,-115.458,128
5912,1779714403218998137,1779714403197518491,-21.479646,131.127,128
5913,1779714403220119192,1779714403198629452,-21.48974,110.961,128
5914,1779714403221244119,1779714403199786742,-21.457377,157.29,128
5915,1779714403222383437,1779714403200910714,-21.472723,123.972,128
5916,1779714403223379988,1779714403201776703,-21.603285,-134.011,128
5917,1779714403224383197,1779714403202832268,-21.550929,55.565,128
5918,1779714403225343031,1779714403203816261,-21.52677,-16.007,128
5919,1779714403226375676,1779714403204758061,-21.617615,-58.2,128
5920,1779714403227328909,1779714403205690812,-21.638097,-67.249,128
5921,1779714403228300080,1779714403206700900,-21.59918,10.088,128
5922,1779714403229275884,1779714403207456919,-21.818965,-243.981,128
5923,1779714403230062602,1779714403208482363,-21.580239,25.444,128
5924,1779714403231087427,1779714403209392712,-21.694715,-89.651,128
5925,1779714403232053626,1779714403210461695,-21.591931,68.983,128
5926,1779714403233023958,1779714403211323003,-21.700955,-138.692,128
5927,1779714403233977594,1779714403212409333,-21.568261,86.33,128
5928,1779714403234913569,1779714403213153492,-21.760077,-255.841,128
5929,1779714403235744594,1779714403214040864,-21.70373,-112.628,128
5930,1779714403236699345,1779714403214988616,-21.710729,-52.248,128
5931,1779714403237583781,1779714403215808950,-21.774831,-179.666,128
5932,1779714403238419856,1779714403216752043,-21.667813,-56.907,128
5933,1779714403239369453,1779714403217569589,-21.799864,-182.454,128
5934,1779714403240184001,1779714403218582814,-21.601187,13.225,128
5935,1779714403241194620,1779714403219558228,-21.636392,-24.586,128
5936,1779714403242049159,1779714403220432898,-21.616261,-125.33,128
5937,1779714403243012625,1779714403221328303,-21.684322,-104.595,128
5938,1779714403243977485,1779714403222396226,-21.581259,67.923,128
5939,1779714403244951672,1779714403223386792,-21.56488,-9.434,128
5940,1779714403245939209,1779714403224117106,-21.822103,-269.686,128
5941,1779714403246776367,1779714403225248713,-21.527654,131.607,128
5942,1779714403247744161,1779714403225911354,-21.832807,-337.359,128
5943,1779714403248579475,1779714403226894870,-21.684605,-16.484,128
5944,1779714403249507724,1779714403228270431,-21.237293,375.561,128
5945,1779714403250657251,1779714403229889507,-20.767744,619.076,128
5946,1779714403252480666,1779714403230866497,-21.614169,-23.01,128
5947,1779714403253454023,1779714403231536216,-21.917807,-330.281,128
5948,1779714403254143426,1779714403232556219,-21.587207,20.003,128
5949,1779714403255118101,1779714403233456872,-21.661229,-99.347,128
5950,1779714403256049993,1779714403234305604,-21.744389,-151.268,128
5951,1779714403256912128,1779714403235054329,-21.857799,-251.275,128
5952,1779714403257732078,1779714403236080658,-21.65142,26.329,128
5953,1779714403258692337,1779714403237074082,-21.618255,-6.576,128
5954,1779714403259654839,1779714403238047859,-21.60698,-26.223,128
5955,1779714403260653373,1779714403239286908,-21.366465,239.049,128
5956,1779714403261778825,1779714403240177949,-21.600876,-108.959,128
5957,1779714403262695772,1779714403240935359,-21.760413,-242.59,128
5958,1779714403263495472,1779714403241839130,-21.656342,-96.229,128
5959,1779714403264434765,1779714403243023753,-21.411012,184.623,128
5960,1779714403265511065,1779714403244117292,-21.393773,93.539,128
5961,1779714403266716799,1779714403245174215,-21.542584,56.923,128
5962,1779714403267661584,1779714403246019272,-21.642312,-154.943,128
5963,1779714403268595704,1779714403246688487,-21.907217,-330.785,128
5964,1779714403269294646,1779714403247685476,-21.60917,-3.011,128
5965,1779714403270312852,1779714403248568016,-21.744836,-117.46,128
5966,1779714403271168615,1779714403249474200,-21.694415,-93.816,128
5967,1779714403272063319,1779714403250435771,-21.627548,-38.429,128
5968,1779714403273038353,1779714403251256895,-21.781458,-178.876,128
5969,1779714403273841763,1779714403252144781,-21.696982,-112.114,128
5970,1779714403274804110,1779714403253166057,-21.638053,21.276,128
5971,1779714403275745558,1779714403253914961,-21.830597,-251.096,128
5972,1779714403276560692,1779714403254973795,-21.586897,58.834,128
5973,1779714403277526844,1779714403255899144,-21.6277,-74.651,128
5974,1779714403278494007,1779714403256836057,-21.65795,-63.087,128
5975,1779714403279423873,1779714403257791908,-21.631965,-44.149,128
5976,1779714403280399654,1779714403258770804,-21.62885,-21.104,128
5977,1779714403281353988,1779714403259829260,-21.524728,58.456,128
5978,1779714403282358382,1779714403260738559,-21.619823,-90.701,128
5979,1779714403283336137,1779714403261708444,-21.627693,-30.115,128
5980,1779714403284334728,1779714403262772402,-21.562326,63.958,128
5981,1779714403285303403,1779714403263578369,-21.725034,-194.033,128
5982,1779714403286160833,1779714403264566126,-21.594707,-12.243,128
5983,1779714403287176088,1779714403265590701,-21.585387,24.575,128
5984,1779714403288193251,1779714403266397239,-21.796012,-193.462,128
5985,1779714403289009541,1779714403267271490,-21.738051,-125.749,128
5986,1779714403289878530,1779714403268046905,-21.831625,-224.585,128
5987,1779714403290707743,1779714403268918748,-21.788995,-128.157,128
5988,1779714403291529991,1779714403269922704,-21.607287,3.956,128
5989,1779714403292392694,1779714403270747933,-21.644761,-174.771,128
5990,1779714403293350212,1779714403271754921,-21.595291,6.988,128
5991,1779714403294356879,1779714403272835865,-21.521014,80.944,128
5992,1779714403295369287,1779714403273879031,-21.490256,43.166,128
5993,1779714403296383961,1779714403274635780,-21.748181,-243.251,128
5994,1779714403297227024,1779714403275672033,-21.554991,36.253,128
5995,1779714403298219880,1779714403292637152,-5.582728,15965.119,128
5996,1779714403315266713,1779714403295508805,-19.757908,1871.653,128
5997,1779714403318320932,1779714403296616940,-21.703992,108.135,128
5998,1779714403319682702,1779714403298836964,-20.845738,1220.024,128
5999,1779714403321510022,1779714403301015959,-20.494063,1178.995,128
6000,1779714403323745232,1779714403303037256,-20.707976,1021.297,128
6001,1779714403325662473,1779714403304487085,-21.175388,449.829,128
6002,1779714403327159692,1779714403306321636,-20.838056,834.551,128
6003,1779714403328929431,1779714403308378944,-20.550487,1057.308,128
6004,1779714403330942807,1779714403309865728,-21.077079,486.784,128
6005,1779714403332534744,1779714403311748636,-20.786108,882.908,128
6006,1779714403334469412,1779714403313790168,-20.679244,1041.532,128
6007,1779714403336449876,1779714403315291251,-21.158625,501.083,128
6008,1779714403337876537,1779714403317293018,-20.583519,1001.767,128
6009,1779714403340002229,1779714403318839459,-21.16277,546.441,128
6010,1779714403341319728,1779714403320398901,-20.920827,559.442,128
6011,1779714403343128922,1779714403322842493,-20.286429,1443.592,128
6012,1779714403345510123,1779714403325277631,-20.232492,1435.138,128
6013,1779714403347922444,1779714403327311601,-20.610843,1033.97,128
6014,1779714403349876417,1779714403329416849,-20.459568,1105.248,128
6015,1779714403352067869,1779714403331268519,-20.79935,851.67,128
6016,1779714403353974040,1779714403333792809,-20.181231,1524.29,128
6017,1779714403356072540,1779714403335430218,-20.642322,637.409,128
6018,1779714403357830859,1779714403337202044,-20.628815,771.826,128
6019,1779714403359694190,1779714403339123768,-20.570422,921.724,128
6020,1779714403361709848,1779714403340549295,-21.160553,425.527,128
6021,1779714403363081018,1779714403342048595,-21.032423,499.3,128
6022,1779714403364458452,1779714403343644516,-20.813936,595.921,128
6023,1779714403366184517,1779714403345462189,-20.722328,817.673,128
6024,1779714403368026713,1779714403347102531,-20.924182,640.342,128
6025,1779714403369586844,1779714403349340039,-20.246805,1237.508,128
6026,1779714403371912899,1779714403351290112,-20.622787,950.073,128
6027,1779714403373825002,1779714403353464249,-20.360753,1174.137,128
6028,1779714403376107196,1779714403355799487,-20.307709,1335.238,128
6029,1779714403378358943,1779714403357735328,-20.623615,935.841,128
6030,1779714403380252760,1779714403359771831,-20.480929,1036.503,128
6031,1779714403382345747,1779714403361293721,-21.052026,521.89,128
6032,1779714403383856896,1779714403362903684,-20.953212,609.963,128
6033,1779714403385474467,1779714403365484536,-19.989931,1580.852,128
6034,1779714403388048108,1779714403367308144,-20.739964,823.608,128
6035,1779714403389760182,1779714403368626530,-21.133652,318.386,128
6036,1779714403391204068,1779714403370131914,-21.072154,505.384,128
6037,1779714403392699368,1779714403371493472,-21.205896,361.558,128
6038,1779714403394083365,1779714403373297754,-20.785611,804.282,128
6039,1779714403395831582,1779714403375190168,-20.641414,892.414,128
6040,1779714403397677289,1779714403376621980,-21.055309,431.812,128
6041,1779714403399202567,1779714403377791500,-21.411067,169.52,128
6042,1779714403400384702,1779714403379745839,-20.638863,954.339,128
6043,1779714403402161679,1779714403382044520,-20.117159,1298.681,128
6044,1779714403404604997,1779714403383508616,-21.096381,464.096,128
6045,1779714403405942206,1779714403384804253,-21.137953,295.637,128
6046,1779714403407392005,1779714403387280735,-20.11127,1476.482,128
6047,1779714403409749513,1779714403388757265,-20.992248,476.53,128
6048,1779714403411333412,1779714403390575204,-20.758208,817.939,128
6049,1779714403413127279,1779714403392073431,-21.053848,498.227,128
6050,1779714403414655839,1779714403394309159,-20.34668,1235.728,128
6051,1779714403416872356,1779714403396339443,-20.532913,1030.284,128
6052,1779714403418842298,1779714403397738879,-21.103419,399.436,128
6053,1779714403420322803,1779714403399533433,-20.78937,794.554,128
6054,1779714403421951380,1779714403400985425,-20.965955,451.992,128
6055,1779714403423485452,1779714403402321059,-21.164393,335.634,128
6056,1779714403424837710,1779714403403501761,-21.335949,180.702,128
6057,1779714403426078903,1779714403405335333,-20.74357,833.572,128
6058,1779714403427879267,1779714403406499169,-21.380098,163.836,128
6059,1779714403429043049,1779714403407848274,-21.194775,349.105,128
6060,1779714403430437468,1779714403409412022,-21.025446,563.748,128
6061,1779714403431971032,1779714403410784307,-21.186725,372.285,128
6062,1779714403433412636,1779714403412316133,-21.096503,531.826,128
6063,1779714403434866871,1779714403413864579,-21.002292,548.446,128
6064,1779714403436348002,1779714403415271141,-21.076861,406.562,128
6065,1779714403437839692,1779714403416705323,-21.134369,434.182,128
6066,1779714403439166770,1779714403417668315,-21.498455,-37.008,128
6067,1779714403440180848,1779714403419013781,-21.167067,345.466,128
6068,1779714403441449967,1779714403420257874,-21.192093,244.093,128
6069,1779714403442782501,1779714403421312565,-21.469936,54.691,128
6070,1779714403443876554,1779714403422554129,-21.322425,241.564,128
6071,1779714403445086067,1779714403423808024,-21.278043,253.895,128
6072,1779714403446335955,1779714403425310278,-21.025677,502.254,128
6073,1779714403447798309,1779714403426663573,-21.134736,353.295,128
6074,1779714403449235418,1779714403428373367,-20.862051,709.794,128
6075,1779714403450940508,1779714403429798541,-21.141967,425.174,128
6076,1779714403452348455,1779714403431153618,-21.194837,355.077,128
6077,1779714403453651601,1779714403432245420,-21.406181,91.802,128
6078,1779714403454940425,1779714403434001471,-20.938954,756.051,128
6079,1779714403456580032,1779714403435902348,-20.677684,900.877,128
6080,1779714403458514752,1779714403437354880,-21.159872,452.532,128
6081,1779714403459929557,1779714403438605348,-21.324209,250.468,128
6082,1779714403461196098,1779714403439609263,-21.586835,3.915,128
6083,1779714403462207773,1779714403478017295,15.809522,37408.032,128
6084,1779714403500500093,1779714403479752791,-20.747302,735.496,128
6085,1779714403502323232,1779714403481333476,-20.989756,580.685,128
6086,1779714403503890402,1779714403483421534,-20.468868,1088.058,128
6087,1779714403505306040,1779714403484074975,-21.231065,-346.559,128
6088,1779714403506629734,1779714403485545598,-21.084136,470.623,128
6089,1779714403508061521,1779714403487854547,-20.206974,1308.949,128
6090,1779714403510391295,1779714403489601327,-20.789968,746.78,128
6091,1779714403512036178,1779714403491260987,-20.775191,659.66,128
6092,1779714403513619792,1779714403492899664,-20.720128,638.677,128
6093,1779714403515370653,1779714403494434349,-20.936304,534.685,128
6094,1779714403516849466,1779714403495637559,-21.211907,203.21,128
6095,1779714403518161064,1779714403497439623,-20.721441,802.064,128
6096,1779714403519963214,1779714403498848471,-21.114743,408.848,128
6097,1779714403521266016,1779714403500360408,-20.905608,511.937,128
6098,1779714403522746051,1779714403501487899,-21.258152,127.491,128
6099,1779714403523991385,1779714403502870309,-21.121076,382.41,128
6100,1779714403525390588,1779714403504287002,-21.103586,416.693,128
6101,1779714403526793987,1779714403505722626,-21.071361,435.624,128
6102,1779714403528191844,1779714403507082801,-21.109043,360.175,128
6103,1779714403529498040,1779714403510121438,-19.376602,2038.637,128
6104,1779714403532503647,1779714403512249252,-20.254395,1127.814,128
6105,1779714403534716744,1779714403514461756,-20.254988,1212.504,128
6106,1779714403536852428,1779714403516265615,-20.586813,803.859,128
6107,1779714403538758953,1779714403517891290,-20.867663,625.675,128
6108,1779714403540261067,1779714403519120309,-21.140758,229.019,128
6109,1779714403541655216,1779714403530847484,-10.807732,10727.175,128
6110,1779714403553252239,1779714403532555613,-20.696626,708.129,128
6111,1779714403554997084,1779714403533819437,-21.177647,263.824,128
6112,1779714403556283527,1779714403534996321,-21.287206,176.884,128
6113,1779714403557517899,1779714403536578480,-20.939419,582.159,128
6114,1779714403559030081,1779714403537901052,-21.129029,322.572,128
6115,1779714403560405979,1779714403539649569,-20.75641,748.517,128
6116,1779714403562178445,1779714403540993496,-21.184949,343.927,128
6117,1779714403563514227,1779714403627135172,63.620945,85141.676,128
6118,1779714403649646440,1779714403631692068,-17.954372,3556.896,128
6119,1779714403654331463,1779714403633106056,-21.225407,413.988,128
6120,1779714403655662763,1779714403635404425,-20.258338,1298.369,128
6121,1779714403657875089,1779714403636924694,-20.950395,520.269,128
6122,1779714403659616861,1779714403638747767,-20.869094,823.073,128
6123,1779714403661218347,1779714403640416884,-20.801463,669.117,128
6124,1779714403662901683,1779714403642256197,-20.645486,839.313,128
6125,1779714403664655212,1779714403644116861,-20.538351,860.664,128
6126,1779714403666506276,1779714403645946982,-20.559294,830.121,128
6127,1779714403668512704,1779714403647731760,-20.780944,784.778,128
6128,1779714403670196247,1779714403651418222,-18.778025,2686.462,128
6129,1779714403671849268,1779714403651429148,-20.42012,-989.074,128
6130,1779714403673253140,1779714403652894215,-20.358925,465.067,128
6131,1779714403675420355,1779714403657092494,-18.327861,3198.279,128
6132,1779714403677342733,1779714403657102280,-20.240453,-990.214,128
6133,1779714403679608619,1779714403659224382,-20.384237,1122.102,128
6134,1779714403681409192,1779714403660504962,-20.90423,280.58,128
6135,1779714403682961100,1779714403661889867,-21.071233,384.905,128
6136,1779714403684346864,1779714403663714325,-20.632539,824.458,128
6137,1779714403686165866,1779714403665340255,-20.825611,625.93,128
6138,1779714403687845021,1779714403666788963,-21.056058,448.708,128
6139,1779714403689240671,1779714403668310636,-20.930035,521.673,128
6140,1779714403690782196,1779714403669892471,-20.889725,581.835,128
6141,1779714403692343222,1779714403671464408,-20.878814,571.937,128
6142,1779714403693950999,1779714403673369165,-20.581834,904.757,128
6143,1779714403695822597,1779714403675829082,-19.993515,1459.917,128
6144,1779714403697721820,1779714403676701325,-21.020495,-127.757,128
6145,1779714403699023270,1779714403678759157,-20.264113,1057.832,128
6146,1779714403701102015,1779714403679886720,-21.215295,127.563,128
6147,1779714403702379696,1779714403681720864,-20.658832,834.144,128
6148,1779714403704116103,1779714403682654586,-21.461517,-66.278,128
6149,1779714403705192163,1779714403684032669,-21.159494,378.083,128
6150,1779714403706659005,1779714403685911504,-20.747501,878.835,128
6151,1779714403708436681,1779714403687723919,-20.712762,812.415,128
6152,1779714403710282341,1779714403689600118,-20.682223,876.199,128
6153,1779714403712078335,1779714403691523216,-20.555119,923.098,128
6154,1779714403714115841,1779714403693260323,-20.855518,737.107,128
6155,1779714403715750119,1779714403694676132,-21.073987,415.809,128
6156,1779714403717160235,1779714403696044178,-21.116057,368.046,128
6157,1779714403718622416,1779714403697419998,-21.202418,375.82,128
6158,1779714403719926905,1779714403698621845,-21.30506,201.847,128
6159,1779714403721114045,1779714403700118357,-20.995688,496.512,128
6160,1779714403722670862,1779714403701638992,-21.03187,520.635,128
6161,1779714403724127582,1779714403704417068,-19.710514,1778.076,128
6162,1779714403726879343,1779714403705447646,-21.431697,30.578,128
6163,1779714403727985661,1779714403706600080,-21.385581,152.434,128
6164,1779714403729106003,1779714403707727517,-21.378486,127.437,128
6165,1779714403730323419,1779714403709491445,-20.831974,763.928,128
6166,1779714403731881064,1779714403711284016,-20.597048,792.571,128
6167,1779714403733800078,1779714403712501459,-21.298619,217.443,128
6168,1779714403734983229,1779714403714414792,-20.568437,913.333,128
6169,1779714403736862312,1779714403715474724,-21.387588,59.932,128
6170,1779714403737962697,1779714403716498193,-21.464504,23.469,128
6171,1779714403738973586,1779714403717816130,-21.157456,317.937,128
6172,1779714403740315695,1779714403719000153,-21.315542,184.023,128
6173,1779714403741547624,1779714403720561334,-20.98629,561.181,128
6174,1779714403742924780,1779714403722034065,-20.890715,472.731,128
6175,1779714403744449475,1779714403723168618,-21.280857,134.553,128
6176,1779714403745630726,1779714403724480367,-21.150359,311.749,128
6177,1779714403746963355,1779714403725546343,-21.417012,65.976,128
6178,1779714403748037141,1779714403727352923,-20.684218,806.58,128
6179,1779714403749754430,1779714403728876230,-20.8782,523.307,128
6180,1779714403751740928,1779714403731727051,-20.013877,1850.821,128
6181,1779714403754290798,1779714403733536911,-20.753887,809.86,128
6182,1779714403756036086,1779714403737003504,-19.032582,2466.593,128
6183,1779714403759595399,1779714403740022740,-19.572659,2019.236,128
6184,1779714403762868972,1779714403742382697,-20.486275,1359.957,128
6185,1779714403764839413,1779714403743945489,-20.893924,562.792,128
6186,1779714403766444201,1779714403745821548,-20.622653,876.059,128
6187,1779714403768374525,1779714403748003634,-20.370891,1182.086,128
6188,1779714403770480396,1779714403749847480,-20.632916,843.846,128
6189,1779714403772755335,1779714403753762105,-18.99323,2914.625,128
6190,1779714403776184572,1779714403756506869,-19.677703,1744.764,128
6191,1779714403779076961,1779714403758051396,-21.025565,544.527,128
6192,1779714403780626300,1779714403759927630,-20.69867,876.234,128
6193,1779714403782335767,1779714403761486930,-20.848837,559.3,128
6194,1779714403783897323,1779714403763360783,-20.53654,873.853,128
6195,1779714403785729774,1779714403765867167,-19.862607,1506.384,128
6196,1779714403787744789,1779714403769577300,-18.167489,2710.133,128
6197,1779714403792049187,1779714403772554649,-19.494538,1977.349,128
6198,1779714403794878699,1779714403774096566,-20.782133,541.917,128
6199,1779714403796477572,1779714403775727142,-20.75043,630.576,128
6200,1779714403798215051,1779714403777618265,-20.596786,891.123,128
6201,1779714403800068525,1779714403779699128,-20.369397,1080.863,128
6202,1779714403802146644,1779714403781242092,-20.904552,542.964,128
6203,1779714403803646700,1779714403782894232,-20.752468,652.14,128
6204,1779714403805314794,1779714403784446680,-20.868114,552.448,128
6205,1779714403806961082,1779714403786235939,-20.725143,789.259,128
6206,1779714403808713181,1779714403788037621,-20.67556,801.682,128
6207,1779714403810574775,1779714403789454785,-21.11999,417.164,128
6208,1779714403812062386,1779714403791358440,-20.703946,903.655,128
6209,1779714403813910567,1779714403792948417,-20.96215,589.977,128
6210,1779714403815599778,1779714403794551802,-21.047976,603.385,128
6211,1779714403817098230,1779714403796277238,-20.820992,725.436,128
6212,1779714403818787964,1779714403797710191,-21.077773,432.953,128
6213,1779714403820247968,1779714403799188833,-21.059135,478.642,128
6214,1779714403821639872,1779714403800674692,-20.96518,485.859,128
6215,1779714403823239880,1779714403802211685,-21.028195,536.993,128
6216,1779714403824663154,1779714403804320952,-20.342202,1109.267,128
6217,1779714403826791451,1779714403805947213,-20.844238,626.261,128
6218,1779714403828486043,1779714403807857815,-20.628228,910.602,128
6219,1779714403830281044,1779714403809298928,-20.982116,441.113,128
6220,1779714403831683570,1779714403810919074,-20.764496,620.146,128
6221,1779714403833388542,1779714403812487061,-20.901481,567.987,128
6222,1779714403835019555,1779714403813911807,-21.107748,424.746,128
6223,1779714403836477421,1779714403815429007,-21.048414,517.2,128
6224,1779714403837944823,1779714403817154024,-20.790799,725.017,128
6225,1779714403839696982,1779714403818449966,-21.247016,295.942,128
6226,1779714403841019412,1779714403819550397,-21.469015,100.431,128
6227,1779714403842069178,1779714403821470845,-20.598333,920.448,128
6228,1779714403844057455,1779714403823232918,-20.824537,762.073,128
6229,1779714403845799319,1779714403825165200,-20.634119,932.282,128
6230,1779714403847685831,1779714403826789486,-20.896345,624.286,128
6231,1779714403849369060,1779714403828431451,-20.937609,641.965,128
6232,1779714403850973843,1779714403830298006,-20.675837,866.555,128
6233,1779714403852877283,1779714403831910215,-20.967068,612.209,128
6234,1779714403854436621,1779714403833636591,-20.80003,726.376,128
6235,1779714403856069778,1779714403835768155,-20.301623,1131.564,128
6236,1779714403858116055,1779714403837842302,-20.273753,1074.147,128
6237,1779714403860399093,1779714403839782226,-20.616867,939.924,128
6238,1779714403862170336,1779714403841728760,-20.441576,946.534,128
6239,1779714403864031042,1779714403843108127,-20.922915,379.367,128
6240,1779714403865663750,1779714403845050279,-20.613471,942.152,128
6241,1779714403867538355,1779714403847235673,-20.302682,1185.394,128
6242,1779714403869737025,1779714403848891401,-20.845624,655.728,128
6243,1779714403871102581,1779714403850923490,-20.179091,1032.089,128
6244,1779714403873401518,1779714403853342393,-20.059125,1418.903,128
6245,1779714403875767568,1779714403855229496,-20.538072,887.103,128
6246,1779714403877774446,1779714403856777901,-20.996545,548.405,128
6247,1779714403879405647,1779714403858862649,-20.542998,1084.748,128
6248,1779714403881334980,1779714403861339576,-19.995404,1476.927,128
6249,1779714403883857449,1779714403863054438,-20.803011,714.862,128
6250,1779714403885771875,1779714403865223237,-20.548638,1168.799,128
6251,1779714403887754130,1779714403867115606,-20.638524,892.369,128
6252,1779714403889755698,1779714403868894717,-20.860981,779.111,128
6253,1779714403891436926,1779714403870888478,-20.548448,993.761,128
6254,1779714403893483208,1779714403872500753,-20.982455,612.275,128
6255,1779714403895088899,1779714403873824854,-21.264045,324.101,128
6256,1779714403896479340,1779714403875505475,-20.973865,680.621,128
6257,1779714403897967407,1779714403876908448,-21.058959,402.973,128
6258,1779714403899608140,1779714403878456385,-21.151755,547.937,128
6259,1779714403901018740,1779714403879872736,-21.146004,416.351,128
6260,1779714403902444160,1779714403881617965,-20.826195,745.229,128
6261,1779714403904229395,1779714403883216856,-21.012539,598.891,128
6262,1779714403905804060,1779714403884866582,-20.937478,649.726,128
6263,1779714403907395418,1779714403886583325,-20.812093,716.743,128
6264,1779714403909167398,1779714403888505457,-20.661941,922.132,128
6265,1779714403911092282,1779714403890422747,-20.669535,917.29,128
6266,1779714403913026807,1779714403892261609,-20.765198,838.862,128
6267,1779714403914790969,1779714403893783829,-21.00714,522.22,128
6268,1779714403916375768,1779714403895408711,-20.967057,624.882,128
6269,1779714403918125560,1779714403897375074,-20.750486,966.363,128
6270,1779714403919995257,1779714403899005652,-20.989605,630.578,128
6271,1779714403921516672,1779714403900925221,-20.591451,919.569,128
6272,1779714403923366225,1779714403902771143,-20.595082,845.922,128
6273,1779714403925296315,1779714403905046448,-20.249867,1275.305,128
6274,1779714403927754674,1779714403906942571,-20.812103,896.123,128
6275,1779714403929655642,1779714403908658371,-20.997271,715.8,128
6276,1779714403931103359,1779714403909666980,-21.436379,8.609,128
6277,1779714403932277734,1779714403911301158,-20.976576,634.178,128
6278,1779714403933930992,1779714403913114579,-20.816413,813.421,128
6279,1779714403935732138,1779714403914721156,-21.010982,606.577,128
6280,1779714403937315255,1779714403916383182,-20.932073,662.026,128
6281,1779714403938976044,1779714403917964659,-21.011385,581.477,128
6282,1779714403940643507,1779714403919543459,-21.100048,578.8,128
6283,1779714403942076495,1779714403921537053,-20.539442,993.594,128
6284,1779714403943627371,1779714403922563246,-21.064125,26.193,128
6285,1779714403944963299,1779714403924375173,-20.588126,811.927,128
6286,1779714403946877718,1779714403927463042,-19.414676,2087.869,128
6287,1779714403950052358,1779714403929531518,-20.52084,1068.476,128
6288,1779714403952000877,1779714403931092137,-20.90874,560.619,128
6289,1779714403953696959,1779714403933036283,-20.660676,944.146,128
6290,1779714403955683678,1779714403934850283,-20.833395,814.0,128
6291,1779714403957646314,1779714403936760726,-20.885588,910.443,128
6292,1779714403959381147,1779714403939016629,-20.364518,1255.903,128
6293,1779714403961718969,1779714403941728843,-19.990126,1712.214,128
6294,1779714403964092666,1779714403943508340,-20.584326,779.497,128
6295,1779714403966094263,1779714403945622055,-20.472208,1113.715,128
6296,1779714403968229304,1779714403947719798,-20.509506,1097.743,128
6297,1779714403970410492,1779714403949662087,-20.748405,942.289,128
6298,1779714403972311483,1779714403951424112,-20.887371,762.025,128
6299,1779714403974029923,1779714403953733411,-20.296512,1309.299,128
6300,1779714403976320510,1779714403956212665,-20.107845,1479.254,128
6301,1779714403978879926,1779714403958221498,-20.658428,1008.833,128
6302,1779714403980777548,1779714403960539899,-20.237649,1318.401,128
6303,1779714403983124802,1779714403962215687,-20.909115,675.788,128
6304,1779714403984812351,1779714403964308050,-20.504301,1092.363,128
6305,1779714403987015148,1779714403966667307,-20.347841,1359.257,128
6306,1779714403989273850,1779714403968614837,-20.659013,947.53,128
6307,1779714403991174533,1779714403970419681,-20.754852,804.844,128
6308,1779714403993022210,1779714403972576412,-20.445798,1156.731,128
6309,1779714403995170361,1779714403975385409,-19.784952,1808.997,128
6310,1779714403997976634,1779714403977789088,-20.187546,1403.679,128
6311,1779714404000511969,1779714403980324823,-20.187146,1535.735,128
6312,1779714404002848926,1779714403982725613,-20.123313,1400.79,128
6313,1779714404005428913,1779714403986648715,-18.780198,2923.102,128
6314,1779714404009241214,1779714403989274084,-19.96713,1625.369,128
6315,1779714404011843783,1779714403991393323,-20.45046,1119.239,128
6316,1779714404013828484,1779714403993924533,-19.903951,1531.21,128
6317,1779714404016531695,1779714403995718821,-20.812874,794.288,128
6318,1779714404018316318,1779714403997269193,-21.047125,550.372,128
6319,1779714404019821255,1779714403999345729,-20.475526,1076.536,128
6320,1779714404022063853,1779714404001682408,-20.381445,1336.679,128
6321,1779714404024211922,1779714404002771043,-21.440879,88.635,128
6322,1779714404025444555,1779714404004746328,-20.698227,975.285,128
6323,1779714404027435800,1779714404006737666,-20.698134,991.338,128
6324,1779714404029268352,1779714404008638708,-20.629644,901.042,128
6325,1779714404031190357,1779714404010769144,-20.421213,1130.436,128
6326,1779714404033534959,1779714404012899713,-20.635246,1130.569,128
6327,1779714404035631755,1779714404015336536,-20.295219,1436.823,128
6328,1779714404037879473,1779714404017415537,-20.463936,1079.001,128
6329,1779714404039939185,1779714404019014458,-20.924727,598.921,128
6330,1779714404041647609,1779714404021341979,-20.30563,1327.521,128
6331,1779714404043958175,1779714404023404878,-20.553297,1062.899,128
6332,1779714404046049352,1779714404026235770,-19.813582,1830.892,128
6333,1779714404048810310,1779714404028710174,-20.100136,1474.404,128
6334,1779714404051349608,1779714404030525999,-20.823609,815.825,128
6335,1779714404052961141,1779714404032408264,-20.552877,882.265,128
6336,1779714404054870889,1779714404035975987,-18.894902,2567.723,128
6337,1779714404058560912,1779714404037850886,-20.710026,874.899,128
6338,1779714404060425600,1779714404039761626,-20.663974,910.74,128
6339,1779714404062345834,1779714404041826024,-20.51981,1064.398,128
6340,1779714404064352633,1779714404043476991,-20.875642,650.967,128
6341,1779714404066068615,1779714404045528387,-20.540228,1051.396,128
6342,1779714404068277623,1779714404047465818,-20.811805,937.431,128
6343,1779714404069999875,1779714404049560290,-20.439585,1094.472,128
6344,1779714404071807451,1779714404055147147,-16.660304,4586.857,128
6345,1779714404077690157,1779714404057061778,-20.628379,914.631,128
6346,1779714404079662778,1779714404058561435,-21.101343,499.657,128
6347,1779714404081139193,1779714404060443131,-20.696062,881.696,128
6348,1779714404083019521,1779714404062211336,-20.808185,768.205,128
6349,1779714404084807975,1779714404064036501,-20.771474,825.165,128
6350,1779714404086523897,1779714404066340952,-20.182945,1304.451,128
6351,1779714404088940041,1779714404068206166,-20.733875,865.214,128
6352,1779714404090797932,1779714404069598321,-21.199611,392.155,128
6353,1779714404092171809,1779714404071675616,-20.496193,1077.295,128
6354,1779714404094238342,1779714404072415186,-21.823156,-260.43,128
6355,1779714404095017600,1779714404073299981,-21.717619,-115.205,128
6356,1779714404096035409,1779714404074413682,-21.621727,113.701,128
6357,1779714404096925101,1779714404075143574,-21.781527,-270.108,128
6358,1779714404097736753,1779714404075950403,-21.78635,-193.171,128
6359,1779714404098527911,1779714404076752764,-21.775147,-197.639,128
6360,1779714404099337091,1779714404077455238,-21.881853,-297.526,128
6361,1779714404100005749,1779714404078175335,-21.830414,-279.903,128
6362,1779714404100766814,1779714404078906425,-21.860389,-268.91,128
6363,1779714404101517770,1779714404079571285,-21.946485,-335.14,128
6364,1779714404102202508,1779714404080482080,-21.720428,-89.205,128
6365,1779714404102980279,1779714404081301933,-21.678346,-180.147,128
6366,1779714404103778450,1779714404081931652,-21.846798,-370.281,128
6367,1779714404104458767,1779714404082551082,-21.907685,-380.57,128
6368,1779714404105129183,1779714404083215792,-21.913391,-335.29,128
6369,1779714404105800565,1779714404083837638,-21.962927,-378.154,128
6370,1779714404106442721,1779714404084647011,-21.79571,-190.627,128
6371,1779714404107187484,1779714404085364664,-21.82282,-282.347,128
6372,1779714404107937954,1779714404086123809,-21.814145,-240.855,128
6373,1779714404108678012,1779714404086762750,-21.915262,-361.059,128
6374,1779714404109368043,1779714404087304728,-22.063315,-458.022,128
6375,1779714404109910021,1779714404088050991,-21.85903,-253.737,128
6376,1779714404110662008,1779714404088796288,-21.86572,-254.703,128
6377,1779714404111404047,1779714404089592856,-21.811191,-203.432,128
6378,1779714404112188542,1779714404090326823,-21.861719,-266.033,128
6379,1779714404112945471,1779714404091251315,-21.694156,-75.508,128
6380,1779714404113730459,1779714404091927737,-21.802722,-323.578,128
6381,1779714404114534213,1779714404092695399,-21.838814,-232.338,128
6382,1779714404115303036,1779714404093395727,-21.907309,-299.672,128
6383,1779714404115976760,1779714404094153346,-21.823414,-242.381,128
6384,1779714404116756431,1779714404094897466,-21.858965,-255.88,128
6385,1779714404117507177,1779714404095589104,-21.918073,-308.362,128
6386,1779714404118173877,1779714404096254694,-21.919183,-334.41,128
6387,1779714404118850455,1779714404097544971,-21.305484,290.277,128
6388,1779714404119673000,1779714404097912601,-21.760399,-632.37,128
6389,1779714404120514152,1779714404099074136,-21.440016,161.535,128
6390,1779714404121641529,1779714404099876129,-21.7654,-198.007,128
6391,1779714404122435873,1779714404100885969,-21.549904,9.84,128
6392,1779714404123335549,1779714404101659438,-21.676111,-226.531,128
6393,1779714404124185320,1779714404102652539,-21.532781,-6.899,128
6394,1779714404125236659,1779714404103454227,-21.782432,-198.312,128
6395,1779714404126042306,1779714404104359356,-21.68295,-94.871,128
6396,1779714404126966326,1779714404105233510,-21.732816,-125.846,128
6397,1779714404127848366,1779714404105932010,-21.916356,-301.5,128
6398,1779714404128533874,1779714404106752673,-21.781201,-179.337,128
6399,1779714404129358917,1779714404107657609,-21.701308,-95.064,128
6400,1779714404130259691,1779714404108665910,-21.593781,8.301,128
6401,1779714404131110605,1779714404109480220,-21.630385,-185.69,128
6402,1779714404132035494,1779714404110271581,-21.763913,-208.639,128
6403,1779714404132766386,1779714404111028392,-21.737994,-243.189,128
6404,1779714404133484744,1779714404111975414,-21.50933,-52.978,128
6405,1779714404134479795,1779714404112777967,-21.701828,-197.447,128
6406,1779714404135285367,1779714404113564153,-21.721214,-213.814,128
6407,1779714404136153390,1779714404114412191,-21.741199,-151.962,128
6408,1779714404136994133,1779714404115071203,-21.92293,-340.988,128
6409,1779714404137691584,1779714404117088506,-20.603078,1017.303,128
6410,1779714404139999997,1779714404120769943,-19.230054,2681.437,128
6411,1779714404143340874,1779714404121706691,-21.634183,-63.252,128
6412,1779714404144287116,1779714404122634832,-21.652284,-71.859,128
6413,1779714404145238372,1779714404124728161,-20.510211,1093.329,128
6414,1779714404147290246,1779714404126772104,-20.518142,1043.943,128
6415,1779714404149325548,1779714404128644788,-20.68076,872.684,128
6416,1779714404151202206,1779714404130782850,-20.419356,1138.062,128
6417,1779714404153247737,1779714404134341977,-18.90576,2559.127,128
6418,1779714404156953322,1779714404136599195,-20.354127,1257.218,128
6419,1779714404159092216,1779714404138505659,-20.586557,906.464,128
6420,1779714404161054588,1779714404140899022,-20.155566,1393.363,128
6421,1779714404163330615,1779714404142814800,-20.515815,915.778,128
6422,1779714404165245725,1779714404144540550,-20.705175,725.75,128
6423,1779714404167019142,1779714404146526750,-20.492392,986.2,128
6424,1779714404169073155,1779714404148691487,-20.381668,1164.737,128
6425,1779714404171163717,1779714404150344053,-20.819664,652.566,128
6426,1779714404172806716,1779714404151976279,-20.830437,632.226,128
6427,1779714404174515382,1779714404153661235,-20.854147,684.956,128
6428,1779714404176215366,1779714404155666152,-20.549214,1004.917,128
6429,1779714404178220348,1779714404156995970,-21.224378,329.818,128
6430,1779714404179503236,1779714404158911374,-20.591862,915.404,128
6431,1779714404181299982,1779714404160413057,-20.886925,501.683,128
6432,1779714404183058290,1779714404162264793,-20.793497,851.736,128
6433,1779714404184767171,1779714404164430094,-20.337077,1165.301,128
6434,1779714404186898771,1779714404166117759,-20.781012,687.665,128
6435,1779714404188603077,1779714404168015265,-20.587812,897.506,128
6436,1779714404190535808,1779714404169831055,-20.704753,815.79,128
6437,1779714404192449968,1779714404171516019,-20.933949,684.964,128
6438,1779714404194003277,1779714404173245270,-20.758007,729.251,128
6439,1779714404195638828,1779714404174670686,-20.968142,425.416,128
6440,1779714404197480899,1779714404176831009,-20.64989,1160.323,128
6441,1779714404199354344,1779714404178392780,-20.961564,561.771,128
6442,1779714404201010186,1779714404180433810,-20.576376,1041.03,128
6443,1779714404202966168,1779714404181804162,-21.162006,370.352,128
6444,1779714404204355016,1779714404183516844,-20.838172,712.682,128
6445,1779714404206041623,1779714404184963455,-21.078168,446.611,128
6446,1779714404207521486,1779714404186637790,-20.883696,674.335,128
6447,1779714404209139788,1779714404187919105,-21.220683,281.315,128
6448,1779714404210362721,1779714404189386552,-20.976169,467.447,128
6449,1779714404211923175,1779714404191000642,-20.922533,614.09,128
6450,1779714404213552817,1779714404192573231,-20.979586,572.589,128
6451,1779714404215130713,1779714404194281101,-20.849612,707.87,128
6452,1779714404216716405,1779714404195775841,-20.940564,494.74,128
6453,1779714404218294252,1779714404196954081,-21.340171,178.24,128
6454,1779714404219640451,1779714404198564705,-21.075746,610.624,128
6455,1779714404221105316,1779714404199816306,-21.28901,251.601,128
6456,1779714404222361787,1779714404201408270,-20.953517,591.964,128
6457,1779714404223938028,1779714404202822227,-21.115801,413.957,128
6458,1779714404225347311,1779714404204380753,-20.966558,558.526,128
6459,1779714404226924639,1779714404205892563,-21.032076,511.81,128
6460,1779714404228393750,1779714404207333718,-21.060032,441.155,128
6461,1779714404229895499,1779714404209831019,-20.06448,1497.301,128
6462,1779714404232350537,1779714404211370985,-20.979552,539.966,128
6463,1779714404233866130,1779714404212913125,-20.953005,542.14,128
6464,1779714404235389834,1779714404214343760,-21.046074,430.635,128
6465,1779714404236821358,1779714404215523746,-21.297612,179.986,128
6466,1779714404238013008,1779714404217117819,-20.895189,594.073,128
6467,1779714404239540488,1779714404218463756,-21.076732,345.937,128
6468,1779714404240970772,1779714404219785565,-21.185207,321.809,128
6469,1779714404242330265,1779714404221295481,-21.034784,509.916,128
6470,1779714404243780205,1779714404222384648,-21.395557,89.167,128
6471,1779714404245013772,1779714404224114355,-20.899417,729.707,128
6472,1779714404246762808,1779714404225693547,-21.069261,579.192,128
6473,1779714404248248626,1779714404227412165,-20.836461,718.618,128
6474,1779714404249835924,1779714404228601436,-21.234488,189.271,128
6475,1779714404251120618,1779714404230398276,-20.722342,796.84,128
6476,1779714404252857484,1779714404231812211,-21.045273,413.935,128
6477,1779714404254247021,1779714404233268348,-20.978673,456.137,128
6478,1779714404255719273,1779714404234735565,-20.983708,467.217,128
6479,1779714404257237471,1779714404236094091,-21.14338,358.526,128
6480,1779714404258607541,1779714404237633324,-20.974217,539.233,128
6481,1779714404260169782,1779714404238891353,-21.278429,258.029,128
6482,1779714404261411709,1779714404240376357,-21.035352,485.004,128
6483,1779714404262896874,1779714404241856541,-21.040333,480.184,128
6484,1779714404264130832,1779714404243540995,-20.589837,684.454,128
6485,1779714404266060974,1779714404245224444,-20.83653,683.449,128
6486,1779714404267713387,1779714404247527618,-20.185769,1303.174,128
6487,1779714404270090128,1779714404249228627,-20.861501,701.009,128
6488,1779714404271680039,1779714404250488801,-21.191238,260.174,128
6489,1779714404272997478,1779714404252549100,-20.448378,1060.299,128
6490,1779714404275047066,1779714404253978946,-21.06812,429.846,128
6491,1779714404276515529,1779714404255270258,-21.245271,291.312,128
6492,1779714404277831201,1779714404256660925,-21.170276,390.667,128
6493,1779714404279212735,1779714404258080043,-21.132692,419.118,128
6494,1779714404280663551,1779714404259864670,-20.798881,784.627,128
6495,1779714404282478347,1779714404261660623,-20.817724,795.953,128
6496,1779714404284271550,1779714404263305405,-20.966145,644.782,128
6497,1779714404285788855,1779714404264918083,-20.870772,612.678,128
6498,1779714404287523750,1779714404266803525,-20.720225,885.442,128
6499,1779714404289307835,1779714404268556761,-20.751074,753.236,128
6500,1779714404291125575,1779714404270064092,-21.061483,507.331,128
6501,1779714404292665819,1779714404271379979,-21.28584,315.887,128
6502,1779714404293987214,1779714404273379741,-20.607473,999.762,128
6503,1779714404295903641,1779714404275112989,-20.790652,733.248,128
6504,1779714404297527557,1779714404276996382,-20.531175,883.393,128
6505,1779714404299503444,1779714404278854642,-20.648802,858.26,128
6506,1779714404301429013,1779714404281049586,-20.379427,1194.944,128
6507,1779714404303384089,1779714404285049303,-18.334786,2999.717,128
6508,1779714404305262129,1779714404285223657,-20.038472,-825.646,128
6509,1779714404307615621,1779714404287247963,-20.367658,1024.306,128
6510,1779714404309676420,1779714404289476245,-20.200175,1228.282,128
6511,1779714404312040989,1779714404291957443,-20.083546,1481.198,128
6512,1779714404314531235,1779714404293645831,-20.885404,688.388,128
6513,1779714404316258229,1779714404295890637,-20.367592,1244.806,128
6514,1779714404318415129,1779714404298849948,-19.565181,1959.311,128
6515,1779714404321362352,1779714404300809332,-20.55302,959.384,128
6516,1779714404323329332,1779714404302440646,-20.888686,631.314,128
6517,1779714404324870925,1779714404304327936,-20.542989,887.29,128
6518,1779714404326813259,1779714404305847968,-20.965291,520.032,128
6519,1779714404328435936,1779714404307380583,-21.055353,532.615,128
6520,1779714404330017406,1779714404309742462,-20.274944,1361.879,128
6521,1779714404332251309,1779714404311757690,-20.493619,1015.228,128
6522,1779714404334203695,1779714404313842213,-20.361482,1084.523,128
6523,1779714404336189125,1779714404315732687,-20.456438,890.474,128
6524,1779714404338288810,1779714404317751797,-20.537013,1019.11,128
6525,1779714404340218510,1779714404319653318,-20.565192,901.521,128
6526,1779714404342189380,1779714404321407308,-20.782072,753.99,128
6527,1779714404343767004,1779714404323049484,-20.71752,642.176,128
6528,1779714404345454193,1779714404324976201,-20.477992,926.717,128
6529,1779714404347442535,1779714404327070810,-20.371725,1094.609,128
6530,1779714404349610306,1779714404328786680,-20.823626,715.87,128
6531,1779714404351355397,1779714404330552906,-20.802491,766.226,128
6532,1779714404353051236,1779714404332759308,-20.291928,1206.402,128
6533,1779714404355226251,1779714404334662228,-20.564023,902.92,128
6534,1779714404357036509,1779714404336316828,-20.719681,654.6,128
6535,1779714404358783238,1779714404338006122,-20.777116,689.294,128
6536,1779714404360487437,1779714404339431389,-21.056048,425.267,128
6537,1779714404361933615,1779714404341131012,-20.802603,699.623,128
6538,1779714404363524036,1779714404342806821,-20.717215,675.809,128
6539,1779714404365307690,1779714404344843236,-20.464454,1036.415,128
6540,1779714404367281186,1779714404347389340,-19.891846,1546.104,128
6541,1779714404369940232,1779714404350228870,-19.711362,1839.53,128
6542,1779714404372696584,1779714404352431654,-20.26493,1202.784,128
6543,1779714404374885600,1779714404354800560,-20.08504,1368.906,128
6544,1779714404377233780,1779714404357088139,-20.145641,1287.579,128
6545,1779714404379454410,1779714404358710351,-20.744059,622.212,128
6546,1779714404381181370,1779714404360368339,-20.813031,657.988,128
6547,1779714404382776814,1779714404361728807,-21.048007,360.468,128
6548,1779714404384224399,1779714404363497870,-20.726529,769.063,128
6549,1779714404386013919,1779714404364851616,-21.162303,353.746,128
6550,1779714404387450267,1779714404366928247,-20.52202,1076.631,128
6551,1779714404389406086,1779714404368553581,-20.852505,625.334,128
6552,1779714404390843389,1779714404369624942,-21.218447,71.361,128
6553,1779714404392063042,1779714404371544374,-20.518668,919.432,128
6554,1779714404394061000,1779714404373672360,-20.38864,1127.986,128
6555,1779714404396161069,1779714404375494962,-20.666107,822.602,128
6556,1779714404397971137,1779714404377546854,-20.424283,1051.892,128
6557,1779714404400080945,1779714404379785698,-20.295247,1238.844,128
6558,1779714404402323271,1779714404381459442,-20.863829,673.744,128
6559,1779714404403899583,1779714404383556600,-20.342983,1097.158,128
6560,1779714404406036838,1779714404385662957,-20.373881,1106.357,128
6561,1779714404408239842,1779714404388015056,-20.224786,1352.099,128
6562,1779714404410509440,1779714404390462865,-20.046575,1447.809,128
6563,1779714404412886163,1779714404392423583,-20.46258,960.718,128
6564,1779714404414897601,1779714404394091931,-20.80567,668.348,128
6565,1779714404416623752,1779714404396837613,-19.786139,1745.682,128
6566,1779714404418958973,1779714404398193929,-20.765044,356.316,128
6567,1779714404420679867,1779714404399892939,-20.786928,699.01,128
6568,1779714404422379969,1779714404401747836,-20.632133,854.897,128
6569,1779714404424193391,1779714404403390739,-20.802652,642.903,128
6570,1779714404425889865,1779714404405244228,-20.645637,853.489,128
6571,1779714404427716297,1779714404407347696,-20.368601,1103.468,128
6572,1779714404429971012,1779714404409262225,-20.708787,914.529,128
6573,1779714404431714103,1779714404410862828,-20.851275,600.603,128
6574,1779714404433349648,1779714404412817883,-20.531765,955.055,128
6575,1779714404435287984,1779714404414420373,-20.867611,602.49,128
6576,1779714404436905531,1779714404415885893,-21.019638,465.52,128
6577,1779714404438371139,1779714404417751800,-20.619339,865.907,128
6578,1779714404440156658,1779714404419996631,-20.160027,1244.831,128
6579,1779714404442457360,1779714404421760358,-20.697002,763.727,128
6580,1779714404444171217,1779714404423906482,-20.264735,1146.124,128
6581,1779714404446257021,1779714404425415878,-20.841143,509.396,128
6582,1779714404447894907,1779714404427173317,-20.72159,757.439,128
6583,1779714404449520085,1779714404430449248,-19.070837,2275.931,128
6584,1779714404453005832,1779714404432482999,-20.522833,1033.751,128
6585,1779714404454824674,1779714404433948031,-20.876643,465.032,128
6586,1779714404456370490,1779714404435593995,-20.776495,645.964,128
6587,1779714404458177282,1779714404437380146,-20.797136,786.151,128
6588,1779714404459911143,1779714404439574930,-20.336213,1194.784,128
6589,1779714404462084197,1779714404441318674,-20.765523,743.744,128
6590,1779714404463876365,1779714404443356892,-20.519473,1038.218,128
6591,1779714404466015307,1779714404445073619,-20.941688,716.727,128
6592,1779714404467614785,1779714404446734808,-20.879977,661.189,128
6593,1779714404469231944,1779714404449658341,-19.573603,1923.533,128
6594,1779714404472113140,1779714404451349803,-20.763337,691.462,128
6595,1779714404473793445,1779714404453357711,-20.435734,1007.908,128
6596,1779714404475781109,1779714404454923161,-20.857948,565.45,128
6597,1779714404477410657,1779714404456592535,-20.818122,669.374,128
6598,1779714404479027391,1779714404457968970,-21.058421,376.435,128
6599,1779714404480447685,1779714404459916174,-20.531511,947.204,128
6600,1779714404482350858,1779714404461901923,-20.448935,985.749,128
6601,1779714404484326019,1779714404463639428,-20.686591,737.505,128
6602,1779714404486088998,1779714404479538911,-6.550087,14899.483,128
6603,1779714404501957392,1779714404481182718,-20.774674,643.807,128
6604,1779714404503698484,1779714404482420033,-21.278451,237.315,128
6605,1779714404504989697,1779714404485604852,-19.384845,2184.819,128
6606,1779714404508061075,1779714404488443691,-19.617384,1838.839,128
6607,1779714404510869318,1779714404490566711,-20.302607,1123.02,128
6608,1779714404513054040,1779714404492597996,-20.456044,1031.285,128
6609,1779714404515203857,1779714404494299367,-20.90449,701.371,128
6610,1779714404516749295,1779714404495877637,-20.871658,578.27,128
6611,1779714404518361621,1779714404497117690,-21.243931,240.053,128
6612,1779714404519532525,1779714404498746244,-20.786281,628.554,128
6613,1779714404521278276,1779714404500630020,-20.648256,883.776,128
6614,1779714404522959379,1779714404502089848,-20.869531,459.828,128
6615,1779714404524612884,1779714404503934085,-20.678799,844.237,128
6616,1779714404526398312,1779714404505503304,-20.895008,569.219,128
6617,1779714404528017986,1779714404506953038,-21.064948,449.734,128
6618,1779714404529450433,1779714404508047140,-21.403293,94.102,128
6619,1779714404530454254,1779714404510658348,-19.795906,1611.208,128
6620,1779714404532827470,1779714404512098510,-20.72896,440.162,128
6621,1779714404534592731,1779714404513397345,-21.195386,298.835,128
6622,1779714404535909697,1779714404514819104,-21.090593,421.759,128
6623,1779714404537318143,1779714404516320460,-20.997683,501.356,128
6624,1779714404538758091,1779714404517470113,-21.287978,149.653,128
6625,1779714404539902115,1779714404519384586,-20.517529,914.473,128
6626,1779714404541783553,1779714404520451932,-21.331621,67.346,128
6627,1779714404542846144,1779714404522124055,-20.722089,672.123,128
6628,1779714404544612316,1779714404523918310,-20.694006,794.255,128
6629,1779714404546410028,1779714404525405713,-21.004315,487.403,128
6630,1779714404547823111,1779714404527268857,-20.554254,863.144,128
6631,1779714404549682754,1779714404529536367,-20.146387,1267.51,128
6632,1779714404552053128,1779714404530887298,-21.16583,350.931,128
6633,1779714404553299114,1779714404532798647,-20.500467,911.349,128
6634,1779714404555390096,1779714404534734197,-20.655899,935.55,128
6635,1779714404557209193,1779714404536083200,-21.125993,349.003,128
6636,1779714404558618793,1779714404537639636,-20.979157,556.436,128
6637,1779714404560014458,1779714404539587639,-20.426819,948.003,128
6638,1779714404562095869,1779714404541554199,-20.54167,966.56,128
6639,1779714404564006075,1779714404543340349,-20.665726,786.15,128
6640,1779714404565850564,1779714404544928105,-20.922459,587.756,128
6641,1779714404567473830,1779714404546872355,-20.601475,944.25,128
6642,1779714404569345207,1779714404548428524,-20.916683,556.169,128
6643,1779714404570865440,1779714404549739273,-21.126167,310.749,128
6644,1779714404572228648,1779714404551358416,-20.870232,619.143,128
6645,1779714404573709003,1779714404553634689,-20.074314,1276.273,128
6646,1779714404576110746,1779714404555434383,-20.676363,799.694,128
6647,1779714404577895316,1779714404556899469,-20.995847,465.086,128
6648,1779714404579384726,1779714404559227664,-20.157062,1328.195,128
6649,1779714404581630583,1779714404560427866,-21.202717,200.202,128
6650,1779714404582873810,1779714404561960357,-20.913453,532.491,128
6651,1779714404584338551,1779714404563728364,-20.610187,768.007,128
6652,1779714404586133299,1779714404565689282,-20.444017,960.918,128
6653,1779714404588021335,1779714404566894428,-21.126907,205.146,128
6654,1779714404589480392,1779714404568502122,-20.97827,607.694,128
6655,1779714404590909243,1779714404569488698,-21.420545,-13.424,128
6656,1779714404591891004,1779714404571034920,-20.856084,546.222,128
6657,1779714404593610278,1779714404572941471,-20.668807,906.551,128
6658,1779714404595342066,1779714404574633033,-20.709033,691.562,128
6659,1779714404597033878,1779714404576430172,-20.603706,797.139,128
6660,1779714404598911075,1779714404577529879,-21.381196,99.707,128
6661,1779714404599967775,1779714404579010183,-20.957592,480.304,128
6662,1779714404601372490,1779714404580279449,-21.093041,269.266,128
6663,1779714404602727495,1779714404581417189,-21.310306,137.74,128
6664,1779714404603784184,1779714404582310256,-21.473928,-106.933,128
6665,1779714404604777430,1779714404583524852,-21.252578,214.596,128
6666,1779714404605997042,1779714404584906675,-21.090367,381.823,128
6667,1779714404607339479,1779714404586338978,-21.000501,432.303,128
6668,1779714404608802818,1779714404587693411,-21.109407,354.433,128
6669,1779714404610237475,1779714404589629581,-20.607894,936.17,128
6670,1779714404611812904,1779714404590720747,-21.092157,91.166,128
6671,1779714404613143607,1779714404592063507,-21.0801,342.76,128
6672,1779714404614462658,1779714404593301882,-21.160776,238.375,128
6673,1779714404615478757,1779714404594542283,-20.936474,240.401,128
6674,1779714404616924389,1779714404595746838,-21.177551,204.555,128
6675,1779714404618240231,1779714404597285859,-20.954372,539.021,128
6676,1779714404619645479,1779714404598781872,-20.863607,496.013,128
6677,1779714404621200934,1779714404600218698,-20.982236,436.826,128
6678,1779714404622657124,1779714404601591597,-21.065527,372.899,128
6679,1779714404624060042,1779714404603056640,-21.003402,465.043,128
6680,1779714404625495283,1779714404604761158,-20.734125,704.518,128
6681,1779714404627181035,1779714404605942024,-21.239011,180.866,128
6682,1779714404628378128,1779714404607507739,-20.870389,565.715,128
6683,1779714404630020818,1779714404609100351,-20.920467,592.612,128
6684,1779714404631481718,1779714404610902115,-20.579603,801.764,128
6685,1779714404633391071,1779714404612222339,-21.168732,320.224,128
6686,1779714404634638391,1779714404613863741,-20.77465,641.402,128
6687,1779714404636207250,1779714404614568417,-21.638833,-295.324,128
6688,1779714404637137004,1779714404616221938,-20.915066,653.521,128
6689,1779714404638525518,1779714404617495337,-21.030181,273.399,128
6690,1779714404639993858,1779714404619222090,-20.771768,726.753,128
6691,1779714404641619232,1779714404620803042,-20.81619,580.952,128
6692,1779714404643244462,1779714404622730493,-20.513969,927.451,128
6693,1779714404645166245,1779714404624305746,-20.860499,575.253,128
6694,1779714404646809682,1779714404625895280,-20.914402,589.534,128
6695,1779714404648387422,1779714404628421842,-19.96558,1526.562,128
6696,1779714404650827023,1779714404629774014,-21.053009,352.172,128
6697,1779714404652206594,1779714404631624269,-20.582325,850.255,128
6698,1779714404653988332,1779714404633849529,-20.138803,1225.26,128
6699,1779714404656281781,1779714404635091008,-21.190773,241.479,128
6700,1779714404657534993,1779714404646813938,-10.721055,10722.93,128
6701,1779714404669317962,1779714404648383546,-20.934416,569.608,128
6702,1779714404670771680,1779714404649043778,-21.727902,-339.768,128
6703,1779714404671516803,1779714404650218381,-21.298422,174.603,128
6704,1779714404672629014,1779714404651340369,-21.288645,121.988,128
6705,1779714404673696388,1779714404652278472,-21.417916,-61.897,128
6706,1779714404674777276,1779714404653316725,-21.460551,38.253,128
6707,1779714404675741232,1779714404654109529,-21.631703,-207.196,128
6708,1779714404676544775,1779714404655014705,-21.53007,-94.824,128
6709,1779714404677570080,1779714404655930637,-21.639443,-84.068,128
6710,1779714404678506261,1779714404657339697,-21.166564,409.06,128
6711,1779714404679769467,1779714404658273551,-21.495916,-66.146,128
6712,1779714404680777293,1779714404659241561,-21.535732,-31.99,128
6713,1779714404681727359,1779714404660451779,-21.27558,210.218,128
6714,1779714404682853727,1779714404661286128,-21.567599,-165.651,128
6715,1779714404683775410,1779714404662392714,-21.382696,106.586,128
6716,1779714404684828230,1779714404663404253,-21.423977,11.539,128
6717,1779714404685894135,1779714404664120973,-21.773162,-283.28,128
6718,1779714404686552479,1779714404665270880,-21.281599,149.907,128
6719,1779714404687751862,1779714404666144216,-21.607646,-126.664,128
6720,1779714404688667777,1779714404667453258,-21.214519,309.042,128
6721,1779714404689884729,1779714404668417139,-21.46759,-36.119,128
6722,1779714404690858039,1779714404669268323,-21.589716,-148.816,128
6723,1779714404691615427,1779714404670361870,-21.253557,93.547,128
6724,1779714404692844141,1779714404671445663,-21.398478,83.793,128
6725,1779714404693796845,1779714404672430875,-21.36597,-14.788,128
6726,1779714404694824594,1779714404673318419,-21.506175,-112.456,128
6727,1779714404695691630,1779714404674213664,-21.477966,-104.755,128
6728,1779714404696759198,1779714404675421840,-21.337358,208.176,128
6729,1779714404697910153,1779714404677695027,-20.215126,1273.187,128
6730,1779714404700177312,1779714404679542828,-20.634484,847.801,128
6731,1779714404701972962,1779714404680924724,-21.048238,381.896,128
6732,1779714404703278680,1779714404681778482,-21.500198,-146.242,128
6733,1779714404704159945,1779714404682909926,-21.250019,131.444,128
6734,1779714404705227618,1779714404683659236,-21.568382,-250.69,128
6735,1779714404706091108,1779714404684611688,-21.47942,-47.548,128
6736,1779714404707049963,1779714404685640452,-21.409511,28.764,128
6737,1779714404708073549,1779714404686686330,-21.387219,45.878,128
6738,1779714404709132281,1779714404687843084,-21.289197,156.754,128
6739,1779714404710281839,1779714404688825031,-21.456808,-18.053,128
6740,1779714404711214118,1779714404689884984,-21.329134,59.953,128
6741,1779714404712301765,1779714404690916486,-21.385279,31.502,128
6742,1779714404713316979,1779714404691848396,-21.468583,-68.09,128
6743,1779714404714281206,1779714404693072876,-21.20833,224.48,128
6744,1779714404715301290,1779714404694202883,-21.098407,130.007,128
6745,1779714404716586933,1779714404695337763,-21.24917,134.88,128
6746,1779714404717771019,1779714404697202483,-20.568536,864.72,128
6747,1779714404719680229,1779714404699040943,-20.639286,838.46,128
6748,1779714404721400004,1779714404703017529,-18.382475,2976.586,128
6749,1779714404725478637,1779714404706749320,-18.729317,2731.791,128
6750,1779714404729067997,1779714404709447328,-19.620669,1698.008,128
6751,1779714404731770041,1779714404710444899,-21.325142,-2.429,128
6752,1779714404732823391,1779714404711622257,-21.201134,177.358,128
6753,1779714404733993956,1779714404712597056,-21.3969,-25.201,128
6754,1779714404734957925,1779714404713796115,-21.16181,199.059,128
6755,1779714404736193042,1779714404715028978,-21.164064,232.863,128
6756,1779714404737520576,1779714404716262407,-21.258169,233.429,128
6757,1779714404738609396,1779714404717428318,-21.181078,165.911,128
6758,1779714404739732434,1779714404718352802,-21.379632,-75.516,128
6759,1779714404740815858,1779714404719427957,-21.387901,75.155,128
6760,1779714404741859998,1779714404720362520,-21.497478,-65.437,128
6761,1779714404742873312,1779714404721533907,-21.339405,171.387,128
6762,1779714404744023886,1779714404722492650,-21.531236,-41.257,128
6763,1779714404744946958,1779714404723438929,-21.508029,-53.721,128
6764,1779714404745943313,1779714404724724501,-21.218812,285.572,128
6765,1779714404747251778,1779714404725768980,-21.482798,44.479,128
6766,1779714404748279046,1779714404726990681,-21.288365,221.701,128
6767,1779714404749508708,1779714404729440368,-20.06834,1449.687,128
6768,1779714404751823268,1779714404730850181,-20.973087,409.813,128
6769,1779714404753202536,1779714404731814958,-21.387578,-35.223,128
6770,1779714404754297409,1779714404733089035,-21.208374,274.077,128
6771,1779714404755423901,1779714404734086972,-21.336929,-2.063,128
6772,1779714404756630592,1779714404734862257,-21.768335,-224.715,128
6773,1779714404757354919,1779714404735846469,-21.50845,-15.788,128
6774,1779714404758311610,1779714404737284024,-21.027586,437.555,128
6775,1779714404759701798,1779714404738635325,-21.066473,351.301,128
6776,1779714404761108148,1779714404739512065,-21.596083,-123.26,128
6777,1779714404761990280,1779714404740592645,-21.397635,80.58,128
6778,1779714404763084687,1779714404741887820,-21.196867,295.175,128
6779,1779714404764381739,1779714404742776457,-21.605282,-111.363,128
6780,1779714404765265833,1779714404744012987,-21.252846,236.53,128
6781,1779714404766487543,1779714404744915974,-21.571569,-97.013,128
6782,1779714404767403611,1779714404746105520,-21.298091,189.546,128
6783,1779714404768636829,1779714404747371843,-21.264986,266.323,128
6784,1779714404769813451,1779714404748460228,-21.353223,88.385,128
6785,1779714404770913809,1779714404752293124,-18.620685,2832.896,128
6786,1779714404774677457,1779714404753063600,-21.613857,-229.524,128
6787,1779714404775536664,1779714404754080590,-21.456074,16.99,128
6788,1779714404776527278,1779714404755117910,-21.409368,37.32,128
6789,1779714404777499778,1779714404756341380,-21.158398,223.47,128
6790,1779714404778725847,1779714404757368733,-21.357114,27.353,128
6791,1779714404779828128,1779714404758169664,-21.658464,-199.069,128
6792,1779714404780636563,1779714404759339955,-21.296608,170.291,128
6793,1779714404781830281,1779714404760378589,-21.451692,38.634,128
6794,1779714404782826314,1779714404761978734,-20.84758,600.145,128
6795,1779714404784408928,1779714404764024261,-20.384667,1045.527,128
6796,1779714404786481551,1779714404765342358,-21.139193,318.097,128
6797,1779714404787819967,1779714404766457941,-21.362026,115.583,128
6798,1779714404788952136,1779714404767503863,-21.448273,45.922,128
6799,1779714404789993165,1779714404768655673,-21.337492,151.81,128
6800,1779714404791070420,1779714404769871878,-21.198542,216.205,128
6801,1779714404792295050,1779714404770829333,-21.465717,-42.545,128
6802,1779714404793287283,1779714404771985715,-21.301568,156.382,128
6803,1779714404794450380,1779714404773069450,-21.38093,83.735,128
6804,1779714404795597851,1779714404774135819,-21.462032,66.369,128
6805,1779714404796632266,1779714404775528909,-21.103357,393.09,128
6806,1779714404797865722,1779714404776551025,-21.314697,22.116,128
6807,1779714404798962698,1779714404777666046,-21.296652,115.021,128
6808,1779714404800133387,1779714404778850573,-21.282814,184.527,128
6809,1779714404801161119,1779714404779553843,-21.607276,-296.73,128
6810,1779714404802073517,1779714404780601389,-21.472128,47.546,128
6811,1779714404802942936,1779714404781549953,-21.392983,-51.436,128
6812,1779714404803865741,1779714404782383596,-21.482145,-166.357,128
6813,1779714404804826150,1779714404783477420,-21.34873,93.824,128
6814,1779714404805960754,1779714404784275808,-21.684946,-201.612,128
6815,1779714404806772444,1779714404785349555,-21.422889,73.747,128
6816,1779714404807836959,1779714404786376234,-21.460725,26.679,128
6817,1779714404808840150,1779714404787054894,-21.785256,-321.34,128
6818,1779714404809623752,1779714404788322538,-21.301214,267.644,128
6819,1779714404810721598,1779714404789333219,-21.388379,10.681,128
6820,1779714404811796008,1779714404789937849,-21.858159,-395.37,128
6821,1779714404812425957,1779714404790608981,-21.816976,-328.868,128
6822,1779714404813109824,1779714404791661565,-21.448259,52.584,128
6823,1779714404814048710,1779714404792505295,-21.543415,-156.27,128
6824,1779714404814982078,1779714404793138886,-21.843192,-366.409,128
6825,1779714404815621006,1779714404794509331,-21.111675,370.445,128
6826,1779714404816936078,1779714404795715692,-21.220386,206.361,128
6827,1779714404818175135,1779714404796881019,-21.294116,165.327,128
6828,1779714404819353073,1779714404797930181,-21.422892,49.162,128
6829,1779714404820397780,1779714404798947918,-21.449862,17.737,128
6830,1779714404821400428,1779714404800073288,-21.32714,125.37,128
6831,1779714404822572140,1779714404801197459,-21.374681,124.171,128
6832,1779714404823546362,1779714404802234886,-21.311476,37.427,128
6833,1779714404824704604,1779714404803009339,-21.695265,-225.547,128
6834,1779714404825498825,1779714404803994191,-21.504634,-15.148,128
6835,1779714404826440955,1779714404804870172,-21.570783,-124.019,128
6836,1779714404827345754,1779714404805985081,-21.360673,114.909,128
6837,1779714404828424616,1779714404806977009,-21.447607,-8.072,128
6838,1779714404829452676,1779714404808110583,-21.342093,133.574,128
6839,1779714404830618648,1779714404808874029,-21.744619,-236.554,128
6840,1779714404831327624,1779714404810706782,-20.620842,832.753,128
6841,1779714404832445678,1779714404811563629,-20.882049,-143.153,128
6842,1779714404834012950,1779714404812625241,-21.387709,61.612,128
6843,1779714404835035747,1779714404813639404,-21.396343,14.163,128
6844,1779714404836013357,1779714404814700994,-21.312363,61.59,128
6845,1779714404837131503,1779714404815761210,-21.370293,60.216,128
6846,1779714404838217171,1779714404816841074,-21.376097,79.864,128
6847,1779714404839296945,1779714404817547190,-21.749755,-293.884,128
6848,1779714404840048218,1779714404818537043,-21.511175,-10.147,128
6849,1779714404841036806,1779714404820069605,-20.967201,532.562,128
6850,1779714404842487028,1779714404821257644,-21.229384,188.039,128
6851,1779714404843667297,1779714404822500520,-21.166777,242.876,128
6852,1779714404844979746,1779714404823599787,-21.379959,99.267,128
6853,1779714404846013780,1779714404824628099,-21.385681,28.312,128
6854,1779714404847059953,1779714404825588125,-21.471828,-39.974,128
6855,1779714404848031044,1779714404826703101,-21.327943,114.976,128
6856,1779714404849148462,1779714404827665471,-21.482991,-37.63,128
6857,1779714404850056197,1779714404828673038,-21.383159,7.567,128
6858,1779714404851140022,1779714404829884412,-21.25561,211.374,128
6859,1779714404852285777,1779714404832032180,-20.253597,1147.768,128
6860,1779714404854482304,1779714404832784673,-21.697631,-247.507,128
6861,1779714404855264609,1779714404833994761,-21.269848,210.088,128
6862,1779714404856453685,1779714404834950329,-21.503356,-44.432,128
6863,1779714404857433784,1779714404836277621,-21.156163,327.292,128
6864,1779714404858720920,1779714404837412720,-21.3082,135.099,128
6865,1779714404859832535,1779714404838438007,-21.394528,25.287,128
6866,1779714404860889547,1779714404839562886,-21.326661,124.879,128
6867,1779714404862016339,1779714404840896518,-21.119821,333.632,128
6868,1779714404863333549,1779714404842487426,-20.846123,590.908,128
6869,1779714404864275647,1779714404842991277,-21.28437,-496.149,128
6870,1779714404865162475,1779714404844237453,-20.925022,246.176,128
6871,1779714404866499824,1779714404845268065,-21.231759,30.612,128
6872,1779714404867638729,1779714404846656026,-20.982703,387.961,128
6873,1779714404868962247,1779714404847500826,-21.461421,-155.2,128
6874,1779714404870013370,1779714404848626553,-21.386817,125.727,128
6875,1779714404870978741,1779714404849785162,-21.193579,158.609,128
6876,1779714404872120731,1779714404850831960,-21.288771,46.798,128
6877,1779714404873205732,1779714404852042258,-21.163474,210.298,128
6878,1779714404873864210,1779714404852600493,-21.263717,-441.765,128
6879,1779714404874939180,1779714404853680102,-21.259078,79.609,128
6880,1779714404876010942,1779714404854735085,-21.275857,54.983,128
6881,1779714404877095184,1779714404855878981,-21.216203,143.896,128
6882,1779714404878278603,1779714404856903045,-21.375558,24.064,128
6883,1779714404879290957,1779714404857837652,-21.453305,-65.393,128
6884,1779714404880257154,1779714404858821695,-21.435459,-15.957,128
6885,1779714404881243266,1779714404859935013,-21.308253,113.318,128
6886,1779714404882351585,1779714404860937722,-21.413863,2.709,128
6887,1779714404883331335,1779714404862148778,-21.182557,211.056,128
6888,1779714404884646359,1779714404863110093,-21.536266,-38.685,128
6889,1779714404885450851,1779714404863952012,-21.498839,-158.081,128
6890,1779714404886432428,1779714404865113292,-21.319136,161.28,128
6891,1779714404887547445,1779714404866235738,-21.311707,122.446,128
6892,1779714404888740315,1779714404867085777,-21.654538,-149.961,128
6893,1779714404889540151,1779714404868040713,-21.499438,-45.064,128
6894,1779714404890468439,1779714404868792580,-21.675859,-248.133,128
6895,1779714404891173456,1779714404869623189,-21.550267,-169.391,128
6896,1779714404892024663,1779714404870487287,-21.537376,-135.902,128
6897,1779714404892948354,1779714404871498354,-21.45,11.067,128
6898,1779714404893971141,1779714404872074198,-21.896943,-424.156,128
6899,1779714404894644963,1779714404872956429,-21.688534,-117.769,128
6900,1779714404895431660,1779714404873700415,-21.731245,-256.014,128
6901,1779714404896179840,1779714404874756201,-21.423639,55.786,128
6902,1779714404897243461,1779714404876315177,-20.928284,558.976,128
6903,1779714404898784758,1779714404877340681,-21.444077,25.504,128
6904,1779714404899799257,1779714404878060984,-21.738273,-279.697,128
6905,1779714404900406257,1779714404878922941,-21.483316,-138.043,128
6906,1779714404901411072,1779714404879801721,-21.609351,-121.22,128
6907,1779714404902280608,1779714404880630030,-21.650578,-171.691,128
6908,1779714404903139543,1779714404881675725,-21.463818,45.695,128
6909,1779714404904129496,1779714404882841238,-21.288258,165.513,128
6910,1779714404905189414,1779714404884013369,-21.176045,172.131,128
6911,1779714404906491488,1779714404885030610,-21.460878,17.241,128
6912,1779714404907516908,1779714404886011388,-21.50552,-19.222,128
6913,1779714404908476709,1779714404887411053,-21.065656,399.665,128
6914,1779714404909869870,1779714404888469533,-21.400337,58.48,128
6915,1779714404910947947,1779714404889437466,-21.510481,-32.067,128
6916,1779714404911917048,1779714404890406780,-21.510268,-30.686,128
6917,1779714404912898992,1779714404891670691,-21.228301,263.911,128
6918,1779714404914119156,1779714404892417598,-21.701558,-253.093,128
6919,1779714404914888216,1779714404893659651,-21.228565,242.053,128
6920,1779714404916050350,1779714404894306897,-21.743453,-352.754,128
6921,1779714404916827872,1779714404895662019,-21.165853,355.122,128
6922,1779714404918127612,1779714404896696248,-21.431364,34.229,128
6923,1779714404919137446,1779714404897948497,-21.188949,252.249,128
6924,1779714404920410395,1779714404898824005,-21.58639,-124.492,128
6925,1779714404921311252,1779714404900024536,-21.286716,200.531,128
6926,1779714404922420081,1779714404900915821,-21.50426,-108.715,128
6927,1779714404923379232,1779714404902404440,-20.974792,488.619,128
6928,1779714404924818723,1779714404903751240,-21.067483,346.8,128
6929,1779714404926081601,1779714404904675354,-21.406247,-75.886,128
6930,1779714404927133786,1779714404905781075,-21.352711,105.721,128
6931,1779714404928242738,1779714404907070665,-21.172073,289.59,128
6932,1779714404929443200,1779714404907889161,-21.554039,-181.504,128
6933,1779714404930350169,1779714404909344381,-21.005788,455.22,128
6934,1779714404931840473,1779714404910543644,-21.296829,199.263,128
6935,1779714404932990576,1779714404911656046,-21.33453,112.402,128
6936,1779714404934129495,1779714404912994548,-21.134947,338.502,128
6937,1779714404935340615,1779714404913855745,-21.48487,-138.803,128
6938,1779714404936344379,1779714404914867158,-21.477221,11.413,128
6939,1779714404937315498,1779714404915705381,-21.610117,-161.777,128
6940,1779714404938180087,1779714404916820362,-21.359725,114.981,128
6941,1779714404939171979,1779714404917779063,-21.392916,-41.299,128
6942,1779714404940224271,1779714404918591655,-21.632616,-187.408,128
6943,1779714404940967571,1779714404919522075,-21.445496,-69.58,128
6944,1779714404941944918,1779714404920585829,-21.359089,63.754,128
6945,1779714404942947136,1779714404921569593,-21.377543,-16.236,128
6946,1779714404944033322,1779714404922491141,-21.542181,-78.452,128
6947,1779714404944973502,1779714404923779946,-21.193556,288.805,128
6948,1779714404946156986,1779714404924759520,-21.397466,-20.426,128
6949,1779714404947224989,1779714404925658514,-21.566475,-101.006,128
6950,1779714404948109581,1779714404926191390,-21.918191,-467.124,128
6951,1779714404948652684,1779714404927396595,-21.256089,205.205,128
6952,1779714404949853626,1779714404928268064,-21.585562,-128.531,128
6953,1779714404950624169,1779714404929162449,-21.46172,-105.615,128
6954,1779714404951568847,1779714404930466569,-21.102278,304.12,128
6955,1779714404952808803,1779714404931580116,-21.228687,113.547,128
6956,1779714404954066013,1779714404932419204,-21.646809,-160.912,128
6957,1779714404954898333,1779714404933483729,-21.414604,64.525,128
6958,1779714404955945932,1779714404934659070,-21.286862,175.341,128
6959,1779714404957099437,1779714404935649162,-21.450275,-9.908,128
6960,1779714404958119923,1779714404936483300,-21.636623,-165.862,128
6961,1779714404958967764,1779714404937168974,-21.79879,-314.326,128
6962,1779714404959661273,1779714404938367904,-21.293369,198.93,128
6963,1779714404960787300,1779714404939504507,-21.282793,136.603,128
6964,1779714404961968431,1779714404940691725,-21.276706,187.218,128
6965,1779714404963110819,1779714404941677790,-21.433029,-13.935,128
6966,1779714404964104879,1779714404942493375,-21.611504,-184.415,128
6967,1779714404964933620,1779714404943558950,-21.37467,65.575,128
6968,1779714404966029861,1779714404944865499,-21.164362,306.549,128
6969,1779714404967400009,1779714404946667672,-20.732337,802.173,128
6970,1779714404969155259,1779714404948117684,-21.037575,450.012,128
6971,1779714404970587097,1779714404948837832,-21.749265,-279.852,128
6972,1779714404971395809,1779714404949974825,-21.420984,136.993,128
6973,1779714404972494382,1779714404951789925,-20.704457,815.1,128
6974,1779714404974247041,1779714404953145041,-21.102,355.116,128
6975,1779714404975608344,1779714404954723927,-20.884417,578.886,128
6976,1779714404977185843,1779714404956259408,-20.926435,535.481,128
6977,1779714404978611815,1779714404957693057,-20.918758,433.649,128
6978,1779714404980054742,1779714404959328767,-20.725975,635.71,128
6979,1779714404981465205,1779714404961100478,-20.364727,771.711,128
6980,1779714404983530743,1779714404962786371,-20.744372,685.893,128
6981,1779714404985350006,1779714404965366763,-19.983243,1580.392,128
6982,1779714404987791099,1779714404967066149,-20.72495,699.386,128
6983,1779714404989520212,1779714404969360942,-20.15927,1294.793,128
6984,1779714404991646635,1779714404970912801,-20.733834,551.859,128
6985,1779714404993453176,1779714404972881957,-20.571219,969.156,128
6986,1779714404995325228,1779714404974648009,-20.677219,766.052,128
6987,1779714404997120268,1779714404976385589,-20.734679,737.58,128
6988,1779714404998856331,1779714404977613401,-21.24293,227.812,128
6989,1779714405000058654,1779714404978764976,-21.293678,151.575,128
6990,1779714405001250262,1779714404980374700,-20.875562,609.724,128
6991,1779714405002835357,1779714404981547530,-21.287827,172.83,128
6992,1779714405003980432,1779714404983211176,-20.769256,663.646,128
6993,1779714405005418067,1779714404984698682,-20.719385,487.506,128
6994,1779714405007121556,1779714404986517853,-20.603703,819.171,128
6995,1779714405008914404,1779714404988303115,-20.611289,785.262,128
6996,1779714405010633123,1779714404989679362,-20.953761,376.247,128
6997,1779714405012122821,1779714404991075911,-21.04691,396.549,128
6998,1779714405013476340,1779714404992324596,-21.151744,248.685,128
6999,1779714405014728324,1779714404993861539,-20.866785,536.943,128
7000,1779714405016348871,1779714404995397248,-20.951623,535.709,128
7001,1779714405017889207,1779714404996872116,-21.017091,474.868,128
7002,1779714405019361431,1779714404998500586,-20.860845,628.47,128
7003,1779714405020890340,1779714404999744767,-21.145573,244.181,128
7004,1779714405022199084,1779714405001593550,-20.605534,848.783,128
7005,1779714405023924000,1779714405002926974,-20.997026,333.424,128
7006,1779714405025361972,1779714405004315365,-21.046607,388.391,128
7007,1779714405026729993,1779714405005589202,-21.140791,273.837,128
7008,1779714405028014732,1779714405008008133,-20.006599,1418.931,128
7009,1779714405030320271,1779714405009432361,-20.88791,424.228,128
7010,1779714405031874617,1779714405011315276,-20.559341,882.915,128
7011,1779714405033714325,1779714405012558407,-21.155918,243.131,128
7012,1779714405034830958,1779714405013745039,-21.085919,186.632,128
7013,1779714405036087073,1779714405014755178,-21.331895,10.139,128
7014,1779714405037133052,1779714405015588595,-21.544457,-166.583,128
7015,1779714405038059810,1779714405017454184,-20.605626,865.589,128
7016,1779714405039901269,1779714405018738356,-21.162913,284.172,128
7017,1779714405041141795,1779714405019927249,-21.214546,188.893,128
7018,1779714405042379496,1779714405020893501,-21.485995,-33.748,128
7019,1779714405043267158,1779714405021882678,-21.38448,-10.823,128
7020,1779714405044301832,1779714405023031312,-21.27052,148.634,128
7021,1779714405045454478,1779714405024355151,-21.099327,323.839,128
7022,1779714405046796093,1779714405026182605,-20.613488,827.454,128
7023,1779714405048498434,1779714405027765198,-20.733236,582.593,128
7024,1779714405050061978,1779714405028892345,-21.169633,127.147,128
7025,1779714405051241208,1779714405030015137,-21.226071,122.792,128
7026,1779714405052425761,1779714405031460442,-20.965319,445.305,128
7027,1779714405053790565,1779714405032716457,-21.074108,256.015,128
7028,1779714405055164317,1779714405033858300,-21.306017,141.843,128
7029,1779714405056223943,1779714405034782346,-21.441597,-75.954,128
7030,1779714405057257059,1779714405035998278,-21.258781,215.932,128
7031,1779714405058472000,1779714405037001586,-21.470414,3.308,128
7032,1779714405059479957,1779714405039633777,-19.84618,1632.191,128
7033,1779714405060876800,1779714405039640244,-21.236556,-993.533,128
7034,1779714405062036985,1779714405040672588,-21.364397,32.344,128
7035,1779714405063054635,1779714405041947308,-21.107327,274.72,128
7036,1779714405064247017,1779714405043270425,-20.976592,323.117,128
7037,1779714405065624139,1779714405044564236,-21.059903,293.811,128
7038,1779714405067021976,1779714405045905927,-21.116049,341.691,128
7039,1779714405068318550,1779714405047250129,-21.068421,344.202,128
7040,1779714405069647202,1779714405048250765,-21.396437,0.636,128
7041,1779714405070675168,1779714405049549534,-21.125634,298.769,128
7042,1779714405071912914,1779714405051457679,-20.455235,908.145,128
7043,1779714405073771559,1779714405053050839,-20.72072,593.16,128
7044,1779714405075402420,1779714405054042958,-21.359462,-7.881,128
7045,1779714405076459500,1779714405055306828,-21.152672,263.87,128
7046,1779714405077715759,1779714405056574005,-21.141754,267.177,128
7047,1779714405078963894,1779714405057699578,-21.264316,125.573,128
7048,1779714405080075693,1779714405058670072,-21.405621,-29.506,128
7049,1779714405081087710,1779714405059853151,-21.234559,183.079,128
7050,1779714405082205663,1779714405061060253,-21.14541,207.102,128
7051,1779714405083437792,1779714405062217478,-21.220314,157.225,128
7052,1779714405084612955,1779714405063610132,-21.002823,392.654,128
7053,1779714405085928648,1779714405064957674,-20.970974,347.542,128
7054,1779714405087327605,1779714405065921238,-21.406367,-36.436,128
7055,1779714405088336766,1779714405066945358,-21.391408,24.12,128
7056,1779714405089369144,1779714405068556734,-20.81241,611.376,128
7057,1779714405090763620,1779714405069604749,-21.158871,48.015,128
7058,1779714405091923230,1779714405070791873,-21.131357,187.124,128
7059,1779714405093142867,1779714405072087622,-21.055245,295.749,128
7060,1779714405094590252,1779714405073734688,-20.855564,647.066,128
7061,1779714405096152935,1779714405074954473,-21.198462,219.785,128
7062,1779714405097381799,1779714405076105481,-21.276318,151.008,128
7063,1779714405098594580,1779714405077390496,-21.204084,285.015,128
7064,1779714405099757782,1779714405078894636,-20.863146,504.14,128
7065,1779714405101073691,1779714405079724720,-21.348971,-169.916,128
7066,1779714405102142950,1779714405081297518,-20.845432,572.798,128
7067,1779714405103633515,1779714405082521581,-21.111934,224.063,128
7068,1779714405104914793,1779714405083653389,-21.261404,131.808,128
7069,1779714405106072081,1779714405084707562,-21.364519,54.173,128
7070,1779714405107114230,1779714405085958094,-21.156136,250.532,128
7071,1779714405108315502,1779714405087360760,-20.954742,402.666,128
7072,1779714405109650186,1779714405088604049,-21.046137,243.289,128
7073,1779714405110927057,1779714405089758178,-21.168879,154.129,128
7074,1779714405112220122,1779714405091001022,-21.2191,242.844,128
7075,1779714405113410163,1779714405092115669,-21.294494,114.647,128
7076,1779714405114583443,1779714405093584818,-20.998625,469.149,128
7077,1779714405115969354,1779714405094815117,-21.154237,230.299,128
7078,1779714405117175392,1779714405096363636,-20.811756,548.519,128
7079,1779714405118678256,1779714405097605701,-21.072555,242.065,128
7080,1779714405120013490,1779714405098306800,-21.70669,-298.901,128
7081,1779714405120768402,1779714405100228452,-20.53995,921.652,128
7082,1779714405122271456,1779714405100761374,-21.510082,-467.078,128
7083,1779714405123251974,1779714405102560070,-20.691904,798.696,128
7084,1779714405124866507,1779714405104100567,-20.76594,540.497,128
7085,1779714405126436198,1779714405105489032,-20.947166,388.465,128
7086,1779714405127894461,1779714405106728068,-21.166393,239.036,128
7087,1779714405129115693,1779714405108114224,-21.001469,386.156,128
7088,1779714405130522269,1779714405109723058,-20.799211,608.834,128
7089,1779714405132095607,1779714405111622561,-20.473046,899.503,128
7090,1779714405134139475,1779714405113055553,-21.083922,432.992,128
7091,1779714405135437916,1779714405114286018,-21.151898,230.465,128
7092,1779714405136707668,1779714405115339595,-21.368073,53.577,128
7093,1779714405137744072,1779714405116454804,-21.289268,115.209,128
7094,1779714405138778484,1779714405117626451,-21.152033,171.647,128
7095,1779714405139961954,1779714405119005549,-20.956405,379.098,128
7096,1779714405141287854,1779714405120266837,-21.021017,261.288,128
7097,1779714405142434020,1779714405180400142,37.966122,59133.305,128
7098,1779714405202751569,1779714405182365325,-20.386244,965.183,128
7099,1779714405204495951,1779714405184533089,-19.962862,1167.764,128
7100,1779714405206867293,1779714405186803739,-20.063554,1270.65,128
7101,1779714405209295376,1779714405188464656,-20.83072,660.917,128
7102,1779714405210858099,1779714405190486739,-20.37136,1022.083,128
7103,1779714405212982473,1779714405192050139,-20.932334,563.4,128
7104,1779714405214513427,1779714405209977853,-4.535574,16927.714,128
7105,1779714405231002970,1779714405210085105,-20.917865,-892.748,128
7106,1779714405232551391,1779714405211453660,-21.097731,368.555,128
7107,1779714405233895371,1779714405213755906,-20.139465,1302.246,128
7108,1779714405236249492,1779714405216032966,-20.216526,1277.06,128
7109,1779714405238508321,1779714405217833066,-20.675255,800.1,128
7110,1779714405240299206,1779714405219034468,-21.264738,201.402,128
7111,1779714405241509803,1779714405269442510,27.932707,49408.042,128
7112,1779714405291765898,1779714405298926143,7.160245,28483.633,128
7113,1779714405321431741,1779714405301744639,-19.687102,1818.496,128
7114,1779714405324191838,1779714405304659916,-19.531922,1915.277,128
7115,1779714405327151219,1779714405306807827,-20.343392,1147.911,128
7116,1779714405329271484,1779714405308060025,-21.211459,252.198,128
7117,1779714405330508788,1779714405309479556,-21.029232,419.531,128
7118,1779714405331929025,1779714405311063445,-20.86558,583.889,128
7119,1779714405333425326,1779714405312483698,-20.941628,420.253,128
7120,1779714405334812206,1779714405313998597,-20.813609,514.899,128
7121,1779714405336492365,1779714405316415665,-20.0767,1417.068,128
7122,1779714405338703449,1779714405318360587,-20.342862,944.922,128
7123,1779714405340763795,1779714405319602464,-21.161331,241.877,128
7124,1779714405342079240,1779714405321825182,-20.254058,1222.718,128
7125,1779714405344244352,1779714405323252778,-20.991574,427.596,128
7126,1779714405345669787,1779714405328479064,-17.190723,4226.286,128
7127,1779714405350889393,1779714405340014701,-10.874692,10535.637,128
7128,1779714405362628692,1779714405342425984,-20.202708,1411.283,128
7129,1779714405364911788,1779714405344076664,-20.835124,650.68,128
7130,1779714405366508285,1779714405345763959,-20.744326,687.295,128
7131,1779714405368220606,1779714405348221983,-19.998623,1458.024,128
7132,1779714405370537614,1779714405350018390,-20.519224,796.407,128
7133,1779714405372344188,1779714405352042784,-20.301404,1024.394,128
7134,1779714405374583909,1779714405353917079,-20.66683,874.295,128
7135,1779714405376383319,1779714405355582683,-20.800636,665.604,128
7136,1779714405377943836,1779714405357521397,-20.422439,938.714,128
7137,1779714405379912733,1779714405359142379,-20.770354,620.982,128
7138,1779714405381449410,1779714405360653155,-20.796255,510.776,128
7139,1779714405383104158,1779714405362611616,-20.492542,958.461,128
7140,1779714405385085364,1779714405364335903,-20.749461,724.287,128
7141,1779714405386503842,1779714405366132335,-20.371507,796.432,128
7142,1779714405388391315,1779714405367753388,-20.637927,621.053,128
7143,1779714405390154597,1779714405369597761,-20.556836,844.373,128
7144,1779714405391655157,1779714405370625801,-21.029356,28.04,128
7145,1779714405392992241,1779714405372314685,-20.677556,688.884,128
7146,1779714405394801899,1779714405374566800,-20.235099,1252.115,128
7147,1779714405397072737,1779714405376501734,-20.571003,934.934,128
7148,1779714405399027431,1779714405378626324,-20.401107,1124.59,128
7149,1779714405401026761,1779714405380684458,-20.342303,1058.134,128
7150,1779714405403109055,1779714405382824992,-20.284063,1140.534,128
7151,1779714405405159135,1779714405384661887,-20.497248,836.895,128
7152,1779714405407116255,1779714405385998285,-21.11797,336.398,128
7153,1779714405408432233,1779714405387606343,-20.82589,608.058,128
7154,1779714405409980461,1779714405388641374,-21.339087,35.031,128
7155,1779714405411066036,1779714405390279833,-20.786203,638.459,128
7156,1779714405412654778,1779714405392273651,-20.381127,993.818,128
7157,1779714405414681259,1779714405394238940,-20.442319,965.289,128
7158,1779714405416596758,1779714405395274285,-21.322473,35.345,128
7159,1779714405417729405,1779714405396808121,-20.921284,533.836,128
7160,1779714405419195628,1779714405398105764,-21.089864,297.643,128
7161,1779714405420503837,1779714405399415106,-21.088731,309.342,128
7162,1779714405421841154,1779714405400644156,-21.196998,229.05,128
7163,1779714405423025065,1779714405401858648,-21.166417,214.492,128
7164,1779714405424253123,1779714405403325069,-20.928054,466.421,128
7165,1779714405425668364,1779714405404801317,-20.867047,476.248,128
7166,1779714405427197436,1779714405406408489,-20.788947,607.172,128
7167,1779714405428833695,1779714405412000045,-16.83365,4591.556,128
7168,1779714405434395950,1779714405413715701,-20.680249,715.656,128
7169,1779714405436088736,1779714405415509166,-20.57957,793.465,128
7170,1779714405438047412,1779714405417564448,-20.482964,1055.282,128
7171,1779714405440030373,1779714405419277190,-20.753183,712.742,128
7172,1779714405441626645,1779714405420553350,-21.073295,276.16,128
7173,1779714405442992879,1779714405421925543,-21.067336,372.193,128
7174,1779714405444408396,1779714405423742616,-20.66578,817.073,128
7175,1779714405446162964,1779714405425293487,-20.869477,550.871,128
7176,1779714405447635303,1779714405426921065,-20.714238,627.578,128
7177,1779714405449337241,1779714405428771552,-20.565689,850.487,128
7178,1779714405451227850,1779714405430330742,-20.897108,559.19,128
7179,1779714405452696434,1779714405432432587,-20.263847,1101.845,128
7180,1779714405454821787,1779714405433963211,-20.858576,530.624,128
7181,1779714405456481829,1779714405435998268,-20.483561,1035.057,128
7182,1779714405458473986,1779714405438352534,-20.121452,1354.266,128
7183,1779714405460692053,1779714405440085468,-20.606585,732.934,128
7184,1779714405462536291,1779714405443283237,-19.253054,2197.769,128
7185,1779714405465503010,1779714405445660324,-19.842686,1377.087,128
7186,1779714405467750276,1779714405447767502,-19.982774,1107.178,128
7187,1779714405470182567,1779714405452858729,-17.323838,4091.227,128
7188,1779714405475237329,1779714405462740888,-12.496441,8882.159,128
7189,1779714405485154396,1779714405464639624,-20.514772,898.736,128
7190,1779714405487082001,1779714405473998420,-13.083581,8358.796,128
7191,1779714405496495457,1779714405489426332,-7.069125,14427.912,128
7192,1779714405511554482,1779714405491834596,-19.719886,1408.264,128
7193,1779714405514170566,1779714405495260793,-18.909773,2426.197,128
7194,1779714405518064436,1779714405505135571,-12.928865,8874.778,128
7195,1779714405527459591,1779714405507099349,-20.360242,963.778,128
7196,1779714405529492285,1779714405510900836,-18.591449,2801.487,128
7197,1779714405533154085,1779714405512411765,-20.74232,510.929,128
7198,1779714405534706816,1779714405514475585,-20.231231,1063.82,128
7199,1779714405536863132,1779714405529507402,-7.35573,14031.817,128
7200,1779714405551812076,1779714405545591979,-6.220097,15084.577,128
7201,1779714405567754881,1779714405548609369,-19.145512,2017.39,128
7202,1779714405570915485,1779714405550020189,-20.895296,410.82,128
7203,1779714405572388151,1779714405551740969,-20.647182,720.78,128
7204,1779714405574055903,1779714405553218318,-20.837585,477.349,128
7205,1779714405575468752,1779714405554956313,-20.512439,737.995,128
7206,1779714405577408049,1779714405556698235,-20.709814,741.922,128
7207,1779714405579076690,1779714405558693307,-20.383383,995.072,128
7208,1779714405581052089,1779714405561930840,-19.121249,2237.533,128
7209,1779714405584254917,1779714405566572362,-17.682555,3641.522,128
7210,1779714405588856367,1779714405569945980,-18.910387,2373.618,128
7211,1779714405592548453,1779714405572968802,-19.579651,2022.822,128
7212,1779714405595237208,1779714405574705024,-20.532184,736.222,128
7213,1779714405597064486,1779714405576351008,-20.713478,645.984,128
7214,1779714405598712332,1779714405578194231,-20.518101,843.223,128
7215,1779714405600566795,1779714405579532079,-21.034716,337.848,128
7216,1779714405601902613,1779714405580984881,-20.917732,452.802,128
7217,1779714405603312486,1779714405582836277,-20.476209,851.396,128
7218,1779714405605166297,1779714405584222282,-20.944015,386.005,128
7219,1779714405606469909,1779714405586599162,-19.870747,1376.88,128
7220,1779714405608316071,1779714405587755623,-20.560448,156.461,128
7221,1779714405609916063,1779714405589248008,-20.668055,492.385,128
7222,1779714405611441151,1779714405590765678,-20.675473,517.67,128
7223,1779714405613104921,1779714405592185232,-20.919689,419.554,128
7224,1779714405614617496,1779714405593880676,-20.73682,695.444,128
7225,1779714405616237571,1779714405595889769,-20.347802,1009.093,128
7226,1779714405618049862,1779714405596900097,-21.149765,10.328,128
7227,1779714405619285536,1779714405598583247,-20.702289,683.15,128
7228,1779714405620975807,1779714405600027622,-20.948185,444.375,128
7229,1779714405622420172,1779714405601740787,-20.679385,713.165,128
7230,1779714405624073908,1779714405603472397,-20.601511,731.61,128
7231,1779714405625811896,1779714405605621135,-20.190761,1148.738,128
7232,1779714405627962304,1779714405609515800,-18.446504,2894.665,128
7233,1779714405631735208,1779714405611241805,-20.493403,726.005,128
7234,1779714405633602335,1779714405613003345,-20.59899,761.54,128
7235,1779714405635315491,1779714405614635804,-20.679687,632.459,128
7236,1779714405636918623,1779714405630270329,-6.648294,14634.525,128
7237,1779714405653122654,1779714405633660411,-19.462243,2390.082,128
7238,1779714405656130675,1779714405635424707,-20.705968,764.296,128
7239,1779714405657739707,1779714405636922494,-20.817213,497.787,128
7240,1779714405659221580,1779714405638650933,-20.570647,728.439,128
7241,1779714405661139531,1779714405640041445,-21.098086,390.512,128
7242,1779714405662486018,1779714405641631745,-20.854273,590.3,128
7243,1779714405664084378,1779714405643072917,-21.011461,441.172,128
7244,1779714405665464278,1779714405644721906,-20.742372,648.989,128
7245,1779714405667091548,1779714405646397545,-20.694003,675.639,128
7246,1779714405668682479,1779714405647789118,-20.893361,391.573,128
7247,1779714405670204503,1779714405649353694,-20.850809,564.576,128
7248,1779714405671855659,1779714405650784634,-21.071025,430.94,128
7249,1779714405673222456,1779714405652276445,-20.946011,491.811,128
7250,1779714405674650474,1779714405654267030,-20.383444,990.585,128
7251,1779714405676712087,1779714405655367724,-21.344363,100.694,128
7252,1779714405677788984,1779714405656481091,-21.307893,113.367,128
7253,1779714405678932734,1779714405657899927,-21.032807,418.836,128
7254,1779714405680330941,1779714405659461923,-20.869018,561.996,128
7255,1779714405681810289,1779714405661422166,-20.388123,960.243,128
7256,1779714405683337285,1779714405662503210,-20.834075,81.044,128
7257,1779714405684948842,1779714405669509308,-15.439534,6006.098,128
7258,1779714405691187115,1779714405671025051,-20.162064,515.743,128
7259,1779714405693395243,1779714405672767696,-20.627547,742.645,128
7260,1779714405695284638,1779714405674264116,-21.020522,496.42,128
7261,1779714405696632120,1779714405675879309,-20.752811,615.193,128
7262,1779714405698331097,1779714405677550403,-20.780694,671.094,128
7263,1779714405699979248,1779714405679443759,-20.535489,893.356,128
7264,1779714405701812382,1779714405681462552,-20.34983,1018.793,128
7265,1779714405703708234,1779714405682896187,-20.812047,433.635,128
7266,1779714405705325947,1779714405684140375,-21.185572,244.188,128
7267,1779714405706629176,1779714405685751248,-20.877928,610.873,128
7268,1779714405708220436,1779714405687762908,-20.457528,1011.66,128
7269,1779714405710173387,1779714405689674157,-20.49923,911.249,128
7270,1779714405712072906,1779714405691493710,-20.579196,819.553,128
7271,1779714405713891779,1779714405693223569,-20.66821,729.859,128
7272,1779714405715674487,1779714405696121889,-19.552598,1898.32,128
7273,1779714405718629242,1779714405701049524,-17.579718,3927.635,128
7274,1779714405723352242,1779714405702714484,-20.637758,664.96,128
7275,1779714405725145540,1779714405704592612,-20.552928,878.128,128
7276,1779714405727006118,1779714405705907057,-21.099061,314.445,128
7277,1779714405728339806,1779714405707749085,-20.590721,842.028,128
7278,1779714405729989760,1779714405709534492,-20.455268,785.407,128
7279,1779714405731868122,1779714405710937752,-20.93037,403.26,128
7280,1779714405733340168,1779714405712694091,-20.646077,756.339,128
7281,1779714405735098349,1779714405714451885,-20.646464,757.794,128
7282,1779714405736794671,1779714405716155798,-20.638873,703.913,128
7283,1779714405738226517,1779714405717430666,-20.795851,274.868,128
7284,1779714405739890114,1779714405719020672,-20.869442,590.006,128
7285,1779714405741451819,1779714405720661925,-20.789894,641.253,128
7286,1779714405743026230,1779714405722436482,-20.589748,774.557,128
7287,1779714405744847395,1779714405724024481,-20.822914,587.999,128
7288,1779714405746427967,1779714405726024474,-20.403493,999.993,128
7289,1779714405748536596,1779714405728045148,-20.491448,1020.674,128
7290,1779714405750435945,1779714405729673751,-20.762194,628.603,128
7291,1779714405752165354,1779714405732678268,-19.487086,2004.517,128
7292,1779714405754959993,1779714405734335349,-20.624644,657.081,128
7293,1779714405756724328,1779714405735923957,-20.800371,588.608,128
7294,1779714405758330151,1779714405737555141,-20.77501,631.184,128
7295,1779714405759965744,1779714405738998199,-20.967545,443.058,128
7296,1779714405761452575,1779714405740442952,-21.009623,444.753,128
7297,1779714405762906536,1779714405741892284,-21.014252,449.332,128
7298,1779714405764321085,1779714405743530030,-20.791055,637.746,128
7299,1779714405766010751,1779714405745012138,-20.998613,482.108,128
7300,1779714405767425346,1779714405746662062,-20.763284,649.924,128
7301,1779714405769027831,1779714405748366921,-20.66091,704.859,128
7302,1779714405770836051,1779714405749944905,-20.891146,577.984,128
7303,1779714405772456585,1779714405753211633,-19.244952,2266.728,128
7304,1779714405775614894,1779714405755428185,-20.186709,1216.552,128
7305,1779714405777940220,1779714405756837021,-21.103199,408.836,128
7306,1779714405779177132,1779714405758340836,-20.836296,503.815,128
7307,1779714405780699818,1779714405759767772,-20.932046,426.936,128
7308,1779714405782183591,1779714405761088671,-21.09492,320.899,128
7309,1779714405783360114,1779714405762857125,-20.502989,768.454,128
7310,1779714405785277126,1779714405764527491,-20.749635,670.366,128
7311,1779714405786857732,1779714405766108076,-20.749656,580.585,128
7312,1779714405788505984,1779714405767667343,-20.838641,559.267,128
7313,1779714405790040241,1779714405769234514,-20.805727,567.171,128
7314,1779714405791573533,1779714405770794530,-20.779003,560.016,128
7315,1779714405793206119,1779714405772586986,-20.619133,792.456,128
7316,1779714405794975553,1779714405774129405,-20.846148,542.419,128
7317,1779714405796635462,1779714405775905025,-20.730437,775.62,128
7318,1779714405798327033,1779714405777690372,-20.636661,785.347,128
7319,1779714405800093733,1779714405779613080,-20.480653,922.708,128
7320,1779714405801887663,1779714405781364256,-20.523407,751.176,128
7321,1779714405803731698,1779714405783220644,-20.511054,856.388,128
7322,1779714405805707026,1779714405785046366,-20.66066,825.722,128
7323,1779714405807404468,1779714405786693168,-20.7113,646.802,128
7324,1779714405809095135,1779714405788048010,-21.047125,354.842,128
7325,1779714405810527129,1779714405789998592,-20.528537,950.582,128
7326,1779714405812402344,1779714405791655626,-20.746718,657.034,128
7327,1779714405813898628,1779714405793113935,-20.784693,458.309,128
7328,1779714405815468320,1779714405794684219,-20.784101,570.284,128
7329,1779714405817111695,1779714405796349961,-20.761734,665.742,128
7330,1779714405818664324,1779714405797426717,-21.237607,76.756,128
7331,1779714405819809136,1779714405798924134,-20.885002,497.417,128
7332,1779714405821422744,1779714405800915054,-20.50769,990.92,128
7333,1779714405823234718,1779714405802531973,-20.702745,616.919,128
7334,1779714405824851327,1779714405804344776,-20.506551,812.803,128
7335,1779714405826735179,1779714405805920278,-20.814901,575.502,128
7336,1779714405828324355,1779714405807557137,-20.767218,636.859,128
7337,1779714405830035110,1779714405809590889,-20.444221,1033.752,128
7338,1779714405832067919,1779714405811573454,-20.494465,982.565,128
7339,1779714405833906059,1779714405813128235,-20.777824,554.781,128
7340,1779714405835487483,1779714405814425252,-21.062231,297.017,128
7341,1779714405836678484,1779714405816055867,-20.622617,630.615,128
7342,1779714405838757818,1779714405817749237,-21.008581,693.37,128
7343,1779714405840145697,1779714405819418409,-20.727288,669.172,128
7344,1779714405841828628,1779714405821623214,-20.205414,1204.805,128
7345,1779714405843975594,1779714405823557955,-20.417639,934.741,128
7346,1779714405845940121,1779714405824654387,-21.285734,96.432,128
7347,1779714405847048291,1779714405826049488,-20.998803,395.101,128
7348,1779714405848461037,1779714405827630538,-20.830499,581.05,128
7349,1779714405850109529,1779714405829344476,-20.765053,713.938,128
7350,1779714405851751496,1779714405830861086,-20.89041,516.61,128
7351,1779714405853262032,1779714405832622345,-20.639687,761.259,128
7352,1779714405855125897,1779714405834226994,-20.898903,604.649,128
7353,1779714405856624313,1779714405835847278,-20.777035,620.284,128
7354,1779714405858349586,1779714405837546110,-20.803476,698.832,128
7355,1779714405859944990,1779714405838953520,-20.99147,407.41,128
7356,1779714405861363267,1779714405840702658,-20.660609,749.138,128
7357,1779714405863038371,1779714405841971313,-21.067058,268.655,128
7358,1779714405864193206,1779714405843918521,-20.274685,947.208,128
7359,1779714405866039447,1779714405845439039,-20.600408,520.518,128
7360,1779714405867868732,1779714405846679489,-21.189243,240.45,128
7361,1779714405869078139,1779714405848278784,-20.799355,599.295,128
7362,1779714405870779523,1779714405849694221,-21.085302,415.437,128
7363,1779714405872129098,1779714405850809245,-21.319853,115.024,128
7364,1779714405873318899,1779714405852990952,-20.327947,1181.707,128
7365,1779714405875373843,1779714405855286217,-20.087626,1295.265,128
7366,1779714405877688256,1779714405856820532,-20.867724,534.315,128
7367,1779714405879209453,1779714405858867737,-20.341716,1047.205,128
7368,1779714405881247904,1779714405860662957,-20.584947,795.22,128
7369,1779714405883055400,1779714405862723192,-20.332208,1060.235,128
7370,1779714405885196399,1779714405864932895,-20.263504,1209.703,128
7371,1779714405887021442,1779714405866450267,-20.571175,517.372,128
7372,1779714405888815262,1779714405868077436,-20.737826,627.169,128
7373,1779714405890537320,1779714405869504209,-21.033111,426.773,128
7374,1779714405891852384,1779714405871060050,-20.792334,555.841,128
7375,1779714405893348702,1779714405872789307,-20.559395,729.257,128
7376,1779714405895093112,1779714405874357078,-20.736034,567.771,128
7377,1779714405896754932,1779714405876573109,-20.181823,1216.031,128
7378,1779714405898859932,1779714405878283715,-20.576217,710.606,128
7379,1779714405900619192,1779714405879797193,-20.821999,513.478,128
7380,1779714405902171483,1779714405881722841,-20.448642,925.648,128
7381,1779714405904056412,1779714405883146237,-20.910175,423.396,128
7382,1779714405905597993,1779714405884577069,-21.020924,430.832,128
7383,1779714405907045038,1779714405886925717,-20.119321,1348.648,128
7384,1779714405909378134,1779714405889598854,-19.77928,1673.137,128
7385,1779714405912069955,1779714405891694137,-20.375818,1095.283,128
7386,1779714405914129576,1779714405893883679,-20.245897,1189.542,128
7387,1779714405916368453,1779714405896236039,-20.132414,1352.36,128
7388,1779714405918773731,1779714405898076233,-20.697498,840.194,128
7389,1779714405920530073,1779714405900658974,-19.871099,1582.741,128
7390,1779714405923000727,1779714405902804945,-20.195782,1145.971,128
7391,1779714405925135188,1779714405904713637,-20.421551,908.692,128
7392,1779714405927085408,1779714405907747114,-19.338294,2033.477,128
7393,1779714405931666266,1779714405911157789,-20.508477,2410.675,128
7394,1779714405933393506,1779714405912727387,-20.666119,569.598,128
7395,1779714405935077198,1779714405914554965,-20.522233,827.578,128
7396,1779714405936714883,1779714405915819645,-20.895238,264.68,128
7397,1779714405938043142,1779714405917766245,-20.276897,946.6,128
7398,1779714405939970671,1779714405919382215,-20.588456,615.97,128
7399,1779714405941703096,1779714405921433286,-20.26981,1051.071,128
7400,1779714405943762460,1779714405923062919,-20.699541,629.633,128
7401,1779714405945363009,1779714405924744356,-20.618653,681.437,128
7402,1779714405947090197,1779714405926242415,-20.847782,498.059,128
7403,1779714405948520644,1779714405927755036,-20.765608,512.621,128
7404,1779714405950102709,1779714405929479533,-20.623176,724.497,128
7405,1779714405951789338,1779714405931415239,-20.374099,935.706,128
7406,1779714405953524411,1779714405932807432,-20.716979,392.193,128
7407,1779714405955066653,1779714405934334064,-20.732589,526.632,128
7408,1779714405956686956,1779714405935961210,-20.725746,627.146,128
7409,1779714405958305296,1779714405937558342,-20.746954,597.132,128
7410,1779714405959997950,1779714405939534738,-20.463212,976.396,128
7411,1779714405961804048,1779714405942269872,-19.534176,1735.134,128
7412,1779714405964325739,1779714405943553334,-20.772405,283.462,128
7413,1779714405965813147,1779714405944901264,-20.911883,347.93,128
7414,1779714405967225974,1779714405946424077,-20.801897,522.813,128
7415,1779714405968694264,1779714405948425706,-20.268558,1001.629,128
7416,1779714405970774873,1779714405950444832,-20.330041,1019.126,128
7417,1779714405972766965,1779714405952420800,-20.346165,975.968,128
7418,1779714405974729331,1779714405955661471,-19.06786,2240.671,128
7419,1779714405977925870,1779714405957649955,-20.275915,988.484,128
7420,1779714405979985180,1779714405959669128,-20.316052,1019.173,128
7421,1779714405981925822,1779714405961011921,-20.913901,342.793,128
7422,1779714405983272463,1779714405962658470,-20.613993,646.549,128
7423,1779714405984847445,1779714405964580244,-20.267201,921.774,128
7424,1779714405986813894,1779714405967859559,-18.954335,2279.315,128
7425,1779714405990078420,1779714405971079841,-18.998579,2220.282,128
7426,1779714405993032673,1779714405974955022,-18.077651,2875.181,128
7427,1779714405997051692,1779714405976847235,-20.204457,892.213,128
7428,1779714405999029587,1779714405978758445,-20.271142,911.21,128
7429,1779714406000805174,1779714405980498768,-20.306406,740.323,128
7430,1779714406002810302,1779714405983282910,-19.527392,1784.142,128
7431,1779714406005356882,1779714405985017977,-20.338905,735.067,128
7432,1779714406007267049,1779714405986776239,-20.49081,758.262,128
7433,1779714406008976036,1779714405989782621,-19.193415,2006.382,128
7434,1779714406012128105,1779714405993115677,-19.012428,2333.056,128
7435,1779714406015317216,1779714405995361789,-19.955427,1246.112,128
7436,1779714406017442778,1779714405997002164,-20.440614,640.375,128
7437,1779714406019554878,1779714406000302079,-19.252799,2299.915,128
7438,1779714406022448003,1779714406002509207,-19.938796,1207.128,128
7439,1779714406024866332,1779714406004630153,-20.236179,1120.946,128
7440,1779714406026951923,1779714406006475322,-20.476601,845.169,128
7441,1779714406028511563,1779714406008823841,-19.687722,1348.519,128
7442,1779714406031059409,1779714406011924623,-19.134786,2100.782,128
7443,1779714406034150703,1779714406014520858,-19.629845,1596.235,128
7444,1779714406036775301,1779714406016455840,-20.319461,934.982,128
7445,1779714406038788902,1779714406018567376,-20.221526,1111.536,128
7446,1779714406040881495,1779714406020627673,-20.253822,1060.297,128
7447,1779714406042952271,1779714406022997047,-19.955224,1369.374,128
7448,1779714406045332504,1779714406024840346,-20.492158,843.299,128
7449,1779714406046996316,1779714406026877579,-20.118737,1037.233,128
7450,1779714406049159932,1779714406028909005,-20.250927,1031.426,128
7451,1779714406051143273,1779714406031481577,-19.661696,1572.572,128
7452,1779714406053431763,1779714406033439597,-19.992166,958.02,128
7453,1779714406055852957,1779714406038115632,-17.737325,3676.035,128
7454,1779714406060429849,1779714406040023822,-20.406027,908.19,128
7455,1779714406062352443,1779714406042338069,-20.014374,1314.247,128
7456,1779714406064131451,1779714406043799628,-20.331823,461.559,128
7457,1779714406065917696,1779714406046729418,-19.188278,1929.79,128
7458,1779714406068968334,1779714406048641032,-20.327302,911.614,128
7459,1779714406070898158,1779714406050452655,-20.445503,811.623,128
7460,1779714406072785657,1779714406052460198,-20.325459,1007.543,128
7461,1779714406074795203,1779714406054461518,-20.333685,1001.32,128
7462,1779714406076832396,1779714406056248853,-20.583543,787.335,128
7463,1779714406078466656,1779714406057755684,-20.710972,506.831,128
7464,1779714406080084617,1779714406059545788,-20.538829,790.104,128
7465,1779714406081748609,1779714406061487467,-20.261142,941.679,128
7466,1779714406083223353,1779714406063137033,-20.08632,649.566,128
7467,1779714406085452818,1779714406065046523,-20.406295,909.49,128
7468,1779714406087403917,1779714406066986262,-20.417655,939.739,128
7469,1779714406089370492,1779714406070362270,-19.008222,2376.008,128
7470,1779714406091664000,1779714406071889609,-19.774391,527.339,128
7471,1779714406094008952,1779714406074263294,-19.745658,1373.685,128
7472,1779714406096304584,1779714406076160733,-20.143851,897.439,128
7473,1779714406098327155,1779714406078347960,-19.979195,1187.227,128
7474,1779714406100300271,1779714406084537935,-15.762336,5189.975,128
7475,1779714406106750877,1779714406086431444,-20.319433,893.509,128
7476,1779714406108855467,1779714406088366884,-20.488583,935.44,128
7477,1779714406110563948,1779714406090324061,-20.239887,957.177,128
7478,1779714406112312159,1779714406091869141,-20.443018,545.08,128
7479,1779714406114190695,1779714406094020736,-20.169959,1151.595,128
7480,1779714406116215735,1779714406096125581,-20.090154,1104.845,128
7481,1779714406118418368,1779714406097399253,-21.019115,273.672,128
7482,1779714406119913066,1779714406098971955,-20.941111,572.702,128
7483,1779714406121463053,1779714406101683559,-19.779494,1711.604,128
7484,1779714406124059426,1779714406103381930,-20.677496,698.371,128
7485,1779714406125770485,1779714406106636290,-19.134195,2254.36,128
7486,1779714406127883529,1779714406107649131,-20.234398,12.841,128
7487,1779714406129908238,1779714406109851313,-20.056925,1202.182,128
7488,1779714406131945075,1779714406111440686,-20.504389,589.373,128
7489,1779714406133775759,1779714406114823351,-18.952408,2382.665,128
7490,1779714406137063046,1779714406116677201,-20.385845,853.85,128
7491,1779714406139016594,1779714406118626208,-20.390386,949.007,128
7492,1779714406140758858,1779714406120153271,-20.605587,527.063,128
7493,1779714406142235949,1779714406121567832,-20.668117,414.561,128
7494,1779714406143852100,1779714406127312916,-16.539184,4745.084,128
7495,1779714406149648952,1779714406129411789,-20.237163,1098.873,128
7496,1779714406152160084,1779714406136223051,-15.937033,5811.262,128
7497,1779714406158435958,1779714406137770265,-20.665693,547.214,128
7498,1779714406160042846,1779714406140235790,-19.807056,1465.525,128
7499,1779714406162522281,1779714406142390865,-20.131416,1155.075,128
7500,1779714406164460046,1779714406144258624,-20.201422,867.759,128
7501,1779714406166648165,1779714406145501341,-21.146824,242.717,128
7502,1779714406167990167,1779714406146925494,-21.064673,424.153,128
7503,1779714406169373657,1779714406148830319,-20.543338,904.825,128
7504,1779714406171132852,1779714406150940637,-20.192215,1110.318,128
7505,1779714406173247217,1779714406153280206,-19.967011,1339.569,128
7506,1779714406175700117,1779714406156752911,-18.947206,2472.705,128
7507,1779714406179136361,1779714406159817102,-19.319259,2064.191,128
7508,1779714406182161039,1779714406162562442,-19.598597,1745.34,128
7509,1779714406184452262,1779714406164671215,-19.781047,1108.773,128
7510,1779714406186603055,1779714406165921406,-20.681649,250.191,128
7511,1779714406188132927,1779714406167366040,-20.766887,444.634,128
7512,1779714406189644537,1779714406169716675,-19.927862,1350.635,128
7513,1779714406191493488,1779714406171437200,-20.056288,720.525,128
7514,1779714406193472589,1779714406172725667,-20.746922,288.467,128
7515,1779714406195151036,1779714406174767035,-20.384001,1041.368,128
7516,1779714406197067707,1779714406176650266,-20.417441,883.231,128
7517,1779714406199061412,1779714406179022328,-20.039084,1372.062,128
7518,1779714406201218842,1779714406181556180,-19.662662,1533.852,128
7519,1779714406203416025,1779714406183347063,-20.068962,790.883,128
7520,1779714406205460457,1779714406185279808,-20.180649,932.745,128
7521,1779714406207464977,1779714406187369136,-20.095841,1089.328,128
7522,1779714406209438002,1779714406189321586,-20.116416,952.45,128
7523,1779714406211499325,1779714406191550469,-19.948856,1228.883,128
7524,1779714406213522125,1779714406193803633,-19.718492,1253.164,128
7525,1779714406215475647,1779714406194808987,-20.66666,5.354,128
7526,1779714406216929828,1779714406196357003,-20.572825,548.016,128
7527,1779714406218744583,1779714406198721203,-20.02338,1364.2,128
7528,1779714406220889135,1779714406201027059,-19.862076,1305.856,128
7529,1779714406223189573,1779714406203093010,-20.096563,1065.951,128
7530,1779714406225475541,1779714406205402341,-20.0732,1309.331,128
7531,1779714406227490118,1779714406206777003,-20.713115,374.662,128
7532,1779714406229109648,1779714406208451571,-20.658077,674.568,128
7533,1779714406230916835,1779714406210812258,-20.104577,1360.687,128
7534,1779714406233112529,1779714406213029875,-20.082654,1217.617,128
7535,1779714406235363302,1779714406215014394,-20.348908,984.519,128
7536,1779714406237196458,1779714406216010581,-21.185877,-3.813,128
7537,1779714406238456073,1779714406221512989,-16.943084,4502.408,128
7538,1779714406242905936,1779714406222674471,-20.231465,161.482,128
7539,1779714406244668273,1779714406224319713,-20.34856,645.242,128
7540,1779714406246429187,1779714406226344808,-20.084379,1025.095,128
7541,1779714406248415629,1779714406227945809,-20.46982,601.001,128
7542,1779714406250178470,1779714406229247994,-20.930476,302.185,128
7543,1779714406251643938,1779714406231829979,-19.813959,1581.985,128
7544,1779714406254083410,1779714406234095863,-19.987547,1265.884,128
7545,1779714406256447120,1779714406235658725,-20.788395,562.862,128
7546,1779714406258099973,1779714406237439492,-20.660481,780.767,128
7547,1779714406259777205,1779714406239387090,-20.390115,947.598,128
7548,1779714406261880754,1779714406241625420,-20.255334,1238.33,128
7549,1779714406263871153,1779714406243585102,-20.286051,959.682,128
7550,1779714406266029283,1779714406245742434,-20.286849,1157.332,128
7551,1779714406268197425,1779714406248755354,-19.442071,2012.92,128
7552,1779714406270947431,1779714406250447215,-20.500216,691.861,128
7553,1779714406272851355,1779714406253027411,-19.823944,1580.196,128
7554,1779714406275421934,1779714406254903139,-20.518795,875.728,128
7555,1779714406277316531,1779714406257151249,-20.165282,1248.11,128
7556,1779714406279242903,1779714406258568821,-20.674082,417.572,128
7557,1779714406280890478,1779714406260501024,-20.389454,932.203,128
7558,1779714406282671259,1779714406263303836,-19.367423,1802.812,128
7559,1779714406285685771,1779714406265441138,-20.244633,1137.302,128
7560,1779714406287700506,1779714406267033514,-20.666992,592.376,128
7561,1779714406289144720,1779714406269301731,-19.842989,1268.217,128
7562,1779714406291526521,1779714406271151361,-20.37516,849.63,128
7563,1779714406293409277,1779714406273407016,-20.002261,1255.655,128
7564,1779714406295506414,1779714406276264272,-19.242142,1857.256,128
7565,1779714406298585805,1779714406279778120,-18.807685,2513.848,128
7566,1779714406301389540,1779714406281762269,-19.627271,984.149,128
7567,1779714406303709253,1779714406283369843,-20.33941,607.574,128
7568,1779714406305480607,1779714406284918689,-20.561918,548.846,128
7569,1779714406307286182,1779714406286506318,-20.779864,587.629,128
7570,1779714406308922730,1779714406288879431,-20.043299,1373.113,128
7571,1779714406311160158,1779714406289689882,-21.470276,-189.549,128
7572,1779714406312103695,1779714406292287948,-19.815747,1598.066,128
7573,1779714406314378566,1779714406294191139,-20.187427,903.191,128
7574,1779714406316543906,1779714406295842431,-20.701475,651.292,128
7575,1779714406318045169,1779714406297472460,-20.572709,630.029,128
7576,1779714406319827378,1779714406301076660,-18.750718,2604.2,128
7577,1779714406323520944,1779714406303064944,-20.456,988.284,128
7578,1779714406325327515,1779714406304777072,-20.550443,712.128,128
7579,1779714406327103016,1779714406306721903,-20.381113,944.831,128
7580,1779714406329048912,1779714406308696371,-20.352541,974.468,128
7581,1779714406331031423,1779714406312160155,-18.871268,2463.784,128
7582,1779714406334508025,1779714406314041892,-20.466133,881.737,128
7583,1779714406336368920,1779714406317101313,-19.267607,2059.421,128
7584,1779714406339093444,1779714406318501297,-20.592147,399.984,128
7585,1779714406340890232,1779714406320486906,-20.403326,985.609,128
7586,1779714406342893994,1779714406322581718,-20.312276,1094.812,128
7587,1779714406344960726,1779714406324706400,-20.254326,1124.682,128
7588,1779714406347157268,1779714406327181786,-19.975482,1475.386,128
7589,1779714406349530646,1779714406331308914,-18.221732,3127.128,128
7590,1779714406353491295,1779714406333120879,-20.370416,811.965,128
7591,1779714406355490892,1779714406335752079,-19.738813,1631.2,128
7592,1779714406358081467,1779714406338044632,-20.036835,1292.553,128
7593,1779714406360373548,1779714406339532480,-20.841068,487.848,128
7594,1779714406361870195,1779714406341240469,-20.629726,707.989,128
7595,1779714406363586651,1779714406342684281,-20.90237,443.812,128
7596,1779714406365022442,1779714406344149138,-20.873304,464.857,128
7597,1779714406366586019,1779714406345560471,-21.025548,411.333,128
7598,1779714406367914890,1779714406347377595,-20.537295,817.124,128
7599,1779714406369838073,1779714406349069138,-20.768935,691.543,128
7600,1779714406371432197,1779714406350800160,-20.632037,731.022,128
7601,1779714406373175664,1779714406352548231,-20.627433,748.071,128
7602,1779714406374928681,1779714406353933971,-20.99471,385.74,128
7603,1779714406376234308,1779714406357129381,-19.104927,2195.41,128
7604,1779714406379570613,1779714406358936384,-20.634229,807.003,128
7605,1779714406381411458,1779714406360530334,-20.881124,593.95,128
7606,1779714406382932741,1779714406362991563,-19.941178,1461.229,128
7607,1779714406385333715,1779714406364683960,-20.649755,692.397,128
7608,1779714406387025631,1779714406366075185,-20.950446,391.225,128
7609,1779714406388435995,1779714406367772882,-20.663113,697.697,128
7610,1779714406390046448,1779714406369494762,-20.551686,721.88,128
7611,1779714406391951550,1779714406371532682,-20.418868,1037.92,128
7612,1779714406393782959,1779714406373988023,-19.794936,1455.341,128
7613,1779714406396399624,1779714406375955827,-20.443797,967.804,128
7614,1779714406398379615,1779714406378981137,-19.398478,2025.31,128
7615,1779714406401368665,1779714406381573543,-19.795122,1592.406,128
7616,1779714406403828069,1779714406383217679,-20.61039,644.136,128
7617,1779714406405497837,1779714406385146708,-20.351129,929.029,128
7618,1779714406407508958,1779714406387127100,-20.381858,980.392,128
7619,1779714406409466644,1779714406388723170,-20.743474,596.07,128
7620,1779714406411087639,1779714406390989847,-20.097792,1266.677,128
7621,1779714406413322757,1779714406392618731,-20.704026,628.884,128
7622,1779714406415057732,1779714406394367450,-20.690282,748.719,128
7623,1779714406416886604,1779714406396362522,-20.524082,995.072,128
7624,1779714406418617805,1779714406398342893,-20.274912,980.371,128
7625,1779714406420786088,1779714406400841640,-19.944448,1498.747,128
7626,1779714406423239075,1779714406403053194,-20.185881,1211.554,128
7627,1779714406425355756,1779714406408094099,-17.261657,4040.905,128
7628,1779714406428113079,1779714406408355403,-19.757676,-738.696,128
7629,1779714406430665387,1779714406410653294,-20.012093,1297.891,128
7630,1779714406432942271,1779714406412385359,-20.556912,732.065,128
7631,1779714406434663371,1779714406414518340,-20.145031,1132.981,128
7632,1779714406436825380,1779714406416641849,-20.183531,1123.509,128
7633,1779714406438960146,1779714406418279403,-20.680743,637.554,128
7634,1779714406440494737,1779714406419899966,-20.594771,620.563,128
7635,1779714406442218722,1779714406421904767,-20.313955,1004.801,128
7636,1779714406444122670,1779714406423489286,-20.633384,584.519,128
7637,1779714406445802362,1779714406425530882,-20.27148,1041.596,128
7638,1779714406447751680,1779714406427230803,-20.520877,699.921,128
7639,1779714406449888442,1779714406429399154,-20.489288,1168.351,128
7640,1779714406451691267,1779714406431058791,-20.632476,659.637,128
7641,1779714406453371030,1779714406432903874,-20.467156,845.083,128
7642,1779714406455205932,1779714406434932268,-20.273664,1028.394,128
7643,1779714406457181447,1779714406436553892,-20.627555,621.624,128
7644,1779714406458840056,1779714406437806296,-21.03376,252.404,128
7645,1779714406460128548,1779714406439364336,-20.764212,558.04,128
7646,1779714406461673836,1779714406441287262,-20.386574,922.926,128
7647,1779714406463473609,1779714406443380488,-20.093121,1093.226,128
7648,1779714406465251230,1779714406445024202,-20.227028,643.714,128
7649,1779714406467401307,1779714406452785241,-14.616066,6761.039,128
7650,1779714406474966712,1779714406454932775,-20.033937,1147.534,128
7651,1779714406477240704,1779714406456590915,-20.649789,658.14,128
7652,1779714406478833088,1779714406458365759,-20.467329,774.844,128
7653,1779714406480539960,1779714406459986995,-20.552965,621.236,128
7654,1779714406482232567,1779714406463131159,-19.101408,2144.164,128
7655,1779714406485249676,1779714406468497723,-16.751953,4366.564,128
7656,1779714406491047303,1779714406472803986,-18.243317,3306.263,128
7657,1779714406495114751,1779714406478918444,-16.196307,5114.458,128
7658,1779714406500492658,1779714406482628785,-17.863873,2710.341,128
7659,1779714406504780574,1779714406485848100,-18.932474,2219.315,128
7660,1779714406508186770,1779714406488079855,-20.106915,1231.755,128
7661,1779714406510466941,1779714406490337818,-20.129123,1257.963,128
7662,1779714406512621468,1779714406492482853,-20.138615,1145.035,128
7663,1779714406514726373,1779714406495647825,-19.078548,2164.972,128
7664,1779714406517968030,1779714406499236963,-18.731067,2589.138,128
7665,1779714406520745505,1779714406503010433,-17.735072,2773.47,128
7666,1779714406525523033,1779714406509512357,-16.010676,5501.924,128
7667,1779714406531405369,1779714406513586167,-17.819202,3073.81,128
7668,1779714406535496106,1779714406515462599,-20.033507,876.432,128
7669,1779714406537691650,1779714406518408667,-19.282983,1946.068,128
7670,1779714406540679057,1779714406523048518,-17.630539,3639.851,128
7671,1779714406545134545,1779714406525275594,-19.858951,1227.076,128
7672,1779714406547458865,1779714406529430809,-18.028056,3155.215,128
7673,1779714406551677595,1779714406531443781,-20.233814,1012.972,128
7674,1779714406553697896,1779714406533873809,-19.824087,1430.028,128
7675,1779714406556134297,1779714406538230553,-17.903744,3356.744,128
7676,1779714406560556944,1779714406540494863,-20.062081,1264.31,128
7677,1779714406562746952,1779714406542452518,-20.294434,957.655,128
7678,1779714406564511771,1779714406544292364,-20.219407,839.846,128
7679,1779714406566513736,1779714406547470117,-19.043619,2177.753,128
7680,1779714406569550494,1779714406549437009,-20.113485,966.892,128
7681,1779714406571847785,1779714406554613174,-17.234611,4176.165,128
7682,1779714406576511598,1779714406556825160,-19.686438,1211.986,128
7683,1779714406578784925,1779714406558716957,-20.067968,891.797,128
7684,1779714406580909903,1779714406560922010,-19.987893,1205.053,128
7685,1779714406583031220,1779714406562872733,-20.158487,950.723,128
7686,1779714406585204166,1779714406565042562,-20.161604,1169.829,128
7687,1779714406587295331,1779714406568073174,-19.222157,2030.612,128
7688,1779714406590085787,1779714406570009354,-20.076433,936.18,128
7689,1779714406592223023,1779714406571496305,-20.726718,486.951,128
7690,1779714406593763819,1779714406573386345,-20.377474,890.04,128
7691,1779714406595556455,1779714406575019996,-20.536459,633.651,128
7692,1779714406597296505,1779714406577426098,-19.870407,1406.102,128
7693,1779714406599404915,1779714406580315241,-19.089674,1889.143,128
7694,1779714406602521352,1779714406583300256,-19.221096,1985.015,128
7695,1779714406605392350,1779714406584582668,-20.809682,282.412,128
7696,1779714406606811497,1779714406586584810,-20.226687,1002.142,128
7697,1779714406608693633,1779714406588432122,-20.261511,847.312,128
7698,1779714406610736578,1779714406591617688,-19.11889,2185.566,128
7699,1779714406613852360,1779714406604386055,-9.466305,11768.367,128
7700,1779714406626443427,1779714406605989203,-20.454224,603.148,128
7701,1779714406628430217,1779714406608025933,-20.404284,1036.73,128
7702,1779714406630501997,1779714406610316980,-20.185017,1291.047,128
7703,1779714406632595332,1779714406612508181,-20.087151,1191.201,128
7704,1779714406634758562,1779714406614707084,-20.051478,1198.903,128
7705,1779714406637134063,1779714406616754454,-20.379609,1047.37,128
7706,1779714406639154155,1779714406619788501,-19.365654,2034.047,128
7707,1779714406642241384,1779714406624447162,-17.794222,3658.661,128
7708,1779714406646829055,1779714406626235033,-20.594022,787.871,128
7709,1779714406648769869,1779714406628202138,-20.567731,967.105,128
7710,1779714406650628050,1779714406631652272,-18.975778,2450.134,128
7711,1779714406653981186,1779714406636940882,-17.040304,4288.61,128
7712,1779714406659144838,1779714406638958386,-20.186452,1017.504,128
7713,1779714406661266461,1779714406645617929,-15.648532,5659.543,128
7714,1779714406667941066,1779714406648211211,-19.729855,1593.282,128
7715,1779714406670652868,1779714406651359745,-19.293123,2148.534,128
7716,1779714406673708537,1779714406653725971,-19.982566,1366.226,128
7717,1779714406676151599,1779714406656587054,-19.564545,1861.083,128
7718,1779714406678997389,1779714406662114129,-16.88326,4527.075,128
7719,1779714406684477184,1779714406664128408,-20.348776,1014.279,128
7720,1779714406686293931,1779714406671714276,-14.579655,6585.868,128
7721,1779714406694249564,1779714406674241804,-20.00776,1527.528,128
7722,1779714406696573584,1779714406676058938,-20.514646,817.134,128
7723,1779714406698448510,1779714406679254705,-19.193805,2195.767,128
7724,1779714406701624102,1779714406681174828,-20.449274,920.123,128
7725,1779714406703315483,1779714406684142019,-19.173464,1967.191,128
7726,1779714406706650990,1779714406692136509,-14.514481,6994.49,128
7727,1779714406714489753,1779714406695064844,-19.424909,1928.335,128
7728,1779714406717423210,1779714406697587342,-19.835868,1522.498,128
7729,1779714406719739508,1779714406699791731,-19.947777,1204.389,128
7730,1779714406721994387,1779714406701378324,-20.616063,586.593,128
7731,1779714406723704185,1779714406702930220,-20.773965,551.896,128
7732,1779714406725291197,1779714406704628199,-20.662998,697.979,128
7733,1779714406727047853,1779714406706577554,-20.470299,949.355,128
7734,1779714406728894903,1779714406708681097,-20.213806,1103.543,128
7735,1779714406731006810,1779714406710159016,-20.847794,477.919,128
7736,1779714406732464737,1779714406711988580,-20.476157,829.564,128
7737,1779714406734196324,1779714406713781602,-20.414722,793.022,128
7738,1779714406735907518,1779714406715121476,-20.786042,339.874,128
7739,1779714406737480524,1779714406716606404,-20.87412,484.928,128
7740,1779714406738940368,1779714406718514915,-20.425453,908.511,128
7741,1779714406740781673,1779714406725577721,-15.203952,6062.806,128
7742,1779714406747983127,1779714406728031809,-19.951318,1454.088,128
7743,1779714406750341690,1779714406729611847,-20.729843,580.038,128
7744,1779714406751951184,1779714406730954950,-20.996234,343.103,128
7745,1779714406753237506,1779714406732251107,-20.986399,296.157,128
7746,1779714406754625297,1779714406733839016,-20.786281,587.909,128
7747,1779714406756150737,1779714406736495409,-19.655328,1656.393,128
7748,1779714406758827213,1779714406737477757,-21.349456,-17.652,128
7749,1779714406759776115,1779714406739217699,-20.558416,739.942,128
7750,1779714406761584843,1779714406741303606,-20.281237,1085.907,128
7751,1779714406763488463,1779714406742944446,-20.544017,640.84,128
7752,1779714406765240857,1779714406744908842,-20.332015,964.396,128
7753,1779714406766923442,1779714406746586923,-20.336519,678.081,128
7754,1779714406768897530,1779714406748333559,-20.563971,746.636,128
7755,1779714406770700994,1779714406751019323,-19.681671,1685.764,128
7756,1779714406773319309,1779714406753021291,-20.298018,1001.968,128
7757,1779714406775372995,1779714406757415165,-17.95783,3393.874,128
7758,1779714406779767521,1779714406761072467,-18.695054,2657.302,128
7759,1779714406783379495,1779714406762712665,-20.66683,640.198,128
7760,1779714406785106644,1779714406763840051,-21.266593,127.386,128
7761,1779714406786035344,1779714406767170752,-18.864592,2330.701,128
7762,1779714406789604397,1779714406769084785,-20.519612,914.033,128
7763,1779714406791502296,1779714406771196749,-20.305547,1111.964,128
7764,1779714406793468521,1779714406773147895,-20.320626,951.146,128
7765,1779714406795188745,1779714406774540620,-20.648125,392.725,128
7766,1779714406797040666,1779714406777339863,-19.700803,1799.243,128
7767,1779714406799667556,1779714406779373566,-20.29399,1033.703,128
7768,1779714406801611665,1779714406781366760,-20.244905,993.194,128
7769,1779714406803701640,1779714406783179202,-20.522438,812.442,128
7770,1779714406805373500,1779714406787168443,-18.205057,2989.241,128
7771,1779714406809433290,1779714406789143027,-20.290263,974.584,128
7772,1779714406811471443,1779714406790928393,-20.54305,785.366,128
7773,1779714406813275863,1779714406796779792,-16.496071,4851.399,128
7774,1779714406819075193,1779714406798622312,-20.452881,842.52,128
7775,1779714406820948400,1779714406800157650,-20.79075,535.338,128
7776,1779714406822529731,1779714406802290376,-20.239355,1132.726,128
7777,1779714406824605358,1779714406804200533,-20.404825,910.157,128
7778,1779714406826610761,1779714406806051573,-20.559188,851.04,128
7779,1779714406828436894,1779714406808274537,-20.162357,1222.964,128
7780,1779714406830613797,1779714406809898551,-20.715246,624.014,128
7781,1779714406832220206,1779714406811333248,-20.886958,434.697,128
7782,1779714406833521473,1779714406812566793,-20.95468,233.545,128
7783,1779714406834876714,1779714406813621969,-21.254745,55.176,128
7784,1779714406835986276,1779714406814823085,-21.163191,201.116,128
7785,1779714406837164423,1779714406816480120,-20.684303,657.035,128
7786,1779714406838794389,1779714406818205463,-20.588926,725.343,128
7787,1779714406840439113,1779714406820036213,-20.4029,830.75,128
7788,1779714406842652733,1779714406821836154,-20.816579,799.941,128
7789,1779714406844181066,1779714406823611211,-20.569855,775.057,128
7790,1779714406845782006,1779714406824341343,-21.440663,-269.868,128
7791,1779714406846866921,1779714406826568308,-20.298613,1226.965,128
7792,1779714406848820147,1779714406828626368,-20.193779,1058.06,128
7793,1779714406850544171,1779714406829821940,-20.722231,195.572,128
7794,1779714406852135770,1779714406832494011,-19.641759,1672.071,128
7795,1779714406854818815,1779714406834061573,-20.757242,567.562,128
7796,1779714406856389877,1779714406835219245,-21.170632,157.672,128
7797,1779714406857516490,1779714406836761239,-20.755251,541.994,128
7798,1779714406859120115,1779714406837908426,-21.211689,147.187,128
7799,1779714406860262264,1779714406839234160,-21.028104,325.734,128
7800,1779714406861657644,1779714406842132358,-19.525286,1898.198,128
7801,1779714406864016650,1779714406842975502,-21.041148,-156.856,128
7802,1779714406865316630,1779714406844459367,-20.857263,483.865,128
7803,1779714406866748581,1779714406845643193,-21.105388,183.826,128
7804,1779714406867971509,1779714406847883530,-20.087979,1240.337,128
7805,1779714406870202747,1779714406849136014,-21.066733,252.484,128
7806,1779714406871486047,1779714406850617616,-20.868431,481.602,128
7807,1779714406873052864,1779714406852117503,-20.935361,499.887,128
7808,1779714406874375829,1779714406853391198,-20.984631,273.695,128
7809,1779714406875774421,1779714406854761002,-21.013419,369.804,128
7810,1779714406876985478,1779714406856058021,-20.927457,297.019,128
7811,1779714406878373179,1779714406857122133,-21.251046,64.112,128
7812,1779714406879475525,1779714406858624583,-20.850942,502.45,128
7813,1779714406880931479,1779714406859911291,-21.020188,286.708,128
7814,1779714406882237343,1779714406861176128,-21.061215,264.837,128
7815,1779714406883446713,1779714406863283251,-20.163462,1107.123,128
7816,1779714406885419179,1779714406865695882,-19.723297,1412.631,128
7817,1779714406888012089,1779714406866969946,-21.042143,274.064,128
7818,1779714406889324058,1779714406869020026,-20.304032,1050.08,128
7819,1779714406891251406,1779714406870920226,-20.33118,900.2,128
7820,1779714406893103261,1779714406872314352,-20.788909,394.126,128
7821,1779714406894590687,1779714406873824871,-20.765816,510.519,128
7822,1779714406896235427,1779714406875219890,-21.015537,395.019,128
7823,1779714406897584959,1779714406876677192,-20.907767,457.302,128
7824,1779714406899026502,1779714406877863688,-21.162814,186.496,128
7825,1779714406900147361,1779714406878867598,-21.279763,3.91,128
7826,1779714406901148367,1779714406883676747,-17.47162,3809.149,128
7827,1779714406905978513,1779714406885213853,-20.76466,537.106,128
7828,1779714406907444512,1779714406886691379,-20.753133,477.526,128
7829,1779714406908922716,1779714406888291484,-20.631232,600.105,128
7830,1779714406910492917,1779714406890804946,-19.687971,1513.462,128
7831,1779714406913088202,1779714406892358406,-20.729796,553.46,128
7832,1779714406914712430,1779714406894298901,-20.413529,940.495,128
7833,1779714406916667946,1779714406896787864,-19.880082,1488.963,128
7834,1779714406919107593,1779714406898630626,-20.476967,842.762,128
7835,1779714406920711913,1779714406900143215,-20.568698,512.589,128
7836,1779714406922407308,1779714406901872309,-20.534999,729.094,128
7837,1779714406924094362,1779714406903603967,-20.490395,731.658,128
7838,1779714406925937387,1779714406905379662,-20.557725,775.695,128
7839,1779714406927548885,1779714406906597213,-20.951672,217.551,128
7840,1779714406928894942,1779714406908037113,-20.857829,439.9,128
7841,1779714406930340538,1779714406911636178,-18.70436,2599.065,128
7842,1779714406933459746,1779714406912708587,-20.751159,72.409,128
7843,1779714406934950016,1779714406914535915,-20.414101,827.328,128
7844,1779714406936774078,1779714406916090615,-20.683463,554.7,128
7845,1779714406938319833,1779714406917095910,-21.223923,5.295,128
7846,1779714406939423158,1779714406919624153,-19.799005,1528.243,128
7847,1779714406941720824,1779714406920596291,-21.124533,-27.862,128
7848,1779714406942863909,1779714406921783776,-21.080133,187.485,128
7849,1779714406943998693,1779714406922878947,-21.119746,95.171,128
7850,1779714406945169882,1779714406924105551,-21.064331,226.604,128
7851,1779714406946402244,1779714406924965920,-21.436324,-139.631,128
7852,1779714406947251852,1779714406926568741,-20.683111,602.821,128
7853,1779714406948867497,1779714406928350931,-20.516566,782.19,128
7854,1779714406950619477,1779714406929706212,-20.913265,355.281,128
7855,1779714406952006808,1779714406931047937,-20.958871,341.725,128
7856,1779714406953354611,1779714406932335670,-21.018941,287.733,128
7857,1779714406954619074,1779714406933701702,-20.917372,366.032,128
7858,1779714406955993438,1779714406935024364,-20.969074,322.662,128
7859,1779714406957255771,1779714406937387975,-19.867796,1363.611,128
7860,1779714406959666169,1779714406939549128,-20.117041,1161.153,128
7861,1779714406961727918,1779714406943051920,-18.675998,2502.792,128
7862,1779714406965212403,1779714406944915452,-20.296951,863.532,128
7863,1779714406967045178,1779714406947126469,-19.918709,1211.017,128
7864,1779714406969203831,1779714406948795819,-20.408012,669.35,128
7865,1779714406971055382,1779714406950833549,-20.221833,1037.73,128
7866,1779714406973034579,1779714406956308723,-16.725856,4475.174,128
7867,1779714406978588376,1779714406958237725,-20.350651,929.002,128
7868,1779714406980387796,1779714406959666630,-20.721166,428.905,128
7869,1779714406981874529,1779714406961578052,-20.296477,911.422,128
7870,1779714406983766134,1779714406964330822,-19.435312,1752.77,128
7871,1779714406986370578,1779714406965719720,-20.650858,388.898,128
7872,1779714406988119401,1779714406967782684,-20.336717,1062.964,128
7873,1779714406989912073,1779714406970187284,-19.724789,1404.6,128
7874,1779714406992263749,1779714406971979576,-20.284173,792.292,128
7875,1779714406994154457,1779714406973340026,-20.814431,360.45,128
7876,1779714406995626790,1779714406974494115,-21.132675,154.089,128
7877,1779714406996771790,1779714406975776687,-20.995103,282.572,128
7878,1779714406998062111,1779714406976721156,-21.340955,-55.531,128
7879,1779714406999021071,1779714406977649064,-21.372007,-72.092,128
7880,1779714406999934237,1779714406978787607,-21.14663,138.543,128
7881,1779714407001127843,1779714406980091572,-21.036271,303.965,128
7882,1779714407002453812,1779714406981798102,-20.65571,706.53,128
7883,1779714407003992161,1779714406983445688,-20.546473,647.586,128
7884,1779714407005633475,1779714406985999821,-19.633654,1554.133,128
7885,1779714407008113196,1779714406988368907,-19.744289,1369.086,128
7886,1779714407010485537,1779714406990086053,-20.399484,717.146,128
7887,1779714407012340784,1779714406992761376,-19.579408,1675.323,128
7888,1779714407014967250,1779714406994016477,-20.950773,255.101,128
7889,1779714407016197248,1779714406995765884,-20.431364,749.407,128
7890,1779714407017939600,1779714406997288273,-20.651327,522.389,128
7891,1779714407019428247,1779714406998715060,-20.713187,426.787,128
7892,1779714407020910989,1779714407000097114,-20.813875,382.054,128
7893,1779714407022252211,1779714407002041509,-20.210702,944.395,128
7894,1779714407023966185,1779714407003406594,-20.559591,365.085,128
7895,1779714407025492577,1779714407005130537,-20.36204,723.943,128
7896,1779714407027288126,1779714407007265061,-20.023065,1134.524,128
7897,1779714407029613022,1779714407009907749,-19.705273,1642.688,128
7898,1779714407032222662,1779714407011650587,-20.572075,742.838,128
7899,1779714407033875923,1779714407013980956,-19.894967,1330.369,128
7900,1779714407036195592,1779714407015999751,-20.195841,1018.795,128
7901,1779714407038037776,1779714407017015117,-21.022659,15.366,128
7902,1779714407039231626,1779714407018004267,-21.227359,-10.85,128
7903,1779714407040282552,1779714407019324847,-20.957705,320.58,128
7904,1779714407041545726,1779714407020519952,-21.025774,195.105,128
7905,1779714407042857696,1779714407021934866,-20.92283,414.914,128
7906,1779714407044143319,1779714407023062102,-21.081217,127.236,128
7907,1779714407045424383,1779714407025072670,-20.351713,1010.568,128
7908,1779714407047160201,1779714407027877984,-19.282217,1805.314,128
7909,1779714407049936306,1779714407029696506,-20.2398,818.522,128
7910,1779714407051936117,1779714407031692858,-20.243259,996.352,128
7911,1779714407053962696,1779714407033222056,-20.74064,529.198,128
7912,1779714407055512375,1779714407034626292,-20.886083,404.236,128
7913,1779714407057021994,1779714407036353868,-20.668126,727.576,128
7914,1779714407058615634,1779714407037979580,-20.636054,625.712,128
7915,1779714407060197825,1779714407039418403,-20.779422,438.823,128
7916,1779714407061713113,1779714407041256254,-20.456859,837.851,128
7917,1779714407063342010,1779714407046302122,-17.039888,4045.868,128
7918,1779714407068635061,1779714407049032366,-19.602695,1730.244,128
7919,1779714407071194498,1779714407050283950,-20.910548,251.584,128
7920,1779714407072421687,1779714407051041763,-21.379924,-242.187,128
7921,1779714407073312579,1779714407052225059,-21.08752,183.296,128
7922,1779714407074367679,1779714407052853684,-21.513995,-371.375,128
7923,1779714407075225627,1779714407053896496,-21.329131,42.812,128
7924,1779714407076181379,1779714407055935184,-20.246195,1038.688,128
7925,1779714407078198819,1779714407057726870,-20.471949,791.686,128
7926,1779714407079996307,1779714407059698015,-20.298292,971.145,128
7927,1779714407081880522,1779714407061000279,-20.880243,302.264,128
7928,1779714407083221775,1779714407062343072,-20.878703,342.793,128
7929,1779714407084495206,1779714407063974737,-20.520469,631.665,128
7930,1779714407086032766,1779714407065432956,-20.59981,458.219,128
7931,1779714407087572713,1779714407067026975,-20.545738,594.019,128
7932,1779714407089243457,1779714407068080893,-21.162564,53.918,128
7933,1779714407090418412,1779714407069920609,-20.497803,839.716,128
7934,1779714407092108257,1779714407071818614,-20.289643,898.005,128
7935,1779714407094225875,1779714407073450700,-20.775175,632.086,128
7936,1779714407095851554,1779714407075351394,-20.50016,900.694,128
7937,1779714407097513651,1779714407076810247,-20.703404,458.853,128
7938,1779714407099149308,1779714407078028613,-21.120695,218.366,128
7939,1779714407100347658,1779714407079268154,-21.079504,239.541,128
7940,1779714407101411740,1779714407080499163,-20.912577,231.009,128
7941,1779714407103024890,1779714407081848936,-21.175954,349.773,128
7942,1779714407104107116,1779714407083537216,-20.5699,688.28,128
7943,1779714407105823737,1779714407085367522,-20.456215,830.306,128
7944,1779714407107687340,1779714407087132714,-20.554626,765.192,128
7945,1779714407109591249,1779714407089001465,-20.589784,868.751,128
7946,1779714407111096744,1779714407091086677,-20.010067,1085.212,128
7947,1779714407113091785,1779714407092802926,-20.288859,716.249,128
7948,1779714407115013433,1779714407094279549,-20.733884,476.623,128
7949,1779714407116636340,1779714407095867457,-20.768883,587.908,128
7950,1779714407118105821,1779714407098336807,-19.769014,1469.35,128
7951,1779714407120360725,1779714407099605293,-20.755432,268.486,128
7952,1779714407121916905,1779714407101042206,-20.874699,436.913,128
7953,1779714407123156092,1779714407102434423,-20.721669,392.217,128
7954,1779714407124742396,1779714407103787511,-20.954885,353.088,128
7955,1779714407126087179,1779714407105218908,-20.868271,431.397,128
7956,1779714407127503084,1779714407106929355,-20.573729,710.447,128
7957,1779714407129240370,1779714407108460844,-20.779526,531.489,128
7958,1779714407130727677,1779714407110392315,-20.335362,931.471,128
7959,1779714407132669794,1779714407111811934,-20.85786,419.619,128
7960,1779714407134133863,1779714407113783616,-20.350247,971.682,128
7961,1779714407148281000,1779714407128624325,-19.656675,13840.709,128
7962,1779714407150850119,1779714407129954834,-20.895285,330.509,128
7963,1779714407152217642,1779714407132395860,-19.821782,1441.026,128
7964,1779714407154245369,1779714407135185188,-19.060181,1789.328,128
7965,1779714407157525352,1779714407137152860,-20.372492,967.672,128
7966,1779714407159196644,1779714407138524497,-20.672147,371.637,128
7967,1779714407160804693,1779714407140569474,-20.235219,1044.977,128
7968,1779714407162739804,1779714407141777972,-20.961832,208.498,128
7969,1779714407163993878,1779714407143061549,-20.932329,283.577,128
7970,1779714407165311475,1779714407144500514,-20.810961,438.965,128
7971,1779714407166539085,1779714407145656344,-20.882741,155.83,128
7972,1779714407167963008,1779714407146861463,-21.101545,205.119,128
7973,1779714407169192321,1779714407148863742,-20.328579,1002.279,128
7974,1779714407171092768,1779714407150923932,-20.168836,1060.19,128
7975,1779714407173255060,1779714407152586424,-20.668636,662.492,128
7976,1779714407174750709,1779714407153904555,-20.846154,318.131,128
7977,1779714407176075685,1779714407155085741,-20.989944,181.186,128
7978,1779714407177478879,1779714407157768099,-19.71078,1682.358,128
7979,1779714407180031369,1779714407159705498,-20.325871,937.399,128
7980,1779714407181897270,1779714407161838721,-20.058549,1133.223,128
7981,1779714407184111589,1779714407163118671,-20.992918,279.95,128
7982,1779714407185346086,1779714407164448962,-20.897124,330.291,128
7983,1779714407186783031,1779714407165662515,-21.120516,213.553,128
7984,1779714407187891600,1779714407167055159,-20.836441,392.644,128
7985,1779714407189303344,1779714407168709312,-20.594032,654.153,128
7986,1779714407190999515,1779714407170792153,-20.207362,1082.841,128
7987,1779714407193002375,1779714407172443011,-20.559364,650.858,128
7988,1779714407194380390,1779714407173629968,-20.750422,186.957,128
7989,1779714407195922685,1779714407176152466,-19.770219,1522.498,128
7990,1779714407198443525,1779714407180998322,-17.445203,3845.856,128
7991,1779714407203286165,1779714407182936520,-20.349645,938.198,128
7992,1779714407205108345,1779714407184293612,-20.814733,357.092,128
7993,1779714407206691081,1779714407187564533,-19.126548,2270.921,128
7994,1779714407209679616,1779714407188854915,-20.824701,290.382,128
7995,1779714407211107602,1779714407191525455,-19.582147,1670.54,128
7996,1779714407213835294,1779714407192973277,-20.862017,447.822,128
7997,1779714407215267233,1779714407194323168,-20.944065,349.891,128
7998,1779714407216658568,1779714407195466938,-21.19163,143.77,128
7999,1779714407217681185,1779714407196697161,-20.984024,230.223,128
8000,1779714407219025205,1779714407198604673,-20.420532,907.512,128
8001,1779714407220863287,1779714407200301576,-20.561711,696.903,128
8002,1779714407222559765,1779714407202239122,-20.320643,937.546,128
8003,1779714407224388308,1779714407217093872,-7.294436,13854.75,128
8004,1779714407239214174,1779714407220266566,-18.947608,2172.694,128
8005,1779714407242753809,1779714407222428334,-20.325475,1161.768,128
8006,1779714407244751869,1779714407226233391,-18.518478,2805.057,128
8007,1779714407248061657,1779714407228367939,-19.693718,1134.548,128
8008,1779714407250249223,1779714407229794394,-20.454829,426.455,128
8009,1779714407252169788,1779714407235790551,-16.379237,4996.157,128
8010,1779714407257779411,1779714407237058264,-20.721147,267.713,128
8011,1779714407259095630,1779714407238709571,-20.386059,651.307,128
8012,1779714407260790435,1779714407241366169,-19.424266,1656.598,128
8013,1779714407263661828,1779714407243741713,-19.920115,1375.544,128
8014,1779714407265559814,1779714407245145266,-20.414548,403.553,128
8015,1779714407267874993,1779714407248196134,-19.678859,2050.868,128
8016,1779714407270385391,1779714407249934350,-20.451041,738.216,128
8017,1779714407272065663,1779714407256708560,-15.357103,5774.21,128
8018,1779714407278900095,1779714407259160099,-19.739996,1451.539,128
8019,1779714407281017345,1779714407261308307,-19.709038,1148.208,128
8020,1779714407283270108,1779714407264146239,-19.123869,1837.932,128
8021,1779714407286448343,1779714407268572762,-17.875581,3426.523,128
8022,1779714407290566428,1779714407271297684,-19.268744,1724.922,128
8023,1779714407292709877,1779714407272095972,-20.613905,-201.712,128
8024,1779714407294203825,1779714407274267017,-19.936808,1171.045,128
8025,1779714407296545584,1779714407276648186,-19.897398,1381.169,128
8026,1779714407298849156,1779714407279134591,-19.714565,1486.405,128
8027,1779714407302274495,1779714407282663340,-19.611155,2528.749,128
8028,1779714407305099292,1779714407284716399,-20.382893,1053.059,128
8029,1779714407306998014,1779714407287196043,-19.801971,1479.644,128
8030,1779714407309635227,1779714407289519985,-20.115242,1323.942,128
8031,1779714407311535709,1779714407292256631,-19.279078,1736.646,128
8032,1779714407313715045,1779714407293265217,-20.449828,8.586,128
8033,1779714407315189212,1779714407294888134,-20.301078,622.917,128
8034,1779714407317031682,1779714407299506331,-17.525351,3618.197,128
8035,1779714407321705647,1779714407303453973,-18.251674,2947.642,128
8036,1779714407325321931,1779714407305897697,-19.424234,1443.724,128
8037,1779714407328061831,1779714407307798830,-20.263001,901.133,128
8038,1779714407330214948,1779714407310352906,-19.862042,1554.076,128
8039,1779714407332739340,1779714407312487979,-20.251361,1135.073,128
8040,1779714407334579995,1779714407314956832,-19.623163,1468.853,128
8041,1779714407337058830,1779714407316299867,-20.758963,343.035,128
8042,1779714407338268980,1779714407317840720,-20.42826,540.853,128
8043,1779714407340193935,1779714407319869427,-20.324508,1028.707,128
8044,1779714407341639307,1779714407320499947,-21.13936,-369.48,128
8045,1779714407342857299,1779714407321660549,-21.19675,160.602,128
8046,1779714407343941926,1779714407323297188,-20.644738,636.639,128
8047,1779714407345517631,1779714407324729197,-20.788434,432.009,128
8048,1779714407347054549,1779714407326143905,-20.910644,414.708,128
8049,1779714407348364500,1779714407327543292,-20.821208,399.387,128
8050,1779714407349853205,1779714407330524800,-19.328405,1981.508,128
8051,1779714407352499187,1779714407331827060,-20.672127,302.26,128
8052,1779714407354074860,1779714407333399667,-20.675193,572.607,128
8053,1779714407355769571,1779714407336210365,-19.559206,1810.698,128
8054,1779714407358472320,1779714407338020906,-20.451414,810.541,128
8055,1779714407360384595,1779714407339993895,-20.3907,972.989,128
8056,1779714407362196940,1779714407342466356,-19.730584,1472.461,128
8057,1779714407364782399,1779714407344900431,-19.881968,1434.075,128
8058,1779714407366827265,1779714407346481003,-20.346262,580.572,128
8059,1779714407368787262,1779714407348744752,-20.04251,1263.749,128
8060,1779714407371016530,1779714407350294356,-20.722174,549.604,128
8061,1779714407372590190,1779714407352602521,-19.987669,1308.165,128
8062,1779714407374758737,1779714407353937274,-20.821463,334.753,128
8063,1779714407376222841,1779714407355416021,-20.80682,478.747,128
8064,1779714407377733611,1779714407357118896,-20.614715,702.875,128
8065,1779714407379446325,1779714407358341075,-21.10525,222.179,128
8066,1779714407380640534,1779714407359779443,-20.861091,438.368,128
8067,1779714407382065892,1779714407361283968,-20.781924,504.525,128
8068,1779714407383608691,1779714407362782810,-20.825881,498.842,128
8069,1779714407385118870,1779714407364683528,-20.435342,900.718,128
8070,1779714407386997184,1779714407365813067,-21.184117,129.539,128
8071,1779714407388077820,1779714407366704056,-21.373764,-109.011,128
8072,1779714407389044341,1779714407369421539,-19.622802,1717.483,128
8073,1779714407391725403,1779714407370798486,-20.926917,376.947,128
8074,1779714407392977434,1779714407372699156,-20.278278,900.67,128
8075,1779714407395032088,1779714407374346440,-20.685648,647.284,128
8076,1779714407396249688,1779714407375571889,-20.677799,225.449,128
8077,1779714407397834721,1779714407376900066,-20.934655,328.177,128
8078,1779714407399206638,1779714407378577356,-20.629282,677.29,128
8079,1779714407400624991,1779714407379928817,-20.696174,351.461,128
8080,1779714407402214835,1779714407381388119,-20.826716,459.302,128
8081,1779714407403552365,1779714407382923549,-20.628816,535.43,128
8082,1779714407405216485,1779714407384019018,-21.197467,95.469,128
8083,1779714407406327342,1779714407391333194,-14.994148,6314.176,128
8084,1779714407412525305,1779714407394910679,-17.614626,2577.485,128
8085,1779714407417286496,1779714407397584239,-19.702257,1673.56,128
8086,1779714407419874592,1779714407399804535,-20.070057,1220.296,128
8087,1779714407422111773,1779714407401703677,-20.408096,899.142,128
8088,1779714407423845955,1779714407403179131,-20.666824,475.454,128
8089,1779714407425373563,1779714407404753566,-20.619997,574.435,128
8090,1779714407427099855,1779714407406828337,-20.271518,1074.771,128
8091,1779714407429078257,1779714407408936138,-20.142119,1107.801,128
8092,1779714407431138837,1779714407410470886,-20.667951,534.748,128
8093,1779714407432770275,1779714407412495844,-20.274431,1024.958,128
8094,1779714407434760715,1779714407414400143,-20.360572,904.299,128
8095,1779714407436667060,1779714407418065092,-18.601968,2664.949,128
8096,1779714407440285931,1779714407419752258,-20.533673,687.166,128
8097,1779714407441989173,1779714407421431842,-20.557331,679.584,128
8098,1779714407443787328,1779714407423936884,-19.850444,1505.042,128
8099,1779714407446310584,1779714407426333752,-19.976832,1396.868,128
8100,1779714407448702754,1779714407428957893,-19.744861,1624.141,128
8101,1779714407451188943,1779714407432137971,-19.050972,2180.078,128
8102,1779714407454341814,1779714407434218487,-20.123327,1080.516,128
8103,1779714407456363359,1779714407436242604,-20.120755,1024.117,128
8104,1779714407458345829,1779714407437928350,-20.417479,685.746,128
8105,1779714407460186027,1779714407439069835,-21.116192,141.485,128
8106,1779714407461323979,1779714407441645154,-19.678825,1575.319,128
8107,1779714407463905237,1779714407443644216,-20.261021,999.062,128
8108,1779714407465889184,1779714407445605373,-20.283811,961.157,128
8109,1779714407467792667,1779714407447729388,-20.063279,1124.015,128
8110,1779714407469938422,1779714407449537476,-20.400946,808.088,128
8111,1779714407471822130,1779714407451541786,-20.280344,1004.31,128
8112,1779714407473781055,1779714407453448910,-20.332145,907.124,128
8113,1779714407475734004,1779714407461413241,-14.320763,6964.331,128
8114,1779714407484003592,1779714407464817664,-19.185928,2404.423,128
8115,1779714407487025693,1779714407467372718,-19.652975,1555.054,128
8116,1779714407489463554,1779714407469256142,-20.207412,883.424,128
8117,1779714407491446701,1779714407471640825,-19.805876,1384.683,128
8118,1779714407493816977,1779714407475376797,-18.44018,2735.972,128
8119,1779714407497337735,1779714407479809023,-17.528712,3432.226,128
8120,1779714407501927000,1779714407481606383,-20.320617,797.36,128
8121,1779714407503787811,1779714407483958105,-19.829706,1351.722,128
8122,1779714407506058372,1779714407485822887,-20.235485,864.782,128
8123,1779714407508057297,1779714407487384739,-20.672558,561.852,128
8124,1779714407509514781,1779714407491270906,-18.243875,2886.167,128
8125,1779714407513462840,1779714407493593880,-19.86896,1322.974,128
8126,1779714407515878196,1779714407497353143,-18.525053,2759.263,128
8127,1779714407517795338,1779714407498355004,-19.440334,1.861,128
8128,1779714407520451209,1779714407500016745,-20.434464,661.741,128
8129,1779714407522299389,1779714407501588349,-20.71104,571.604,128
8130,1779714407523788047,1779714407504078100,-19.709947,1489.751,128
8131,1779714407526224893,1779714407505955414,-20.269479,877.314,128
8132,1779714407528184172,1779714407507513593,-20.670579,558.179,128
8133,1779714407529931290,1779714407509763427,-20.167863,1249.834,128
8134,1779714407531987741,1779714407512386041,-19.6017,1622.614,128
8135,1779714407534605257,1779714407516086931,-18.518326,2700.89,128
8136,1779714407538186041,1779714407519394132,-18.791909,2307.201,128
8137,1779714407541551054,1779714407520978372,-20.572682,584.24,128
8138,1779714407543190497,1779714407522845903,-20.344594,867.531,128
8139,1779714407545039275,1779714407524528396,-20.510879,682.493,128
8140,1779714407546633461,1779714407525866589,-20.766872,338.193,128
8141,1779714407548091918,1779714407527601378,-20.49054,734.789,128
8142,1779714407549838650,1779714407529749586,-20.089064,1148.208,128
8143,1779714407551523087,1779714407532124659,-19.398428,1375.073,128
8144,1779714407554359691,1779714407533876006,-20.483685,751.347,128
8145,1779714407556101807,1779714407535629719,-20.472088,753.713,128
8146,1779714407557720937,1779714407542700305,-15.020632,6070.586,128
8147,1779714407565197462,1779714407547574758,-17.622704,3874.453,128
8148,1779714407570796438,1779714407554148264,-16.648174,5573.506,128
8149,1779714407576392138,1779714407556216571,-20.175567,1068.307,128
8150,1779714407578614226,1779714407558375531,-20.238695,1158.96,128
8151,1779714407580438898,1779714407560784614,-19.654284,1409.083,128
8152,1779714407583175089,1779714407563314695,-19.860394,1530.081,128
8153,1779714407585432927,1779714407568931347,-16.50158,4616.652,128
8154,1779714407591113250,1779714407573767468,-17.345782,3836.121,128
8155,1779714407596322322,1779714407578098339,-18.223983,3330.871,128
8156,1779714407600177546,1779714407581259239,-18.918307,2160.9,128
8157,1779714407603204563,1779714407584465693,-18.73887,2206.454,128
8158,1779714407607194009,1779714407590831748,-16.362261,5366.055,128
8159,1779714407613214661,1779714407593256191,-19.95847,1424.443,128
8160,1779714407615968226,1779714407596614103,-19.354123,2357.912,128
8161,1779714407618649920,1779714407598253751,-20.396169,639.648,128
8162,1779714407620675069,1779714407600686980,-19.988089,1433.229,128
8163,1779714407623288569,1779714407603261644,-20.026925,1574.664,128
8164,1779714407625972789,1779714407608136695,-17.836094,3875.051,128
8165,1779714407630235936,1779714407610280147,-19.955789,1143.452,128
8166,1779714407632703497,1779714407612271225,-20.432272,991.078,128
8167,1779714407634932385,1779714407614671585,-20.2608,1400.36,128
8168,1779714407637020265,1779714407616628887,-20.391378,957.302,128
8169,1779714407639034471,1779714407618554938,-20.479533,926.051,128
8170,1779714407641001855,1779714407621306251,-19.695604,1751.313,128
8171,1779714407644055761,1779714407625658384,-18.397377,3352.133,128
8172,1779714407648045198,1779714407628211208,-19.83399,1552.824,128
8173,1779714407650678853,1779714407630942753,-19.7361,1731.545,128
8174,1779714407653308838,1779714407635844169,-17.464669,3901.416,128
8175,1779714407658289564,1779714407638665032,-19.624532,1820.863,128
8176,1779714407661148122,1779714407643311685,-17.836437,3646.653,128
8177,1779714407665707515,1779714407646976534,-18.730981,2664.849,128
8178,1779714407669289978,1779714407649237067,-20.052911,1260.533,128
8179,1779714407671491931,1779714407652597781,-18.89415,2360.714,128
8180,1779714407674936681,1779714407655903136,-19.033545,2305.355,128
8181,1779714407678284309,1779714407658111109,-20.1732,1207.973,128
8182,1779714407680606136,1779714407659917769,-20.688367,806.66,128
8183,1779714407682295453,1779714407661782663,-20.51279,864.894,128
8184,1779714407684132367,1779714407663377068,-20.755299,594.405,128
8185,1779714407685627025,1779714407665695043,-19.931982,1317.975,128
8186,1779714407688122592,1779714407667730895,-20.391697,1035.852,128
8187,1779714407690097439,1779714407671038818,-19.058621,2307.923,128
8188,1779714407693147764,1779714407672848669,-20.299095,809.851,128
8189,1779714407695200828,1779714407674520877,-20.679951,672.208,128
8190,1779714407696883792,1779714407677371827,-19.511965,1850.95,128
8191,1779714407699262040,1779714407680431885,-18.830155,2060.058,128
8192,1779714407702894531,1779714407682097527,-20.797004,665.642,128
8193,1779714407704459553,1779714407683888733,-20.57082,791.206,128
8194,1779714407706221854,1779714407685232828,-20.989026,344.095,128
8195,1779714407707664799,1779714407687878583,-19.786216,1645.755,128
8196,1779714407710256732,1779714407689531340,-20.725392,652.757,128
8197,1779714407711812400,1779714407690676656,-21.135744,145.316,128
8198,1779714407713154515,1779714407691892215,-21.2623,215.559,128
8199,1779714407714333727,1779714407693999273,-20.334454,1107.058,128
8200,1779714407716374278,1779714407695750211,-20.624067,750.938,128
8201,1779714407717961332,1779714407697110883,-20.850449,360.672,128
8202,1779714407719506084,1779714407698818187,-20.687897,707.304,128
8203,1779714407721274786,1779714407700529398,-20.745388,711.211,128
8204,1779714407722995288,1779714407705662227,-17.333061,4132.829,128
8205,1779714407727760454,1779714407706919133,-20.841321,256.906,128
8206,1779714407729388107,1779714407709045899,-20.342208,1126.766,128
8207,1779714407732081973,1779714407711753426,-20.328547,1707.527,128
8208,1779714407734125945,1779714407714104080,-20.021865,1350.654,128
8209,1779714407736870777,1779714407717859577,-19.0112,2755.497,128
8210,1779714407740774422,1779714407721014966,-19.759456,2155.389,128
8211,1779714407743379370,1779714407726432684,-16.946686,4417.718,128
8212,1779714407748860482,1779714407727796897,-21.063585,364.213,128
8213,1779714407750131863,1779714407729653042,-20.478821,856.145,128
8214,1779714407752018708,1779714407731770980,-20.247728,1117.938,128
8215,1779714407754140765,1779714407733213003,-20.927762,442.023,128
8216,1779714407755655950,1779714407734755866,-20.900084,542.863,128
8217,1779714407757167292,1779714407736103091,-21.064201,347.225,128
8218,1779714407758439285,1779714407737327115,-21.11217,224.024,128
8219,1779714407759706820,1779714407738750804,-20.956016,423.689,128
8220,1779714407761097660,1779714407740504411,-20.593249,753.607,128
8221,1779714407762833823,1779714407742977617,-19.856206,1473.206,128
8222,1779714407764717100,1779714407744028223,-20.688877,50.606,128
8223,1779714407766372174,1779714407746593367,-19.778807,1565.144,128
8224,1779714407768754797,1779714407748264983,-20.489814,671.616,128
8225,1779714407770580108,1779714407749649542,-20.930566,384.559,128
8226,1779714407771999786,1779714407750974397,-21.025389,324.855,128
8227,1779714407773262566,1779714407752493431,-20.769135,519.034,128
8228,1779714407774799785,1779714407753291566,-21.508219,-201.865,128
8229,1779714407776148020,1779714407755823491,-20.324529,1531.925,128
8230,1779714407778154956,1779714407757696230,-20.458726,872.739,128
8231,1779714407780065919,1779714407759489493,-20.576426,793.263,128
8232,1779714407781837133,1779714407761051629,-20.785504,562.136,128
8233,1779714407783421886,1779714407762460433,-20.961453,408.804,128
8234,1779714407784780527,1779714407764060733,-20.719794,600.3,128
8235,1779714407786350662,1779714407765938029,-20.412633,877.296,128
8236,1779714407788294002,1779714407767717210,-20.576792,779.181,128
8237,1779714407790525559,1779714407769503516,-21.022043,786.306,128
8238,1779714407791840114,1779714407770899624,-20.94049,396.108,128
8239,1779714407793253436,1779714407773179742,-20.073694,1280.118,128
8240,1779714407795409538,1779714407774294406,-21.115132,114.664,128
8241,1779714407796759031,1779714407775940381,-20.81865,645.975,128
8242,1779714407800029408,1779714407780287371,-19.742037,3346.99,128
8243,1779714407802590821,1779714407781987829,-20.602992,700.458,128
8244,1779714407804364321,1779714407784012940,-20.351381,1025.111,128
8245,1779714407806290722,1779714407786053445,-20.237277,1040.505,128
8246,1779714407808429277,1779714407787680752,-20.748525,627.307,128
8247,1779714407809905990,1779714407789289121,-20.616869,608.369,128
8248,1779714407811745889,1779714407790523673,-21.222216,234.552,128
8249,1779714407812936004,1779714407791878110,-21.057894,354.437,128
8250,1779714407814274854,1779714407793531934,-20.74292,653.824,128
8251,1779714407815792088,1779714407795122975,-20.669113,591.041,128
8252,1779714407817514030,1779714407797051059,-20.462971,928.084,128
8253,1779714407819638256,1779714407800232514,-19.405742,2181.455,128
8254,1779714407822620870,1779714407802497909,-20.122961,1265.395,128
8255,1779714407825005910,1779714407804609702,-20.396208,1111.793,128
8256,1779714407826905271,1779714407806051210,-20.854061,441.508,128
8257,1779714407828828791,1779714407808752188,-20.076603,1700.978,128
8258,1779714407832291526,1779714407813773795,-18.517731,4021.607,128
8259,1779714407835969629,1779714407815062013,-20.907616,288.218,128
8260,1779714407837427827,1779714407817017158,-20.410669,955.145,128
8261,1779714407839356850,1779714407819928357,-19.428493,1911.199,128
8262,1779714407842282238,1779714407822342983,-19.939255,1414.626,128
8263,1779714407844700399,1779714407823836717,-20.863682,493.734,128
8264,1779714407846115719,1779714407825465895,-20.649824,629.178,128
8265,1779714407847828405,1779714407828232552,-19.595853,1766.657,128
8266,1779714407850656074,1779714407830715747,-19.940327,1483.195,128
8267,1779714407853091268,1779714407832420369,-20.670899,704.622,128
8268,1779714407854816696,1779714407834302750,-20.513946,882.381,128
8269,1779714407856750966,1779714407835870290,-20.880676,567.54,128
8270,1779714407858267008,1779714407837620241,-20.646767,749.951,128
8271,1779714407859982819,1779714407839237070,-20.745749,616.829,128
8272,1779714407861730856,1779714407840740463,-20.990393,503.393,128
8273,1779714407862984178,1779714407842445146,-20.539032,704.683,128
8274,1779714407864833735,1779714407844236518,-20.597217,791.372,128
8275,1779714407866560366,1779714407845740450,-20.819916,503.932,128
8276,1779714407868196854,1779714407847640763,-20.556091,900.313,128
8277,1779714407869999876,1779714407849055836,-20.94404,415.073,128
8278,1779714407871435184,1779714407850991930,-20.443254,936.094,128
8279,1779714407873369714,1779714407852762470,-20.607244,770.54,128
8280,1779714407875135361,1779714407854302249,-20.833112,539.779,128
8281,1779714407876759291,1779714407856029558,-20.729733,727.309,128
8282,1779714407878410115,1779714407857953554,-20.456561,923.996,128
8283,1779714407880184356,1779714407859993022,-20.191334,1039.468,128
8284,1779714407882135738,1779714407862872561,-19.263177,1879.539,128
8285,1779714407885225207,1779714407864625539,-20.599668,752.978,128
8286,1779714407886970969,1779714407866059049,-20.91192,433.51,128
8287,1779714407888420544,1779714407867166126,-21.254418,107.077,128
8288,1779714407889533557,1779714407868722516,-20.811041,556.39,128
8289,1779714407891066728,1779714407869990700,-21.076028,268.184,128
8290,1779714407892357224,1779714407871924167,-20.433057,933.467,128
8291,1779714407894152458,1779714407873382587,-20.769871,458.42,128
8292,1779714407895829118,1779714407874921136,-20.907982,538.549,128
8293,1779714407897313316,1779714407876327356,-20.98596,406.22,128
8294,1779714407898831328,1779714407879239928,-19.5914,1912.572,128
8295,1779714407901681765,1779714407883011893,-18.669872,2771.965,128
8296,1779714407905378398,1779714407884815987,-20.562411,804.094,128
8297,1779714407907277429,1779714407886525226,-20.752203,709.239,128
8298,1779714407908880878,1779714407888075847,-20.805031,550.621,128
8299,1779714407910635292,1779714407890083543,-20.551749,1007.696,128
8300,1779714407912430742,1779714407893007134,-19.423608,1923.591,128
8301,1779714407915349940,1779714407895775267,-19.574673,1768.133,128
8302,1779714407918134779,1779714407897999546,-20.135233,1224.279,128
8303,1779714407920191085,1779714407899646838,-20.544247,647.292,128
8304,1779714407921924102,1779714407900545446,-21.378656,-101.392,128
8305,1779714407922913865,1779714407903706342,-19.207523,2160.896,128
8306,1779714407925888197,1779714407905270857,-20.61734,564.515,128
8307,1779714407927526561,1779714407906989887,-20.536674,719.03,128
8308,1779714407929352659,1779714407908822060,-20.530599,832.173,128
8309,1779714407931164328,1779714407910611359,-20.552969,789.299,128
8310,1779714407932930516,1779714407912798599,-20.131917,1187.24,128
8311,1779714407935297635,1779714407914695058,-20.602577,896.459,128
8312,1779714407936948553,1779714407916223207,-20.725346,528.149,128
8313,1779714407938659252,1779714407917760250,-20.899002,537.043,128
8314,1779714407940145012,1779714407919145206,-20.999806,384.956,128
8315,1779714407941519433,1779714407921355062,-20.164371,1209.856,128
8316,1779714407943812419,1779714407923020446,-20.791973,665.384,128
8317,1779714407945411907,1779714407924819001,-20.592906,798.555,128
8318,1779714407947182954,1779714407926777032,-20.405922,958.031,128
8319,1779714407949167659,1779714407928548690,-20.618969,771.658,128
8320,1779714407950905249,1779714407930227871,-20.677378,679.181,128
8321,1779714407952695714,1779714407931832782,-20.862932,604.911,128
8322,1779714407954184172,1779714407934745339,-19.438833,1912.557,128
8323,1779714407956986686,1779714407936359268,-20.627418,613.929,128
8324,1779714407958749475,1779714407939668175,-19.0813,2308.907,128
8325,1779714407962171965,1779714407941396730,-20.775235,728.555,128
8326,1779714407963747980,1779714407943144969,-20.603011,748.239,128
8327,1779714407965617707,1779714407945426413,-20.191294,1281.444,128
8328,1779714407967815423,1779714407947736721,-20.078702,1310.308,128
8329,1779714407970055910,1779714407950355128,-19.700782,1618.407,128
8330,1779714407972708798,1779714407952539221,-20.169577,1184.093,128
8331,1779714407974790440,1779714407954108707,-20.681733,569.486,128
8332,1779714407977016918,1779714407956596179,-20.420739,1487.472,128
8333,1779714407978909517,1779714407958287921,-20.621596,691.742,128
8334,1779714407980629305,1779714407959677829,-20.951476,389.908,128
8335,1779714407982027145,1779714407961472355,-20.55479,794.526,128
8336,1779714407983841244,1779714407963327234,-20.51401,854.879,128
8337,1779714407985483017,1779714407965645439,-19.837578,1318.205,128
8338,1779714407988545541,1779714407970902592,-17.642949,4257.153,128
8339,1779714407993375091,1779714407974306248,-19.068843,2403.656,128
8340,1779714407997009584,1779714407976652718,-20.356866,1346.47,128
8341,1779714407998906872,1779714407978774678,-20.132194,1121.96,128
8342,1779714408000991501,1779714407982513309,-18.478192,2738.631,128
8343,1779714408002907016,1779714407982696868,-20.210148,-816.441,128
8344,1779714408004970375,1779714407984481921,-20.488454,785.053,128
8345,1779714408006677471,1779714407986915431,-19.76204,1433.51,128
8346,1779714408009802791,1779714407989903850,-19.898941,1988.419,128
8347,1779714408012215407,1779714407992010903,-20.204504,1107.053,128
8348,1779714408014364413,1779714407993736461,-20.627952,725.558,128
8349,1779714408016002015,1779714407995621257,-20.380758,884.796,128
8350,1779714408017823078,1779714407997418318,-20.40476,797.061,128
8351,1779714408019765949,1779714407999265020,-20.500929,846.702,128
8352,1779714408022179933,1779714408001699154,-20.480779,1434.134,128
8353,1779714408024024485,1779714408004245293,-19.779192,1546.139,128
8354,1779714408026363925,1779714408005457684,-20.906241,212.391,128
8355,1779714408027787612,1779714408007906242,-19.88137,1448.558,128
8356,1779714408030292759,1779714408009908775,-20.383984,1002.533,128
8357,1779714408032334091,1779714408015112762,-17.221329,4203.987,128
8358,1779714408037322342,1779714408017497262,-19.82508,1384.5,128
8359,1779714408039432861,1779714408019959262,-19.473599,1462.0,128
8360,1779714408042345403,1779714408043168299,0.822896,22209.037,128
8361,1779714408064828366,1779714408044411568,-20.416798,243.269,128
8362,1779714408066749175,1779714408048738283,-18.010892,3326.715,128
8363,1779714408071175633,1779714408052983199,-18.192434,3244.916,128
8364,1779714408074801603,1779714408054727062,-20.074541,743.863,128
8365,1779714408077048107,1779714408059318965,-17.729142,3591.903,128
8366,1779714408081002752,1779714408063082492,-17.92026,2763.527,128
8367,1779714408085350048,1779714408065313487,-20.036561,1230.995,128
8368,1779714408087613086,1779714408067747360,-19.865726,1433.873,128
8369,1779714408090133226,1779714408070621900,-19.511326,1874.54,128
8370,1779714408092477388,1779714408073258117,-19.219271,1636.217,128
8371,1779714408095602578,1779714408075722016,-19.880562,1463.899,128
8372,1779714408097874830,1779714408077658810,-20.21602,936.794,128
8373,1779714408099875672,1779714408079436033,-20.439639,777.223,128
8374,1779714408101734762,1779714408081130364,-20.604398,694.331,128
8375,1779714408103497877,1779714408082927889,-20.569988,797.525,128
8376,1779714408105293929,1779714408084642431,-20.651498,714.542,128
8377,1779714408106924797,1779714408086704913,-20.219884,1062.482,128
8378,1779714408108812617,1779714408088202190,-20.610427,497.277,128
8379,1779714408110490026,1779714408090099797,-20.390229,897.607,128
8380,1779714408112299097,1779714408091662849,-20.636248,563.052,128
8381,1779714408113964683,1779714408093697777,-20.266906,1034.928,128
8382,1779714408115886027,1779714408096352889,-19.533138,1655.112,128
8383,1779714408118556116,1779714408098906380,-19.649736,1553.491,128
8384,1779714408121246900,1779714408100956452,-20.290448,1050.072,128
8385,1779714408123304355,1779714408108881434,-14.422921,6924.982,128
8386,1779714408131132581,1779714408111288005,-19.844576,1406.571,128
8387,1779714408133582858,1779714408112574268,-21.00859,286.263,128
8388,1779714408134903517,1779714408113932866,-20.970651,358.598,128
8389,1779714408135998445,1779714408114424418,-21.574027,-508.448,128
8390,1779714408136796012,1779714408116359594,-20.436418,935.176,128
8391,1779714408137833785,1779714408116734592,-21.099193,-625.002,128
8392,1779714408138792173,1779714408117578480,-21.213693,-156.112,128
8393,1779714408139927696,1779714408119420551,-20.507145,842.071,128
8394,1779714408141274034,1779714408120067965,-21.206069,-352.586,128
8395,1779714408142431872,1779714408120755467,-21.676405,-312.498,128
8396,1779714408143042004,1779714408121994516,-21.047488,239.049,128
8397,1779714408144339648,1779714408123143490,-21.196158,148.974,128
8398,1779714408145456214,1779714408124256486,-21.199728,112.996,128
8399,1779714408146532450,1779714408125470386,-21.062064,213.9,128
8400,1779714408147597683,1779714408126682779,-20.914904,212.393,128
8401,1779714408148899516,1779714408127679254,-21.220262,-3.525,128
8402,1779714408150026330,1779714408129465054,-20.561276,785.8,128
8403,1779714408151839702,1779714408130748010,-21.091692,282.956,128
8404,1779714408153107729,1779714408131702382,-21.405347,-45.628,128
8405,1779714408154052518,1779714408132862544,-21.189974,160.162,128
8406,1779714408155217625,1779714408133779776,-21.437849,-82.768,128
8407,1779714408156165815,1779714408134729100,-21.436715,-50.676,128
8408,1779714408157119320,1779714408136794297,-20.325023,1065.197,128
8409,1779714408159148931,1779714408139033986,-20.114945,1239.689,128
8410,1779714408161109399,1779714408140294707,-20.814692,260.721,128
8411,1779714408162425927,1779714408141886982,-20.538945,592.275,128
8412,1779714408164108989,1779714408142755262,-21.353727,-131.72,128
8413,1779714408165069062,1779714408143836067,-21.232995,80.805,128
8414,1779714408166194025,1779714408144752830,-21.441195,-83.237,128
8415,1779714408167114160,1779714408146946054,-20.168106,1193.224,128
8416,1779714408169127590,1779714408147917617,-21.209973,-28.437,128
8417,1779714408170282519,1779714408149575928,-20.706591,658.311,128
8418,1779714408172264329,1779714408152157590,-20.106739,1581.662,128
8419,1779714408174319256,1779714408152973659,-21.345597,-183.931,128
8420,1779714408175327375,1779714408154351663,-20.975712,378.004,128
8421,1779714408176691703,1779714408155883886,-20.807817,532.223,128
8422,1779714408177983929,1779714408156670045,-21.313884,-213.841,128
8423,1779714408178779412,1779714408157686050,-21.093362,16.005,128
8424,1779714408179969930,1779714408159355675,-20.614255,669.625,128
8425,1779714408181096674,1779714408161044671,-20.052003,688.996,128
8426,1779714408183411726,1779714408162392093,-21.019633,347.422,128
8427,1779714408184633966,1779714408163534642,-21.099324,142.549,128
8428,1779714408185628086,1779714408164913296,-20.71479,378.654,128
8429,1779714408186729817,1779714408165781532,-20.948285,-131.764,128
8430,1779714408187841515,1779714408166333109,-21.508406,-448.423,128
8431,1779714408188450258,1779714408167407908,-21.04235,74.799,128
8432,1779714408189586559,1779714408169090642,-20.495917,682.734,128
8433,1779714408190722008,1779714408169715281,-21.006727,-375.361,128
8434,1779714408191832511,1779714408171598053,-20.234458,882.772,128
8435,1779714408193183693,1779714408172353817,-20.829876,-244.236,128
8436,1779714408194391812,1779714408173290413,-21.101399,-63.404,128
8437,1779714408195346976,1779714408174408802,-20.938174,118.389,128
8438,1779714408196458900,1779714408175256374,-21.202526,-152.428,128
8439,1779714408197253897,1779714408175759801,-21.494096,-496.573,128
8440,1779714408198069637,1779714408176960137,-21.1095,200.336,128
8441,1779714408199067969,1779714408178028071,-21.039898,67.934,128
8442,1779714408200058191,1779714408179130375,-20.927816,102.304,128
8443,1779714408201456917,1779714408181106286,-20.350631,975.911,128
8444,1779714408202831776,1779714408181716085,-21.115691,-390.201,128
8445,1779714408203933143,1779714408183035673,-20.89747,319.588,128
8446,1779714408204913252,1779714408183809158,-21.104094,-226.515,128
8447,1779714408205884661,1779714408184553414,-21.331247,-255.744,128
8448,1779714408206876916,1779714408186484132,-20.392784,930.718,128
8449,1779714408208000015,1779714408187132426,-20.867589,-351.706,128
8450,1779714408209187842,1779714408188447206,-20.740636,314.78,128
8451,1779714408210161622,1779714408201731389,-8.430233,12284.183,128
8452,1779714408223933738,1779714408203394780,-20.538958,663.391,128
8453,1779714408225296976,1779714408204389038,-20.907938,-5.742,128
8454,1779714408226265210,1779714408205294006,-20.971204,-95.032,128
8455,1779714408227265099,1779714408206305944,-20.959155,11.938,128
8456,1779714408228439093,1779714408207225285,-21.213808,-80.659,128
8457,1779714408229369881,1779714408208138236,-21.231645,-87.049,128
8458,1779714408230490251,1779714408209606712,-20.883539,468.476,128
8459,1779714408231419511,1779714408210356400,-21.063111,-250.312,128
8460,1779714408232499090,1779714408211296100,-21.20299,-60.3,128
8461,1779714408233612180,1779714408212561528,-21.050652,265.428,128
8462,1779714408234537900,1779714408213132498,-21.405402,-429.03,128
8463,1779714408235452305,1779714408214513844,-20.938461,381.346,128
8464,1779714408236595029,1779714408215475233,-21.119796,-38.611,128
8465,1779714408237514310,1779714408216346366,-21.167944,-128.867,128
8466,1779714408238425013,1779714408217079863,-21.34515,-266.503,128
8467,1779714408239362991,1779714408217727977,-21.635014,-351.886,128
8468,1779714408240125147,1779714408219296738,-20.828409,568.761,128
8469,1779714408241260700,1779714408222394379,-18.866321,2097.641,128
8470,1779714408245334692,1779714408225885255,-19.449437,2490.876,128
8471,1779714408248184508,1779714408228275566,-19.908942,1390.311,128
8472,1779714408250417200,1779714408230132640,-20.28456,857.074,128
8473,1779714408252637863,1779714408231813122,-20.824741,680.482,128
8474,1779714408254012856,1779714408233103396,-20.90946,290.274,128
8475,1779714408255420164,1779714408236443552,-18.976612,2340.156,128
8476,1779714408258723166,1779714408239137681,-19.585485,1694.129,128
8477,1779714408261233373,1779714408243854749,-17.378624,3717.068,128
8478,1779714408266230007,1779714408246280177,-19.94983,1425.428,128
8479,1779714408268748387,1779714408248884684,-19.863703,1604.507,128
8480,1779714408271302817,1779714408251439758,-19.863059,1555.074,128
8481,1779714408273398234,1779714408253718559,-19.679675,1278.801,128
8482,1779714408276026119,1779714408255584883,-20.441236,866.324,128
8483,1779714408278095510,1779714408257403382,-20.692128,818.499,128
8484,1779714408279666054,1779714408258730184,-20.93587,326.802,128
8485,1779714408280965852,1779714408259696486,-21.269366,-33.698,128
8486,1779714408281860231,1779714408261735659,-20.124572,1039.173,128
8487,1779714408284119236,1779714408264652431,-19.466805,1916.772,128
8488,1779714408287004982,1779714408266760206,-20.244776,1107.775,128
8489,1779714408289227581,1779714408268968289,-20.259292,1208.083,128
8490,1779714408291431005,1779714408272928201,-18.502804,2959.912,128
8491,1779714408295194018,1779714408274892938,-20.30108,964.737,128
8492,1779714408297214134,1779714408277378604,-19.83553,1485.666,128
8493,1779714408299276591,1779714408280284115,-18.992476,1905.511,128
8494,1779714408302202912,1779714408281250370,-20.952542,-33.745,128
8495,1779714408303733242,1779714408284052270,-19.680972,1801.9,128
8496,1779714408306358417,1779714408287040160,-19.318257,1987.89,128
8497,1779714408309311866,1779714408288254054,-21.057812,213.894,128
8498,1779714408310558781,1779714408289458897,-21.099884,204.843,128
8499,1779714408311818346,1779714408291394071,-20.424275,935.174,128
8500,1779714408313847228,1779714408294775551,-19.071677,2381.48,128
8501,1779714408317114441,1779714408297064382,-20.050059,1288.831,128
8502,1779714408319493371,1779714408299281518,-20.211853,1217.136,128
8503,1779714408321673023,1779714408301465402,-20.207621,1183.884,128
8504,1779714408323662496,1779714408303424723,-20.237773,959.321,128
8505,1779714408325764447,1779714408305026707,-20.73774,601.984,128
8506,1779714408327463390,1779714408307364430,-20.09896,1337.723,128
8507,1779714408329470079,1779714408309466077,-20.004002,1101.647,128
8508,1779714408331893293,1779714408311254709,-20.638584,788.632,128
8509,1779714408333655945,1779714408313317237,-20.338708,1062.528,128
8510,1779714408335486249,1779714408315195639,-20.29061,878.402,128
8511,1779714408337465673,1779714408317783892,-19.681781,1588.253,128
8512,1779714408340030107,1779714408320172545,-19.857562,1388.653,128
8513,1779714408341642797,1779714408321180555,-20.462242,8.01,128
8514,1779714408343428417,1779714408323255539,-20.172878,1074.984,128
8515,1779714408345404016,1779714408325356632,-20.047384,1101.093,128
8516,1779714408347574839,1779714408328236670,-19.338169,1880.038,128
8517,1779714408350484074,1779714408330290918,-20.193156,1054.248,128
8518,1779714408352757094,1779714408332991318,-19.765776,1700.4,128
8519,1779714408355457411,1779714408335846724,-19.610687,1855.406,128
8520,1779714408358233919,1779714408337876116,-20.357803,1029.392,128
8521,1779714408360248508,1779714408339972704,-20.275804,1096.588,128
8522,1779714408362400508,1779714408342462881,-19.937627,1490.177,128
8523,1779714408364902157,1779714408343885499,-21.016658,422.618,128
8524,1779714408366472967,1779714408346299410,-20.173557,1413.911,128
8525,1779714408368729195,1779714408349184260,-19.544935,1884.85,128
8526,1779714408371605580,1779714408351927729,-19.677851,1743.469,128
8527,1779714408374239173,1779714408353658120,-20.581053,730.391,128
8528,1779714408376084799,1779714408356279340,-19.805459,1621.22,128
8529,1779714408378669542,1779714408358261048,-20.408494,981.708,128
8530,1779714408380565094,1779714408360293795,-20.271299,1032.747,128
8531,1779714408382754631,1779714408362401803,-20.352828,1108.008,128
8532,1779714408384257807,1779714408363724947,-20.53286,323.144,128
8533,1779714408386073404,1779714408366930701,-19.142703,2205.754,128
8534,1779714408389312787,1779714408369051647,-20.26114,1120.946,128
8535,1779714408391374285,1779714408371269653,-20.104632,1218.006,128
8536,1779714408393631868,1779714408373029013,-20.602855,759.36,128
8537,1779714408395386720,1779714408374757180,-20.62954,728.167,128
8538,1779714408397107157,1779714408376978698,-20.128459,1221.518,128
8539,1779714408399319629,1779714408378336100,-20.983529,357.402,128
8540,1779714408400790570,1779714408379964120,-20.82645,628.02,128
8541,1779714408402130618,1779714408381469145,-20.661473,505.025,128
8542,1779714408403768243,1779714408383661109,-20.107134,1191.964,128
8543,1779714408405992156,1779714408385904656,-20.0875,1243.547,128
8544,1779714408408991557,1779714408389322188,-19.669369,2417.532,128
8545,1779714408411536170,1779714408391785114,-19.751056,1462.926,128
8546,1779714408414043706,1779714408393652088,-20.391618,866.974,128
8547,1779714408415906568,1779714408395610103,-20.296465,958.015,128
8548,1779714408418033215,1779714408397891858,-20.141357,1281.755,128
8549,1779714408420460677,1779714408400810353,-19.650324,1918.495,128
8550,1779714408423100858,1779714408402762620,-20.338238,952.267,128
8551,1779714408425477168,1779714408405300988,-20.17618,1538.368,128
8552,1779714408427735714,1779714408407497570,-20.238144,1196.582,128
8553,1779714408429779901,1779714408410099010,-19.680891,1601.44,128
8554,1779714408432368959,1779714408411889728,-20.479231,790.718,128
8555,1779714408434173155,1779714408413310109,-20.863046,420.381,128
8556,1779714408435700175,1779714408415064226,-20.635949,754.117,128
8557,1779714408437371729,1779714408417472118,-19.899611,1407.892,128
8558,1779714408439774229,1779714408419547910,-20.226319,1075.792,128
8559,1779714408441801051,1779714408421851722,-19.949329,1303.812,128
8560,1779714408444276787,1779714408423954285,-20.322502,1102.563,128
8561,1779714408446221994,1779714408426018029,-20.203965,1063.744,128
8562,1779714408448307029,1779714408428333201,-19.973828,1315.172,128
8563,1779714408450599340,1779714408429912594,-20.686746,579.393,128
8564,1779714408452192983,1779714408432042877,-20.150106,1130.283,128
8565,1779714408454088838,1779714408433460154,-20.628684,417.277,128
8566,1779714408455805293,1779714408435939492,-19.865801,1479.338,128
8567,1779714408458165346,1779714408438068429,-20.096917,1128.937,128
8568,1779714408460147013,1779714408440422586,-19.724427,1354.157,128
8569,1779714408462787191,1779714408441873301,-20.91389,450.715,128
8570,1779714408464082868,1779714408443578227,-20.504641,704.926,128
8571,1779714408465814427,1779714408445298424,-20.516003,720.197,128
8572,1779714408467453336,1779714408446964951,-20.488385,666.527,128
8573,1779714408469237314,1779714408448872004,-20.36531,907.053,128
8574,1779714408471090932,1779714408449707327,-21.383605,-164.677,128
8575,1779714408472071194,1779714408451434945,-20.636249,727.618,128
8576,1779714408473622112,1779714408454756845,-18.865267,2321.9,128
8577,1779714408477070222,1779714408457225714,-19.844508,1468.869,128
8578,1779714408479574152,1779714408461540720,-18.033432,3315.006,128
8579,1779714408483806863,1779714408463028692,-20.778171,487.972,128
8580,1779714408485319496,1779714408465510465,-19.809031,1481.773,128
8581,1779714408487787955,1779714408467123557,-20.664398,613.092,128
8582,1779714408489504484,1779714408468698625,-20.805859,575.068,128
8583,1779714408490997722,1779714408470243354,-20.754368,544.729,128
8584,1779714408492499244,1779714408472073165,-20.426079,829.811,128
8585,1779714408494394645,1779714408473789825,-20.60482,716.66,128
8586,1779714408496055528,1779714408475837488,-20.21804,1047.663,128
8587,1779714408497711636,1779714408477479353,-20.232283,641.865,128
8588,1779714408499755960,1779714408479261043,-20.494917,781.69,128
8589,1779714408501475051,1779714408481438140,-20.036911,1177.097,128
8590,1779714408503627355,1779714408482832653,-20.794702,394.513,128
8591,1779714408505111822,1779714408484765548,-20.346274,932.895,128
8592,1779714408507003304,1779714408487332239,-19.671065,1566.691,128
8593,1779714408509542839,1779714408489993584,-19.549255,1661.345,128
8594,1779714408512329778,1779714408492388544,-19.941234,1394.96,128
8595,1779714408514692479,1779714408495100248,-19.592231,1711.704,128
8596,1779714408517352927,1779714408497071709,-20.281218,971.461,128
8597,1779714408519286536,1779714408498650968,-20.635568,579.259,128
8598,1779714408520869113,1779714408499894288,-20.974825,243.32,128
8599,1779714408522179470,1779714408501348473,-20.830997,454.185,128
8600,1779714408523653650,1779714408503142119,-20.511531,793.646,128
8601,1779714408525517557,1779714408505257389,-20.260168,1115.27,128
8602,1779714408527365498,1779714408507135795,-20.229703,878.406,128
8603,1779714408529420266,1779714408508995102,-20.425164,859.307,128
8604,1779714408531126282,1779714408510963402,-20.16288,968.3,128
8605,1779714408533191314,1779714408512791980,-20.399334,828.578,128
8606,1779714408535051317,1779714408515536247,-19.51507,1744.267,128
8607,1779714408537816551,1779714408518099639,-19.716912,1563.392,128
8608,1779714408539994863,1779714408522181224,-17.813639,3081.585,128
8609,1779714408544369278,1779714408524111866,-20.257412,930.642,128
8610,1779714408546397719,1779714408525641993,-20.755726,530.127,128
8611,1779714408547879333,1779714408528880064,-18.999269,2238.071,128
8612,1779714408551087570,1779714408530713597,-20.373973,833.533,128
8613,1779714408552941381,1779714408534560089,-18.381292,2846.492,128
8614,1779714408557225722,1779714408538766422,-18.4593,3206.333,128
8615,1779714408560994188,1779714408540365954,-20.628234,599.532,128
8616,1779714408562744018,1779714408542407572,-20.336446,1041.618,128
8617,1779714408564764037,1779714408544252251,-20.511786,844.679,128
8618,1779714408566458602,1779714408546262473,-20.196129,1010.222,128
8619,1779714408568448589,1779714408548968212,-19.480377,1705.739,128
8620,1779714408572476255,1779714408552764310,-19.711945,2796.098,128
8621,1779714408575001915,1779714408554564996,-20.436919,800.686,128
8622,1779714408576831611,1779714408556388649,-20.442962,823.653,128
8623,1779714408578848434,1779714408558275628,-20.572806,886.979,128
8624,1779714408580635394,1779714408559997822,-20.637572,722.194,128
8625,1779714408582057016,1779714408562864164,-19.192852,1866.342,128
8626,1779714408585099161,1779714408564632944,-20.466217,768.78,128
8627,1779714408587039477,1779714408569758715,-17.280762,4125.771,128
8628,1779714408592188289,1779714408574000465,-18.187824,3241.75,128
8629,1779714408596118178,1779714408575819586,-20.298592,819.121,128
8630,1779714408598145443,1779714408577856239,-20.289204,1036.653,128
8631,1779714408600156238,1779714408580461705,-19.694533,1605.466,128
8632,1779714408602781810,1779714408582557177,-20.224633,1095.472,128
8633,1779714408604883012,1779714408585067371,-19.815641,1510.194,128
8634,1779714408607586020,1779714408587049904,-20.536116,982.533,128
8635,1779714408609297956,1779714408588443452,-20.854504,393.548,128
8636,1779714408610818148,1779714408590190177,-20.627971,746.725,128
8637,1779714408612375922,1779714408591867570,-20.508352,677.393,128
8638,1779714408614103249,1779714408593716626,-20.386623,849.056,128
8639,1779714408615833021,1779714408595788775,-20.044246,1072.149,128
8640,1779714408618055498,1779714408597398806,-20.656692,610.031,128
8641,1779714408619602138,1779714408598755005,-20.847133,356.199,128
8642,1779714408621038199,1779714408600082286,-20.955913,327.281,128
8643,1779714408622774022,1779714408602497460,-20.276562,1415.174,128
8644,1779714408624778357,1779714408604483400,-20.294957,985.94,128
8645,1779714408626792332,1779714408606615267,-20.177065,1131.867,128
8646,1779714408628908744,1779714408610712554,-18.19619,3097.287,128
8647,1779714408631079019,1779714408610838171,-20.240848,-874.383,128
8648,1779714408633113226,1779714408612336883,-20.776343,498.712,128
8649,1779714408634731387,1779714408614289982,-20.441405,953.099,128
8650,1779714408636652888,1779714408616960949,-19.691939,1670.967,128
8651,1779714408639236835,1779714408621164895,-18.07194,3203.946,128
8652,1779714408643524034,1779714408624269702,-19.254332,2104.807,128
8653,1779714408646665790,1779714408626864655,-19.801135,1594.953,128
8654,1779714408649048093,1779714408628934491,-20.113602,1069.836,128
8655,1779714408651303141,1779714408631717741,-19.5854,1783.25,128
8656,1779714408653976664,1779714408634118996,-19.857668,1401.255,128
8657,1779714408656061550,1779714408637660187,-18.401363,2541.191,128
8658,1779714408660082607,1779714408640813464,-19.269143,2153.277,128
8659,1779714408663154816,1779714408643445174,-19.709642,1631.71,128
8660,1779714408665779582,1779714408645615260,-20.164322,1170.086,128
8661,1779714408667850211,1779714408649334285,-18.515926,2719.025,128
8662,1779714408671881571,1779714408652445213,-19.436358,2110.928,128
8663,1779714408674653042,1779714408655649274,-19.003768,2204.061,128
8664,1779714408677065244,1779714408658192021,-18.873223,1542.747,128
8665,1779714408680681110,1779714408661538466,-19.142644,2346.445,128
8666,1779714408683489255,1779714408663461386,-20.027869,922.92,128
8667,1779714408685956633,1779714408665896673,-20.05996,1435.287,128
8668,1779714408688156562,1779714408668730158,-19.426404,1833.485,128
8669,1779714408690921019,1779714408671138461,-19.782558,1408.303,128
8670,1779714408693334823,1779714408674024297,-19.310526,1885.836,128
8671,1779714408696795012,1779714408678298368,-18.496644,3274.071,128
8672,1779714408700819879,1779714408681001330,-19.818549,1702.962,128
8673,1779714408703274996,1779714408683384532,-19.890464,1383.202,128
8674,1779714408705743927,1779714408685493778,-20.250149,1109.246,128
8675,1779714408707803434,1779714408688691368,-19.112066,2197.59,128
8676,1779714408711011486,1779714408691286475,-19.725011,1595.107,128
8677,1779714408713513615,1779714408693166256,-20.347359,879.781,128
8678,1779714408715413715,1779714408695566182,-19.847533,1399.926,128
8679,1779714408717848908,1779714408698207868,-19.64104,1641.686,128
8680,1779714408721291765,1779714408701367711,-19.924054,2159.843,128
8681,1779714408723757007,1779714408703390971,-20.366036,1023.26,128
8682,1779714408725417092,1779714408706196771,-19.220321,1805.8,128
8683,1779714408728924944,1779714408712283085,-16.641859,5086.314,128
8684,1779714408734567639,1779714408717670980,-16.896659,4387.895,128
8685,1779714408739965657,1779714408728178232,-11.787425,9507.252,128
8686,1779714408750397963,1779714408742355735,-8.042228,13177.503,128
8687,1779714408764594659,1779714408744668874,-19.925785,1313.139,128
8688,1779714408766952832,1779714408746263092,-20.68974,594.218,128
8689,1779714408768540969,1779714408747339781,-21.201188,76.689,128
8690,1779714408769625461,1779714408748430689,-21.194772,90.908,128
8691,1779714408770730586,1779714408749466789,-21.263797,36.1,128
8692,1779714408771812638,1779714408751194809,-20.617829,728.02,128
8693,1779714408772962643,1779714408751947725,-21.014918,-247.084,128
8694,1779714408774143018,1779714408753290174,-20.852844,342.449,128
8695,1779714408775306772,1779714408753763336,-21.543436,-526.838,128
8696,1779714408776062049,1779714408754995844,-21.066205,232.508,128
8697,1779714408777064653,1779714408755889084,-21.175569,-106.76,128
8698,1779714408778183931,1779714408757120359,-21.063572,231.275,128
8699,1779714408779309232,1779714408758377114,-20.932118,256.755,128
8700,1779714408780427999,1779714408759320974,-21.107025,-56.14,128
8701,1779714408781597600,1779714408760411222,-21.186378,90.248,128
8702,1779714408782724800,1779714408761382372,-21.342428,-28.85,128
8703,1779714408783651729,1779714408762282202,-21.369527,-100.17,128
8704,1779714408784575293,1779714408763319282,-21.256011,37.08,128
8705,1779714408785673911,1779714408764539122,-21.134789,219.84,128
8706,1779714408786823695,1779714408765405462,-21.418233,-133.66,128
8707,1779714408787733729,1779714408767408282,-20.325447,1002.82,128
8708,1779714408788696148,1779714408767416316,-21.279832,-991.966,128
8709,1779714408789454546,1779714408768230042,-21.224504,-186.274,128
8710,1779714408790424058,1779714408768977324,-21.446734,-252.718,128
8711,1779714408791301867,1779714408771952258,-19.349609,1974.934,128
8712,1779714408794117396,1779714408773782841,-20.334555,830.583,128
8713,1779714408795992458,1779714408774634719,-21.357739,-148.122,128
8714,1779714408796990483,1779714408776162313,-20.82817,527.594,128
8715,1779714408797989904,1779714408776544271,-21.445633,-618.042,128
8716,1779714408798756930,1779714408777548062,-21.208868,3.791,128
8717,1779714408799914700,1779714408779041757,-20.872943,493.695,128
8718,1779714408801161289,1779714408780733366,-20.427923,691.609,128
8719,1779714408802650564,1779714408783653640,-18.996924,1920.274,128
8720,1779714408805535664,1779714408785346598,-20.189066,692.958,128
8721,1779714408807720424,1779714408786985077,-20.735347,638.479,128
8722,1779714408809195764,1779714408788012187,-21.183577,27.11,128
8723,1779714408810327994,1779714408789250458,-21.077536,238.271,128
8724,1779714408811265766,1779714408790174364,-21.091402,-76.094,128
8725,1779714408812504983,1779714408791715824,-20.789159,541.46,128
8726,1779714408813999935,1779714408792891676,-21.108259,175.852,128
8727,1779714408815158379,1779714408795477627,-19.680752,1585.951,128
8728,1779714408817637974,1779714408796405451,-21.232523,-72.176,128
8729,1779714408818695106,1779714408797375688,-21.319418,-29.763,128
8730,1779714408819637288,1779714408798099638,-21.53765,-276.05,128
8731,1779714408820438959,1779714408799078502,-21.360457,-21.136,128
8732,1779714408821360358,1779714408799923952,-21.436406,-154.55,128
8733,1779714408822262485,1779714408800882676,-21.379809,-41.276,128
8734,1779714408823238942,1779714408802210619,-21.028323,327.943,128
8735,1779714408824533327,1779714408803117737,-21.41559,-92.882,128
8736,1779714408825464603,1779714408804248683,-21.21592,130.946,128
8737,1779714408826571168,1779714408805128637,-21.442531,-120.046,128
8738,1779714408827473321,1779714408806211700,-21.261621,83.063,128
8739,1779714408828395118,1779714408806958230,-21.436888,-253.47,128
8740,1779714408829298698,1779714408808113347,-21.185351,155.117,128
8741,1779714408830354085,1779714408809119369,-21.234716,6.022,128
8742,1779714408831454713,1779714408810293790,-21.160923,174.421,128
8743,1779714408832384738,1779714408811210046,-21.174692,-83.744,128
8744,1779714408833460148,1779714408812318918,-21.14123,108.872,128
8745,1779714408834605962,1779714408813146489,-21.459473,-172.429,128
8746,1779714408835354933,1779714408813956273,-21.39866,-190.216,128
8747,1779714408836293487,1779714408863703910,27.410423,48747.637,128
8748,1779714408885870639,1779714408866517204,-19.353435,1813.294,128
8749,1779714408888780515,1779714408871503329,-17.277186,3986.125,128
8750,1779714408893717015,1779714408874331050,-19.385965,1827.721,128
8751,1779714408896775790,1779714408878036422,-18.739368,2705.372,128
8752,1779714408900136354,1779714408880261325,-19.875029,1224.903,128
8753,1779714408902567713,1779714408882812932,-19.754781,1551.607,128
8754,1779714408905100576,1779714408884945032,-20.155544,1132.1,128
8755,1779714408907250793,1779714408886733839,-20.516954,788.807,128
8756,1779714408909105930,1779714408888651177,-20.454753,917.338,128
8757,1779714408910959829,1779714408890705098,-20.254731,1053.921,128
8758,1779714408912955664,1779714408892735542,-20.220122,1030.444,128
8759,1779714408915053272,1779714408895106280,-19.946992,1370.738,128
8760,1779714408917310139,1779714408897716032,-19.594107,1609.752,128
8761,1779714408919958879,1779714408900515063,-19.443816,1799.031,128
8762,1779714408923022965,1779714408902644191,-20.378774,1129.128,128
8763,1779714408924942415,1779714408905080057,-19.862358,1435.866,128
8764,1779714408927412171,1779714408907560606,-19.851565,1480.549,128
8765,1779714408929840566,1779714408909814611,-20.025955,1254.005,128
8766,1779714408932128835,1779714408911995244,-20.133591,1180.633,128
8767,1779714408934395088,1779714408913830038,-20.56505,834.794,128
8768,1779714408936052309,1779714408915572935,-20.479374,742.897,128
8769,1779714408937880112,1779714408916911630,-20.968482,338.695,128
8770,1779714408939222899,1779714408918643623,-20.579276,731.993,128
8771,1779714408940898906,1779714408921436499,-19.462407,1792.876,128
8772,1779714408943635782,1779714408924821815,-18.813967,2385.316,128
8773,1779714408946046361,1779714408925569142,-20.477219,-252.673,128
8774,1779714408947822492,1779714408927318648,-20.503844,749.506,128
8775,1779714408949684594,1779714408929082255,-20.602339,763.607,128
8776,1779714408951339510,1779714408931335434,-20.004076,1253.179,128
8777,1779714408953659059,1779714408932973850,-20.685209,638.416,128
8778,1779714408955237826,1779714408934800344,-20.437482,826.494,128
8779,1779714408957035533,1779714408937144561,-19.890972,1344.217,128
8780,1779714408959396952,1779714408942166357,-17.230595,4021.796,128
8781,1779714408965927141,1779714408946046583,-19.880558,2880.226,128
8782,1779714408968380189,1779714408948776542,-19.603647,1729.959,128
8783,1779714408970772879,1779714408951342707,-19.430172,1566.165,128
8784,1779714408973375227,1779714408953713204,-19.662023,1370.497,128
8785,1779714408975943501,1779714408954809105,-21.134396,95.901,128
8786,1779714408977086237,1779714408956498301,-20.587936,689.196,128
8787,1779714408978749165,1779714408958340250,-20.408915,841.949,128
8788,1779714408980655019,1779714408961441903,-19.213116,2101.653,128
8789,1779714408983659803,1779714408964045954,-19.613849,1604.051,128
8790,1779714408986201046,1779714408965884123,-20.316923,838.169,128
8791,1779714408988136558,1779714408969322887,-18.813671,2438.764,128
8792,1779714408991457756,1779714408971298595,-20.159161,975.708,128
8793,1779714408993613767,1779714408973953767,-19.66,1655.172,128
8794,1779714408996252589,1779714408975871217,-20.381372,917.45,128
8795,1779714408998137657,1779714408978234466,-19.903191,1363.249,128
8796,1779714409000178221,1779714408979860807,-20.317414,626.341,128
8797,1779714409002007796,1779714408981583153,-20.424643,722.346,128
8798,1779714409003965491,1779714408984636241,-19.32925,2053.088,128
8799,1779714409006805306,1779714408987808718,-18.996588,2172.477,128
8800,1779714409010060698,1779714408989657921,-20.402777,849.203,128
8801,1779714409011722451,1779714408991752213,-19.970238,1094.292,128
8802,1779714409013831846,1779714408993422240,-20.409606,670.027,128
8803,1779714409015860253,1779714408995398377,-20.461876,976.137,128
8804,1779714409017501400,1779714408997487504,-20.013896,1089.127,128
8805,1779714409019627249,1779714408999265530,-20.361719,778.026,128
8806,1779714409021364068,1779714409001094357,-20.269711,828.827,128
8807,1779714409023136680,1779714409003142746,-19.993934,1048.389,128
8808,1779714409024992716,1779714409004093176,-20.89954,-49.57,128
8809,1779714409026482113,1779714409006070804,-20.411309,977.628,128
8810,1779714409028302070,1779714409007951195,-20.350875,880.391,128
8811,1779714409030283335,1779714409011410828,-18.872507,2459.633,128
8812,1779714409033705218,1779714409014697721,-19.007497,2286.893,128
8813,1779714409036883526,1779714409017931817,-18.951709,2234.096,128
8814,1779714409040095783,1779714409018759699,-21.336084,-172.118,128
8815,1779714409041084902,1779714409020146325,-20.938577,386.626,128
8816,1779714409042383135,1779714409022868257,-19.514878,1721.932,128
8817,1779714409045090676,1779714409025869542,-19.221134,2001.285,128
8818,1779714409048115579,1779714409028570545,-19.545034,1701.003,128
8819,1779714409050420135,1779714409030505964,-19.914171,935.419,128
8820,1779714409052268745,1779714409033045546,-19.223199,1539.582,128
8821,1779714409054802342,1779714409034138378,-20.663964,92.832,128
8822,1779714409056413204,1779714409036105550,-20.307654,967.172,128
8823,1779714409058000484,1779714409037458803,-20.541681,353.253,128
8824,1779714409059497458,1779714409039040932,-20.456526,582.129,128
8825,1779714409061256219,1779714409041325865,-19.930354,1284.933,128
8826,1779714409063611400,1779714409045158382,-18.453018,2832.517,128
8827,1779714409067321604,1779714409047126126,-20.195478,967.744,128
8828,1779714409069251135,1779714409050870903,-18.380232,2744.777,128
8829,1779714409073049232,1779714409053400987,-19.648245,1530.084,128
8830,1779714409075470639,1779714409054623930,-20.846709,222.943,128
8831,1779714409077052953,1779714409056378026,-20.674927,754.096,128
8832,1779714409078733482,1779714409058303991,-20.429491,925.965,128
8833,1779714409080428145,1779714409059854175,-20.57397,550.184,128
8834,1779714409082144418,1779714409061564439,-20.579979,710.264,128
8835,1779714409083808855,1779714409063304142,-20.504713,739.703,128
8836,1779714409085445135,1779714409065863784,-19.581351,1559.642,128
8837,1779714409088141845,1779714409067757283,-20.384562,893.499,128
8838,1779714409089928671,1779714409069621787,-20.306884,864.504,128
8839,1779714409092004554,1779714409074128515,-17.876039,3506.728,128
8840,1779714409096298247,1779714409075883545,-20.414702,755.03,128
8841,1779714409098106942,1779714409077347723,-20.759219,464.178,128
8842,1779714409099589067,1779714409079420342,-20.168725,1072.619,128
8843,1779714409101604674,1779714409081212297,-20.392377,791.955,128
8844,1779714409103701263,1779714409082929549,-20.771714,717.252,128
8845,1779714409105404026,1779714409086291570,-19.112456,2362.021,128
8846,1779714409108521390,1779714409088295367,-20.226023,1003.797,128
8847,1779714409110502281,1779714409090351806,-20.150475,1056.439,128
8848,1779714409112647947,1779714409092435750,-20.212197,1083.944,128
8849,1779714409114742821,1779714409094111842,-20.630979,676.092,128
8850,1779714409116315209,1779714409095407149,-20.90806,295.307,128
8851,1779714409117636247,1779714409096842522,-20.793725,435.373,128
8852,1779714409119231909,1779714409098731850,-20.500059,889.328,128
8853,1779714409120968735,1779714409102508642,-18.460093,2776.792,128
8854,1779714409124348194,1779714409104330790,-20.017404,822.148,128
8855,1779714409126487322,1779714409105493483,-20.993839,162.693,128
8856,1779714409127677806,1779714409107012606,-20.6652,519.123,128
8857,1779714409129308700,1779714409108969720,-20.33898,957.114,128
8858,1779714409131246730,1779714409110789563,-20.457167,819.843,128
8859,1779714409133027935,1779714409112390467,-20.637468,600.904,128
8860,1779714409134715330,1779714409114428339,-20.286991,1037.872,128
8861,1779714409136561888,1779714409117341224,-19.220664,1912.885,128
8862,1779714409138746649,1779714409117575793,-21.170856,-765.431,128
8863,1779714409139749951,1779714409118413594,-21.336357,-162.199,128
8864,1779714409140720381,1779714409119277206,-21.443175,-136.388,128
8865,1779714409141411303,1779714409119955309,-21.455994,-321.897,128
8866,1779714409142287932,1779714409120928311,-21.359621,-26.998,128
8867,1779714409143264814,1779714409121678038,-21.586776,-250.273,128
8868,1779714409143913343,1779714409122765391,-21.147952,87.353,128
8869,1779714409145009079,1779714409123594502,-21.414577,-170.889,128
8870,1779714409145853023,1779714409124711490,-21.141533,116.988,128
8871,1779714409147035643,1779714409125711304,-21.324339,-0.186,128
8872,1779714409148036043,1779714409126658080,-21.377963,-53.224,128
8873,1779714409148991005,1779714409127512054,-21.478951,-146.026,128
8874,1779714409149859616,1779714409128516360,-21.343256,4.306,128
8875,1779714409150819752,1779714409129345511,-21.474241,-170.849,128
8876,1779714409151711339,1779714409130281395,-21.429944,-64.116,128
8877,1779714409152617686,1779714409131483461,-21.134225,202.066,128
8878,1779714409153786285,1779714409132305049,-21.481236,-178.412,128
8879,1779714409154428615,1779714409132914800,-21.513815,-390.249,128
8880,1779714409155212698,1779714409133954489,-21.258209,39.689,128
8881,1779714409156265404,1779714409134775166,-21.490238,-179.323,128
8882,1779714409157074070,1779714409135620885,-21.453185,-154.281,128
8883,1779714409157741550,1779714409136209769,-21.531781,-411.116,128
8884,1779714409158508959,1779714409137075175,-21.433784,-134.594,128
8885,1779714409159388293,1779714409138063626,-21.324667,-11.549,128
8886,1779714409160284389,1779714409139363207,-20.921182,299.581,128
8887,1779714409161201791,1779714409139793525,-21.408266,-569.682,128
8888,1779714409162108977,1779714409140672908,-21.436069,-120.617,128
8889,1779714409162989934,1779714409141784425,-21.205509,111.517,128
8890,1779714409164084561,1779714409142514764,-21.569797,-269.661,128
8891,1779714409164777334,1779714409143567350,-21.209984,52.586,128
8892,1779714409165577848,1779714409144198671,-21.379177,-368.679,128
8893,1779714409166485873,1779714409145387108,-21.098765,188.437,128
8894,1779714409167414023,1779714409146027200,-21.386823,-359.908,128
8895,1779714409168322515,1779714409147342298,-20.980217,315.098,128
8896,1779714409169241320,1779714409147948330,-21.29299,-393.968,128
8897,1779714409170011311,1779714409148756056,-21.255255,-192.274,128
8898,1779714409170921127,1779714409149631718,-21.289409,-124.338,128
8899,1779714409171810668,1779714409150531211,-21.279457,-100.507,128
8900,1779714409172704053,1779714409151350723,-21.35333,-180.488,128
8901,1779714409173611769,1779714409152783690,-20.828079,432.967,128
8902,1779714409175036329,1779714409153847000,-21.189329,63.31,128
8903,1779714409176126797,1779714409154571772,-21.555025,-275.228,128
8904,1779714409176835108,1779714409156702045,-20.133063,1130.273,128
8905,1779714409177816926,1779714409156717944,-21.098982,-984.101,128
8906,1779714409178756230,1779714409157604321,-21.151909,-113.623,128
8907,1779714409179621201,1779714409158213564,-21.407637,-390.757,128
8908,1779714409180478600,1779714409159123525,-21.355075,-90.039,128
8909,1779714409181255657,1779714409159936512,-21.319145,-187.013,128
8910,1779714409182210659,1779714409160835369,-21.37529,-101.143,128
8911,1779714409183107636,1779714409162063410,-21.044226,228.041,128
8912,1779714409183963198,1779714409162933837,-21.029361,-129.573,128
8913,1779714409185121385,1779714409163823610,-21.297775,-110.227,128
8914,1779714409186047418,1779714409164609926,-21.437492,-213.684,128
8915,1779714409186912230,1779714409165599460,-21.31277,-10.466,128
8916,1779714409187919727,1779714409166587753,-21.331974,-11.707,128
8917,1779714409188844752,1779714409167571955,-21.272797,-15.798,128
8918,1779714409189900384,1779714409168710674,-21.18971,138.719,128
8919,1779714409190899472,1779714409170088221,-20.811251,377.547,128
8920,1779714409192049791,1779714409171407372,-20.642419,319.151,128
8921,1779714409193120369,1779714409171814646,-21.305723,-592.726,128
8922,1779714409194074914,1779714409173135957,-20.938957,321.311,128
8923,1779714409194978225,1779714409173524265,-21.45396,-611.692,128
8924,1779714409195766074,1779714409174534982,-21.231092,10.717,128
8925,1779714409196799796,1779714409176488545,-20.311251,953.563,128
8926,1779714409198734923,1779714409177568016,-21.166907,79.471,128
8927,1779714409199817980,1779714409178407696,-21.410284,-160.32,128
8928,1779714409200661617,1779714409179284717,-21.3769,-122.979,128
8929,1779714409201563554,1779714409180137012,-21.426542,-147.705,128
8930,1779714409202428548,1779714409181067624,-21.360924,-69.388,128
8931,1779714409203365197,1779714409182105260,-21.259937,37.636,128
8932,1779714409204310983,1779714409183000190,-21.310793,-105.07,128
8933,1779714409205327541,1779714409184274414,-21.053127,274.224,128
8934,1779714409206331779,1779714409185758627,-20.573152,484.213,128
8935,1779714409206980371,1779714409185767116,-21.213255,-991.511,128
8936,1779714409207776849,1779714409237253502,29.476653,50486.386,128
8937,1779714409259557508,1779714409249313123,-10.244385,11059.621,128
8938,1779714409272567873,1779714409254934867,-17.633006,4621.744,128
8939,1779714409277150333,1779714409256912083,-20.23825,977.216,128
8940,1779714409279218479,1779714409259426281,-19.792198,1514.198,128
8941,1779714409281232344,1779714409260259215,-20.973129,-167.066,128
8942,1779714409282333795,1779714409261373063,-20.960732,113.848,128
8943,1779714409283134152,1779714409261947944,-21.186208,-425.119,128
8944,1779714409284110069,1779714409262904538,-21.205531,-43.406,128
8945,1779714409285025785,1779714409263596700,-21.429085,-307.838,128
8946,1779714409285903105,1779714409264770772,-21.132333,174.072,128
8947,1779714409286959349,1779714409266136539,-20.82281,365.767,128
8948,1779714409288013714,1779714409267044061,-20.969653,-92.478,128
8949,1779714409289190099,1779714409267708534,-21.481565,-335.527,128
8950,1779714409289956843,1779714409268455373,-21.50147,-253.161,128
8951,1779714409290730782,1779714409269405883,-21.324899,-49.49,128
8952,1779714409291601374,1779714409270187237,-21.414137,-218.646,128
8953,1779714409292492600,1779714409270933228,-21.559372,-254.009,128
8954,1779714409293250761,1779714409271608536,-21.642225,-324.692,128
8955,1779714409293861245,1779714409272388870,-21.472375,-219.666,128
8956,1779714409294724080,1779714409273507149,-21.216931,118.279,128
8957,1779714409295568988,1779714409274401265,-21.167723,-105.884,128
8958,1779714409296561056,1779714409275229657,-21.331399,-171.608,128
8959,1779714409297466936,1779714409276216220,-21.250716,-13.437,128
8960,1779714409298396607,1779714409277118043,-21.278564,-98.177,128
8961,1779714409299296405,1779714409277910023,-21.386382,-208.02,128
8962,1779714409300170002,1779714409278637177,-21.532825,-272.846,128
8963,1779714409300918987,1779714409279710812,-21.208175,73.635,128
8964,1779714409301663754,1779714409280905196,-20.758558,194.384,128
8965,1779714409302533106,1779714409281569200,-20.963906,-335.996,128
8966,1779714409303376016,1779714409281962348,-21.413668,-606.852,128
8967,1779714409304284549,1779714409282978550,-21.305999,16.202,128
8968,1779714409305035085,1779714409283785108,-21.249977,-193.442,128
8969,1779714409305980199,1779714409284549532,-21.430667,-235.576,128
8970,1779714409306797742,1779714409285488334,-21.309408,-61.198,128
8971,1779714409307738930,1779714409286092988,-21.645942,-395.346,128
8972,1779714409308393776,1779714409286724072,-21.669704,-368.916,128
8973,1779714409309036876,1779714409287725968,-21.310908,1.896,128
8974,1779714409309946988,1779714409288484878,-21.46211,-241.09,128
8975,1779714409310819377,1779714409289587636,-21.231741,102.758,128
8976,1779714409311899622,1779714409290499085,-21.400537,-88.551,128
8977,1779714409312743874,1779714409291470342,-21.273532,-28.743,128
8978,1779714409313627698,1779714409292349194,-21.278504,-121.148,128
8979,1779714409314509916,1779714409293630606,-20.87931,281.412,128
8980,1779714409315898258,1779714409294386971,-21.511287,-243.635,128
8981,1779714409316676604,1779714409295234753,-21.441851,-152.218,128
8982,1779714409317423221,1779714409295881328,-21.541893,-353.425,128
8983,1779714409318153004,1779714409296724720,-21.428284,-156.608,128
8984,1779714409318991269,1779714409297699986,-21.291283,-24.734,128
8985,1779714409319987176,1779714409298597225,-21.389951,-102.761,128
8986,1779714409320855908,1779714409299558204,-21.297704,-39.021,128
8987,1779714409321813077,1779714409300581793,-21.231284,23.589,128
8988,1779714409322743522,1779714409301230011,-21.513511,-351.782,128
8989,1779714409323513162,1779714409302128675,-21.384487,-101.336,128
8990,1779714409324412643,1779714409302967884,-21.444759,-160.791,128
8991,1779714409325279870,1779714409303863721,-21.416149,-104.163,128
8992,1779714409326152246,1779714409304748262,-21.403984,-115.459,128
8993,1779714409327012175,1779714409305727859,-21.284316,-20.403,128
8994,1779714409327768379,1779714409306252321,-21.516058,-475.538,128
8995,1779714409328442185,1779714409307056017,-21.386168,-196.304,128
8996,1779714409329331382,1779714409308337002,-20.99438,280.985,128
8997,1779714409330423784,1779714409309034675,-21.389109,-302.327,128
8998,1779714409331286906,1779714409310017666,-21.26924,-17.009,128
8999,1779714409332153730,1779714409310853458,-21.300272,-164.208,128
9000,1779714409333163235,1779714409311931174,-21.232061,77.716,128
9001,1779714409334097660,1779714409312565016,-21.532644,-366.158,128
9002,1779714409334877921,1779714409313495578,-21.382343,-69.438,128
9003,1779714409335654679,1779714409314276158,-21.378521,-219.42,128
9004,1779714409336516618,1779714409315050114,-21.466504,-226.044,128
9005,1779714409337360973,1779714409315823079,-21.537894,-227.035,128
9006,1779714409338092599,1779714409316704893,-21.387706,-118.186,128
9007,1779714409338942117,1779714409317650654,-21.291463,-54.239,128
9008,1779714409339815308,1779714409318287577,-21.527731,-363.077,128
9009,1779714409340549137,1779714409319293934,-21.255203,6.357,128
9010,1779714409341379169,1779714409319787439,-21.59173,-506.495,128
9011,1779714409342100313,1779714409320593189,-21.507124,-194.25,128
9012,1779714409342805932,1779714409321253104,-21.552828,-340.085,128
9013,1779714409343520274,1779714409322089507,-21.430767,-163.597,128
9014,1779714409344355475,1779714409322733674,-21.621801,-355.833,128
9015,1779714409345064397,1779714409323480941,-21.583456,-252.733,128
9016,1779714409345783743,1779714409324387420,-21.396323,-93.521,128
9017,1779714409346710843,1779714409325314808,-21.396035,-72.612,128
9018,1779714409347551379,1779714409325939049,-21.61233,-375.759,128
9019,1779714409348266363,1779714409326748841,-21.517522,-190.208,128
9020,1779714409349077669,1779714409327642320,-21.435349,-106.521,128
9021,1779714409349937160,1779714409328423432,-21.513728,-218.888,128
9022,1779714409350566026,1779714409329309282,-21.256744,-114.15,128
9023,1779714409351440723,1779714409330334338,-21.106385,25.056,128
9024,1779714409352490814,1779714409330909389,-21.581425,-424.949,128
9025,1779714409353226302,1779714409332125953,-21.100349,216.564,128
9026,1779714409354365533,1779714409332799105,-21.566428,-326.848,128
9027,1779714409355068937,1779714409333886440,-21.182497,87.335,128
9028,1779714409356087224,1779714409334675724,-21.4115,-210.716,128
9029,1779714409356966521,1779714409335432719,-21.533802,-243.005,128
9030,1779714409357725900,1779714409336459676,-21.266224,26.957,128
9031,1779714409358759238,1779714409388236690,29.477452,50777.014,128
9032,1779714409410663892,1779714409392486000,-18.177892,3249.31,128
9033,1779714409414533984,1779714409398300439,-16.233545,4814.439,128
9034,1779714409420708613,1779714409401310981,-19.397632,2010.542,128
9035,1779714409423579437,1779714409402616744,-20.962693,305.763,128
9036,1779714409425007095,1779714409404571173,-20.435922,954.429,128
9037,1779714409426861542,1779714409406014853,-20.846689,443.68,128
9038,1779714409428403112,1779714409408034584,-20.368528,1019.731,128
9039,1779714409430378064,1779714409409990216,-20.387848,955.632,128
9040,1779714409432348497,1779714409411876679,-20.471818,886.463,128
9041,1779714409434295025,1779714409415307130,-18.987895,2430.451,128
9042,1779714409437105298,1779714409416779850,-20.325448,472.72,128
9043,1779714409438885272,1779714409418663241,-20.222031,883.391,128
9044,1779714409440479190,1779714409420602874,-19.876316,939.633,128
9045,1779714409442944868,1779714409422867942,-20.076926,1265.068,128
9046,1779714409445183142,1779714409424604241,-20.578901,736.299,128
9047,1779714409446917710,1779714409426900709,-20.017001,1296.468,128
9048,1779714409449238429,1779714409428490497,-20.747932,589.788,128
9049,1779714409450773494,1779714409429764001,-21.009493,273.504,128
9050,1779714409452070005,1779714409431552705,-20.5173,788.704,128
9051,1779714409454372462,1779714409434003186,-20.369276,1450.481,128
9052,1779714409456032127,1779714409435666047,-20.36608,662.861,128
9053,1779714409457896841,1779714409437361030,-20.535811,694.983,128
9054,1779714409459385038,1779714409438855974,-20.529064,494.944,128
9055,1779714409460930348,1779714409439919112,-21.011236,63.138,128
9056,1779714409462135106,1779714409441551630,-20.583476,632.518,128
9057,1779714409463778196,1779714409443267057,-20.511139,715.427,128
9058,1779714409465348038,1779714409444845250,-20.502788,578.193,128
9059,1779714409466928442,1779714409446672434,-20.256008,827.184,128
9060,1779714409468718738,1779714409451616046,-17.102692,3943.612,128
9061,1779714409470984438,1779714409451630058,-19.35438,-985.988,128
9062,1779714409471573767,1779714409451885841,-19.687926,-744.217,128
9063,1779714409474977983,1779714409455430454,-19.547529,2544.613,128
9064,1779714409477459955,1779714409456762493,-20.697462,332.039,128
9065,1779714409479000126,1779714409459888286,-19.11184,2125.793,128
9066,1779714409482065694,1779714409461875865,-20.189829,987.579,128
9067,1779714409484239660,1779714409463780775,-20.458885,904.91,128
9068,1779714409485942959,1779714409465273856,-20.669103,493.081,128
9069,1779714409487473397,1779714409466831325,-20.642072,557.469,128
9070,1779714409489173451,1779714409468257448,-20.916003,426.123,128
9071,1779714409490511996,1779714409470028897,-20.483099,771.449,128
9072,1779714409492185157,1779714409471870504,-20.314653,841.607,128
9073,1779714409493805029,1779714409474070316,-19.734713,1199.812,128
9074,1779714409496393284,1779714409475981580,-20.411704,911.264,128
9075,1779714409498287168,1779714409477696181,-20.590987,714.601,128
9076,1779714409499859763,1779714409479266946,-20.592817,570.765,128
9077,1779714409501399911,1779714409480571926,-20.827985,304.98,128
9078,1779714409502964462,1779714409483105591,-19.858871,1533.665,128
9079,1779714409505406600,1779714409485007816,-20.398784,902.225,128
9080,1779714409507304678,1779714409487376870,-19.927808,1369.054,128
9081,1779714409509756881,1779714409489042688,-20.714193,665.818,128
9082,1779714409511286876,1779714409491001116,-20.28576,958.428,128
9083,1779714409513203741,1779714409492551406,-20.652335,550.29,128
9084,1779714409515248698,1779714409494535205,-20.713493,983.799,128
9085,1779714409516757238,1779714409495991153,-20.766085,455.948,128
9086,1779714409518271839,1779714409498331948,-19.939891,1340.795,128
9087,1779714409520011270,1779714409499448340,-20.56293,116.392,128
9088,1779714409521387372,1779714409500691255,-20.696117,242.915,128
9089,1779714409522759767,1779714409501997200,-20.762567,305.945,128
9090,1779714409524247095,1779714409503719888,-20.527207,722.688,128
9091,1779714409526425248,1779714409506301347,-20.123901,1581.459,128
9092,1779714409528297688,1779714409509559023,-18.738665,2257.676,128
9093,1779714409531752626,1779714409511354166,-20.39846,795.143,128
9094,1779714409533699119,1779714409512633798,-21.065321,279.632,128
9095,1779714409534919811,1779714409515011763,-19.908048,1377.965,128
9096,1779714409537194954,1779714409518006205,-19.188749,1994.442,128
9097,1779714409539988993,1779714409519269009,-20.719984,262.804,128
9098,1779714409541726428,1779714409521247312,-20.479116,978.303,128
9099,1779714409543497140,1779714409522975091,-20.522049,727.779,128
9100,1779714409545290574,1779714409524749822,-20.540752,774.731,128
9101,1779714409547004431,1779714409526384408,-20.620023,634.586,128
9102,1779714409548672907,1779714409527824251,-20.848656,439.843,128
9103,1779714409550120748,1779714409529357453,-20.763295,533.202,128
9104,1779714409551709141,1779714409530640643,-21.068498,283.19,128
9105,1779714409552956693,1779714409532102942,-20.853751,462.299,128
9106,1779714409554192920,1779714409533546965,-20.645955,444.023,128
9107,1779714409555838505,1779714409535671570,-20.166935,1124.605,128
9108,1779714409557881224,1779714409537568016,-20.313208,896.446,128
9109,1779714409559855787,1779714409539352059,-20.503728,784.043,128
9110,1779714409562477055,1779714409545167721,-17.309334,4815.662,128
9111,1779714409568116284,1779714409549697138,-18.419146,3529.417,128
9112,1779714409571931659,1779714409551660949,-20.27071,963.811,128
9113,1779714409573743086,1779714409553247967,-20.495119,587.018,128
9114,1779714409575390752,1779714409555555241,-19.835511,1307.274,128
9115,1779714409577754217,1779714409560533111,-17.221106,3977.87,128
9116,1779714409582701871,1779714409562429795,-20.272076,896.684,128
9117,1779714409584765145,1779714409564204674,-20.560471,774.879,128
9118,1779714409586255730,1779714409565695926,-20.559804,491.252,128
9119,1779714409587929116,1779714409568825535,-19.103581,2129.609,128
9120,1779714409590947630,1779714409571499696,-19.447934,1674.161,128
9121,1779714409593537395,1779714409576729877,-16.807518,4230.181,128
9122,1779714409598816972,1779714409579917674,-18.899298,2187.797,128
9123,1779714409602023239,1779714409581974328,-20.048911,1056.654,128
9124,1779714409604005630,1779714409583825884,-20.179746,851.556,128
9125,1779714409606014721,1779714409588770958,-17.243763,3945.074,128
9126,1779714409610831242,1779714409590636052,-20.19519,865.094,128
9127,1779714409612767293,1779714409593686529,-19.080764,2050.477,128
9128,1779714409615739423,1779714409595885909,-19.853514,1199.38,128
9129,1779714409617933026,1779714409598370506,-19.56252,1484.597,128
9130,1779714409620387486,1779714409600663911,-19.723575,1293.405,128
9131,1779714409622881499,1779714409602745639,-20.13586,1081.728,128
9132,1779714409624867398,1779714409604768189,-20.099209,1022.55,128
9133,1779714409626894475,1779714409606906155,-19.98832,1137.966,128
9134,1779714409629057322,1779714409608555045,-20.502277,648.89,128
9135,1779714409630718712,1779714409612362296,-18.356416,2807.251,128
9136,1779714409634468494,1779714409614605984,-19.86251,1243.688,128
9137,1779714409636789313,1779714409616893105,-19.896208,1287.121,128
9138,1779714409639173838,1779714409619236215,-19.937623,1343.11,128
9139,1779714409641206010,1779714409620897914,-20.308096,661.699,128
9140,1779714409642860157,1779714409622930277,-19.92988,1032.363,128
9141,1779714409645064586,1779714409625088054,-19.976532,1157.777,128
9142,1779714409647243693,1779714409628677205,-18.566488,2589.151,128
9143,1779714409651209782,1779714409632339456,-18.870326,2662.251,128
9144,1779714409654435587,1779714409634881896,-19.553691,1542.44,128
9145,1779714409656676991,1779714409636280316,-20.396675,398.42,128
9146,1779714409658448609,1779714409639054084,-19.394525,1773.768,128
9147,1779714409661286712,1779714409641924633,-19.362079,1870.549,128
9148,1779714409664037418,1779714409644764670,-19.272748,1840.037,128
9149,1779714409666874587,1779714409649649340,-17.225247,3884.67,128
9150,1779714409671840115,1779714409652143604,-19.696511,1494.264,128
9151,1779714409674295877,1779714409656303854,-17.992023,3160.25,128
9152,1779714409678496702,1779714409659696775,-18.799927,2392.921,128
9153,1779714409682014678,1779714409662061079,-19.953599,1364.304,128
9154,1779714409684252110,1779714409663823613,-20.428497,762.534,128
9155,1779714409685975193,1779714409665989247,-19.985946,1165.634,128
9156,1779714409688191225,1779714409667806487,-20.384738,817.24,128
9157,1779714409690123122,1779714409669348421,-20.774701,541.934,128
9158,1779714409691496871,1779714409671789134,-19.707737,1440.713,128
9159,1779714409694096219,1779714409673793883,-20.302336,1004.749,128
9160,1779714409696001593,1779714409675891468,-20.110125,1097.585,128
9161,1779714409698108454,1779714409678041649,-20.066805,1150.181,128
9162,1779714409700253425,1779714409680006982,-20.246443,965.333,128
9163,1779714409702298013,1779714409682260720,-20.037293,1253.738,128
9164,1779714409704403117,1779714409685723415,-18.679702,2462.695,128
9165,1779714409706741673,1779714409824254424,117.512751,137531.009,128
9166,1779714409846316341,1779714409826268721,-20.04762,1014.297,128
9167,1779714409848404562,1779714409828214561,-20.190001,945.84,128
9168,1779714409953395623,1779714409943299803,-10.09582,114085.242,128
9169,1779714409965489732,1779714409951973061,-13.516671,7673.258,128
9170,1779714409974027286,1779714409957291140,-16.736146,4318.079,128
9171,1779714409979291464,1779714409960936482,-18.354982,2645.342,128
9172,1779714409982804517,1779714409965937038,-16.867479,4000.556,128
9173,1779714409987963541,1779714409972175300,-15.788241,5238.262,128
9174,1779714409994296294,1779714409975056109,-19.240185,1880.809,128
9175,1779714409997124106,1779714409977553489,-19.570617,1497.38,128
9176,1779714409999846415,1779714409979464995,-20.38142,911.506,128
9177,1779714410001596723,1779714409982917357,-18.679366,2452.362,128
9178,1779714410004956100,1779714409985893509,-19.062591,1976.152,128
9179,1779714410007937254,1779714409987805775,-20.131479,912.266,128
9180,1779714410009763639,1779714409990480420,-19.283219,1674.645,128
9181,1779714410013199379,1779714409993193506,-20.005873,1713.086,128
9182,1779714410015270811,1779714409996183652,-19.087159,1990.146,128
9183,1779714410018387528,1779714409998392488,-19.99504,1208.836,128
9184,1779714410020747572,1779714410000594553,-20.153019,1202.065,128
9185,1779714410022943312,1779714410002685434,-20.257878,1090.881,128
9186,1779714410025026051,1779714410004800639,-20.225412,1115.205,128
9187,1779714410026974551,1779714410006388268,-20.586283,587.629,128
9188,1779714410028848681,1779714410009703952,-19.144729,2315.684,128
9189,1779714410032039976,1779714410013689496,-18.35048,2985.544,128
9190,1779714410034214119,1779714410013830035,-20.384084,-859.461,128
9191,1779714410036075118,1779714410015719107,-20.356011,889.072,128
9192,1779714410038166073,1779714410017456598,-20.709475,737.491,128
9193,1779714410039762356,1779714410018566093,-21.196263,109.495,128
9194,1779714410040990623,1779714410020129024,-20.861599,562.931,128
9195,1779714410042355008,1779714410021476014,-20.878994,346.99,128
9196,1779714410043642289,1779714410024726989,-18.9153,2250.975,128
9197,1779714410046881279,1779714410028325382,-18.555897,2598.393,128
9198,1779714410050597755,1779714410031776376,-18.821379,2450.994,128
9199,1779714410054173649,1779714410033815158,-20.358491,1038.782,128
9200,1779714410055989631,1779714410036104934,-19.884697,1289.776,128
9201,1779714410058228648,1779714410039332624,-18.896024,2227.69,128
9202,1779714410061495752,1779714410040707167,-20.788585,374.543,128
9203,1779714410062593935,1779714410042267289,-20.326646,560.122,128
9204,1779714410064370734,1779714410043699717,-20.671017,432.428,128
9205,1779714410065929745,1779714410045654888,-20.274857,955.171,128
9206,1779714410067826545,1779714410047434887,-20.391658,779.999,128
9207,1779714410069603289,1779714410049419740,-20.183549,984.853,128
9208,1779714410071595559,1779714410050190620,-21.404939,-229.12,128
9209,1779714410072485426,1779714410051299307,-21.186119,108.687,128
9210,1779714410073409717,1779714410052276782,-21.132935,-22.525,128
9211,1779714410074438977,1779714410053000623,-21.438354,-276.159,128
9212,1779714410075302796,1779714410053915976,-21.38682,-84.647,128
9213,1779714410076130093,1779714410054756295,-21.373798,-159.681,128
9214,1779714410076989910,1779714410056631627,-20.358283,875.332,128
9215,1779714410078902398,1779714410058658083,-20.244315,1026.456,128
9216,1779714410080881402,1779714410060525252,-20.35615,867.169,128
9217,1779714410082659415,1779714410063652049,-19.007366,2126.797,128
9218,1779714410087783230,1779714410066966556,-20.816674,2314.507,128
9219,1779714410089172038,1779714410069065588,-20.10645,1099.032,128
9220,1779714410091264672,1779714410075053702,-16.21097,4988.114,128
9221,1779714410097054203,1779714410076027539,-21.026664,-26.163,128
9222,1779714410098248260,1779714410077058653,-21.189607,31.114,128
9223,1779714410099289653,1779714410077942637,-21.347016,-116.016,128
9224,1779714410100169794,1779714410080378086,-19.791708,1435.449,128
9225,1779714410102600185,1779714410082248228,-20.351957,870.142,128
9226,1779714410104422333,1779714410083054674,-21.367659,-193.554,128
9227,1779714410105318999,1779714410084081930,-21.237069,27.256,128
9228,1779714410106312604,1779714410085248460,-21.064144,166.53,128
9229,1779714410107293589,1779714410085803975,-21.489614,-444.485,128
9230,1779714410108002694,1779714410087009599,-20.993095,205.624,128
9231,1779714410108824259,1779714410087594779,-21.22948,-414.82,128
9232,1779714410109800680,1779714410088538719,-21.261961,-56.06,128
9233,1779714410110779099,1779714410089435008,-21.344091,-103.711,128
9234,1779714410111665248,1779714410090412098,-21.25315,-22.91,128
9235,1779714410112639050,1779714410091273540,-21.36551,-138.558,128
9236,1779714410113469222,1779714410092115208,-21.354014,-158.332,128
9237,1779714410114373355,1779714410092913490,-21.459865,-201.718,128
9238,1779714410115207223,1779714410093902866,-21.304357,-10.624,128
9239,1779714410116198553,1779714410094730935,-21.467618,-171.931,128
9240,1779714410117025034,1779714410095616947,-21.408087,-113.988,128
9241,1779714410117930887,1779714410096770073,-21.160814,153.126,128
9242,1779714410118922237,1779714410097777733,-21.144504,7.66,128
9243,1779714410119933529,1779714410098732893,-21.200636,-44.84,128
9244,1779714410120919340,1779714410099556578,-21.362762,-176.315,128
9245,1779714410121670957,1779714410100607139,-21.063818,50.561,128
9246,1779714410122854150,1779714410101796274,-21.057876,189.135,128
9247,1779714410123989320,1779714410103458150,-20.53117,661.876,128
9248,1779714410125680902,1779714410104712791,-20.968111,254.641,128
9249,1779714410126922147,1779714410105600050,-21.322097,-112.741,128
9250,1779714410127826903,1779714410106606200,-21.220703,6.15,128
9251,1779714410128870550,1779714410107712583,-21.157967,106.383,128
9252,1779714410129939559,1779714410108398515,-21.541044,-314.068,128
9253,1779714410130662341,1779714410109564152,-21.098189,165.637,128
9254,1779714410131704154,1779714410110570783,-21.133371,6.631,128
9255,1779714410132724675,1779714410111518240,-21.206435,-52.543,128
9256,1779714410133759287,1779714410112363994,-21.395293,-154.246,128
9257,1779714410134634709,1779714410113388593,-21.246116,24.599,128
9258,1779714410135654692,1779714410114447972,-21.20672,59.379,128
9259,1779714410136703237,1779714410115328357,-21.37488,-119.615,128
9260,1779714410137562558,1779714410116317547,-21.245011,-10.81,128
9261,1779714410138586385,1779714410117346396,-21.239989,28.849,128
9262,1779714410139593699,1779714410118381028,-21.212671,34.632,128
9263,1779714410140650146,1779714410119062300,-21.587846,-318.728,128
9264,1779714410141343776,1779714410120110820,-21.232956,48.52,128
9265,1779714410142377123,1779714410121174737,-21.202386,63.917,128
9266,1779714410143379702,1779714410122321045,-21.058657,146.308,128
9267,1779714410144554257,1779714410124018281,-20.535976,697.236,128
9268,1779714410145642379,1779714410124526764,-21.115615,-491.517,128
9269,1779714410146519957,1779714410125192951,-21.327006,-333.813,128
9270,1779714410147387704,1779714410125688628,-21.699076,-504.323,128
9271,1779714410147945198,1779714410126588640,-21.356558,-99.988,128
9272,1779714410148832485,1779714410127622992,-21.209493,34.352,128
9273,1779714410149836444,1779714410128616392,-21.220052,-6.6,128
9274,1779714410150862782,1779714410129764017,-21.098765,147.625,128
9275,1779714410151974559,1779714410130682211,-21.292348,-81.806,128
9276,1779714410152923733,1779714410141041773,-11.88196,9359.562,128
9277,1779714410200059584,1779714410183659258,-16.400326,41617.485,128
9278,1779714410205421269,1779714410187737612,-17.683657,3078.354,128
9279,1779714410209777859,1779714410190005076,-19.772783,1267.464,128
9280,1779714410212094116,1779714410192402075,-19.692041,1396.999,128
9281,1779714410214385647,1779714410194388349,-19.997298,986.274,128
9282,1779714410216619044,1779714410196092682,-20.526362,704.333,128
9283,1779714410218283893,1779714410197983094,-20.300799,890.412,128
9284,1779714410220131798,1779714410199861139,-20.270659,878.045,128
9285,1779714410222017928,1779714410201125990,-20.891938,264.851,128
9286,1779714410223327567,1779714410202815024,-20.512543,689.034,128
9287,1779714410225050548,1779714410207822929,-17.227619,4007.905,128
9288,1779714410230027596,1779714410209962013,-20.065583,1139.084,128
9289,1779714410232063622,1779714410211556806,-20.506816,594.793,128
9290,1779714410233706161,1779714410216784208,-16.921953,4227.402,128
9291,1779714410238935881,1779714410219032321,-19.90356,1248.113,128
9292,1779714410241259874,1779714410220704642,-20.555232,672.321,128
9293,1779714410242741259,1779714410222216869,-20.52439,512.227,128
9294,1779714410244398659,1779714410223686525,-20.712134,469.656,128
9295,1779714410245864736,1779714410225342753,-20.521983,656.228,128
9296,1779714410247604532,1779714410227095551,-20.508981,752.798,128
9297,1779714410249177354,1779714410228623344,-20.55401,527.793,128
9298,1779714410250680784,1779714410230261957,-20.418827,638.613,128
9299,1779714410252404148,1779714410232067416,-20.336732,805.459,128
9300,1779714410254218283,1779714410233726192,-20.492091,658.776,128
9301,1779714410255899162,1779714410235203928,-20.695234,477.736,128
9302,1779714410257372851,1779714410237034804,-20.338047,830.876,128
9303,1779714410259287572,1779714410238785653,-20.501919,750.849,128
9304,1779714410260963233,1779714410240367490,-20.595743,581.837,128
9305,1779714410262610935,1779714410242081551,-20.529384,714.061,128
9306,1779714410264266753,1779714410314285315,50.018562,71203.764,128
9307,1779714410336357289,1779714410315725742,-20.631547,440.427,128
9308,1779714410337936557,1779714410317217369,-20.719188,491.627,128
9309,1779714410339342378,1779714410319610348,-19.73203,1392.979,128
9310,1779714410341681467,1779714410320892286,-20.789181,281.938,128
9311,1779714410343024986,1779714410330136169,-12.888817,8243.883,128
9312,1779714410351699708,1779714410331283340,-20.416368,147.171,128
9313,1779714410353371765,1779714410332688495,-20.68327,405.155,128
9314,1779714410354928759,1779714410334308878,-20.619881,620.383,128
9315,1779714410356516531,1779714410335759064,-20.757467,450.186,128
9316,1779714410357926691,1779714410337291133,-20.635558,532.069,128
9317,1779714410359516187,1779714410339986647,-19.52954,1695.514,128
9318,1779714410364090933,1779714410344780469,-19.310464,3793.822,128
9319,1779714410366950192,1779714410346460627,-20.489565,680.158,128
9320,1779714410368725958,1779714410348246125,-20.479833,785.498,128
9321,1779714410370501048,1779714410350095633,-20.405415,849.508,128
9322,1779714410372357128,1779714410352609929,-19.747199,1514.296,128
9323,1779714410374791818,1779714410354215100,-20.576718,605.171,128
9324,1779714410376451787,1779714410356351477,-20.10031,1136.377,128
9325,1779714410378626593,1779714410358724277,-19.902316,1372.8,128
9326,1779714410380861721,1779714410360859116,-20.002605,1134.839,128
9327,1779714410383011733,1779714410361752457,-21.259276,-106.659,128
9328,1779714410383921550,1779714410362665789,-21.255761,-86.668,128
9329,1779714410384945408,1779714410364037692,-20.907716,371.903,128
9330,1779714410386217646,1779714410365040526,-21.17712,2.834,128
9331,1779714410387296867,1779714410366400711,-20.896156,360.185,128
9332,1779714410388655432,1779714410368141845,-20.513587,741.134,128
9333,1779714410390241531,1779714410368858857,-21.382674,-282.988,128
9334,1779714410391120832,1779714410370388675,-20.732157,529.818,128
9335,1779714410392628138,1779714410371787041,-20.841097,398.366,128
9336,1779714410394040529,1779714410373371897,-20.668632,584.856,128
9337,1779714410395451967,1779714410374603384,-20.848583,231.487,128
9338,1779714410396866379,1779714410376038288,-20.828091,434.904,128
9339,1779714410398275399,1779714410377557523,-20.717876,519.235,128
9340,1779714410399820041,1779714410379041537,-20.778504,484.014,128
9341,1779714410401253083,1779714410380734984,-20.518099,693.447,128
9342,1779714410402962562,1779714410382247963,-20.714599,512.979,128
9343,1779714410404477872,1779714410383678192,-20.79968,430.229,128
9344,1779714410405765931,1779714410384324254,-21.441677,-353.938,128
9345,1779714410406608624,1779714410386034278,-20.574346,710.024,128
9346,1779714410408213004,1779714410387710627,-20.502377,676.349,128
9347,1779714410409924505,1779714410389059715,-20.86479,349.088,128
9348,1779714410411182612,1779714410390457433,-20.725179,397.718,128
9349,1779714410412733778,1779714410393052775,-19.681003,1595.342,128
9350,1779714410415658331,1779714410395138877,-20.519454,1086.102,128
9351,1779714410417263655,1779714410396500227,-20.763428,361.35,128
9352,1779714410418648875,1779714410398015281,-20.633594,515.054,128
9353,1779714410420200569,1779714410399777633,-20.422936,762.352,128
9354,1779714410421908491,1779714410401125440,-20.783051,347.807,128
9355,1779714410423266589,1779714410403346191,-19.920398,1220.751,128
9356,1779714410425389719,1779714410404650772,-20.738947,304.581,128
9357,1779714410426738980,1779714410406298876,-20.440104,648.104,128
9358,1779714410428272839,1779714410407629645,-20.643194,330.769,128
9359,1779714410429744771,1779714410409366946,-20.377825,737.301,128
9360,1779714410431454521,1779714410410664051,-20.79047,297.105,128
9361,1779714410432753065,1779714410411707056,-21.046009,43.005,128
9362,1779714410433796726,1779714410413455710,-20.341016,748.654,128
9363,1779714410435639188,1779714410415158359,-20.480829,702.649,128
9364,1779714410437254026,1779714410416333900,-20.920126,175.541,128
9365,1779714410438449161,1779714410417750220,-20.698941,416.32,128
9366,1779714410439865158,1779714410418843990,-21.021168,93.77,128
9367,1779714410440902652,1779714410420018816,-20.883836,174.826,128
9368,1779714410442139898,1779714410420833589,-21.306309,-185.227,128
9369,1779714410442969961,1779714410422249449,-20.720512,415.86,128
9370,1779714410444317183,1779714410423423682,-20.893501,174.233,128
9371,1779714410445447646,1779714410424875789,-20.571857,452.107,128
9372,1779714410446914271,1779714410426511165,-20.403106,635.376,128
9373,1779714410448622557,1779714410427676977,-20.94558,165.812,128
9374,1779714410449807322,1779714410428685593,-21.121729,8.616,128
9375,1779714410450817810,1779714410430320310,-20.4975,634.717,128
9376,1779714410452355621,1779714410431671670,-20.683951,351.36,128
9377,1779714410453835757,1779714410433294771,-20.540986,623.101,128
9378,1779714410455264801,1779714410434705828,-20.558973,411.057,128
9379,1779714410456848942,1779714410436322527,-20.526415,616.699,128
9380,1779714410458376396,1779714410437697210,-20.679186,374.683,128
9381,1779714410459729190,1779714410438533973,-21.195217,-163.237,128
9382,1779714410460743222,1779714410440608148,-20.135074,1074.175,128
9383,1779714410462709288,1779714410443642844,-19.066444,2034.696,128
9384,1779714410464362435,1779714410445348394,-19.014041,705.55,128
9385,1779714410466111930,1779714410449911849,-16.200081,3563.455,128
9386,1779714410467757291,1779714410449920036,-17.837255,-991.813,128
9387,1779714410469188470,1779714410449922218,-19.266252,-997.818,128
9388,1779714410470626517,1779714410455238084,-15.388433,4315.866,128
9389,1779714410472215442,1779714410456376298,-15.839144,138.214,128
9390,1779714410473896481,1779714410457324922,-16.571559,-51.376,128
9391,1779714410475418968,1779714410458019602,-17.399366,-305.32,128
9392,1779714410476892133,1779714410458026704,-18.865429,-992.898,128
9393,1779714410477987332,1779714410458532061,-19.455271,-494.643,128
9394,1779714410480636252,1779714410459628684,-21.007568,96.623,128
9395,1779714410481862303,1779714410461409329,-20.452974,780.645,128
9396,1779714410483494614,1779714410463207762,-20.286852,798.433,128
9397,1779714410485290525,1779714410464529506,-20.761019,321.744,128
9398,1779714410486695986,1779714410465919856,-20.77613,390.35,128
9399,1779714410488003865,1779714410467379550,-20.624315,459.694,128
9400,1779714410489436593,1779714410469245496,-20.191097,865.946,128
9401,1779714410491145879,1779714410472681179,-18.4647,2435.683,128
9402,1779714410494761552,1779714410474440798,-20.320754,759.619,128
9403,1779714410496427928,1779714410475558052,-20.869876,117.254,128
9404,1779714410497645672,1779714410476944166,-20.701506,386.114,128
9405,1779714410499002391,1779714410478028147,-20.974244,83.981,128
9406,1779714410500139649,1779714410479082270,-21.057379,54.123,128
9407,1779714410501155783,1779714410480441799,-20.713984,359.529,128
9408,1779714410502415773,1779714410482110139,-20.305634,668.34,128
9409,1779714410504212369,1779714410483796759,-20.41561,686.62,128
9410,1779714410505833976,1779714410485046683,-20.787293,249.924,128
9411,1779714410507246758,1779714410486632783,-20.613975,586.1,128
9412,1779714410508733239,1779714410488224223,-20.509016,591.44,128
9413,1779714410510156045,1779714410489356781,-20.799264,132.558,128
9414,1779714410511674739,1779714410491674185,-20.000554,1317.404,128
9415,1779714410513727481,1779714410493862865,-19.864616,1188.68,128
9416,1779714410515949758,1779714410495636366,-20.313392,773.501,128
9417,1779714410517625798,1779714410497886672,-19.739126,1250.306,128
9418,1779714410519887366,1779714410499246751,-20.640615,360.079,128
9419,1779714410521254030,1779714410500255033,-20.998997,8.282,128
9420,1779714410522356806,1779714410502075056,-20.28175,820.023,128
9421,1779714410524133231,1779714410503654375,-20.478856,579.319,128
9422,1779714410525769512,1779714410505447234,-20.322278,792.859,128
9423,1779714410527296109,1779714410507314854,-19.981255,867.62,128
9424,1779714410529367800,1779714410508746331,-20.621469,431.477,128
9425,1779714410530893516,1779714410511124016,-19.7695,1377.685,128
9426,1779714410533159488,1779714410512354151,-20.805337,230.135,128
9427,1779714410534437660,1779714410513326719,-21.110941,-27.432,128
9428,1779714410535385159,1779714410514130783,-21.254376,-195.936,128
9429,1779714410536368377,1779714410516072817,-20.29556,942.034,128
9430,1779714410537994500,1779714410517724940,-20.26956,652.123,128
9431,1779714410539741701,1779714410519256095,-20.485606,531.155,128
9432,1779714410541252736,1779714410520881251,-20.371485,625.156,128
9433,1779714410542962416,1779714410522854549,-20.107867,973.298,128
9434,1779714410544894809,1779714410524898599,-19.99621,1044.05,128
9435,1779714410546881257,1779714410526843637,-20.03762,945.038,128
9436,1779714410548941928,1779714410529098137,-19.843791,1254.5,128
9437,1779714410551226161,1779714410530891340,-20.334821,793.203,128
9438,1779714410552921681,1779714410532331054,-20.590627,439.714,128
9439,1779714410554381728,1779714410533846465,-20.535263,515.411,128
9440,1779714410555995988,1779714410535827990,-20.167998,981.525,128
9441,1779714410557741595,1779714410536859197,-20.882398,31.207,128
9442,1779714410559034394,1779714410540126012,-18.908382,2266.815,128
9443,1779714410560323045,1779714410540337679,-19.985366,-788.333,128
9444,1779714410562499357,1779714410541981945,-20.517412,644.266,128
9445,1779714410564084073,1779714410543461708,-20.622365,479.763,128
9446,1779714410565615871,1779714410545024330,-20.591541,562.622,128
9447,1779714410567126958,1779714410546352221,-20.774737,327.891,128
9448,1779714410568333411,1779714410547738657,-20.594754,386.436,128
9449,1779714410570166848,1779714410549772403,-20.394445,1033.746,128
9450,1779714410572321009,1779714410551547723,-20.773286,775.32,128
9451,1779714410573523746,1779714410552893997,-20.629749,346.274,128
9452,1779714410574950019,1779714410553873462,-21.076557,-20.535,128
9453,1779714410576052187,1779714410555196550,-20.855637,323.088,128
9454,1779714410577162367,1779714410556549534,-20.612833,352.984,128
9455,1779714410578680099,1779714410557959657,-20.720442,410.123,128
9456,1779714410580121962,1779714410559730412,-20.39155,770.755,128
9457,1779714410581819207,1779714410560676605,-21.142602,-53.807,128
9458,1779714410582857273,1779714410562460707,-20.396566,784.102,128
9459,1779714410584518242,1779714410565076762,-19.44148,1616.055,128
9460,1779714410586379122,1779714410566458507,-19.920615,381.745,128
9461,1779714410588666119,1779714410568810761,-19.855358,1352.254,128
9462,1779714410590861908,1779714410569966541,-20.895367,155.78,128
9463,1779714410592195146,1779714410573236586,-18.95856,2270.045,128
9464,1779714410595325090,1779714410575473372,-19.851718,1236.786,128
9465,1779714410597660467,1779714410576705505,-20.954962,232.133,128
9466,1779714410598927464,1779714410578676636,-20.250828,971.131,128
9467,1779714410600844566,1779714410580455273,-20.389293,778.637,128
9468,1779714410602693547,1779714410584446161,-18.247386,2990.888,128
9469,1779714410606642091,1779714410586216047,-20.426044,769.886,128
9470,1779714410608119240,1779714410588028864,-20.090376,812.817,128
9471,1779714410610028647,1779714410589441726,-20.586921,412.862,128
9472,1779714410611641838,1779714410591412718,-20.22912,970.992,128
9473,1779714410613603001,1779714410593944983,-19.658018,1532.265,128
9474,1779714410616083141,1779714410595768010,-20.315131,823.027,128
9475,1779714410617988489,1779714410598176174,-19.812315,1408.164,128
9476,1779714410620024023,1779714410600839959,-19.184064,1663.785,128
9477,1779714410622938012,1779714410603825097,-19.112915,1985.138,128
9478,1779714410625943995,1779714410607007964,-18.936031,2182.867,128
9479,1779714410629126499,1779714410610318811,-18.807688,2310.847,128
9480,1779714410632366376,1779714410612021045,-20.345331,702.234,128
9481,1779714410634129314,1779714410613896761,-20.232553,875.716,128
9482,1779714410636149689,1779714410616405903,-19.743786,1509.142,128
9483,1779714410638534851,1779714410618801235,-19.733616,1395.332,128
9484,1779714410640757154,1779714410620798222,-19.958932,996.987,128
9485,1779714410642878769,1779714410622506616,-20.372153,708.394,128
9486,1779714410644710638,1779714410624243982,-20.466656,737.366,128
9487,1779714410646363056,1779714410626268432,-20.094624,1024.45,128
9488,1779714410648226769,1779714410628083569,-20.1432,815.137,128
9489,1779714410650197591,1779714410630242853,-19.954738,1159.284,128
9490,1779714410652330310,1779714410631806743,-20.523567,563.89,128
9491,1779714410653922004,1779714410633320332,-20.601672,513.589,128
9492,1779714410655466855,1779714410635225135,-20.24172,904.803,128
9493,1779714410657253933,1779714410636867850,-20.386083,642.715,128
9494,1779714410659035841,1779714410638841068,-20.194773,973.218,128
9495,1779714410660887196,1779714410641514892,-19.372304,1673.824,128
9496,1779714410663693308,1779714410642349332,-21.343976,-165.56,128
9497,1779714410664604630,1779714410644240303,-20.364327,890.971,128
9498,1779714410666342924,1779714410645800003,-20.542921,559.7,128
9499,1779714410667926814,1779714410647447671,-20.479143,647.668,128
9500,1779714410669652108,1779714410648867374,-20.784734,419.703,128
9501,1779714410671004681,1779714410650400867,-20.603814,533.493,128
9502,1779714410672475954,1779714410651881977,-20.593977,481.11,128
9503,1779714410674021710,1779714410653255866,-20.765844,373.889,128
9504,1779714410675350841,1779714410654527949,-20.822892,272.083,128
9505,1779714410676664567,1779714410656192568,-20.471999,664.619,128
9506,1779714410678344318,1779714410658227977,-20.116341,1035.409,128
9507,1779714410680291398,1779714410659794832,-20.496566,566.855,128
9508,1779714410681946530,1779714410662151341,-19.795189,1356.509,128
9509,1779714410684289578,1779714410664334849,-19.954729,1183.508,128
9510,1779714410686356905,1779714410666110219,-20.246686,775.37,128
9511,1779714410688252695,1779714410667704684,-20.548011,594.465,128
9512,1779714410689845831,1779714410669600915,-20.244916,896.231,128
9513,1779714410691489762,1779714410670878053,-20.611709,277.138,128
9514,1779714410692997199,1779714410672645327,-20.351872,767.274,128
9515,1779714410694760398,1779714410674475706,-20.284692,830.379,128
9516,1779714410696674440,1779714410676984442,-19.689998,1508.736,128
9517,1779714410699117884,1779714410678945753,-20.172131,961.311,128
9518,1779714410701118877,1779714410681667241,-19.451636,1721.488,128
9519,1779714410703809260,1779714410683890628,-19.918632,1223.387,128
9520,1779714410706138542,1779714410685585618,-20.552924,694.99,128
9521,1779714410707710021,1779714410687151457,-20.558564,565.839,128
9522,1779714410709330684,1779714410688973897,-20.356787,822.44,128
9523,1779714410711118496,1779714410690665210,-20.453286,691.313,128
9524,1779714410712820156,1779714410692121870,-20.698286,456.66,128
9525,1779714410714318435,1779714410694030104,-20.288331,908.234,128
9526,1779714410716165425,1779714410695819240,-20.346185,789.136,128
9527,1779714410717941961,1779714410697647889,-20.294072,828.649,128
9528,1779714410719772322,1779714410699548623,-20.223699,900.734,128
9529,1779714410721640759,1779714410700824884,-20.815875,276.261,128
9530,1779714410723023536,1779714410702809799,-20.213737,984.915,128
9531,1779714410725002795,1779714410705034210,-19.968585,1224.411,128
9532,1779714410727023620,1779714410706357930,-20.66569,323.72,128
9533,1779714410728457000,1779714410707891932,-20.565068,534.002,128
9534,1779714410730101179,1779714410724121373,-5.979806,15229.441,128
9535,1779714410746151256,1779714410726737760,-19.413496,1616.387,128
9536,1779714410748813176,1779714410734211899,-14.601277,6474.139,128
9537,1779714410756388492,1779714410745170257,-11.218235,9958.358,128
9538,1779714410767289286,1779714410747673981,-19.615305,1503.724,128
9539,1779714410769757755,1779714410752230282,-17.527473,3556.301,128
9540,1779714410774330580,1779714410756170129,-18.160451,2939.847,128
9541,1779714410778700852,1779714410758312138,-20.388714,1142.009,128
9542,1779714410780488088,1779714410760284165,-20.203923,972.027,128
9543,1779714410782446123,1779714410762020315,-20.425808,736.15,128
9544,1779714410783995083,1779714410763913196,-20.081887,892.881,128
9545,1779714410786040739,1779714410765641213,-20.399526,728.017,128
9546,1779714410787827713,1779714410767396005,-20.431708,754.792,128
9547,1779714410789613204,1779714410768985427,-20.627777,589.422,128
9548,1779714410791042220,1779714410770303503,-20.738717,318.076,128
9549,1779714410792397966,1779714410771909952,-20.488014,606.449,128
9550,1779714410794126838,1779714410773426538,-20.7003,516.586,128
9551,1779714410795533110,1779714410775745929,-19.787181,1319.391,128
9552,1779714410797877032,1779714410777719524,-20.157508,973.595,128
9553,1779714410799857910,1779714410780579971,-19.277939,1860.447,128
9554,1779714410802713456,1779714410782457388,-20.256068,877.417,128
9555,1779714410804675420,1779714410784422055,-20.253365,964.667,128
9556,1779714410806645727,1779714410786329453,-20.316274,907.398,128
9557,1779714410808493772,1779714410788475454,-20.018318,1146.001,128
9558,1779714410810605360,1779714410790344097,-20.261263,868.643,128
9559,1779714410812371900,1779714410792314277,-20.057623,970.18,128
9560,1779714410814408720,1779714410793976493,-20.432227,662.216,128
9561,1779714410816112369,1779714410795811643,-20.300726,835.15,128
9562,1779714410817925652,1779714410797312444,-20.613208,500.801,128
9563,1779714410819334891,1779714410799448218,-19.886673,1135.774,128
9564,1779714410821633587,1779714410801451993,-20.181594,1003.775,128
9565,1779714410823660842,1779714410804114266,-19.546576,1662.273,128
9566,1779714410826303489,1779714410806567510,-19.735979,1453.244,128
9567,1779714410828783219,1779714410808912536,-19.870683,1345.026,128
9568,1779714410830974542,1779714410810658485,-20.316057,745.949,128
9569,1779714410832712077,1779714410812568407,-20.14367,909.922,128
9570,1779714410834691273,1779714410815299834,-19.391439,1731.427,128
9571,1779714410836955959,1779714410816655453,-20.300506,355.619,128
9572,1779714410838822996,1779714410818513381,-20.309615,857.928,128
9573,1779714410840580599,1779714410935945242,95.364643,116431.861,128
9574,1779714410958081216,1779714410937962394,-20.118822,1017.152,128
9575,1779714410960074696,1779714410939491605,-20.583091,529.211,128
9576,1779714410961347941,1779714410942960579,-18.387362,2468.974,128
9577,1779714410963524322,1779714410942973472,-20.55085,-987.107,128
9578,1779714410965135432,1779714410944636248,-20.499184,662.776,128
9579,1779714410966669263,1779714410946481572,-20.187691,845.324,128
9580,1779714410968644617,1779714410948354289,-20.290328,872.717,128
9581,1779714410970388650,1779714410949896699,-20.491951,542.41,128
9582,1779714410971713181,1779714410951658995,-20.054186,762.296,128
9583,1779714410973716219,1779714410953914394,-19.801825,1255.399,128
9584,1779714410975972928,1779714410955962770,-20.010158,1048.376,128
9585,1779714410977864435,1779714410957282963,-20.581472,320.193,128
9586,1779714410979269175,1779714410958977914,-20.291261,694.951,128
9587,1779714410981058024,1779714410960474274,-20.58375,496.36,128
9588,1779714410982628234,1779714410964114173,-18.514061,2639.899,128
9589,1779714410986163047,1779714410966953139,-19.209908,1838.966,128
9590,1779714410989022268,1779714410968602043,-20.420225,648.904,128
9591,1779714410990764791,1779714410970598643,-20.166148,996.6,128
9592,1779714410992666224,1779714410971962740,-20.703484,364.097,128
9593,1779714410994003681,1779714410973215262,-20.788419,252.522,128
9594,1779714410995239230,1779714410974607848,-20.631382,392.586,128
9595,1779714410996682137,1779714410976312335,-20.369802,704.487,128
9596,1779714410998403705,1779714410978261598,-20.142107,949.263,128
9597,1779714411000250309,1779714410979287053,-20.963256,25.455,128
9598,1779714411001376304,1779714410980669031,-20.707273,381.978,128
9599,1779714411002713701,1779714410981984627,-20.729074,315.596,128
9600,1779714411004052895,1779714410983337263,-20.715632,352.636,128
9601,1779714411005370583,1779714410984569447,-20.801136,232.184,128
9602,1779714411006676247,1779714410985928614,-20.747633,359.167,128
9603,1779714411008014999,1779714410987169245,-20.845754,240.631,128
9604,1779714411009175786,1779714410988311501,-20.864285,142.256,128
9605,1779714411010447615,1779714410989563214,-20.884401,251.713,128
9606,1779714411011685487,1779714410991719076,-19.966411,1155.862,128
9607,1779714411013644442,1779714410993281285,-20.363157,562.209,128
9608,1779714411015311915,1779714410994632873,-20.679042,351.588,128
9609,1779714411016735662,1779714410996136978,-20.598684,504.105,128
9610,1779714411018118284,1779714410997889359,-20.228925,752.381,128
9611,1779714411019929606,1779714410999412733,-20.516873,523.374,128
9612,1779714411021471214,1779714411003080031,-18.391183,2667.298,128
9613,1779714411023317551,1779714411003208949,-20.108602,-871.082,128
9614,1779714411025219778,1779714411004955777,-20.264001,746.828,128
9615,1779714411027059711,1779714411006181186,-20.878525,225.409,128
9616,1779714411028277737,1779714411007847305,-20.430432,666.119,128
9617,1779714411029999722,1779714411010094682,-19.90504,1247.377,128
9618,1779714411032165287,1779714411011889803,-20.275484,795.121,128
9619,1779714411033908434,1779714411013323371,-20.585063,433.568,128
9620,1779714411035327244,1779714411014671534,-20.65571,348.163,128
9621,1779714411036758862,1779714411017346827,-19.412035,1675.293,128
9622,1779714411039335689,1779714411019427050,-19.908639,1080.223,128
9623,1779714411041670493,1779714411021126780,-20.543713,699.73,128
9624,1779714411043163964,1779714411022845561,-20.318403,718.781,128
9625,1779714411044935853,1779714411024477066,-20.458787,631.505,128
9626,1779714411046516106,1779714411026296886,-20.21922,819.82,128
9627,1779714411048317531,1779714411027988284,-20.329247,691.398,128
9628,1779714411050051942,1779714411029878692,-20.17325,890.408,128
9629,1779714411051889559,1779714411031295932,-20.593627,417.24,128
9630,1779714411053302895,1779714411032795834,-20.507061,499.902,128
9631,1779714411054943208,1779714411035292596,-19.650612,1496.762,128
9632,1779714411057296637,1779714411037415574,-19.881063,1122.978,128
9633,1779714411059486101,1779714411039276072,-20.210029,860.498,128
9634,1779714411061284187,1779714411041347985,-19.936202,1071.913,128
9635,1779714411063377819,1779714411043893820,-19.483999,1545.835,128
9636,1779714411065973299,1779714411045620357,-20.352942,726.537,128
9637,1779714411067719229,1779714411047316775,-20.402454,696.418,128
9638,1779714411069344194,1779714411048944391,-20.399803,627.616,128
9639,1779714411070992677,1779714411050049776,-20.942901,105.385,128
9640,1779714411072132117,1779714411052009356,-20.122761,959.58,128
9641,1779714411074093585,1779714411054466341,-19.627244,1456.985,128
9642,1779714411077385012,1779714411057284090,-20.100922,1817.749,128
9643,1779714411079190624,1779714411059049754,-20.14087,765.664,128
9644,1779714411081126949,1779714411060944038,-20.182911,894.284,128
9645,1779714411083019929,1779714411063048331,-19.971598,1104.293,128
9646,1779714411085068198,1779714411065321580,-19.746618,1273.249,128
9647,1779714411087332029,1779714411066956796,-20.375233,635.216,128
9648,1779714411088992693,1779714411068753968,-20.238725,797.172,128
9649,1779714411090824630,1779714411070320342,-20.504288,566.374,128
9650,1779714411092390384,1779714411072291281,-20.099103,970.939,128
9651,1779714411094262178,1779714411074501813,-19.760365,1210.532,128
9652,1779714411097147234,1779714411078962322,-18.184912,3460.509,128
9653,1779714411101097591,1779714411082437002,-18.660589,2474.68,128
9654,1779714411104554209,1779714411104287660,-0.266549,20850.658,128
9655,1779714411126293890,1779714411110984504,-15.309386,5696.844,128
9656,1779714411133013497,1779714411113416695,-19.596802,1432.191,128
9657,1779714411135387967,1779714411115315940,-20.072027,899.245,128
9658,1779714411137603522,1779714411118866998,-18.736524,2551.058,128
9659,1779714411140916407,1779714411122919113,-17.997294,3052.115,128
9660,1779714411144928861,1779714411130568260,-14.360601,6649.147,128
9661,1779714411152406622,1779714411179098640,26.692018,47530.38,128
9662,1779714411204214819,1779714411189426573,-14.788246,9327.933,128
9663,1779714411212063459,1779714411197375553,-14.687906,6948.98,128
9664,1779714411219299170,1779714411199429626,-19.869544,1054.073,128
9665,1779714411230395595,1779714411218907341,-11.488254,18477.715,128
9666,1779714411241039817,1779714411223473514,-17.566303,3566.173,128
9667,1779714411244458499,1779714411225864697,-18.593802,1391.183,128
9668,1779714411247707998,1779714411228049622,-19.658376,1184.925,128
9669,1779714411250050332,1779714411230635496,-19.414836,1585.874,128
9670,1779714411252760525,1779714411233286843,-19.473682,1651.347,128
9671,1779714411254966176,1779714411246382169,-8.584007,12095.326,128
9672,1779714411268381655,1779714411250881043,-17.500612,3498.874,128
9673,1779714411273061367,1779714411258708046,-14.353321,6827.003,128
9674,1779714411280681898,1779714411266169727,-14.512171,6461.681,128
9675,1779714411288133290,1779714411271411369,-16.721921,4241.642,128
9676,1779714411293257946,1779714411273826700,-19.431246,1415.331,128
9677,1779714411295872636,1779714411373769366,77.89673,98942.666,128
9678,1779714411406385330,1779714411392283630,-14.1017,17514.264,128
9679,1779714411414303995,1779714411394829179,-19.474816,1545.549,128
9680,1779714411416990978,1779714411396619895,-20.371083,790.716,128
9681,1779714411418811801,1779714411399558327,-19.253474,1938.432,128
9682,1779714411420392493,1779714411399712302,-20.680191,-846.025,128
9683,1779714411421833652,1779714411401225991,-20.607661,513.689,128
9684,1779714411423274328,1779714411402484908,-20.78942,258.917,128
9685,1779714411424625654,1779714411403878615,-20.747039,393.707,128
9686,1779714411426067796,1779714411405461823,-20.605973,583.208,128
9687,1779714411427561263,1779714411407263219,-20.298044,801.396,128
9688,1779714411429326254,1779714411408479367,-20.846887,216.148,128
9689,1779714411430624746,1779714411410003898,-20.620848,524.531,128
9690,1779714411432064556,1779714411411239157,-20.825399,235.259,128
9691,1779714411433272124,1779714411412351486,-20.920638,112.329,128
9692,1779714411434514445,1779714411413803280,-20.711165,451.794,128
9693,1779714411435897665,1779714411415312235,-20.58543,508.955,128
9694,1779714411437476527,1779714411416806757,-20.66977,494.522,128
9695,1779714411438881110,1779714411419227331,-19.653779,1420.574,128
9696,1779714411441205087,1779714411420325175,-20.879912,97.844,128
9697,1779714411442476586,1779714411421332854,-21.143732,7.679,128
9698,1779714411443465018,1779714411422264924,-21.200094,-67.93,128
9699,1779714411444403852,1779714411423015970,-21.387882,-248.954,128
9700,1779714411445179737,1779714411424083009,-21.096728,67.039,128
9701,1779714411446221084,1779714411424948997,-21.272087,-134.012,128
9702,1779714411447035043,1779714411425728755,-21.306288,-220.242,128
9703,1779714411447864197,1779714411426509669,-21.354528,-219.086,128
9704,1779714411448671967,1779714411427281649,-21.390318,-228.02,128
9705,1779714411449447693,1779714411427995369,-21.452324,-286.28,128
9706,1779714411450221151,1779714411428828311,-21.39284,-167.058,128
9707,1779714411450990204,1779714411429893492,-21.096712,65.181,128
9708,1779714411451955693,1779714411430731432,-21.224261,-162.06,128
9709,1779714411452889875,1779714411431759670,-21.130205,28.238,128
9710,1779714411453821377,1779714411432737278,-21.084099,-22.392,128
9711,1779714411454783454,1779714411433465271,-21.318183,-272.007,128
9712,1779714411455560618,1779714411434258999,-21.301619,-206.272,128
9713,1779714411456386616,1779714411435239111,-21.147505,-19.888,128
9714,1779714411457172054,1779714411435958435,-21.213619,-280.676,128
9715,1779714411458130091,1779714411436999101,-21.13099,40.666,128
9716,1779714411459074195,1779714411437817871,-21.256324,-181.23,128
9717,1779714411459934098,1779714411438848887,-21.085211,31.016,128
9718,1779714411460972649,1779714411439334953,-21.637696,-513.934,128
9719,1779714411461486626,1779714411440314733,-21.171893,-20.22,128
9720,1779714411462445796,1779714411441094108,-21.351688,-220.625,128
9721,1779714411463240681,1779714411441855575,-21.385106,-238.533,128
9722,1779714411463950753,1779714411442877291,-21.073462,21.716,128
9723,1779714411465016393,1779714411443994905,-21.021488,117.614,128
9724,1779714411466119356,1779714411445022937,-21.096419,28.032,128
9725,1779714411467185066,1779714411445857267,-21.327799,-165.67,128
9726,1779714411468011181,1779714411446848569,-21.162612,-8.698,128
9727,1779714411468992860,1779714411452380920,-16.61194,4532.351,128
9728,1779714411474408091,1779714411453953426,-20.454665,572.506,128
9729,1779714411476054210,1779714411522547613,46.493403,67594.187,128
9730,1779714411544558036,1779714411524916223,-19.641813,1368.61,128
9731,1779714411546877055,1779714411526918617,-19.958438,1002.394,128
9732,1779714411548842527,1779714411528465895,-20.376632,547.278,128
9733,1779714411550525589,1779714411530127686,-20.397903,661.791,128
9734,1779714411552175418,1779714411531942863,-20.232555,815.177,128
9735,1779714411553901064,1779714411533483328,-20.417736,540.465,128
9736,1779714411555522374,1779714411535468647,-20.053727,985.319,128
9737,1779714411557521136,1779714411537046111,-20.475025,577.464,128
9738,1779714411559054132,1779714411538932337,-20.121795,886.226,128
9739,1779714411560958392,1779714411540776300,-20.182092,843.963,128
9740,1779714411562775826,1779714411542727649,-20.048177,951.349,128
9741,1779714411564724381,1779714411544647135,-20.077246,919.486,128
9742,1779714411566654238,1779714411546271922,-20.382316,624.787,128
9743,1779714411568268527,1779714411547970267,-20.29826,698.345,128
9744,1779714411569995585,1779714411549388733,-20.606852,418.466,128
9745,1779714411571424843,1779714411550971969,-20.452874,583.236,128
9746,1779714411572927530,1779714411558011356,-14.916174,6039.387,128
9747,1779714411580104682,1779714411560361934,-19.742748,1350.578,128
9748,1779714411582509969,1779714411562109519,-20.40045,747.585,128
9749,1779714411584094423,1779714411564208276,-19.886147,1098.757,128
9750,1779714411586174419,1779714411565894578,-20.279841,686.302,128
9751,1779714411587948072,1779714411567966408,-19.981664,1071.83,128
9752,1779714411589960254,1779714411570548199,-19.412055,1581.791,128
9753,1779714411592664152,1779714411572078125,-20.586027,529.926,128
9754,1779714411594080875,1779714411574085938,-19.994937,1007.813,128
9755,1779714411596055838,1779714411575840044,-20.215794,754.106,128
9756,1779714411597876909,1779714411577671034,-20.205875,830.99,128
9757,1779714411599645622,1779714411578312550,-21.333072,-358.484,128
9758,1779714411600340264,1779714411579889072,-20.451192,576.522,128
9759,1779714411601998420,1779714411581612956,-20.385464,723.884,128
9760,1779714411603600320,1779714411583219029,-20.381291,606.073,128
9761,1779714411605084991,1779714411584637580,-20.447411,418.551,128
9762,1779714411606774753,1779714411586285388,-20.489365,647.808,128
9763,1779714411608371831,1779714411588049002,-20.322829,763.614,128
9764,1779714411610052848,1779714411590206201,-19.846647,1157.199,128
9765,1779714411612228804,1779714411591537713,-20.691091,331.512,128
9766,1779714411613619419,1779714411592822479,-20.79694,284.766,128
9767,1779714411614921639,1779714411594686538,-20.235101,864.059,128
9768,1779714411616898113,1779714411596704992,-20.193121,1018.454,128
9769,1779714411618844111,1779714411598689102,-20.155009,984.11,128
9770,1779714411621031732,1779714411601610962,-19.42077,1921.86,128
9771,1779714411624234753,1779714411603976058,-20.258695,1365.096,128
9772,1779714411626075754,1779714411607435741,-18.640013,2459.683,128
9773,1779714411629720357,1779714411610051236,-19.669121,1615.495,128
9774,1779714411632107067,1779714411611963367,-20.1437,912.131,128
9775,1779714411634085842,1779714411613403452,-20.68239,440.085,128
9776,1779714411635633828,1779714411615465880,-20.167948,1062.428,128
9777,1779714411637657284,1779714411618128595,-19.528689,1662.715,128
9778,1779714411640320854,1779714411619914836,-20.406018,786.241,128
9779,1779714411642021808,1779714411621450518,-20.57129,535.682,128
9780,1779714411645304772,1779714411627085001,-18.219771,4634.483,128
9781,1779714411649067052,1779714411628402657,-20.664395,317.656,128
9782,1779714411650658325,1779714411629645391,-21.012934,242.734,128
9783,1779714411651791625,1779714411631522228,-20.269397,876.837,128
9784,1779714411654073525,1779714411637179068,-16.894457,4656.84,128
9785,1779714411659200864,1779714411640174179,-19.026685,1995.111,128
9786,1779714411662324487,1779714411641934657,-20.38983,760.478,128
9787,1779714411664133600,1779714411643758027,-20.375573,823.37,128
9788,1779714411665846713,1779714411645683635,-20.163078,925.608,128
9789,1779714411667813341,1779714411647314368,-20.498973,630.733,128
9790,1779714411669389580,1779714411649028652,-20.360928,714.284,128
9791,1779714411671167361,1779714411650921216,-20.246145,892.564,128
9792,1779714411672931258,1779714411652430354,-20.500904,509.138,128
9793,1779714411674672287,1779714411654322243,-20.350044,891.889,128
9794,1779714411676342693,1779714411656303908,-20.038785,981.665,128
9795,1779714411678478790,1779714411657671714,-20.807076,367.806,128
9796,1779714411679823990,1779714411659365160,-20.45883,693.446,128
9797,1779714411681708464,1779714411661150888,-20.557576,785.728,128
9798,1779714411683171068,1779714411662696179,-20.474889,545.291,128
9799,1779714411684799348,1779714411664028223,-20.771125,332.044,128
9800,1779714411686200962,1779714411665843126,-20.357836,814.903,128
9801,1779714411688123463,1779714411667437762,-20.685701,594.636,128
9802,1779714411689573769,1779714411669011773,-20.561996,574.011,128
9803,1779714411691072367,1779714411670679510,-20.392857,667.737,128
9804,1779714411692931802,1779714411673183697,-19.748105,1504.187,128
9805,1779714411695300916,1779714411675405917,-19.894999,1222.22,128
9806,1779714411697641789,1779714411677787977,-19.853812,1382.06,128
9807,1779714411699959272,1779714411678876670,-21.082602,88.693,128
9808,1779714411701220428,1779714411680960033,-20.260395,1083.363,128
9809,1779714411703051977,1779714411682614712,-20.437265,654.679,128
9810,1779714411704817713,1779714411684267771,-20.549942,653.059,128
9811,1779714411706458549,1779714411687747363,-18.711186,2479.592,128
9812,1779714411710047361,1779714411690113900,-19.933461,1366.537,128
9813,1779714411712276404,1779714411692749699,-19.526705,1635.799,128
9814,1779714411714972363,1779714411694709946,-20.262417,960.247,128
9815,1779714411716879796,1779714411696864807,-20.014989,1154.861,128
9816,1779714411719081388,1779714411698870265,-20.211123,1005.458,128
9817,1779714411721035989,1779714411700862300,-20.173689,992.035,128
9818,1779714411722969046,1779714411702459447,-20.509599,597.147,128
9819,1779714411724742494,1779714411704066965,-20.675529,607.518,128
9820,1779714411726303118,1779714411706165245,-20.137873,1098.28,128
9821,1779714411728410034,1779714411708047031,-20.363003,881.786,128
9822,1779714411733714765,1779714411713773263,-19.941502,4726.232,128
9823,1779714411735958716,1779714411715680089,-20.278627,906.826,128
9824,1779714411737927245,1779714411717328357,-20.598888,648.268,128
9825,1779714411739520761,1779714411719078741,-20.44202,750.384,128
9826,1779714411741328074,1779714411721131584,-20.19649,1052.843,128
9827,1779714411743181060,1779714411722135599,-21.045461,4.015,128
9828,1779714411744306296,1779714411723745187,-20.561109,609.588,128
9829,1779714411745928138,1779714411725700146,-20.227992,954.959,128
9830,1779714411747838660,1779714411727393375,-20.445285,693.229,128
9831,1779714411749670467,1779714411728962230,-20.708237,568.855,128
9832,1779714411751088002,1779714411729986306,-21.101696,24.076,128
9833,1779714411752024355,1779714411731124148,-20.900207,137.842,128
9834,1779714411753243333,1779714411732483544,-20.759789,359.396,128
9835,1779714411754624347,1779714411733954151,-20.670196,470.607,128
9836,1779714411756111213,1779714411735964349,-20.146864,1010.198,128
9837,1779714411758248883,1779714411737659891,-20.588992,695.542,128
9838,1779714411760091102,1779714411739319751,-20.771351,659.86,128
9839,1779714411761597843,1779714411740945116,-20.652727,625.365,128
9840,1779714411763035057,1779714411742408321,-20.626736,463.205,128
9841,1779714411764646436,1779714411743745415,-20.901021,337.094,128
9842,1779714411765879587,1779714411745623256,-20.256331,877.841,128
9843,1779714411767769874,1779714411747170339,-20.599535,547.083,128
9844,1779714411769393395,1779714411748781380,-20.612015,611.041,128
9845,1779714411770931982,1779714411750959617,-19.972365,1178.237,128
9846,1779714411773239869,1779714411755370966,-17.868903,3411.349,128
9847,1779714411777505474,1779714411757855289,-19.650185,1484.323,128
9848,1779714411779945295,1779714411759512617,-20.432678,657.328,128
9849,1779714411781531002,1779714411761045747,-20.485255,533.13,128
9850,1779714411783136874,1779714411763091236,-20.045638,1045.489,128
9851,1779714411785170150,1779714411764813386,-20.356764,722.15,128
9852,1779714411786991187,1779714411766485304,-20.505883,671.918,128
9853,1779714411788633653,1779714411768137767,-20.495886,652.463,128
9854,1779714411790325711,1779714411770107195,-20.218516,969.428,128
9855,1779714411792207201,1779714411772065281,-20.14192,958.086,128
9856,1779714411794249856,1779714411773701469,-20.548387,636.188,128
9857,1779714411795747462,1779714411776304894,-19.442568,1603.425,128
9858,1779714411797852384,1779714411777400925,-20.451459,96.031,128
9859,1779714411799491738,1779714411779768348,-19.72339,1367.423,128
9860,1779714411801837059,1779714411782444905,-19.392154,1676.557,128
9861,1779714411804534614,1779714411784207237,-20.327377,762.332,128
9862,1779714411806266453,1779714411785700539,-20.565914,493.302,128
9863,1779714411807750225,1779714411787813084,-19.937141,1112.545,128
9864,1779714411809900236,1779714411789687853,-20.212383,874.769,128
9865,1779714411811719400,1779714411791043574,-20.675826,355.721,128
9866,1779714411813075202,1779714411792566334,-20.508868,522.76,128
9867,1779714411814658750,1779714411794324512,-20.334238,758.178,128
9868,1779714411816406650,1779714411799824816,-16.581834,4500.304,128
9869,1779714411821864818,1779714411801401939,-20.462879,577.123,128
9870,1779714411823478485,1779714411803298629,-20.179856,896.69,128
9871,1779714411825305243,1779714411804964035,-20.341208,665.406,128
9872,1779714411827056171,1779714411807417245,-19.638926,1453.21,128
9873,1779714411829506271,1779714411809428629,-20.077642,1011.384,128
9874,1779714411831474086,1779714411811187073,-20.287013,758.444,128
9875,1779714411833275999,1779714411813841176,-19.434823,1654.103,128
9876,1779714411835872391,1779714411818747728,-17.124663,3906.552,128
9877,1779714411840955835,1779714411820889690,-20.066145,1141.962,128
9878,1779714411842752135,1779714411822538904,-20.213231,649.214,128
9879,1779714411844337964,1779714411824419582,-19.918382,880.678,128
9880,1779714411846520068,1779714411825997665,-20.522403,578.083,128
9881,1779714411848052929,1779714411828087536,-19.965393,1089.871,128
9882,1779714411850110331,1779714411829985698,-20.124633,898.162,128
9883,1779714411851955497,1779714411832264955,-19.690542,1279.257,128
9884,1779714411854221646,1779714411833897492,-20.324154,632.537,128
9885,1779714411855936364,1779714411836030120,-19.906244,1132.628,128
9886,1779714411858227247,1779714411838220112,-20.007135,1189.992,128
9887,1779714411860154315,1779714411840049172,-20.105143,829.06,128
9888,1779714411861988332,1779714411841582978,-20.405354,533.806,128
9889,1779714411863663580,1779714411843461987,-20.201593,879.009,128
9890,1779714411865505137,1779714411845444151,-20.060986,982.164,128
9891,1779714411867478467,1779714411847909544,-19.568923,1465.393,128
9892,1779714411870012037,1779714411850351656,-19.660381,1442.112,128
9893,1779714411872350148,1779714411852691680,-19.658468,1340.024,128
9894,1779714411874740860,1779714411854212346,-20.528514,520.666,128
9895,1779714411876219154,1779714411856033083,-20.186071,820.737,128
9896,1779714411878073096,1779714411857952635,-20.120461,919.552,128
9897,1779714411879891825,1779714411859936740,-19.955085,984.105,128
9898,1779714411881975816,1779714411861709739,-20.266077,772.999,128
9899,1779714411883642295,1779714411863713068,-19.929227,1003.329,128
9900,1779714411885610163,1779714411865304030,-20.306133,590.962,128
9901,1779714411887342513,1779714411868070196,-19.272317,1766.166,128
9902,1779714411889989737,1779714411869907117,-20.08262,836.921,128
9903,1779714411892002827,1779714411871910407,-20.09242,1003.29,128
9904,1779714411893966819,1779714411873548189,-20.41863,637.782,128
9905,1779714411895688482,1779714411875321237,-20.367245,773.048,128
9906,1779714411897308049,1779714411877276295,-20.031754,955.058,128
9907,1779714411899241165,1779714411879367582,-19.873583,1091.287,128
9908,1779714411901067208,1779714411880744435,-20.322773,376.853,128
9909,1779714411902779557,1779714411882251905,-20.527652,507.47,128
9910,1779714411904322141,1779714411885300140,-19.022001,2048.235,128
9911,1779714411907389594,1779714411887261180,-20.128414,961.04,128
9912,1779714411909227594,1779714411889036589,-20.191005,775.409,128
9913,1779714411911105108,1779714411891280073,-19.825035,1243.484,128
9914,1779714411913152159,1779714411892818540,-20.333619,538.467,128
9915,1779714411914822505,1779714411895221764,-19.600741,1403.224,128
9916,1779714411917103320,1779714411897061772,-20.041548,840.008,128
9917,1779714411919159793,1779714411899242538,-19.917255,1180.766,128
9918,1779714411921212845,1779714411901200075,-20.01277,957.537,128
9919,1779714411923152121,1779714411902737847,-20.414274,537.772,128
9920,1779714411924863461,1779714411904148086,-20.715375,410.239,128
9921,1779714411926163057,1779714411905884870,-20.278187,736.784,128
9922,1779714411927937308,1779714411907330904,-20.606404,446.034,128
9923,1779714411929325678,1779714411909328630,-19.997048,997.726,128
9924,1779714411931250735,1779714411911218212,-20.032523,889.582,128
9925,1779714411933185613,1779714411913051912,-20.133701,833.7,128
9926,1779714411935156265,1779714411914714732,-20.441533,662.82,128
9927,1779714411936754076,1779714411917237223,-19.516853,1522.491,128
9928,1779714411939309633,1779714411919777751,-19.531882,1540.528,128
9929,1779714411941979514,1779714411923924323,-18.055191,3146.572,128
9930,1779714411944024660,1779714411924066767,-19.957893,-857.556,128
9931,1779714411946081610,1779714411925987260,-20.09435,920.493,128
9932,1779714411948097867,1779714411927822615,-20.275252,835.355,128
9933,1779714411949924399,1779714411929445250,-20.479149,622.635,128
9934,1779714411951524769,1779714411931020717,-20.504052,575.467,128
9935,1779714411952990336,1779714411933230955,-19.759381,1210.238,128
9936,1779714411955135071,1779714411934320158,-20.814913,89.203,128
9937,1779714411956301943,1779714411935874132,-20.427811,553.974,128
9938,1779714411957915215,1779714411938908839,-19.006376,2034.707,128
9939,1779714411960733913,1779714411940515548,-20.218365,606.709,128
9940,1779714411962645340,1779714411942526561,-20.118779,1011.013,128
9941,1779714411964508614,1779714411944330070,-20.178544,803.509,128
9942,1779714411966316707,1779714411946337838,-19.978869,1007.768,128
9943,1779714411968442596,1779714411948556177,-19.886419,1218.339,128
9944,1779714411970650747,1779714411950524480,-20.126267,968.303,128
9945,1779714411972470150,1779714411952271296,-20.198854,746.816,128
9946,1779714411974087954,1779714411954800810,-19.287144,1529.514,128
9947,1779714411976865179,1779714411958388601,-18.476578,2587.791,128
9948,1779714411980402806,1779714411960551315,-19.851491,1162.714,128
9949,1779714411982517152,1779714411962817005,-19.700147,1265.69,128
9950,1779714411984896093,1779714411965118412,-19.777681,1301.407,128
9951,1779714411987147021,1779714411967068443,-20.078578,950.031,128
9952,1779714411989168111,1779714411968913501,-20.25461,845.058,128
9953,1779714411990965429,1779714411971378827,-19.586602,1465.326,128
9954,1779714411993456130,1779714411973146922,-20.309208,768.095,128
9955,1779714411995245207,1779714411975517803,-19.727404,1370.881,128
9956,1779714411997482339,1779714411977252451,-20.229888,734.648,128
9957,1779714411999194901,1779714411979491575,-19.703326,1239.124,128
9958,1779714412001484967,1779714412222458415,220.973448,241966.84,128
9959,1779714412244574556,1779714412225694574,-18.879982,2236.159,128
9960,1779714412247728915,1779714412228267274,-19.461641,1572.7,128
9961,1779714412250686876,1779714412231285788,-19.401088,2018.514,128
9962,1779714412253217333,1779714412233422847,-19.794486,1137.059,128
9963,1779714412255743203,1779714412235992304,-19.750899,1569.457,128
9964,1779714412258074846,1779714412237626954,-20.447892,634.65,128
9965,1779714412259660601,1779714412239266007,-20.394594,639.053,128
9966,1779714412261588809,1779714412241459878,-20.128931,1193.871,128
9967,1779714412263605652,1779714412243089255,-20.516397,629.377,128
9968,1779714412265022837,1779714412245053473,-19.969364,964.218,128
9969,1779714412267067391,1779714412247349672,-19.717719,1296.199,128
9970,1779714412269442582,1779714412249248059,-20.194523,898.387,128
9971,1779714412271319821,1779714412250645167,-20.674654,397.108,128
9972,1779714412272736504,1779714412252846991,-19.889513,1201.824,128
9973,1779714412274864765,1779714412255359982,-19.504783,1512.991,128
9974,1779714412277426831,1779714412257282383,-20.144448,922.401,128
9975,1779714412279429356,1779714412263784983,-15.644373,5502.6,128
9976,1779714412284792865,1779714412265012044,-19.780821,227.061,128
9977,1779714412287112352,1779714412266269298,-20.843054,257.254,128
9978,1779714412288343665,1779714412268344537,-19.999128,1075.239,128
9979,1779714412290413874,1779714412270250957,-20.162917,906.42,128
9980,1779714412292242510,1779714412272522974,-19.719536,1272.017,128
9981,1779714412294650677,1779714412274403813,-20.246864,880.839,128
9982,1779714412296422913,1779714412275880752,-20.542161,476.939,128
9983,1779714412297914958,1779714412277745555,-20.169403,864.803,128
9984,1779714412299718054,1779714412279382774,-20.33528,637.219,128
9985,1779714412301461455,1779714412281291435,-20.17002,908.661,128
9986,1779714412303199187,1779714412283126016,-20.073171,834.581,128
9987,1779714412305197471,1779714412285251574,-19.945897,1125.558,128
9988,1779714412307223821,1779714412286913491,-20.31033,661.917,128
9989,1779714412308965751,1779714412288452902,-20.512849,539.411,128
9990,1779714412310471603,1779714412290473491,-19.998112,1020.589,128
9991,1779714412312601913,1779714412292004422,-20.597491,530.931,128
9992,1779714412314059643,1779714412293519839,-20.539804,515.417,128
9993,1779714412315588598,1779714412295051094,-20.537504,531.255,128
9994,1779714412317044974,1779714412296827068,-20.217906,775.974,128
9995,1779714412318886153,1779714412300250359,-18.635794,2423.291,128
9996,1779714412322117008,1779714412301965615,-20.151393,715.256,128
9997,1779714412324030044,1779714412304457026,-19.573018,1491.411,128
9998,1779714412326480454,1779714412306819029,-19.661425,1362.003,128
9999,1779714412328833411,1779714412308015097,-20.818314,196.068,128
