seq,send_ns,recv_ns,latency_ms,jitter_us,pkt_size
0,1779711019256510059,1779711019249175351,-7.334708,0.0,128
1,1779711019284720304,1779711019250215092,-34.505212,39.741,128
2,1779711019287219490,1779711019252133768,-35.085722,918.676,128
3,1779711019289192038,1779711019253807388,-35.38465,673.62,128
4,1779711019290858225,1779711019255416942,-35.441283,609.554,128
5,1779711019292561093,1779711019257296091,-35.265002,879.149,128
6,1779711019294321181,1779711019258740350,-35.580831,444.259,128
7,1779711019295726268,1779711019259621224,-36.105044,-119.126,128
8,1779711019296682710,1779711019260615869,-36.066841,-5.355,128
9,1779711019297654634,1779711019261581279,-36.073355,-34.59,128
10,1779711019298710719,1779711019262649320,-36.061399,68.041,128
11,1779711019299724919,1779711019263520366,-36.204553,-128.954,128
12,1779711019300599383,1779711019264349964,-36.249419,-170.402,128
13,1779711019301483267,1779711019265242655,-36.240612,-107.309,128
14,1779711019302349795,1779711019266134208,-36.215587,-108.447,128
15,1779711019303273800,1779711019267141267,-36.132533,7.059,128
16,1779711019304260590,1779711019268161576,-36.099014,20.309,128
17,1779711019305194406,1779711019269214513,-35.979893,52.937,128
18,1779711019306116858,1779711019269969054,-36.147804,-245.459,128
19,1779711019307046011,1779711019270778852,-36.267159,-190.202,128
20,1779711019307915155,1779711019271673061,-36.242094,-105.791,128
21,1779711019308792247,1779711019272643954,-36.148293,-29.107,128
22,1779711019309648291,1779711019273643561,-36.00473,-0.393,128
23,1779711019310643647,1779711019274595625,-36.048022,-47.936,128
24,1779711019311738577,1779711019275788160,-35.950417,192.535,128
25,1779711019312831293,1779711019276586962,-36.244331,-201.198,128
26,1779711019313731901,1779711019277606775,-36.125126,19.813,128
27,1779711019314607833,1779711019278374292,-36.233541,-232.483,128
28,1779711019315455109,1779711019279222050,-36.233059,-152.242,128
29,1779711019316312164,1779711019280062854,-36.24931,-159.196,128
30,1779711019317220930,1779711019281060326,-36.160604,-2.528,128
31,1779711019318074121,1779711019281815713,-36.258408,-244.613,128
32,1779711019318929752,1779711019282882761,-36.046991,67.048,128
33,1779711019319798187,1779711019283565163,-36.233024,-317.598,128
34,1779711019320719107,1779711019284554992,-36.164115,-10.171,128
35,1779711019321713324,1779711019285562433,-36.150891,7.441,128
36,1779711019322649308,1779711019286506155,-36.143153,-56.278,128
37,1779711019323590179,1779711019287520945,-36.069234,14.79,128
38,1779711019324579974,1779711019288812422,-35.767552,291.477,128
39,1779711019325806355,1779711019290060308,-35.746047,247.886,128
40,1779711019327077574,1779711019291138816,-35.938758,78.508,128
41,1779711019328164965,1779711019292011230,-36.153735,-127.586,128
42,1779711019329136309,1779711019292913667,-36.222642,-97.563,128
43,1779711019330073364,1779711019293888919,-36.184445,-24.748,128
44,1779711019331053837,1779711019294736624,-36.317213,-152.295,128
45,1779711019331901272,1779711019295692574,-36.208698,-44.05,128
46,1779711019332824815,1779711019296588397,-36.236418,-104.177,128
47,1779711019333691962,1779711019297416757,-36.275205,-171.64,128
48,1779711019334579405,1779711019298345671,-36.233734,-71.086,128
49,1779711019335431006,1779711019299121389,-36.309617,-224.282,128
50,1779711019336288888,1779711019299986122,-36.302766,-135.267,128
51,1779711019337154965,1779711019300910582,-36.244383,-75.54,128
52,1779711019338006978,1779711019301857386,-36.149592,-53.196,128
53,1779711019338863421,1779711019302577859,-36.285562,-279.527,128
54,1779711019339718982,1779711019303494874,-36.224108,-82.985,128
55,1779711019340678817,1779711019362372537,21.69372,57877.663,128
56,1779711019399382327,1779711019363074313,-36.308014,-298.224,128
57,1779711019400192514,1779711019363949832,-36.242682,-124.481,128
58,1779711019401119147,1779711019364835301,-36.283846,-114.531,128
59,1779711019401983431,1779711019366020196,-35.963235,184.895,128
60,1779711019403184281,1779711019367044278,-36.140003,24.082,128
61,1779711019404191571,1779711019367890336,-36.301235,-153.942,128
62,1779711019405052016,1779711019368761612,-36.290404,-128.724,128
63,1779711019405901701,1779711019369631408,-36.270293,-130.204,128
64,1779711019406745974,1779711019370423044,-36.32293,-208.364,128
65,1779711019407562977,1779711019371266805,-36.296172,-156.239,128
66,1779711019408394478,1779711019372117808,-36.27667,-148.997,128
67,1779711019409242887,1779711019372954796,-36.288091,-163.012,128
68,1779711019410088326,1779711019373807991,-36.280335,-146.805,128
69,1779711019410941096,1779711019374667439,-36.273657,-140.552,128
70,1779711019412012336,1779711019376148200,-35.864136,480.761,128
71,1779711019413091462,1779711019377005606,-36.085856,-142.594,128
72,1779711019414067520,1779711019378191354,-35.876166,185.748,128
73,1779711019415098228,1779711019380321920,-34.776308,1130.566,128
74,1779711019417159105,1779711019381809587,-35.349518,487.667,128
75,1779711019418774623,1779711019383406153,-35.36847,596.566,128
76,1779711019420470623,1779711019384857508,-35.613115,451.355,128
77,1779711019421860701,1779711019386003269,-35.857432,145.761,128
78,1779711019423002448,1779711019387052693,-35.949755,49.424,128
79,1779711019424040922,1779711019388126829,-35.914093,74.136,128
80,1779711019425061303,1779711019389144442,-35.916861,17.613,128
81,1779711019426189776,1779711019390271266,-35.91851,126.824,128
82,1779711019427130602,1779711019390975948,-36.154654,-295.318,128
83,1779711019428111730,1779711019392031353,-36.080377,55.405,128
84,1779711019428993546,1779711019392773920,-36.219626,-257.433,128
85,1779711019429866374,1779711019393617307,-36.249067,-156.613,128
86,1779711019430708461,1779711019394459853,-36.248608,-157.454,128
87,1779711019431548063,1779711019395324358,-36.223705,-135.495,128
88,1779711019432404674,1779711019396211835,-36.192839,-112.523,128
89,1779711019433208455,1779711019397446332,-35.762123,234.497,128
90,1779711019434095686,1779711019398423588,-35.672098,-22.744,128
91,1779711019434973133,1779711019398855551,-36.117582,-568.037,128
92,1779711019435791056,1779711019399842727,-35.948329,-12.824,128
93,1779711019436639467,1779711019400932690,-35.706777,89.963,128
94,1779711019437742064,1779711019401566410,-36.175654,-366.28,128
95,1779711019438635018,1779711019402530614,-36.104404,-35.796,128
96,1779711019439546632,1779711019403520915,-36.025717,-9.699,128
97,1779711019440489351,1779711019404689096,-35.800255,168.181,128
98,1779711019441614485,1779711019405469723,-36.144762,-219.373,128
99,1779711019442522953,1779711019406343273,-36.17968,-126.45,128
100,1779711019443401882,1779711019407896023,-35.505859,552.75,128
101,1779711019444902481,1779711019408870595,-36.031886,-25.428,128
102,1779711019445921961,1779711019409781156,-36.140805,-89.439,128
103,1779711019446849671,1779711019410661684,-36.187987,-119.472,128
104,1779711019447696153,1779711019411509112,-36.187041,-152.572,128
105,1779711019448589987,1779711019412338699,-36.251288,-170.413,128
106,1779711019449389132,1779711019413413563,-35.975569,74.864,128
107,1779711019450421910,1779711019415268471,-35.153439,854.908,128
108,1779711019452259283,1779711019416467834,-35.791449,199.363,128
109,1779711019453616421,1779711019418915365,-34.701056,1447.531,128
110,1779711019455850900,1779711019421931577,-33.919323,2016.212,128
111,1779711019458999237,1779711019423597537,-35.4017,665.96,128
112,1779711019460850953,1779711019426079868,-34.771085,1482.331,128
113,1779711019463287418,1779711019428245417,-35.042001,1165.549,128
114,1779711019465423484,1779711019430681818,-34.741666,1436.401,128
115,1779711019467737767,1779711019433396646,-34.341121,1714.828,128
116,1779711019470397851,1779711019435430575,-34.967276,1033.929,128
117,1779711019472635656,1779711019437428958,-35.206698,998.383,128
118,1779711019474701803,1779711019439994361,-34.707442,1565.403,128
119,1779711019477073844,1779711019442045700,-35.028144,1051.339,128
120,1779711019479107447,1779711019443682137,-35.42531,636.437,128
121,1779711019480710607,1779711019445777723,-34.932884,1095.586,128
122,1779711019482993576,1779711019447341674,-35.651902,563.951,128
123,1779711019484484207,1779711019449444066,-35.040141,1102.392,128
124,1779711019486293709,1779711019451371489,-34.92222,927.423,128
125,1779711019488360259,1779711019453039909,-35.32035,668.42,128
126,1779711019490036913,1779711019454677498,-35.359415,637.589,128
127,1779711019491845771,1779711019456932253,-34.913518,1254.755,128
128,1779711019494070331,1779711019459439511,-34.63082,1507.258,128
129,1779711019497137263,1779711019462780461,-34.356802,2340.95,128
130,1779711019499783476,1779711019465068182,-34.715294,1287.721,128
131,1779711019502095436,1779711019468043330,-34.052106,1975.148,128
132,1779711019505146200,1779711019470371628,-34.774572,1328.298,128
133,1779711019507360814,1779711019472537518,-34.823296,1165.89,128
134,1779711019509650963,1779711019474513738,-35.137225,976.22,128
135,1779711019511683534,1779711019476447005,-35.236529,933.267,128
136,1779711019513475012,1779711019478619862,-34.85515,1172.857,128
137,1779711019515711218,1779711019480300647,-35.410571,680.785,128
138,1779711019517422348,1779711019482406118,-35.01623,1105.471,128
139,1779711019519424296,1779711019484491309,-34.932987,1085.191,128
140,1779711019521641054,1779711019486439838,-35.201216,948.529,128
141,1779711019523485932,1779711019488270358,-35.215574,830.52,128
142,1779711019525459784,1779711019490679900,-34.779884,1409.542,128
143,1779711019527417700,1779711019492907424,-34.510276,1227.524,128
144,1779711019529264209,1779711019494122932,-35.141277,215.508,128
145,1779711019531147942,1779711019496409433,-34.738509,1286.501,128
146,1779711019533468277,1779711019498402425,-35.065852,992.992,128
147,1779711019535489466,1779711019500514925,-34.974541,1112.5,128
148,1779711019537636235,1779711019502295646,-35.340589,780.721,128
149,1779711019539423406,1779711019504263308,-35.160098,967.662,128
150,1779711019541275703,1779711019505924869,-35.350834,661.561,128
151,1779711019542972777,1779711019507248156,-35.724621,323.287,128
152,1779711019544294509,1779711019508925139,-35.36937,676.983,128
153,1779711019545957460,1779711019511134247,-34.823213,1209.108,128
154,1779711019548272541,1779711019513581373,-34.691168,1447.126,128
155,1779711019550737594,1779711019515123341,-35.614253,541.968,128
156,1779711019552278388,1779711019516998996,-35.279392,875.655,128
157,1779711019554086348,1779711019518715189,-35.371159,716.193,128
158,1779711019555810373,1779711019520535511,-35.274862,820.322,128
159,1779711019557581466,1779711019522458109,-35.123357,922.598,128
160,1779711019559632362,1779711019524299785,-35.332577,841.676,128
161,1779711019561251672,1779711019525996981,-35.254691,697.196,128
162,1779711019563127891,1779711019527949171,-35.17872,952.19,128
163,1779711019565012063,1779711019529317855,-35.694208,368.684,128
164,1779711019566417741,1779711019530993368,-35.424373,675.513,128
165,1779711019567987665,1779711019532856363,-35.131302,862.995,128
166,1779711019569927948,1779711019534407765,-35.520183,551.402,128
167,1779711019571496214,1779711019536004411,-35.491803,596.646,128
168,1779711019573129481,1779711019537581780,-35.547701,577.369,128
169,1779711019574788893,1779711019538956259,-35.832634,374.479,128
170,1779711019576120374,1779711019540478911,-35.641463,522.652,128
171,1779711019577546072,1779711019542947357,-34.598715,1468.446,128
172,1779711019580283506,1779711019546028959,-34.254547,2081.602,128
173,1779711019583169410,1779711019547726233,-35.443177,697.274,128
174,1779711019584830476,1779711019549111284,-35.719192,385.051,128
175,1779711019586256727,1779711019550965164,-35.291563,853.88,128
176,1779711019587936257,1779711019552288335,-35.647922,323.171,128
177,1779711019589406604,1779711019554349263,-35.057341,1060.928,128
178,1779711019591508568,1779711019556626219,-34.882349,1276.956,128
179,1779711019593705608,1779711019558432858,-35.27275,806.639,128
180,1779711019595595191,1779711019559973590,-35.621601,540.732,128
181,1779711019597168206,1779711019562547142,-34.621064,1573.552,128
182,1779711019599645347,1779711019564348546,-35.296801,801.404,128
183,1779711019601636373,1779711019566265541,-35.370832,916.995,128
184,1779711019603449797,1779711019568342252,-35.107545,1076.711,128
185,1779711019605482331,1779711019569992113,-35.490218,649.861,128
186,1779711019607090507,1779711019571735699,-35.354808,743.586,128
187,1779711019608809985,1779711019573306306,-35.503679,570.607,128
188,1779711019610463713,1779711019575001170,-35.462543,694.864,128
189,1779711019612130789,1779711019576676111,-35.454678,674.941,128
190,1779711019613773412,1779711019578035649,-35.737763,359.538,128
191,1779711019615193851,1779711019579509295,-35.684556,473.646,128
192,1779711019616752369,1779711019580918557,-35.833812,409.262,128
193,1779711019618061378,1779711019583167316,-34.894062,1248.759,128
194,1779711019620484443,1779711019585680333,-34.80411,1513.017,128
195,1779711019622855130,1779711019587574524,-35.280606,894.191,128
196,1779711019624680002,1779711019589067731,-35.612271,493.207,128
197,1779711019626225058,1779711019590987672,-35.237386,919.941,128
198,1779711019628049633,1779711019592404087,-35.645546,416.415,128
199,1779711019629444348,1779711019593955532,-35.488816,551.445,128
200,1779711019631113450,1779711019595637263,-35.476187,681.731,128
201,1779711019632785588,1779711019598823644,-33.961944,2186.381,128
202,1779711019635928661,1779711019600844612,-35.084049,1020.968,128
203,1779711019637961331,1779711019602741796,-35.219535,897.184,128
204,1779711019639794115,1779711019604731908,-35.062207,990.112,128
205,1779711019641861817,1779711019606730087,-35.13173,998.179,128
206,1779711019643799674,1779711019616313443,-27.486231,8583.356,128
207,1779711019653468959,1779711019618341119,-35.12784,1027.676,128
208,1779711019655500095,1779711019619954070,-35.546025,612.951,128
209,1779711019657118416,1779711019621284636,-35.83378,330.566,128
210,1779711019658357633,1779711019622263981,-36.093652,-20.655,128
211,1779711019659349478,1779711019623261864,-36.087614,-2.117,128
212,1779711019660369015,1779711019624240587,-36.128428,-21.277,128
213,1779711019661302743,1779711019625034715,-36.268028,-205.872,128
214,1779711019662181793,1779711019625927855,-36.253938,-106.86,128
215,1779711019663083314,1779711019626814684,-36.26863,-113.171,128
216,1779711019663974536,1779711019628281317,-35.693219,466.633,128
217,1779711019664957709,1779711019628903264,-36.054445,-378.053,128
218,1779711019666042454,1779711019629907640,-36.134814,4.376,128
219,1779711019667016728,1779711019630975053,-36.041675,67.413,128
220,1779711019667997662,1779711019631858362,-36.1393,-116.691,128
221,1779711019669011968,1779711019632828575,-36.183393,-29.787,128
222,1779711019669962625,1779711019633790723,-36.171902,-37.852,128
223,1779711019670932489,1779711019635388792,-35.543697,598.069,128
224,1779711019672264622,1779711019636089730,-36.174892,-299.062,128
225,1779711019673402395,1779711019637340287,-36.062108,250.557,128
226,1779711019674489055,1779711019638322512,-36.166543,-17.775,128
227,1779711019675436816,1779711019639298112,-36.138704,-24.4,128
228,1779711019676350004,1779711019640194506,-36.155498,-103.606,128
229,1779711019677332623,1779711019641192014,-36.140609,-2.492,128
230,1779711019678330280,1779711019642201971,-36.128309,9.957,128
231,1779711019679343333,1779711019643272624,-36.070709,70.653,128
232,1779711019680389546,1779711019644266827,-36.122719,-5.797,128
233,1779711019681380757,1779711019645411584,-35.969173,144.757,128
234,1779711019682511398,1779711019646376063,-36.135335,-35.521,128
235,1779711019683454851,1779711019647227770,-36.227081,-148.293,128
236,1779711019684337393,1779711019647993959,-36.343434,-233.811,128
237,1779711019685141689,1779711019648803846,-36.337843,-190.113,128
238,1779711019685944017,1779711019649580536,-36.363481,-223.31,128
239,1779711019686730651,1779711019650395881,-36.33477,-184.655,128
240,1779711019687547717,1779711019651225441,-36.322276,-170.44,128
241,1779711019688277453,1779711019652253182,-36.024271,27.741,128
242,1779711019689140500,1779711019652849970,-36.29053,-403.212,128
243,1779711019689985646,1779711019653748165,-36.237481,-101.805,128
244,1779711019690834703,1779711019654493002,-36.341701,-255.163,128
245,1779711019691632932,1779711019655462609,-36.170323,-30.393,128
246,1779711019692558535,1779711019656241682,-36.316853,-220.927,128
247,1779711019693360613,1779711019657063688,-36.296925,-177.994,128
248,1779711019694157814,1779711019658203345,-35.954469,139.657,128
249,1779711019695322371,1779711019659400184,-35.922187,196.839,128
250,1779711019696343432,1779711019660626794,-35.716638,226.61,128
251,1779711019697602255,1779711019661796970,-35.805285,170.176,128
252,1779711019699162721,1779711019663058911,-36.10381,261.941,128
253,1779711019700245782,1779711019664213000,-36.032782,154.089,128
254,1779711019701195302,1779711019665080247,-36.115055,-132.753,128
255,1779711019702183728,1779711019743924480,41.740752,77844.233,128
256,1779711019781074779,1779711019750356027,-30.718752,5431.547,128
257,1779711019787529909,1779711019754071907,-33.458002,2715.88,128
258,1779711019791248557,1779711019757458624,-33.789933,2386.717,128
259,1779711019795031199,1779711019761439982,-33.591217,2981.358,128
260,1779711019798831241,1779711019764634500,-34.196741,2194.518,128
261,1779711019801803834,1779711019768309462,-33.494372,2674.962,128
262,1779711019805507023,1779711019772405065,-33.101958,3095.603,128
263,1779711019810024549,1779711019776397683,-33.626866,2992.618,128
264,1779711019813784680,1779711019780361243,-33.423437,2963.56,128
265,1779711019817786122,1779711019784397650,-33.388472,3036.407,128
266,1779711019821712149,1779711019787696075,-34.016074,2298.425,128
267,1779711019824889937,1779711019791339740,-33.550197,2643.665,128
268,1779711019828722364,1779711019794840596,-33.881768,2500.856,128
269,1779711019831825295,1779711019796338811,-35.486484,498.215,128
270,1779711019833360825,1779711019798487766,-34.873059,1148.955,128
271,1779711019835464201,1779711019799887365,-35.576836,399.599,128
272,1779711019836923726,1779711019800915738,-36.007988,28.373,128
273,1779711019838027467,1779711019802669786,-35.357681,754.048,128
274,1779711019839755691,1779711019803434638,-36.321053,-235.148,128
275,1779711019840603321,1779711019805771919,-34.831402,1337.281,128
276,1779711019842790231,1779711019806477811,-36.31242,-294.108,128
277,1779711019843615589,1779711019807261449,-36.35414,-216.362,128
278,1779711019844387537,1779711019807958186,-36.429351,-303.263,128
279,1779711019845124772,1779711019808733213,-36.391559,-224.973,128
280,1779711019845870463,1779711019809495873,-36.37459,-237.34,128
281,1779711019846666497,1779711019810303613,-36.362884,-192.26,128
282,1779711019847428289,1779711019811055752,-36.372537,-247.861,128
283,1779711019848188585,1779711019811673405,-36.51518,-382.347,128
284,1779711019848830112,1779711019812392880,-36.437232,-280.525,128
285,1779711019849554568,1779711019813127021,-36.427547,-265.859,128
286,1779711019850276150,1779711019813725236,-36.550914,-401.785,128
287,1779711019850893438,1779711019814451140,-36.442298,-274.096,128
288,1779711019851614303,1779711019815261891,-36.352412,-189.249,128
289,1779711019852348548,1779711019815806354,-36.542194,-455.537,128
290,1779711019852972566,1779711019816582678,-36.389888,-223.676,128
291,1779711019853724612,1779711019817375882,-36.34873,-206.796,128
292,1779711019854538833,1779711019818120037,-36.418796,-255.845,128
293,1779711019855287900,1779711019818881702,-36.406198,-238.335,128
294,1779711019856034441,1779711019819606224,-36.428217,-275.478,128
295,1779711019856772246,1779711019820713158,-36.059088,106.934,128
296,1779711019857528086,1779711019821668803,-35.859283,-44.355,128
297,1779711019858683452,1779711019822331561,-36.351891,-337.242,128
298,1779711019859490288,1779711019823267388,-36.2229,-64.173,128
299,1779711019860411018,1779711019824020204,-36.390814,-247.184,128
300,1779711019861196591,1779711019824825506,-36.371085,-194.698,128
301,1779711019861979043,1779711019825588149,-36.390894,-237.357,128
302,1779711019862748192,1779711019826360170,-36.388022,-227.979,128
303,1779711019863525619,1779711019827246017,-36.279602,-114.153,128
304,1779711019864296114,1779711019827892679,-36.403435,-353.338,128
305,1779711019865064708,1779711019828636595,-36.428113,-256.084,128
306,1779711019865797909,1779711019829379022,-36.418887,-257.573,128
307,1779711019866544199,1779711019830242499,-36.3017,-136.523,128
308,1779711019867246189,1779711019830916645,-36.329544,-325.854,128
309,1779711019868039269,1779711019831646162,-36.393107,-270.483,128
310,1779711019868793767,1779711019832515383,-36.278384,-130.779,128
311,1779711019869533040,1779711019833281772,-36.251268,-233.611,128
312,1779711019870376573,1779711019833988128,-36.388445,-293.644,128
313,1779711019871155412,1779711019834782251,-36.373161,-205.877,128
314,1779711019871949275,1779711019835650285,-36.29899,-131.966,128
315,1779711019872799556,1779711019836421971,-36.377585,-228.314,128
316,1779711019873540649,1779711019837251851,-36.288798,-170.12,128
317,1779711019874316732,1779711019837943824,-36.372908,-308.027,128
318,1779711019875106656,1779711019838710097,-36.396559,-233.727,128
319,1779711019875837988,1779711019839436276,-36.401712,-273.821,128
320,1779711019876580601,1779711019840257985,-36.322616,-178.291,128
321,1779711019877305371,1779711019840964272,-36.341099,-293.713,128
322,1779711019878131587,1779711019841857437,-36.27415,-106.835,128
323,1779711019878937298,1779711019842555834,-36.381464,-301.603,128
324,1779711019879707311,1779711019843305970,-36.401341,-249.864,128
325,1779711019880460206,1779711019844003537,-36.456669,-302.433,128
326,1779711019881173973,1779711019844749232,-36.424741,-254.305,128
327,1779711019881886067,1779711019917087907,35.20184,71338.675,128
328,1779711019953009244,1779711019921487508,-31.521736,3399.601,128
329,1779711019958497307,1779711019923435887,-35.06142,948.379,128
330,1779711019961093246,1779711019926332659,-34.760587,1896.772,128
331,1779711019963364298,1779711019927952723,-35.411575,620.064,128
332,1779711019964988680,1779711019929834810,-35.15387,882.087,128
333,1779711019966918698,1779711019931854571,-35.064127,1019.761,128
334,1779711019968888990,1779711019934036802,-34.852188,1182.231,128
335,1779711019971046772,1779711019934790009,-36.256763,-246.793,128
336,1779711019971877719,1779711019935555957,-36.321762,-234.052,128
337,1779711019972647554,1779711019936327602,-36.319952,-228.355,128
338,1779711019973403066,1779711019937010082,-36.392984,-317.52,128
339,1779711019974170790,1779711019937852287,-36.318503,-157.795,128
340,1779711019974937673,1779711019938469229,-36.468444,-383.058,128
341,1779711019975560725,1779711019939221482,-36.339243,-247.747,128
342,1779711019976316333,1779711019939888224,-36.428109,-333.258,128
343,1779711019977048814,1779711019940750267,-36.298547,-137.957,128
344,1779711019977834915,1779711019941504196,-36.330719,-246.071,128
345,1779711019978587361,1779711019942285143,-36.302218,-219.053,128
346,1779711019979313814,1779711019942952358,-36.361456,-332.785,128
347,1779711019980058761,1779711019943701952,-36.356809,-250.406,128
348,1779711019980772177,1779711019944339869,-36.432308,-362.083,128
349,1779711019981629424,1779711019945459832,-36.169592,119.963,128
350,1779711019982545962,1779711019946298419,-36.247543,-161.413,128
351,1779711019983319660,1779711019946821996,-36.497664,-476.423,128
352,1779711019983965457,1779711019947639593,-36.325864,-182.403,128
353,1779711019984708262,1779711019948408885,-36.299377,-230.708,128
354,1779711019985463766,1779711019949090657,-36.373109,-318.228,128
355,1779711019986234628,1779711019949909194,-36.325434,-181.463,128
356,1779711019986991476,1779711019950700649,-36.290827,-208.545,128
357,1779711019987774594,1779711019951529194,-36.2454,-171.455,128
358,1779711019988610348,1779711019952285169,-36.325179,-244.025,128
359,1779711019989296625,1779711019952952266,-36.344359,-332.903,128
360,1779711019990095540,1779711019953778843,-36.316697,-173.423,128
361,1779711019990866972,1779711019954556557,-36.310415,-222.286,128
362,1779711019991604016,1779711019955330439,-36.273577,-226.118,128
363,1779711019992419593,1779711019956042242,-36.377351,-288.197,128
364,1779711019993207264,1779711019956907298,-36.299966,-134.944,128
365,1779711019993973430,1779711019957610742,-36.362688,-296.556,128
366,1779711019994768497,1779711019958461474,-36.307023,-149.268,128
367,1779711019995538021,1779711019959167092,-36.370929,-294.382,128
368,1779711019996321141,1779711019959995822,-36.325319,-171.27,128
369,1779711019997066814,1779711019960767299,-36.299515,-228.523,128
370,1779711019997847265,1779711019961440940,-36.406325,-326.359,128
371,1779711019998512589,1779711019962113645,-36.398944,-327.295,128
372,1779711019999276018,1779711019962977355,-36.298663,-136.29,128
373,1779711020000046119,1779711019963849342,-36.196777,-128.013,128
374,1779711020000917132,1779711019964688598,-36.228534,-160.744,128
375,1779711020001749256,1779711019965608727,-36.140529,-79.871,128
376,1779711020002687182,1779711019966403068,-36.284114,-205.659,128
377,1779711020003470669,1779711019967141313,-36.329356,-261.755,128
378,1779711020004297074,1779711019967969052,-36.328022,-172.261,128
379,1779711020005056001,1779711019968780896,-36.275105,-188.156,128
380,1779711020005812931,1779711019969282573,-36.530358,-498.323,128
381,1779711020006361548,1779711019969981449,-36.380099,-301.124,128
382,1779711020007144358,1779711019970841341,-36.303017,-140.108,128
383,1779711020007893947,1779711019971594439,-36.299508,-246.902,128
384,1779711020008676973,1779711019972332325,-36.344648,-262.114,128
385,1779711020009420657,1779711019973049691,-36.370966,-282.634,128
386,1779711020010201801,1779711019973921387,-36.280414,-128.304,128
387,1779711020010974673,1779711019974637092,-36.337581,-284.295,128
388,1779711020011722191,1779711019975474739,-36.247452,-162.353,128
389,1779711020012545517,1779711019976256553,-36.288964,-218.186,128
390,1779711020013335019,1779711019976888113,-36.446906,-368.44,128
391,1779711020014020872,1779711019977777392,-36.24348,-110.721,128
392,1779711020014843603,1779711019978551215,-36.292388,-226.177,128
393,1779711020015618945,1779711019979355184,-36.263761,-196.031,128
394,1779711020016420627,1779711019980146533,-36.274094,-208.651,128
395,1779711020017212453,1779711019981069532,-36.142921,-77.001,128
396,1779711020018042884,1779711019981865843,-36.177041,-203.689,128
397,1779711020018872222,1779711019982714061,-36.158161,-151.782,128
398,1779711020019775992,1779711019983605125,-36.170867,-108.936,128
399,1779711020020618989,1779711019984488349,-36.13064,-116.776,128
400,1779711020021489496,1779711019985351483,-36.138013,-136.866,128
401,1779711020022393272,1779711019986123522,-36.26975,-227.961,128
402,1779711020023280785,1779711019987043902,-36.236883,-79.62,128
403,1779711020024122607,1779711019987885294,-36.237313,-158.608,128
404,1779711020024964905,1779711019988667651,-36.297254,-217.643,128
405,1779711020025748822,1779711019989479764,-36.269058,-187.887,128
406,1779711020026577757,1779711019990340500,-36.237257,-139.264,128
407,1779711020027398109,1779711019991258839,-36.13927,-81.661,128
408,1779711020028240018,1779711019991977076,-36.262942,-281.763,128
409,1779711020029035391,1779711019992754132,-36.281259,-222.944,128
410,1779711020029832931,1779711019993554730,-36.278201,-199.402,128
411,1779711020030630894,1779711019994316022,-36.314872,-238.708,128
412,1779711020031414841,1779711019995243673,-36.171168,-72.349,128
413,1779711020032201932,1779711019995842532,-36.3594,-401.141,128
414,1779711020032994651,1779711019996760724,-36.233927,-81.808,128
415,1779711020033836786,1779711019997543421,-36.293365,-217.303,128
416,1779711020034623769,1779711019998342245,-36.281524,-201.176,128
417,1779711020035434833,1779711019999235579,-36.199254,-106.666,128
418,1779711020036227731,1779711019999865349,-36.362382,-370.23,128
419,1779711020037016944,1779711020000741709,-36.275235,-123.64,128
420,1779711020037821725,1779711020001543033,-36.278692,-198.676,128
421,1779711020038621264,1779711020002318119,-36.303145,-224.914,128
422,1779711020039399424,1779711020003222235,-36.177189,-95.884,128
423,1779711020040227340,1779711020003776940,-36.4504,-445.295,128
424,1779711020040906127,1779711020004648653,-36.257474,-128.287,128
425,1779711020041729688,1779711020005435952,-36.293736,-212.701,128
426,1779711020042518147,1779711020006137733,-36.380414,-298.219,128
427,1779711020043277261,1779711020008470788,-34.806473,1333.055,128
428,1779711020045476848,1779711020010335080,-35.141768,864.292,128
429,1779711020047334244,1779711020041453732,-5.880512,30118.652,128
430,1779711020078439206,1779711020043278047,-35.161159,824.315,128
431,1779711020080278393,1779711020058144251,-22.134142,13866.204,128
432,1779711020095287210,1779711020059658277,-35.628933,514.026,128
433,1779711020096703897,1779711020061974957,-34.72894,1316.68,128
434,1779711020099030782,1779711020062855042,-36.17574,-119.915,128
435,1779711020099848791,1779711020063659214,-36.189577,-195.828,128
436,1779711020100670326,1779711020064371595,-36.298731,-287.619,128
437,1779711020101452910,1779711020065072272,-36.380638,-299.323,128
438,1779711020102230083,1779711020066001895,-36.228188,-70.377,128
439,1779711020103092882,1779711020066685164,-36.407718,-316.731,128
440,1779711020103775340,1779711020067637495,-36.137845,-47.669,128
441,1779711020104670134,1779711020068780220,-35.889914,142.725,128
442,1779711020105393263,1779711020069428193,-35.96507,-352.027,128
443,1779711020106281069,1779711020070295088,-35.985981,-133.105,128
444,1779711020107240278,1779711020071024388,-36.21589,-270.7,128
445,1779711020108164052,1779711020072003869,-36.160183,-20.519,128
446,1779711020109057335,1779711020072782956,-36.274379,-220.913,128
447,1779711020109919667,1779711020073649186,-36.270481,-133.77,128
448,1779711020110781867,1779711020074417796,-36.364071,-231.39,128
449,1779711020111582384,1779711020075292242,-36.290142,-125.554,128
450,1779711020112382948,1779711020076051828,-36.33112,-240.414,128
451,1779711020113197223,1779711020076879736,-36.317487,-172.092,128
452,1779711020114007665,1779711020077527359,-36.480306,-352.377,128
453,1779711020114690691,1779711020078330239,-36.360452,-197.12,128
454,1779711020115494379,1779711020079262776,-36.231603,-67.463,128
455,1779711020116356929,1779711020080024461,-36.332468,-238.315,128
456,1779711020117186539,1779711020081005848,-36.180691,-18.613,128
457,1779711020118132099,1779711020081951099,-36.181,-54.749,128
458,1779711020118988025,1779711020082619859,-36.368166,-331.24,128
459,1779711020119704129,1779711020083396064,-36.308065,-223.795,128
460,1779711020120544899,1779711020084297706,-36.247193,-98.358,128
461,1779711020121341861,1779711020085058683,-36.283178,-239.023,128
462,1779711020122194938,1779711020085973442,-36.221496,-85.241,128
463,1779711020123021496,1779711020086724950,-36.296546,-248.492,128
464,1779711020123847600,1779711020087519629,-36.327971,-205.321,128
465,1779711020124678989,1779711020088342530,-36.336459,-177.099,128
466,1779711020125482492,1779711020089266668,-36.215824,-75.862,128
467,1779711020126327954,1779711020090016309,-36.311645,-250.359,128
468,1779711020127175337,1779711020090864948,-36.310389,-151.361,128
469,1779711020127991032,1779711020091681727,-36.309305,-183.221,128
470,1779711020128829501,1779711020092556520,-36.272981,-125.207,128
471,1779711020129728797,1779711020093423234,-36.305563,-133.286,128
472,1779711020130583406,1779711020096671417,-33.911989,2248.183,128
473,1779711020133746005,1779711020098985170,-34.760835,1313.753,128
474,1779711020138340281,1779711020103588196,-34.752085,3603.026,128
475,1779711020140546612,1779711020105285967,-35.260645,697.771,128
476,1779711020142396784,1779711020107218157,-35.178627,932.19,128
477,1779711020144381934,1779711020109257851,-35.124083,1039.694,128
478,1779711020146362673,1779711020111245764,-35.116909,987.913,128
479,1779711020148257301,1779711020112900470,-35.356831,654.706,128
480,1779711020149782747,1779711020114679868,-35.102879,779.398,128
481,1779711020151561158,1779711020116658245,-34.902913,978.377,128
482,1779711020153797764,1779711020119371260,-34.426504,1713.015,128
483,1779711020156478377,1779711020121331412,-35.146965,960.152,128
484,1779711020158476205,1779711020123717177,-34.759028,1385.765,128
485,1779711020160866217,1779711020125348386,-35.517831,631.209,128
486,1779711020162492787,1779711020127235254,-35.257533,886.868,128
487,1779711020164313961,1779711020129085253,-35.228708,849.999,128
488,1779711020166231484,1779711020131520652,-34.710832,1435.399,128
489,1779711020168780415,1779711020133467832,-35.312583,947.18,128
490,1779711020170680372,1779711020135339303,-35.341069,871.471,128
491,1779711020172433503,1779711020137243468,-35.190035,904.165,128
492,1779711020174338143,1779711020139104565,-35.233578,861.097,128
493,1779711020176200353,1779711020140363875,-35.836478,259.31,128
494,1779711020177393931,1779711020141384083,-36.009848,20.208,128
495,1779711020178422614,1779711020142285554,-36.13706,-98.529,128
496,1779711020179414917,1779711020143446340,-35.968577,160.786,128
497,1779711020180564832,1779711020144460304,-36.104528,13.964,128
498,1779711020181568708,1779711020145558792,-36.009916,98.488,128
499,1779711020182700203,1779711020146574726,-36.125477,15.934,128
500,1779711020183690939,1779711020147741425,-35.949514,166.699,128
501,1779711020184716107,1779711020148683095,-36.033012,-58.33,128
502,1779711020185726665,1779711020149659685,-36.06698,-23.41,128
503,1779711020186792119,1779711020151321583,-35.470536,661.898,128
504,1779711020188550770,1779711020152707340,-35.84343,385.757,128
505,1779711020189731602,1779711020153737242,-35.99436,29.902,128
506,1779711020190879434,1779711020154746663,-36.132771,9.421,128
507,1779711020191885362,1779711020155900211,-35.985151,153.548,128
508,1779711020192893416,1779711020156622938,-36.270478,-277.273,128
509,1779711020193753846,1779711020157806347,-35.947499,183.409,128
510,1779711020194911745,1779711020159036161,-35.875584,229.814,128
511,1779711020195958927,1779711020159903769,-36.055158,-132.392,128
512,1779711020196964665,1779711020160824745,-36.13992,-79.024,128
513,1779711020197966295,1779711020162440013,-35.526282,615.268,128
514,1779711020199356271,1779711020163345494,-36.010777,-94.519,128
515,1779711020200378085,1779711020164327627,-36.050458,-17.867,128
516,1779711020201379956,1779711020165248823,-36.131133,-78.804,128
517,1779711020202376109,1779711020166254276,-36.121833,5.453,128
518,1779711020203358853,1779711020167316460,-36.042393,62.184,128
519,1779711020204370654,1779711020168353437,-36.017217,36.977,128
520,1779711020205382159,1779711020169303359,-36.0788,-50.078,128
521,1779711020206383592,1779711020170300441,-36.083151,-2.918,128
522,1779711020207360063,1779711020171318383,-36.04168,17.942,128
523,1779711020208345675,1779711020172243417,-36.102258,-74.966,128
524,1779711020209362466,1779711020173381725,-35.980741,138.308,128
525,1779711020210428233,1779711020174275810,-36.152423,-105.915,128
526,1779711020211421682,1779711020175300315,-36.121367,24.505,128
527,1779711020212406374,1779711020176293311,-36.113063,-7.004,128
528,1779711020213404852,1779711020245367242,31.96239,68073.931,128
529,1779711020282324031,1779711020246437331,-35.8867,70.089,128
530,1779711020283528337,1779711020247503246,-36.025091,65.915,128
531,1779711020284594604,1779711020248424775,-36.169829,-78.471,128
532,1779711020285524390,1779711020249366948,-36.157442,-57.827,128
533,1779711020286525757,1779711020250461361,-36.064396,94.413,128
534,1779711020287534327,1779711020251655401,-35.878926,194.04,128
535,1779711020288665587,1779711020252650765,-36.014822,-4.636,128
536,1779711020289663944,1779711020253410490,-36.253454,-240.275,128
537,1779711020290492401,1779711020254763074,-35.729327,352.584,128
538,1779711020291502912,1779711020255538000,-35.964912,-225.074,128
539,1779711020292464182,1779711020256387458,-36.076724,-150.542,128
540,1779711020293451696,1779711020257353286,-36.09841,-34.172,128
541,1779711020294443840,1779711020258282335,-36.161505,-70.951,128
542,1779711020295386565,1779711020259708186,-35.678379,425.851,128
543,1779711020296525976,1779711020260533982,-35.991994,-174.204,128
544,1779711020297579898,1779711020261691092,-35.888806,157.11,128
545,1779711020298772505,1779711020262746613,-36.025892,55.521,128
546,1779711020299847530,1779711020263711895,-36.135635,-34.718,128
547,1779711020300788829,1779711020264757201,-36.031628,45.306,128
548,1779711020301796375,1779711020265833215,-35.96316,76.014,128
549,1779711020302905729,1779711020267024334,-35.881395,191.119,128
550,1779711020304106609,1779711020268083148,-36.023461,58.814,128
551,1779711020305165835,1779711020269331758,-35.834077,248.61,128
552,1779711020306218031,1779711020270542956,-35.675075,211.198,128
553,1779711020307544066,1779711020271396590,-36.147476,-146.366,128
554,1779711020308472186,1779711020272552236,-35.91995,155.646,128
555,1779711020309508762,1779711020273543531,-35.965231,-8.705,128
556,1779711020310531839,1779711020274827474,-35.704365,283.943,128
557,1779711020311627836,1779711020275684214,-35.943622,-143.26,128
558,1779711020312708780,1779711020276898055,-35.810725,213.841,128
559,1779711020313736454,1779711020277812609,-35.923845,-85.446,128
560,1779711020314779452,1779711020278703048,-36.076404,-109.561,128
561,1779711020315784487,1779711020279764725,-36.019762,61.677,128
562,1779711020316783032,1779711020280745734,-36.037298,-18.991,128
563,1779711020317788344,1779711020281981642,-35.806702,235.908,128
564,1779711020318893744,1779711020282907343,-35.986401,-74.299,128
565,1779711020319997524,1779711020284005067,-35.992457,97.724,128
566,1779711020321035216,1779711020284967604,-36.067612,-37.463,128
567,1779711020322055292,1779711020286043189,-36.012103,75.585,128
568,1779711020323067951,1779711020287047270,-36.020681,4.081,128
569,1779711020324078771,1779711020287978431,-36.10034,-68.839,128
570,1779711020325053151,1779711020289003040,-36.050111,24.609,128
571,1779711020326025173,1779711020289908836,-36.116337,-94.204,128
572,1779711020326990595,1779711020290857925,-36.13267,-50.911,128
573,1779711020327946521,1779711020291874742,-36.071779,16.817,128
574,1779711020328909116,1779711020292771979,-36.137137,-102.763,128
575,1779711020329859769,1779711020293724557,-36.135212,-47.422,128
576,1779711020330827280,1779711020294713719,-36.113561,-10.838,128
577,1779711020331798838,1779711020295759167,-36.039671,45.448,128
578,1779711020332927690,1779711020296841346,-36.086344,82.179,128
579,1779711020333924525,1779711020297817153,-36.107372,-24.193,128
580,1779711020334917823,1779711020298843749,-36.074074,26.596,128
581,1779711020335896800,1779711020299795305,-36.101495,-48.444,128
582,1779711020336897853,1779711020300841775,-36.056078,46.47,128
583,1779711020337942334,1779711020301963875,-35.978459,122.1,128
584,1779711020338922243,1779711020302834115,-36.088128,-129.76,128
585,1779711020339928544,1779711020303633850,-36.294694,-200.265,128
586,1779711020340735725,1779711020304662789,-36.072936,28.939,128
587,1779711020341729471,1779711020305901442,-35.828029,238.653,128
588,1779711020342830737,1779711020306682654,-36.148083,-218.788,128
589,1779711020343681891,1779711020307521960,-36.159931,-160.694,128
590,1779711020344540131,1779711020308421264,-36.118867,-100.696,128
591,1779711020345491707,1779711020309382461,-36.109246,-38.803,128
592,1779711020346465140,1779711020310328974,-36.136166,-53.487,128
593,1779711020347447090,1779711020311680644,-35.766446,351.67,128
594,1779711020348764208,1779711020312688558,-36.07565,7.914,128
595,1779711020349797133,1779711020313760410,-36.036723,71.852,128
596,1779711020350830838,1779711020314860578,-35.97026,100.168,128
597,1779711020351660995,1779711020315809132,-35.851863,-51.446,128
598,1779711020352874389,1779711020316927670,-35.946719,118.538,128
599,1779711020354004552,1779711020318118783,-35.885769,191.113,128
600,1779711020355141691,1779711020320095781,-35.04591,976.998,128
601,1779711020356237804,1779711020320104006,-36.133798,-991.775,128
602,1779711020357193604,1779711020321255131,-35.938473,151.125,128
603,1779711020358205362,1779711020322256377,-35.948985,1.246,128
604,1779711020359180278,1779711020323036201,-36.144077,-220.176,128
605,1779711020360169172,1779711020324111686,-36.057486,75.485,128
606,1779711020361158022,1779711020325038009,-36.120013,-73.677,128
607,1779711020362126353,1779711020325713769,-36.412584,-324.24,128
608,1779711020362820301,1779711020327056463,-35.763838,342.694,128
609,1779711020363840168,1779711020327687065,-36.153103,-369.398,128
610,1779711020364777987,1779711020328934527,-35.84346,247.462,128
611,1779711020365860442,1779711020330007193,-35.853249,72.666,128
612,1779711020366883833,1779711020330586223,-36.29761,-420.97,128
613,1779711020367673754,1779711020331528791,-36.144963,-57.432,128
614,1779711020368674709,1779711020332543222,-36.131487,14.431,128
615,1779711020369650261,1779711020333531105,-36.119156,-12.117,128
616,1779711020370668131,1779711020334575457,-36.092674,44.352,128
617,1779711020371645204,1779711020335494604,-36.1506,-80.853,128
618,1779711020372644348,1779711020336571121,-36.073227,76.517,128
619,1779711020373607651,1779711020337514263,-36.093388,-56.858,128
620,1779711020374654110,1779711020338671863,-35.982247,157.6,128
621,1779711020375667818,1779711020339632273,-36.035545,-39.59,128
622,1779711020376701278,1779711020340537718,-36.16356,-94.555,128
623,1779711020377530657,1779711020341288571,-36.242086,-249.147,128
624,1779711020378426230,1779711020342207851,-36.218379,-80.72,128
625,1779711020379259551,1779711020343062157,-36.197394,-145.694,128
626,1779711020380217613,1779711020344212355,-36.005258,150.198,128
627,1779711020381197728,1779711020344992334,-36.205394,-220.021,128
628,1779711020382151858,1779711020346059260,-36.092598,66.926,128
629,1779711020383133034,1779711020346987789,-36.145245,-71.471,128
630,1779711020384079168,1779711020357810349,-26.268819,9822.56,128
631,1779711020395564372,1779711020359851599,-35.712773,1041.25,128
632,1779711020396760502,1779711020360728514,-36.031988,-123.085,128
633,1779711020397745199,1779711020361494272,-36.250927,-234.242,128
634,1779711020398622363,1779711020362266724,-36.355639,-227.548,128
635,1779711020399432853,1779711020363375016,-36.057837,108.292,128
636,1779711020400416935,1779711020364292295,-36.12464,-82.721,128
637,1779711020401396130,1779711020365238940,-36.15719,-53.355,128
638,1779711020402401432,1779711020366056681,-36.344751,-182.259,128
639,1779711020403227789,1779711020367235895,-35.991894,179.214,128
640,1779711020404256422,1779711020369608928,-34.647494,1373.033,128
641,1779711020407207649,1779711020371139504,-36.068145,530.576,128
642,1779711020408272022,1779711020371990700,-36.281322,-148.804,128
643,1779711020409159141,1779711020372775465,-36.383676,-215.235,128
644,1779711020409922221,1779711020373639293,-36.282928,-136.172,128
645,1779711020410806815,1779711020374585164,-36.221651,-54.129,128
646,1779711020411751714,1779711020375451116,-36.300598,-134.048,128
647,1779711020412597503,1779711020376399716,-36.197787,-51.4,128
648,1779711020413534188,1779711020377621940,-35.912248,222.224,128
649,1779711020414728341,1779711020379015009,-35.713332,393.069,128
650,1779711020416035329,1779711020380009065,-36.026264,-5.944,128
651,1779711020417172213,1779711020380953951,-36.218262,-55.114,128
652,1779711020418117047,1779711020381903163,-36.213884,-50.788,128
653,1779711020419040601,1779711020382942439,-36.098162,39.276,128
654,1779711020419982586,1779711020383774089,-36.208497,-168.35,128
655,1779711020420928997,1779711020384799464,-36.129533,25.375,128
656,1779711020421810817,1779711020385612882,-36.197935,-186.582,128
657,1779711020422749248,1779711020386676202,-36.073046,63.32,128
658,1779711020423785094,1779711020387671893,-36.113201,-4.309,128
659,1779711020424766898,1779711020388658603,-36.108295,-13.29,128
660,1779711020425738027,1779711020389676966,-36.061061,18.363,128
661,1779711020426760681,1779711020390630595,-36.130086,-46.371,128
662,1779711020427747528,1779711020391600411,-36.147117,-30.184,128
663,1779711020428704456,1779711020392684961,-36.019495,84.55,128
664,1779711020429753807,1779711020393637633,-36.116174,-47.328,128
665,1779711020430776174,1779711020394594430,-36.181744,-43.203,128
666,1779711020431740288,1779711020403227911,-28.512377,7633.481,128
667,1779711020440343050,1779711020404730329,-35.612721,502.418,128
668,1779711020441948465,1779711020406274817,-35.673648,544.488,128
669,1779711020443416274,1779711020408106758,-35.309516,831.941,128
670,1779711020445240717,1779711020409682597,-35.55812,575.839,128
671,1779711020446814189,1779711020411324948,-35.489241,642.351,128
672,1779711020448379668,1779711020413583184,-34.796484,1258.236,128
673,1779711020450717899,1779711020414459390,-36.258509,-123.794,128
674,1779711020451513224,1779711020415191307,-36.321917,-268.083,128
675,1779711020452313685,1779711020415958876,-36.354809,-232.431,128
676,1779711020453077605,1779711020416722591,-36.355014,-236.285,128
677,1779711020453848062,1779711020417513454,-36.334608,-209.137,128
678,1779711020454629677,1779711020418330726,-36.298951,-182.728,128
679,1779711020455386206,1779711020419014295,-36.371911,-316.431,128
680,1779711020456149533,1779711020419862590,-36.286943,-151.705,128
681,1779711020456980232,1779711020420608242,-36.37199,-254.348,128
682,1779711020457540584,1779711020421360213,-36.180371,-248.029,128
683,1779711020458472534,1779711020422234944,-36.23759,-125.269,128
684,1779711020459303395,1779711020423002438,-36.300957,-232.506,128
685,1779711020460132564,1779711020423775714,-36.35685,-226.724,128
686,1779711020460906506,1779711020424524461,-36.382045,-251.253,128
687,1779711020461678152,1779711020425592001,-36.086151,67.54,128
688,1779711020462740875,1779711020426448774,-36.292101,-143.227,128
689,1779711020463600660,1779711020427217154,-36.383506,-231.62,128
690,1779711020464299443,1779711020427986466,-36.312977,-230.688,128
691,1779711020465098277,1779711020428766737,-36.33154,-219.729,128
692,1779711020465880430,1779711020429591244,-36.289186,-175.493,128
693,1779711020466689967,1779711020430547311,-36.142656,-43.933,128
694,1779711020467589754,1779711020431550451,-36.039303,3.14,128
695,1779711020468617250,1779711020432372363,-36.244887,-178.088,128
696,1779711020469479038,1779711020433184979,-36.294059,-187.384,128
697,1779711020470289161,1779711020433993155,-36.296006,-191.824,128
698,1779711020471133770,1779711020434819727,-36.314043,-173.428,128
699,1779711020471942648,1779711020435602046,-36.340602,-217.681,128
700,1779711020472742042,1779711020436401822,-36.34022,-200.224,128
701,1779711020473548349,1779711020437273699,-36.27465,-128.123,128
702,1779711020474366618,1779711020437898573,-36.468045,-375.126,128
703,1779711020475042064,1779711020438868353,-36.173711,-30.22,128
704,1779711020475837744,1779711020439471253,-36.366491,-397.1,128
705,1779711020476523978,1779711020440272428,-36.25155,-198.825,128
706,1779711020477278467,1779711020441035961,-36.242506,-236.467,128
707,1779711020478135540,1779711020441783124,-36.352416,-252.837,128
708,1779711020478929324,1779711020442630228,-36.299096,-152.896,128
709,1779711020479726996,1779711020443299697,-36.427299,-330.531,128
710,1779711020480393516,1779711020444041752,-36.351764,-257.945,128
711,1779711020481180374,1779711020444850409,-36.329965,-191.343,128
712,1779711020481977198,1779711020445622622,-36.354576,-227.787,128
713,1779711020482761808,1779711020446424771,-36.337037,-197.851,128
714,1779711020483571361,1779711020447216670,-36.354691,-208.101,128
715,1779711020484351069,1779711020448009791,-36.341278,-206.879,128
716,1779711020485129701,1779711020448795672,-36.334029,-214.119,128
717,1779711020485929921,1779711020449457368,-36.472553,-338.304,128
718,1779711020486614861,1779711020450328579,-36.286282,-128.789,128
719,1779711020487384438,1779711020451488170,-35.896268,159.591,128
720,1779711020488241537,1779711020451996970,-36.244567,-491.2,128
721,1779711020489046904,1779711020452812642,-36.234262,-184.328,128
722,1779711020489869913,1779711020453396441,-36.473472,-416.201,128
723,1779711020490518428,1779711020454122137,-36.396291,-274.304,128
724,1779711020491273701,1779711020455021849,-36.251852,-100.288,128
725,1779711020492064121,1779711020455759643,-36.304478,-262.206,128
726,1779711020492831532,1779711020456541748,-36.289784,-217.895,128
727,1779711020493593595,1779711020457248020,-36.345575,-293.728,128
728,1779711020494398330,1779711020457971845,-36.426485,-276.175,128
729,1779711020495063855,1779711020458659687,-36.404168,-312.158,128
730,1779711020495772407,1779711020459405833,-36.366574,-253.854,128
731,1779711020496565282,1779711020460348087,-36.217195,-57.746,128
732,1779711020497237787,1779711020460960430,-36.277357,-387.657,128
733,1779711020498076049,1779711020461670305,-36.405744,-290.125,128
734,1779711020498786979,1779711020462584474,-36.202505,-85.831,128
735,1779711020499609906,1779711020463352065,-36.257841,-232.409,128
736,1779711020500404744,1779711020464056716,-36.348028,-295.349,128
737,1779711020501202996,1779711020544123848,42.920852,79067.132,128
738,1779711020580962354,1779711020546585448,-34.376906,1461.6,128
739,1779711020585237970,1779711020551566772,-33.671198,3981.324,128
740,1779711020588702660,1779711020559438978,-29.263682,6872.206,128
741,1779711020596571757,1779711020564485799,-32.085958,4046.821,128
742,1779711020601046971,1779711020565835520,-35.211451,349.721,128
743,1779711020602953901,1779711020567494053,-35.459848,658.533,128
744,1779711020604708262,1779711020569238107,-35.470155,744.054,128
745,1779711020606357793,1779711020570496667,-35.861126,258.56,128
746,1779711020607770059,1779711020572553884,-35.216175,1057.217,128
747,1779711020609741761,1779711020574322158,-35.419603,768.274,128
748,1779711020611366418,1779711020575873986,-35.492432,551.828,128
749,1779711020613025014,1779711020577940051,-35.084963,1066.065,128
750,1779711020615079666,1779711020579638383,-35.441283,698.332,128
751,1779711020616717626,1779711020581016824,-35.700802,378.441,128
752,1779711020618041184,1779711020582770257,-35.270927,753.433,128
753,1779711020619540079,1779711020583965682,-35.574397,195.425,128
754,1779711020621024439,1779711020585763300,-35.261139,797.618,128
755,1779711020622323060,1779711020586514430,-35.80863,-248.87,128
756,1779711020623619619,1779711020588088062,-35.531557,573.632,128
757,1779711020625213631,1779711020589868286,-35.345345,780.224,128
758,1779711020626862513,1779711020591226346,-35.636167,358.06,128
759,1779711020628259565,1779711020592541531,-35.718034,315.185,128
760,1779711020629592640,1779711020594253047,-35.339593,711.516,128
761,1779711020631370330,1779711020596118244,-35.252086,865.197,128
762,1779711020633209865,1779711020597298789,-35.911076,180.545,128
763,1779711020634224821,1779711020598087042,-36.137779,-211.747,128
764,1779711020635250277,1779711020599081615,-36.168662,-5.427,128
765,1779711020636186714,1779711020599995950,-36.190764,-85.665,128
766,1779711020637109453,1779711020601033432,-36.076021,37.482,128
767,1779711020637905531,1779711020601875772,-36.029759,-157.66,128
768,1779711020638920221,1779711020602792052,-36.128169,-83.72,128
769,1779711020639844534,1779711020603696572,-36.147962,-95.48,128
770,1779711020640794471,1779711020604783098,-36.011373,86.526,128
771,1779711020641857426,1779711020605852531,-36.004895,69.433,128
772,1779711020642867507,1779711020606646874,-36.220633,-205.657,128
773,1779711020643917645,1779711020607948887,-35.968758,302.013,128
774,1779711020644996440,1779711020608943708,-36.052732,-5.179,128
775,1779711020645972594,1779711020609846320,-36.126274,-97.388,128
776,1779711020646887793,1779711020611323265,-35.564528,476.945,128
777,1779711020648301211,1779711020612122639,-36.178572,-200.626,128
778,1779711020649288711,1779711020613240874,-36.047837,118.235,128
779,1779711020650328366,1779711020614266079,-36.062287,25.205,128
780,1779711020651294224,1779711020615218629,-36.075595,-47.45,128
781,1779711020652289682,1779711020616119989,-36.169693,-98.64,128
782,1779711020653267144,1779711020617263676,-36.003468,143.687,128
783,1779711020654265710,1779711020618064957,-36.200753,-198.719,128
784,1779711020655232822,1779711020619188711,-36.044111,123.754,128
785,1779711020656217298,1779711020620007564,-36.209734,-181.147,128
786,1779711020657177604,1779711020621202425,-35.975179,194.861,128
787,1779711020658181239,1779711020621998064,-36.183175,-204.361,128
788,1779711020659167443,1779711020623038821,-36.128622,40.757,128
789,1779711020660131766,1779711020623965062,-36.166704,-73.759,128
790,1779711020661096317,1779711020624761636,-36.334681,-203.426,128
791,1779711020661916793,1779711020625693192,-36.223601,-68.444,128
792,1779711020662863748,1779711020627030454,-35.833294,337.262,128
793,1779711020664164015,1779711020628036011,-36.128004,5.557,128
794,1779711020665169518,1779711020629034853,-36.134665,-1.158,128
795,1779711020666183414,1779711020630002418,-36.180996,-32.435,128
796,1779711020667144459,1779711020630945462,-36.198997,-56.956,128
797,1779711020668098715,1779711020631870631,-36.228084,-74.831,128
798,1779711020668893138,1779711020632705683,-36.187455,-164.948,128
799,1779711020669854988,1779711020633664100,-36.190888,-41.583,128
800,1779711020670829452,1779711020634641081,-36.188371,-23.019,128
801,1779711020671756978,1779711020635691602,-36.065376,50.521,128
802,1779711020672775348,1779711020636585080,-36.190268,-106.522,128
803,1779711020673744934,1779711020637590307,-36.154627,5.227,128
804,1779711020674718544,1779711020638620336,-36.098208,30.029,128
805,1779711020675678373,1779711020639784340,-35.894033,164.004,128
806,1779711020676833023,1779711020640818841,-36.014182,34.501,128
807,1779711020677969502,1779711020641813963,-36.155539,-4.878,128
808,1779711020678885591,1779711020642644128,-36.241463,-169.835,128
809,1779711020679788421,1779711020643440657,-36.347764,-203.471,128
810,1779711020680587180,1779711020644247151,-36.340029,-193.506,128
811,1779711020681395620,1779711020645022439,-36.373181,-224.712,128
812,1779711020682180866,1779711020645562499,-36.618367,-459.94,128
813,1779711020682726771,1779711020646348777,-36.377994,-213.722,128
814,1779711020683520561,1779711020647277583,-36.242978,-71.194,128
815,1779711020684333205,1779711020647841172,-36.492033,-436.411,128
816,1779711020685000433,1779711020648525181,-36.475252,-315.991,128
817,1779711020685655509,1779711020649281132,-36.374377,-244.049,128
818,1779711020686432527,1779711020650063841,-36.368686,-217.291,128
819,1779711020687220841,1779711020651128046,-36.092795,64.205,128
820,1779711020688168067,1779711020652808038,-35.360029,679.992,128
821,1779711020688995782,1779711020652814897,-36.180885,-993.141,128
822,1779711020689825635,1779711020653492888,-36.332747,-322.009,128
823,1779711020690626781,1779711020654267737,-36.359044,-225.151,128
824,1779711020691407819,1779711020654935886,-36.471933,-331.851,128
825,1779711020692074545,1779711020655600043,-36.474502,-335.843,128
826,1779711020692743643,1779711020656392555,-36.351088,-207.488,128
827,1779711020693536597,1779711020657591615,-35.944982,199.06,128
828,1779711020694621301,1779711020658311511,-36.30979,-280.104,128
829,1779711020695464367,1779711020659563485,-35.900882,251.974,128
830,1779711020696592204,1779711020660467178,-36.125026,-96.307,128
831,1779711020697514334,1779711020661304777,-36.209557,-162.401,128
832,1779711020698363581,1779711020662203945,-36.159636,-100.832,128
833,1779711020699206222,1779711020662924379,-36.281843,-279.566,128
834,1779711020700044953,1779711020663709474,-36.335479,-214.905,128
835,1779711020700873403,1779711020664987546,-35.885857,278.072,128
836,1779711020701791390,1779711020665815817,-35.975573,-171.729,128
837,1779711020702918789,1779711020666639437,-36.279352,-176.38,128
838,1779711020703743187,1779711020668016312,-35.726875,376.875,128
839,1779711020705006500,1779711020669488473,-35.518027,472.161,128
840,1779711020706291250,1779711020670146548,-36.144702,-341.925,128
841,1779711020707235979,1779711020671063018,-36.172961,-83.53,128
842,1779711020708208980,1779711020706258163,-1.950817,34195.145,128
843,1779711020743298372,1779711020708185411,-35.112961,927.248,128
844,1779711020745278814,1779711020710162247,-35.116567,976.836,128
845,1779711020747259654,1779711020711671736,-35.587918,509.489,128
846,1779711020748732063,1779711020714020752,-34.711311,1349.016,128
847,1779711020751062510,1779711020715534252,-35.528258,513.5,128
848,1779711020752633457,1779711020718431823,-34.201634,1897.571,128
849,1779711020755654240,1779711020720107891,-35.546349,676.068,128
850,1779711020757323368,1779711020722549281,-34.774087,1441.39,128
851,1779711020759754801,1779711020725708507,-34.046294,2159.226,128
852,1779711020762864445,1779711020729403869,-33.460576,2695.362,128
853,1779711020766625588,1779711020731855774,-34.769814,1451.905,128
854,1779711020769101071,1779711020733929157,-35.171914,1073.383,128
855,1779711020771132562,1779711020848429027,77.296465,113499.87,128
856,1779711020885114588,1779711020857344890,-27.769698,7915.863,128
857,1779711020894338540,1779711020864575343,-29.763197,6230.453,128
858,1779711020901922824,1779711020866644479,-35.278345,1069.136,128
859,1779711020903601844,1779711020868408787,-35.193057,764.308,128
860,1779711020905363107,1779711020870000223,-35.362884,591.436,128
861,1779711020906986873,1779711020872349720,-34.637153,1349.497,128
862,1779711020909348399,1779711020874729362,-34.619037,1379.642,128
863,1779711020911267935,1779711020876435013,-34.832922,705.651,128
864,1779711020913487747,1779711020878383722,-35.104025,948.709,128
865,1779711020915438031,1779711020880927543,-34.510488,1543.821,128
866,1779711020917837215,1779711020882407592,-35.429623,480.049,128
867,1779711020919408701,1779711020884142546,-35.266155,734.954,128
868,1779711020921118494,1779711020886047897,-35.070597,905.351,128
869,1779711020923104934,1779711020887936111,-35.168823,888.214,128
870,1779711020924991784,1779711020889464918,-35.526866,528.807,128
871,1779711020926592557,1779711020891135874,-35.456683,670.956,128
872,1779711020928198991,1779711020892810258,-35.388733,674.384,128
873,1779711020929859470,1779711020894439262,-35.420208,629.004,128
874,1779711020931412989,1779711020896087058,-35.325931,647.796,128
875,1779711020933120728,1779711020897735491,-35.385237,648.433,128
876,1779711020934780389,1779711020900906095,-33.874294,2170.604,128
877,1779711020937971282,1779711020904475464,-33.495818,2569.369,128
878,1779711020941369502,1779711020905895821,-35.473681,420.357,128
879,1779711020942922207,1779711020907261488,-35.660719,365.667,128
880,1779711020944289144,1779711020910182783,-34.106361,1921.295,128
881,1779711020947096451,1779711020911858011,-35.23844,675.228,128
882,1779711020948881033,1779711020913695134,-35.185899,837.123,128
883,1779711020950721846,1779711020917061794,-33.660052,2366.66,128
884,1779711020954068234,1779711020919283323,-34.784911,1221.529,128
885,1779711020956376773,1779711020923890685,-32.486088,3607.362,128
886,1779711020961136242,1779711020925617597,-35.518645,726.912,128
887,1779711020962676704,1779711020927258177,-35.418527,640.58,128
888,1779711020964230965,1779711020928852320,-35.378645,594.143,128
889,1779711020965896214,1779711020930233989,-35.662225,381.669,128
890,1779711020967301390,1779711020931903958,-35.397432,669.969,128
891,1779711020968831636,1779711020933270816,-35.56082,366.858,128
892,1779711020970283172,1779711020934359238,-35.923934,88.422,128
893,1779711020971416188,1779711020935726884,-35.689304,367.646,128
894,1779711020972798816,1779711020937262491,-35.536325,535.607,128
895,1779711020974266893,1779711020938353714,-35.913179,91.223,128
896,1779711020975388070,1779711020939328329,-36.059741,-25.385,128
897,1779711020976441788,1779711020940304531,-36.137257,-23.798,128
898,1779711020977306368,1779711020941487521,-35.818847,182.99,128
899,1779711020978468087,1779711020942801369,-35.666718,313.848,128
900,1779711020979837212,1779711020943865814,-35.971398,64.445,128
901,1779711020980907736,1779711020944698271,-36.209465,-167.543,128
902,1779711020981752009,1779711020945513742,-36.238267,-184.529,128
903,1779711020982649233,1779711020946483652,-36.165581,-30.09,128
904,1779711020983514990,1779711020947656579,-35.858411,172.927,128
905,1779711020984477795,1779711020948409745,-36.06805,-246.834,128
906,1779711020985513326,1779711020949767122,-35.746204,357.377,128
907,1779711020986673241,1779711020950746945,-35.926296,-20.177,128
908,1779711020987810796,1779711020951851867,-35.958929,104.922,128
909,1779711020988919429,1779711020953353158,-35.566271,501.291,128
910,1779711020990319783,1779711020954502130,-35.817653,148.972,128
911,1779711020991366170,1779711020955798413,-35.567757,296.283,128
912,1779711020992803876,1779711020956983059,-35.820817,184.646,128
913,1779711020994025666,1779711020958150165,-35.875501,167.106,128
914,1779711020995226416,1779711020961315735,-33.910681,2165.57,128
915,1779711020998285038,1779711020962967263,-35.317775,651.528,128
916,1779711020999943852,1779711020964006272,-35.93758,39.009,128
917,1779711021000985692,1779711020964980450,-36.005242,-25.822,128
918,1779711021001927291,1779711020966091310,-35.835981,110.86,128
919,1779711021003090658,1779711020967311106,-35.779552,219.796,128
920,1779711021004263634,1779711020968321319,-35.942315,10.213,128
921,1779711021005309121,1779711020969891569,-35.417552,570.25,128
922,1779711021006918471,1779711020971281322,-35.637149,389.753,128
923,1779711021008196894,1779711020972255022,-35.941872,-26.3,128
924,1779711021009183203,1779711020973008778,-36.174425,-246.244,128
925,1779711021010072295,1779711020973871404,-36.200891,-137.374,128
926,1779711021010880753,1779711020974956554,-35.924199,85.15,128
927,1779711021011941148,1779711020975880670,-36.060478,-75.884,128
928,1779711021012892385,1779711020976999973,-35.892412,119.303,128
929,1779711021014019639,1779711020979333387,-34.686252,1333.414,128
930,1779711021016210554,1779711020980230116,-35.980438,-103.271,128
931,1779711021017233857,1779711020981344381,-35.889476,114.265,128
932,1779711021018260125,1779711020982329399,-35.930726,-14.982,128
933,1779711021019361588,1779711020983512863,-35.848725,183.464,128
934,1779711021020502999,1779711020985237725,-35.265274,724.862,128
935,1779711021022023908,1779711020986087533,-35.936375,-150.192,128
936,1779711021023164186,1779711020987421845,-35.742341,334.312,128
937,1779711021024425425,1779711020988606217,-35.819208,184.372,128
938,1779711021025607684,1779711020989646109,-35.961575,39.892,128
939,1779711021026702138,1779711020990801833,-35.900305,155.724,128
940,1779711021027703821,1779711020992033863,-35.669958,232.03,128
941,1779711021028931310,1779711020993055997,-35.875313,22.134,128
942,1779711021030061321,1779711020994339381,-35.72194,283.384,128
943,1779711021031297717,1779711020995285146,-36.012571,-54.235,128
944,1779711021032300838,1779711020996471061,-35.829777,185.915,128
945,1779711021033414343,1779711020997497152,-35.917191,26.091,128
946,1779711021034413611,1779711020998898518,-35.515093,401.366,128
947,1779711021035086230,1779711020999301684,-35.784546,-596.834,128
948,1779711021036251252,1779711021000725061,-35.526191,423.377,128
949,1779711021037660560,1779711021002343466,-35.317094,618.405,128
950,1779711021039383872,1779711021004053067,-35.330805,709.601,128
951,1779711021040943266,1779711021004939066,-36.0042,-114.001,128
952,1779711021041921635,1779711021006473627,-35.448008,534.561,128
953,1779711021043733382,1779711021011330851,-32.402531,3857.224,128
954,1779711021048250048,1779711021013338309,-34.911739,1007.458,128
955,1779711021050267860,1779711021015005496,-35.262364,667.187,128
956,1779711021051933374,1779711021015855222,-36.078152,-150.274,128
957,1779711021052791904,1779711021017520671,-35.271233,665.449,128
958,1779711021054476728,1779711021019270152,-35.206576,749.481,128
959,1779711021056177732,1779711021020905911,-35.271821,635.759,128
960,1779711021057856083,1779711021022219918,-35.636165,314.007,128
961,1779711021059176382,1779711021023356146,-35.820236,136.228,128
962,1779711021060373606,1779711021025567657,-34.805949,1211.511,128
963,1779711021062484509,1779711021026555614,-35.928895,-12.043,128
964,1779711021063652219,1779711021028019813,-35.632406,464.199,128
965,1779711021064828229,1779711021028839486,-35.988743,-180.327,128
966,1779711021065914603,1779711021031922634,-33.991969,2083.148,128
967,1779711021069047424,1779711021033400734,-35.64669,478.1,128
968,1779711021070342674,1779711021043135134,-27.20754,8734.4,128
969,1779711021079938944,1779711021044119751,-35.819193,-15.383,128
970,1779711021081096671,1779711021045366292,-35.730379,246.541,128
971,1779711021082365168,1779711021046553782,-35.811386,187.49,128
972,1779711021083558699,1779711021048242502,-35.316197,688.72,128
973,1779711021085138631,1779711021049492350,-35.646281,249.848,128
974,1779711021086493781,1779711021051016878,-35.476903,524.528,128
975,1779711021087764651,1779711021051964452,-35.800199,-52.426,128
976,1779711021088876695,1779711021053356109,-35.520586,391.657,128
977,1779711021090352409,1779711021054829741,-35.522668,473.632,128
978,1779711021091830307,1779711021056440743,-35.389564,611.002,128
979,1779711021093397908,1779711021066737018,-26.66089,9296.275,128
980,1779711021103628110,1779711021067891872,-35.736238,154.854,128
981,1779711021104846858,1779711021068690567,-36.156291,-201.305,128
982,1779711021105695188,1779711021069655880,-36.039308,-34.687,128
983,1779711021106642960,1779711021070727444,-35.915516,71.564,128
984,1779711021107479633,1779711021073261567,-34.218066,1534.123,128
985,1779711021110140752,1779711021074474677,-35.666075,213.11,128
986,1779711021111523498,1779711021075776837,-35.746661,302.16,128
987,1779711021112776435,1779711021076656943,-36.119492,-119.894,128
988,1779711021113702449,1779711021077819886,-35.882563,162.943,128
989,1779711021114768254,1779711021078834185,-35.934069,14.299,128
990,1779711021115795041,1779711021079852134,-35.942907,17.949,128
991,1779711021116814753,1779711021080465388,-36.349365,-386.746,128
992,1779711021117411977,1779711021081931215,-35.480762,465.827,128
993,1779711021118729237,1779711021082633424,-36.095813,-297.791,128
994,1779711021119632660,1779711021083651864,-35.980796,18.44,128
995,1779711021120644552,1779711021084558365,-36.086187,-93.499,128
996,1779711021121625380,1779711021085665610,-35.95977,107.245,128
997,1779711021122667430,1779711021086838749,-35.828681,173.139,128
998,1779711021123840111,1779711021088036735,-35.803376,197.986,128
999,1779711021124879638,1779711021089063719,-35.815919,26.984,128
1000,1779711021126023481,1779711021090010950,-36.012531,-52.769,128
1001,1779711021127057778,1779711021091288255,-35.769523,277.305,128
1002,1779711021128109666,1779711021092081572,-36.028094,-206.683,128
1003,1779711021129142409,1779711021093065107,-36.077302,-16.465,128
1004,1779711021130050554,1779711021094223265,-35.827289,158.158,128
1005,1779711021130999253,1779711021095003302,-35.995951,-219.963,128
1006,1779711021131997285,1779711021095955918,-36.041367,-47.384,128
1007,1779711021132977205,1779711021097102702,-35.874503,146.784,128
1008,1779711021134121706,1779711021098163164,-35.958542,60.462,128
1009,1779711021135136153,1779711021099027683,-36.10847,-135.481,128
1010,1779711021136083062,1779711021100071752,-36.01131,44.069,128
1011,1779711021137083688,1779711021101098378,-35.98531,26.626,128
1012,1779711021138061703,1779711021102079512,-35.982191,-18.866,128
1013,1779711021139116754,1779711021103215293,-35.901461,135.781,128
1014,1779711021140141584,1779711021104019391,-36.122193,-195.902,128
1015,1779711021141102250,1779711021105012720,-36.08953,-6.671,128
1016,1779711021142076282,1779711021106009614,-36.066668,-3.106,128
1017,1779711021143107935,1779711021107266769,-35.841166,257.155,128
1018,1779711021144281759,1779711021108347365,-35.934394,80.596,128
1019,1779711021145337767,1779711021109227137,-36.11063,-120.228,128
1020,1779711021146237851,1779711021110113190,-36.124661,-113.947,128
1021,1779711021147204533,1779711021111312455,-35.892078,199.265,128
1022,1779711021148390609,1779711021112512697,-35.877912,200.242,128
1023,1779711021149636567,1779711021113593259,-36.043308,80.562,128
1024,1779711021150673062,1779711021114842228,-35.830834,248.969,128
1025,1779711021151878868,1779711021115998866,-35.880002,156.638,128
1026,1779711021153065164,1779711021117228420,-35.836744,229.554,128
1027,1779711021154229740,1779711021117955585,-36.274155,-272.835,128
1028,1779711021155041857,1779711021118840257,-36.2016,-115.328,128
1029,1779711021155919018,1779711021119592869,-36.326149,-247.388,128
1030,1779711021156672911,1779711021120835663,-35.837248,242.794,128
1031,1779711021157829826,1779711021121743970,-36.085856,-91.693,128
1032,1779711021158784779,1779711021122714129,-36.07065,-29.841,128
1033,1779711021159756908,1779711021123731416,-36.025492,17.287,128
1034,1779711021160803869,1779711021124861637,-35.942232,130.221,128
1035,1779711021161931512,1779711021125859340,-36.072172,-2.297,128
1036,1779711021162916486,1779711021126938533,-35.977953,79.193,128
1037,1779711021164026618,1779711021127960036,-36.066582,21.503,128
1038,1779711021165048348,1779711021128973854,-36.074494,13.818,128
1039,1779711021166056175,1779711021129858517,-36.197658,-115.337,128
1040,1779711021166950984,1779711021130773508,-36.177476,-85.009,128
1041,1779711021167774526,1779711021131447495,-36.327031,-326.013,128
1042,1779711021168471588,1779711021132609129,-35.862459,161.634,128
1043,1779711021169659981,1779711021133762449,-35.897532,153.32,128
1044,1779711021170815764,1779711021134968837,-35.846927,206.388,128
1045,1779711021172013060,1779711021135913749,-36.099311,-55.088,128
1046,1779711021172999049,1779711021137034021,-35.965028,120.272,128
1047,1779711021174050469,1779711021137974592,-36.075877,-59.429,128
1048,1779711021175026441,1779711021138959004,-36.067437,-15.588,128
1049,1779711021176034548,1779711021140294977,-35.739571,335.973,128
1050,1779711021177130365,1779711021141364594,-35.765771,69.617,128
1051,1779711021178158683,1779711021142280437,-35.878246,-84.157,128
1052,1779711021179091405,1779711021144418165,-34.67324,1137.728,128
1053,1779711021181594291,1779711021147369531,-34.22476,1951.366,128
1054,1779711021184409089,1779711021148438079,-35.97101,68.548,128
1055,1779711021185482475,1779711021149535558,-35.946917,97.479,128
1056,1779711021186659750,1779711021150959097,-35.700653,423.539,128
1057,1779711021187825762,1779711021151684583,-36.141179,-274.514,128
1058,1779711021188734178,1779711021153222310,-35.511868,537.727,128
1059,1779711021190157921,1779711021154077870,-36.080051,-144.44,128
1060,1779711021191121041,1779711021155145805,-35.975236,67.935,128
1061,1779711021192162934,1779711021156383634,-35.7793,237.829,128
1062,1779711021193246489,1779711021157377169,-35.86932,-6.465,128
1063,1779711021194272576,1779711021158423415,-35.849161,46.246,128
1064,1779711021195346485,1779711021159600291,-35.746194,176.876,128
1065,1779711021196506353,1779711021160564519,-35.941834,-35.772,128
1066,1779711021197630717,1779711021161923636,-35.707081,359.117,128
1067,1779711021198939071,1779711021162805731,-36.13334,-117.905,128
1068,1779711021199856647,1779711021164161345,-35.695302,355.614,128
1069,1779711021201080961,1779711021165278808,-35.802153,117.463,128
1070,1779711021202290822,1779711021166291911,-35.998911,13.103,128
1071,1779711021203331652,1779711021167450901,-35.880751,158.99,128
1072,1779711021204558274,1779711021168687284,-35.87099,236.383,128
1073,1779711021205618280,1779711021169585928,-36.032352,-101.356,128
1074,1779711021206699345,1779711021170782854,-35.916491,196.926,128
1075,1779711021207762409,1779711021171613701,-36.148708,-169.153,128
1076,1779711021208653948,1779711021172532887,-36.121061,-80.814,128
1077,1779711021209642779,1779711021173656347,-35.986432,123.46,128
1078,1779711021210741999,1779711021175336545,-35.405454,680.198,128
1079,1779711021212302268,1779711021176490568,-35.8117,154.023,128
1080,1779711021213614259,1779711021177900657,-35.713602,410.089,128
1081,1779711021214882325,1779711021178929912,-35.952413,29.255,128
1082,1779711021215987673,1779711021179994501,-35.993172,64.589,128
1083,1779711021217037401,1779711021181054026,-35.983375,59.525,128
1084,1779711021218092911,1779711021182053186,-36.039725,-0.84,128
1085,1779711021219100019,1779711021183129072,-35.970947,75.886,128
1086,1779711021220177261,1779711021184562168,-35.615093,433.096,128
1087,1779711021221659905,1779711021185371244,-36.288661,-190.924,128
1088,1779711021222442534,1779711021186385761,-36.056773,14.517,128
1089,1779711021223433078,1779711021187133136,-36.299942,-252.625,128
1090,1779711021224192856,1779711021187882166,-36.31069,-250.97,128
1091,1779711021224949634,1779711021188589069,-36.360565,-293.097,128
1092,1779711021225664088,1779711021189330037,-36.334051,-259.032,128
1093,1779711021226389078,1779711021190213875,-36.175203,-116.162,128
1094,1779711021227233624,1779711021191354045,-35.879579,140.17,128
1095,1779711021228385871,1779711021192263670,-36.122201,-90.375,128
1096,1779711021229284672,1779711021193227838,-36.056834,-35.832,128
1097,1779711021230174881,1779711021194139809,-36.035072,-88.029,128
1098,1779711021231112789,1779711021195217150,-35.895639,77.341,128
1099,1779711021232235919,1779711021196117859,-36.11806,-99.291,128
1100,1779711021233168832,1779711021197430666,-35.738166,312.807,128
1101,1779711021234444113,1779711021198298073,-36.14604,-132.593,128
1102,1779711021235352382,1779711021199486304,-35.866078,188.231,128
1103,1779711021236612387,1779711021200571590,-36.040797,85.286,128
1104,1779711021237681417,1779711021201933221,-35.748196,361.631,128
1105,1779711021238956995,1779711021203104096,-35.852899,170.875,128
1106,1779711021240131832,1779711021204048792,-36.08304,-55.304,128
1107,1779711021241113592,1779711021205319411,-35.794181,270.619,128
1108,1779711021242335200,1779711021206305366,-36.029834,-14.045,128
1109,1779711021243356525,1779711021207217623,-36.138902,-87.743,128
1110,1779711021244260097,1779711021208395819,-35.864278,178.196,128
1111,1779711021245370043,1779711021209433331,-35.936712,37.512,128
1112,1779711021246514459,1779711021210713764,-35.800695,280.433,128
1113,1779711021247604823,1779711021211863423,-35.7414,149.659,128
1114,1779711021248859322,1779711021212867405,-35.991917,3.982,128
1115,1779711021249946571,1779711021214069177,-35.877394,201.772,128
1116,1779711021250995350,1779711021214963427,-36.031923,-105.75,128
1117,1779711021251991557,1779711021215212850,-36.778707,-750.577,128
1118,1779711021252250235,1779711021216461867,-35.788368,249.017,128
1119,1779711021253311341,1779711021217003962,-36.307379,-457.905,128
1120,1779711021254048724,1779711021219057439,-34.991285,1053.477,128
1121,1779711021255862114,1779711021219918280,-35.943834,-139.159,128
1122,1779711021256982408,1779711021221010337,-35.972071,92.057,128
1123,1779711021258040176,1779711021222114420,-35.925756,104.083,128
1124,1779711021259162836,1779711021223110978,-36.051858,-3.442,128
1125,1779711021260174007,1779711021224132781,-36.041226,21.803,128
1126,1779711021261135454,1779711021224817558,-36.317896,-315.223,128
1127,1779711021261871982,1779711021225672635,-36.199347,-144.923,128
1128,1779711021262714977,1779711021226697471,-36.017506,24.836,128
1129,1779711021263752392,1779711021227505971,-36.246421,-191.5,128
1130,1779711021264499711,1779711021228463063,-36.036648,-42.908,128
1131,1779711021265514424,1779711021229515086,-35.999338,52.023,128
1132,1779711021266635964,1779711021230530892,-36.105072,15.806,128
1133,1779711021267515259,1779711021231614169,-35.90109,83.277,128
1134,1779711021268684962,1779711021232571558,-36.113404,-42.611,128
1135,1779711021269649277,1779711021233437954,-36.211323,-133.604,128
1136,1779711021270501019,1779711021234519226,-35.981793,81.272,128
1137,1779711021271545450,1779711021236354406,-35.191044,835.18,128
1138,1779711021272793182,1779711021236800279,-35.992903,-554.127,128
1139,1779711021273852075,1779711021237641513,-36.210562,-158.766,128
1140,1779711021274704068,1779711021239006702,-35.697366,365.189,128
1141,1779711021276055283,1779711021244121911,-31.933372,4115.209,128
1142,1779711021281159169,1779711021247732741,-33.426428,2610.83,128
1143,1779711021282210505,1779711021247741584,-34.468921,-991.157,128
1144,1779711021283165976,1779711021247743477,-35.422499,-998.107,128
1145,1779711021283997625,1779711021247745905,-36.25172,-997.572,128
1146,1779711021284732710,1779711021248663256,-36.069454,-82.649,128
1147,1779711021285781377,1779711021249869456,-35.911921,206.2,128
1148,1779711021286911228,1779711021251530372,-35.380856,660.916,128
1149,1779711021288081517,1779711021252270693,-35.810824,-259.679,128
1150,1779711021289142048,1779711021254114537,-35.027511,843.844,128
1151,1779711021291004065,1779711021255569126,-35.434939,454.589,128
1152,1779711021292506770,1779711021257685855,-34.820915,1116.729,128
1153,1779711021294820365,1779711021262110369,-32.709996,3424.514,128
1154,1779711021298751482,1779711021263242587,-35.508895,132.218,128
1155,1779711021300083870,1779711021264266461,-35.817409,23.874,128
1156,1779711021301151318,1779711021265141491,-36.009827,-124.97,128
1157,1779711021302215172,1779711021266678382,-35.53679,536.891,128
1158,1779711021303227491,1779711021267637731,-35.58976,-40.651,128
1159,1779711021304606509,1779711021268619275,-35.987234,-18.456,128
1160,1779711021305589889,1779711021270148692,-35.441197,529.417,128
1161,1779711021306889385,1779711021271045959,-35.843426,-102.733,128
1162,1779711021308020807,1779711021272419775,-35.601032,373.816,128
1163,1779711021309304526,1779711021273465281,-35.839245,45.506,128
1164,1779711021310446407,1779711021274460071,-35.986336,-5.21,128
1165,1779711021311384780,1779711021275797152,-35.587628,337.081,128
1166,1779711021312701523,1779711021276537408,-36.164115,-259.744,128
1167,1779711021313522109,1779711021277702842,-35.819267,165.434,128
1168,1779711021314685338,1779711021278576420,-36.108918,-126.422,128
1169,1779711021315626159,1779711021279838351,-35.787808,261.931,128
1170,1779711021316793299,1779711021281694968,-35.098331,856.617,128
1171,1779711021318016772,1779711021282131230,-35.885542,-563.738,128
1172,1779711021318983225,1779711021282918126,-36.065099,-213.104,128
1173,1779711021319901169,1779711021284771361,-35.129808,853.235,128
1174,1779711021321377976,1779711021285689021,-35.688955,-82.34,128
1175,1779711021322593361,1779711021286786584,-35.806777,97.563,128
1176,1779711021323792598,1779711021287976844,-35.815754,190.26,128
1177,1779711021325026596,1779711021289323264,-35.703332,346.42,128
1178,1779711021326301581,1779711021290366510,-35.935071,43.246,128
1179,1779711021327408407,1779711021291343739,-36.064668,-22.771,128
1180,1779711021328350689,1779711021292430384,-35.920305,86.645,128
1181,1779711021329489099,1779711021293853413,-35.635686,423.029,128
1182,1779711021330807662,1779711021295230815,-35.576847,377.402,128
1183,1779711021332142013,1779711021296364507,-35.777506,133.692,128
1184,1779711021333377202,1779711021297400964,-35.976238,36.457,128
1185,1779711021334412612,1779711021298607718,-35.804894,206.754,128
1186,1779711021335528023,1779711021299798309,-35.729714,190.591,128
1187,1779711021336730503,1779711021301207033,-35.52347,408.724,128
1188,1779711021338115322,1779711021302152310,-35.963012,-54.723,128
1189,1779711021339140746,1779711021303148259,-35.992487,-4.051,128
1190,1779711021340194203,1779711021304337474,-35.856729,189.215,128
1191,1779711021341300163,1779711021305405838,-35.894325,68.364,128
1192,1779711021342358748,1779711021306622846,-35.735902,217.008,128
1193,1779711021343623684,1779711021307858035,-35.765649,235.189,128
1194,1779711021344820091,1779711021309074120,-35.745971,216.085,128
1195,1779711021345937572,1779711021309577662,-36.35991,-496.458,128
1196,1779711021346643218,1779711021310598796,-36.044422,21.134,128
1197,1779711021347613631,1779711021311656554,-35.957077,57.758,128
1198,1779711021348747902,1779711021312807569,-35.940333,151.015,128
1199,1779711021349793500,1779711021313828661,-35.964839,21.092,128
1200,1779711021350786565,1779711021314862877,-35.923688,34.216,128
1201,1779711021351861318,1779711021315988594,-35.872724,125.717,128
1202,1779711021352892661,1779711021316939157,-35.953504,-49.437,128
1203,1779711021353941805,1779711021318220867,-35.720938,281.71,128
1204,1779711021355125973,1779711021319415267,-35.710706,194.4,128
1205,1779711021356349034,1779711021320255790,-36.093244,-159.477,128
1206,1779711021357273536,1779711021321801878,-35.471658,546.088,128
1207,1779711021358781175,1779711021322895281,-35.885894,93.403,128
1208,1779711021359866070,1779711021323936863,-35.929207,41.582,128
1209,1779711021360960859,1779711021325045633,-35.915226,108.77,128
1210,1779711021362055350,1779711021326213716,-35.841634,168.083,128
1211,1779711021363181985,1779711021327011513,-36.170472,-202.203,128
1212,1779711021364084015,1779711021328282890,-35.801125,271.377,128
1213,1779711021365204667,1779711021329034748,-36.169919,-248.142,128
1214,1779711021366108787,1779711021330100864,-36.007923,66.116,128
1215,1779711021367177085,1779711021331529109,-35.647976,428.245,128
1216,1779711021368455975,1779711021332549734,-35.906241,20.625,128
1217,1779711021369570236,1779711021333710539,-35.859697,160.805,128
1218,1779711021370693454,1779711021334552702,-36.140752,-157.837,128
1219,1779711021371531565,1779711021335253427,-36.278138,-299.275,128
1220,1779711021372254368,1779711021336317463,-35.936905,64.036,128
1221,1779711021373314472,1779711021337260894,-36.053578,-56.569,128
1222,1779711021374291354,1779711021338347854,-35.9435,86.96,128
1223,1779711021375365021,1779711021339686002,-35.679019,338.148,128
1224,1779711021376690292,1779711021340554894,-36.135398,-131.108,128
1225,1779711021377509547,1779711021341917772,-35.591775,362.878,128
1226,1779711021378833529,1779711021342857340,-35.976189,-60.432,128
1227,1779711021379844491,1779711021343569067,-36.275424,-288.273,128
1228,1779711021380671629,1779711021344748828,-35.922801,179.761,128
1229,1779711021381742792,1779711021345828778,-35.914014,79.95,128
1230,1779711021382837786,1779711021347017308,-35.820478,188.53,128
1231,1779711021384034906,1779711021348227536,-35.80737,210.228,128
1232,1779711021385154447,1779711021348996706,-36.157741,-230.83,128
1233,1779711021386071234,1779711021350020309,-36.050925,23.603,128
1234,1779711021387090837,1779711021351239366,-35.851471,219.057,128
1235,1779711021388187046,1779711021352589111,-35.597935,349.745,128
1236,1779711021389359874,1779711021353850727,-35.509147,261.616,128
1237,1779711021390867371,1779711021354909554,-35.957817,58.827,128
1238,1779711021391914843,1779711021355936317,-35.978526,26.763,128
1239,1779711021392903758,1779711021356884050,-36.019708,-52.267,128
1240,1779711021393891631,1779711021358024857,-35.866774,140.807,128
1241,1779711021394969653,1779711021359175488,-35.794165,150.631,128
1242,1779711021395990772,1779711021359550706,-36.440066,-624.782,128
1243,1779711021396766117,1779711021361920462,-34.845655,1369.756,128
1244,1779711021398849676,1779711021363364647,-35.485029,444.185,128
1245,1779711021400312082,1779711021364457549,-35.854533,92.902,128
1246,1779711021401376111,1779711021365667036,-35.709075,209.487,128
1247,1779711021402683026,1779711021366616668,-36.066358,-50.368,128
1248,1779711021403638289,1779711021368057252,-35.581037,440.584,128
1249,1779711021405019190,1779711021369183148,-35.836042,125.896,128
1250,1779711021406071126,1779711021370107491,-35.963635,-75.657,128
1251,1779711021407004581,1779711021371011937,-35.992644,-95.554,128
1252,1779711021408004688,1779711021372033029,-35.971659,21.092,128
1253,1779711021408878330,1779711021372982356,-35.895974,-50.673,128
1254,1779711021409988759,1779711021373922568,-36.066191,-59.788,128
1255,1779711021410944563,1779711021374995463,-35.9491,72.895,128
1256,1779711021411967949,1779711021376049614,-35.918335,54.151,128
1257,1779711021412989427,1779711021376898706,-36.090721,-150.908,128
1258,1779711021413913991,1779711021377962887,-35.951104,64.181,128
1259,1779711021415044341,1779711021379475747,-35.568594,512.86,128
1260,1779711021416264201,1779711021380329361,-35.93484,-146.386,128
1261,1779711021417279771,1779711021381347276,-35.932495,17.915,128
1262,1779711021418303528,1779711021382278167,-36.025361,-69.109,128
1263,1779711021419303871,1779711021383562985,-35.740886,284.818,128
1264,1779711021420582458,1779711021384596576,-35.985882,33.591,128
1265,1779711021421651842,1779711021385728032,-35.92381,131.456,128
1266,1779711021422728072,1779711021386976097,-35.751975,248.065,128
1267,1779711021423752774,1779711021387796677,-35.956097,-179.42,128
1268,1779711021424768977,1779711021388573626,-36.195351,-223.051,128
1269,1779711021425549351,1779711021389712460,-35.836891,138.834,128
1270,1779711021426731660,1779711021390544671,-36.186989,-167.789,128
1271,1779711021427514511,1779711021391438160,-36.076351,-106.511,128
1272,1779711021428510089,1779711021392898538,-35.611551,460.378,128
1273,1779711021429809804,1779711021393688893,-36.120911,-209.645,128
1274,1779711021430679703,1779711021394855814,-35.823889,166.921,128
1275,1779711021431822791,1779711021395683646,-36.139145,-172.168,128
1276,1779711021432698541,1779711021397253909,-35.444632,570.263,128
1277,1779711021433925175,1779711021398039878,-35.885297,-214.031,128
1278,1779711021435084097,1779711021399126274,-35.957823,86.396,128
1279,1779711021436122913,1779711021400253210,-35.869703,126.936,128
1280,1779711021437174225,1779711021401349098,-35.825127,95.888,128
1281,1779711021438299853,1779711021402497248,-35.802605,148.15,128
1282,1779711021439508912,1779711021403608103,-35.900809,110.855,128
1283,1779711021440650105,1779711021404531228,-36.118877,-76.875,128
1284,1779711021441547337,1779711021405383638,-36.163699,-147.59,128
1285,1779711021442381909,1779711021406250475,-36.131434,-133.163,128
1286,1779711021443272901,1779711021407173001,-36.0999,-77.474,128
1287,1779711021444181240,1779711021408317238,-35.864002,144.237,128
1288,1779711021445198908,1779711021409219345,-35.979563,-97.893,128
1289,1779711021446197748,1779711021410010627,-36.187121,-208.718,128
1290,1779711021447108857,1779711021411230913,-35.877944,220.286,128
1291,1779711021448226869,1779711021412236187,-35.990682,5.274,128
1292,1779711021449207943,1779711021413542749,-35.665194,306.562,128
1293,1779711021450531122,1779711021414716343,-35.814779,173.594,128
1294,1779711021451862162,1779711021415951448,-35.910714,235.105,128
1295,1779711021453002120,1779711021417102598,-35.899522,151.15,128
1296,1779711021454154812,1779711021418241262,-35.91355,138.664,128
1297,1779711021455223008,1779711021419220852,-36.002156,-20.41,128
1298,1779711021456209486,1779711021420100496,-36.10899,-120.356,128
1299,1779711021457191302,1779711021421029342,-36.16196,-71.154,128
1300,1779711021458166767,1779711021422316312,-35.850455,286.97,128
1301,1779711021459274200,1779711021423253342,-36.020858,-62.97,128
1302,1779711021460297537,1779711021426239106,-34.058431,1985.764,128
1303,1779711021461306040,1779711021426246185,-35.059855,-992.921,128
1304,1779711021462448578,1779711021426248174,-36.200404,-998.011,128
1305,1779711021463267241,1779711021427236387,-36.030854,-11.787,128
1306,1779711021464298102,1779711021428378966,-35.919136,142.579,128
1307,1779711021465417809,1779711021429261300,-36.156509,-117.666,128
1308,1779711021466341015,1779711021430447089,-35.893926,185.789,128
1309,1779711021467390353,1779711021431522335,-35.868018,75.246,128
1310,1779711021468453770,1779711021432630275,-35.823495,107.94,128
1311,1779711021469709019,1779711021433924296,-35.784723,294.021,128
1312,1779711021470958303,1779711021434863187,-36.095116,-61.109,128
1313,1779711021471894600,1779711021435924062,-35.970538,60.875,128
1314,1779711021472922768,1779711021436910949,-36.011819,-13.113,128
1315,1779711021473949212,1779711021438007435,-35.941777,96.486,128
1316,1779711021475041365,1779711021439130549,-35.910816,123.114,128
1317,1779711021476153953,1779711021440304106,-35.849847,173.557,128
1318,1779711021477326779,1779711021441375358,-35.951421,71.252,128
1319,1779711021478392418,1779711021442363453,-36.028965,-11.905,128
1320,1779711021479386892,1779711021443849026,-35.537866,485.573,128
1321,1779711021480910544,1779711021445100706,-35.809838,251.68,128
1322,1779711021482154638,1779711021445987589,-36.167049,-113.117,128
1323,1779711021483021077,1779711021446992019,-36.029058,4.43,128
1324,1779711021484039383,1779711021448182819,-35.856564,190.8,128
1325,1779711021485195754,1779711021449308143,-35.887611,125.324,128
1326,1779711021486322130,1779711021450251915,-36.070215,-56.228,128
1327,1779711021487246166,1779711021452107369,-35.138797,855.454,128
1328,1779711021489118169,1779711021453032900,-36.085269,-74.469,128
1329,1779711021489938404,1779711021454321358,-35.617046,288.458,128
1330,1779711021491315775,1779711021455972301,-35.343474,650.943,128
1331,1779711021492925154,1779711021457033363,-35.891791,61.062,128
1332,1779711021494062895,1779711021458119212,-35.943683,85.849,128
1333,1779711021495092376,1779711021459332119,-35.760257,212.907,128
1334,1779711021496255103,1779711021460509696,-35.745407,177.577,128
1335,1779711021497470307,1779711021461703002,-35.767305,193.306,128
1336,1779711021498710938,1779711021462749024,-35.961914,46.022,128
1337,1779711021499782182,1779711021463574635,-36.207547,-174.389,128
1338,1779711021500670607,1779711021464542743,-36.127864,-31.892,128
1339,1779711021501618869,1779711021465580936,-36.037933,38.193,128
1340,1779711021502630565,1779711021466571024,-36.059541,-9.912,128
1341,1779711021503644510,1779711021468088456,-35.556054,517.432,128
1342,1779711021505079477,1779711021469254548,-35.824929,166.092,128
1343,1779711021506092455,1779711021470018644,-36.073811,-235.904,128
1344,1779711021507027076,1779711021471133982,-35.893094,115.338,128
1345,1779711021508073240,1779711021472094560,-35.97868,-39.422,128
1346,1779711021509041208,1779711021472970078,-36.07113,-124.482,128
1347,1779711021510001623,1779711021473937644,-36.063979,-32.434,128
1348,1779711021510987665,1779711021474850258,-36.137407,-87.386,128
1349,1779711021511869724,1779711021475865103,-36.004621,14.845,128
1350,1779711021512909856,1779711021476979900,-35.929956,114.797,128
1351,1779711021514014231,1779711021477924902,-36.089329,-54.998,128
1352,1779711021514992981,1779711021478812585,-36.180396,-112.317,128
1353,1779711021515846148,1779711021479961943,-35.884205,149.358,128
1354,1779711021517066430,1779711021481269422,-35.797008,307.479,128
1355,1779711021518389035,1779711021482472099,-35.916936,202.677,128
1356,1779711021519603797,1779711021483486763,-36.117034,14.664,128
1357,1779711021520605592,1779711021485030332,-35.57526,543.569,128
1358,1779711021521627553,1779711021485639606,-35.987947,-390.726,128
1359,1779711021522704792,1779711021487115618,-35.589174,476.012,128
1360,1779711021524160880,1779711021487937522,-36.223358,-178.096,128
1361,1779711021524983207,1779711021488791040,-36.192167,-146.482,128
1362,1779711021525845077,1779711021489834596,-36.010481,43.556,128
1363,1779711021526856951,1779711021491144967,-35.711984,310.371,128
1364,1779711021528230557,1779711021492116101,-36.114456,-28.866,128
1365,1779711021529144316,1779711021493049836,-36.09448,-66.265,128
1366,1779711021530073344,1779711021494160422,-35.912922,110.586,128
1367,1779711021531110634,1779711021495281834,-35.8288,121.412,128
1368,1779711021532302142,1779711021496436482,-35.86566,154.648,128
1369,1779711021533457623,1779711021497676308,-35.781315,239.826,128
1370,1779711021534638374,1779711021498679335,-35.959039,3.027,128
1371,1779711021535619322,1779711021499896025,-35.723297,216.69,128
1372,1779711021536918732,1779711021500806686,-36.112046,-89.339,128
1373,1779711021537853799,1779711021501849393,-36.004406,42.707,128
1374,1779711021538864347,1779711021502914677,-35.94967,65.284,128
1375,1779711021539970053,1779711021503866831,-36.103222,-47.846,128
1376,1779711021540889129,1779711021504793529,-36.0956,-73.302,128
1377,1779711021541839777,1779711021506003331,-35.836446,209.802,128
1378,1779711021543029746,1779711021506915609,-36.114137,-87.722,128
1379,1779711021543950552,1779711021507939323,-36.011229,23.714,128
1380,1779711021544969241,1779711021508989854,-35.979387,50.531,128
1381,1779711021545995767,1779711021509923721,-36.072046,-66.133,128
1382,1779711021546980026,1779711021510576607,-36.403419,-347.114,128
1383,1779711021547759447,1779711021511690374,-36.069073,113.767,128
1384,1779711021548764996,1779711021512797304,-35.967692,106.93,128
1385,1779711021549807008,1779711021513692635,-36.114373,-104.669,128
1386,1779711021550697257,1779711021515276370,-35.420887,583.735,128
1387,1779711021552292790,1779711021516142491,-36.150299,-133.879,128
1388,1779711021553221962,1779711021516826355,-36.395607,-316.136,128
1389,1779711021553876748,1779711021517737168,-36.13958,-89.187,128
1390,1779711021554813494,1779711021518379374,-36.43412,-357.794,128
1391,1779711021555302379,1779711021519273927,-36.028452,-105.447,128
1392,1779711021556318441,1779711021520297082,-36.021359,23.155,128
1393,1779711021557288323,1779711021521395818,-35.892505,98.736,128
1394,1779711021558424207,1779711021522525033,-35.899174,129.215,128
1395,1779711021559530008,1779711021523432830,-36.097178,-92.203,128
1396,1779711021560461367,1779711021524356673,-36.104694,-76.157,128
1397,1779711021561418964,1779711021525830498,-35.588466,473.825,128
1398,1779711021562871564,1779711021527013165,-35.858399,182.667,128
1399,1779711021564053402,1779711021528213875,-35.839527,200.71,128
1400,1779711021565179252,1779711021529312556,-35.866696,98.681,128
1401,1779711021566359003,1779711021530335302,-36.023701,22.746,128
1402,1779711021567319849,1779711021531199802,-36.120047,-135.5,128
1403,1779711021568262406,1779711021532283874,-35.978532,84.072,128
1404,1779711021569262705,1779711021533295691,-35.967014,11.817,128
1405,1779711021570352803,1779711021534125846,-36.226957,-169.845,128
1406,1779711021571204209,1779711021535164197,-36.040012,38.351,128
1407,1779711021572310791,1779711021536292872,-36.017919,128.675,128
1408,1779711021573331838,1779711021537491747,-35.840091,198.875,128
1409,1779711021574598637,1779711021538517318,-36.081319,25.571,128
1410,1779711021575545890,1779711021539578062,-35.967828,60.744,128
1411,1779711021576701039,1779711021540763056,-35.937983,184.994,128
1412,1779711021577819416,1779711021541798748,-36.020668,35.692,128
1413,1779711021578893193,1779711021542893213,-35.99998,94.465,128
1414,1779711021579944587,1779711021543945822,-35.998765,52.609,128
1415,1779711021580958923,1779711021544935424,-36.023499,-10.398,128
1416,1779711021582421847,1779711021546444975,-35.976872,509.551,128
1417,1779711021583484215,1779711021547703908,-35.780307,258.933,128
1418,1779711021584729056,1779711021548971373,-35.757683,267.465,128
1419,1779711021586008535,1779711021550058983,-35.949552,87.61,128
1420,1779711021587123007,1779711021551222288,-35.900719,163.305,128
1421,1779711021588283814,1779711021551950027,-36.333787,-272.261,128
1422,1779711021588988995,1779711021552993452,-35.995543,43.425,128
1423,1779711021590035394,1779711021555599432,-34.435962,1605.98,128
1424,1779711021591311799,1779711021555606888,-35.704911,-992.544,128
1425,1779711021592550153,1779711021557857536,-34.692617,1250.648,128
1426,1779711021594888227,1779711021559393172,-35.495055,535.636,128
1427,1779711021596330087,1779711021560336749,-35.993338,-56.423,128
1428,1779711021597367576,1779711021561676589,-35.690987,339.84,128
1429,1779711021598655344,1779711021562764299,-35.891045,87.71,128
1430,1779711021599818172,1779711021564040244,-35.777928,275.945,128
1431,1779711021600976425,1779711021565100161,-35.876264,59.917,128
1432,1779711021602098261,1779711021565919467,-36.178794,-180.694,128
1433,1779711021602932073,1779711021567402576,-35.529497,483.109,128
1434,1779711021604392976,1779711021568889709,-35.503267,487.133,128
1435,1779711021605889621,1779711021569828698,-36.060923,-61.011,128
1436,1779711021606860048,1779711021571365711,-35.494337,537.013,128
1437,1779711021608189911,1779711021572333145,-35.856766,-32.566,128
1438,1779711021609319675,1779711021573490606,-35.829069,157.461,128
1439,1779711021610442247,1779711021574445875,-35.996372,-44.731,128
1440,1779711021611472640,1779711021575439776,-36.032864,-6.099,128
1441,1779711021612492025,1779711021576990671,-35.501354,550.895,128
1442,1779711021613803690,1779711021577959847,-35.843843,-30.824,128
1443,1779711021614915101,1779711021578886421,-36.02868,-73.426,128
1444,1779711021615902213,1779711021579975395,-35.926818,88.974,128
1445,1779711021616960054,1779711021581298842,-35.661212,323.447,128
1446,1779711021618162367,1779711021582287688,-35.874679,-11.154,128
1447,1779711021619314386,1779711021583143462,-36.170924,-144.226,128
1448,1779711021620201222,1779711021584246307,-35.954915,102.845,128
1449,1779711021621311623,1779711021585392361,-35.919262,146.054,128
1450,1779711021622339846,1779711021586376435,-35.963411,-15.926,128
1451,1779711021623379875,1779711021587680212,-35.699663,303.777,128
1452,1779711021624672278,1779711021588619417,-36.052861,-60.795,128
1453,1779711021625620737,1779711021589898471,-35.722266,279.054,128
1454,1779711021626826504,1779711021590770136,-36.056368,-128.335,128
1455,1779711021627759383,1779711021591648241,-36.111142,-121.895,128
1456,1779711021628711313,1779711021592581681,-36.129632,-66.56,128
1457,1779711021629612272,1779711021593811914,-35.800358,230.233,128
1458,1779711021630779419,1779711021594746267,-36.033152,-65.647,128
1459,1779711021631749085,1779711021595718504,-36.030581,-27.763,128
1460,1779711021632731724,1779711021596649223,-36.082501,-69.281,128
1461,1779711021633665722,1779711021597551261,-36.114461,-97.962,128
1462,1779711021634495032,1779711021598414084,-36.080948,-137.177,128
1463,1779711021635410295,1779711021599594024,-35.816271,179.94,128
1464,1779711021636655364,1779711021601055773,-35.599591,461.749,128
1465,1779711021637683503,1779711021601863443,-35.82006,-192.33,128
1466,1779711021638875858,1779711021602964330,-35.911528,100.887,128
1467,1779711021639966815,1779711021604101694,-35.865121,137.364,128
1468,1779711021641072371,1779711021605078867,-35.993504,-22.827,128
1469,1779711021642092637,1779711021606089593,-36.003044,10.726,128
1470,1779711021643081881,1779711021607076134,-36.005747,-13.459,128
1471,1779711021644092117,1779711021608258836,-35.833281,182.702,128
1472,1779711021645091508,1779711021608988148,-36.10336,-270.688,128
1473,1779711021645997039,1779711021610088033,-35.909006,99.885,128
1474,1779711021647098346,1779711021611253781,-35.844565,165.748,128
1475,1779711021648133857,1779711021612327692,-35.806165,73.911,128
1476,1779711021649295299,1779711021613890285,-35.405014,562.593,128
1477,1779711021650913662,1779711021615876026,-35.037636,985.741,128
1478,1779711021652854990,1779711021617090507,-35.764483,214.481,128
1479,1779711021654034303,1779711021618034717,-35.999586,-55.79,128
1480,1779711021654978106,1779711021619359186,-35.61892,324.469,128
1481,1779711021656213982,1779711021620270704,-35.943278,-88.482,128
1482,1779711021657214827,1779711021621335033,-35.879794,64.329,128
1483,1779711021658345461,1779711021622011313,-36.334148,-323.72,128
1484,1779711021659078769,1779711021623009574,-36.069195,-1.739,128
1485,1779711021659982291,1779711021624062322,-35.919969,52.748,128
1486,1779711021661008534,1779711021625320754,-35.68778,258.432,128
1487,1779711021662294462,1779711021626490057,-35.804405,169.303,128
1488,1779711021663432545,1779711021627924761,-35.507784,434.704,128
1489,1779711021664907640,1779711021628995317,-35.912323,70.556,128
1490,1779711021666040107,1779711021630091301,-35.948806,95.984,128
1491,1779711021667093380,1779711021631560158,-35.533222,468.857,128
1492,1779711021668549585,1779711021632812781,-35.736804,252.623,128
1493,1779711021669785661,1779711021634126931,-35.65873,314.15,128
1494,1779711021671111111,1779711021635365964,-35.745147,239.033,128
1495,1779711021672362792,1779711021636351285,-36.011507,-14.679,128
1496,1779711021673345686,1779711021637839912,-35.505774,488.627,128
1497,1779711021674616793,1779711021638980635,-35.636158,140.723,128
1498,1779711021675944523,1779711021640382174,-35.562349,401.539,128
1499,1779711021677340835,1779711021641645572,-35.695263,263.398,128
1500,1779711021678643254,1779711021642897862,-35.745392,252.29,128
1501,1779711021679887512,1779711021644281186,-35.606326,383.324,128
1502,1779711021681229541,1779711021645313228,-35.916313,32.042,128
1503,1779711021682308770,1779711021646853953,-35.454817,540.725,128
1504,1779711021683757992,1779711021648367498,-35.390494,513.545,128
1505,1779711021685204807,1779711021651363141,-33.841666,1995.643,128
1506,1779711021688246863,1779711021652402596,-35.844267,39.455,128
1507,1779711021689454707,1779711021653666772,-35.787935,264.176,128
1508,1779711021690665524,1779711021655218602,-35.446922,551.83,128
1509,1779711021691868446,1779711021656325275,-35.543171,106.673,128
1510,1779711021693135845,1779711021657437484,-35.698361,112.209,128
1511,1779711021694499596,1779711021659582246,-34.91735,1144.762,128
1512,1779711021697015923,1779711021662390011,-34.625912,1807.765,128
1513,1779711021699330471,1779711021663435469,-35.895002,45.458,128
1514,1779711021700334151,1779711021664365795,-35.968356,-69.674,128
1515,1779711021701334933,1779711021665554247,-35.780686,188.452,128
1516,1779711021702515945,1779711021666957431,-35.558514,403.184,128
1517,1779711021703902276,1779711021667988465,-35.913811,31.034,128
1518,1779711021704938723,1779711021669427206,-35.511517,438.741,128
1519,1779711021706210248,1779711021670522440,-35.687808,95.234,128
1520,1779711021707474769,1779711021671795898,-35.678871,273.458,128
1521,1779711021708685467,1779711021672869618,-35.815849,73.72,128
1522,1779711021709856508,1779711021673907944,-35.948564,38.326,128
1523,1779711021710913128,1779711021675044945,-35.868183,137.001,128
1524,1779711021712054385,1779711021675793975,-36.26041,-250.97,128
1525,1779711021712822024,1779711021676784025,-36.037999,-9.95,128
1526,1779711021713786227,1779711021677951011,-35.835216,166.986,128
1527,1779711021714922874,1779711021679073868,-35.849006,122.857,128
1528,1779711021716086549,1779711021680830706,-35.255843,756.838,128
1529,1779711021717246956,1779711021681486891,-35.760065,-343.815,128
1530,1779711021718442056,1779711021682384273,-36.057783,-102.618,128
1531,1779711021719437185,1779711021683236108,-36.201077,-148.165,128
1532,1779711021720177016,1779711021684235439,-35.941577,-0.669,128
1533,1779711021721150586,1779711021685040198,-36.110388,-195.241,128
1534,1779711021722125182,1779711021686221280,-35.903902,181.082,128
1535,1779711021723134782,1779711021687140155,-35.994627,-81.125,128
1536,1779711021724191314,1779711021688368864,-35.82245,228.709,128
1537,1779711021725346208,1779711021689364665,-35.981543,-4.199,128
1538,1779711021726363876,1779711021690484904,-35.878972,120.239,128
1539,1779711021727469503,1779711021693936579,-33.532924,2451.675,128
1540,1779711021728651780,1779711021693942989,-34.708791,-993.59,128
1541,1779711021729361027,1779711021693944893,-35.416134,-998.096,128
1542,1779711021730189167,1779711021694055639,-36.133528,-889.254,128
1543,1779711021731068197,1779711021695290148,-35.778049,234.509,128
1544,1779711021732231204,1779711021696308688,-35.922516,18.54,128
1545,1779711021733303052,1779711021697471676,-35.831376,162.988,128
1546,1779711021734479355,1779711021698376388,-36.102967,-95.288,128
1547,1779711021735352508,1779711021700486405,-34.866103,1110.017,128
1548,1779711021737477939,1779711021702837884,-34.640055,1351.479,128
1549,1779711021739700058,1779711021703960991,-35.739067,123.107,128
1550,1779711021740920425,1779711021704760914,-36.159511,-200.077,128
1551,1779711021741840794,1779711021706342989,-35.497805,582.075,128
1552,1779711021743111873,1779711021707119640,-35.992233,-223.349,128
1553,1779711021744188052,1779711021708315981,-35.872071,196.341,128
1554,1779711021745290737,1779711021709327000,-35.963737,11.019,128
1555,1779711021746237403,1779711021710286310,-35.951093,-40.69,128
1556,1779711021747314420,1779711021711278749,-36.035671,-7.561,128
1557,1779711021749319005,1779711021714371635,-34.94737,2092.886,128
1558,1779711021751352279,1779711021715485809,-35.86647,114.174,128
1559,1779711021752500671,1779711021716272560,-36.228111,-213.249,128
1560,1779711021753386308,1779711021717422169,-35.964139,149.609,128
1561,1779711021754606537,1779711021718535214,-36.071323,113.045,128
1562,1779711021755622936,1779711021719607268,-36.015668,72.054,128
1563,1779711021756767937,1779711021720756781,-36.011156,149.513,128
1564,1779711021757744740,1779711021721650374,-36.094366,-106.407,128
1565,1779711021758681810,1779711021723082442,-35.599368,432.068,128
1566,1779711021760107370,1779711021724322907,-35.784463,240.465,128
1567,1779711021761284585,1779711021725029844,-36.254741,-293.063,128
1568,1779711021762083688,1779711021725955768,-36.12792,-74.076,128
1569,1779711021763002210,1779711021727279401,-35.722809,323.633,128
1570,1779711021764383687,1779711021728162040,-36.221647,-117.361,128
1571,1779711021765229778,1779711021729469120,-35.760658,307.08,128
1572,1779711021766574008,1779711021730352501,-36.221507,-116.619,128
1573,1779711021767411188,1779711021731476695,-35.934493,124.194,128
1574,1779711021768534402,1779711021732453219,-36.081183,-23.476,128
1575,1779711021769468059,1779711021733494508,-35.973551,41.289,128
1576,1779711021770540022,1779711021734305544,-36.234478,-188.964,128
1577,1779711021771781823,1779711021736544054,-35.237769,1238.51,128
1578,1779711021773514676,1779711021737870130,-35.644546,326.076,128
1579,1779711021774828595,1779711021739037155,-35.79144,167.025,128
1580,1779711021776080265,1779711021740282241,-35.798024,245.086,128
1581,1779711021777410488,1779711021741376746,-36.033742,94.505,128
1582,1779711021778431351,1779711021743566274,-34.865077,1189.528,128
1583,1779711021780576732,1779711021744926853,-35.649879,360.579,128
1584,1779711021781952724,1779711021746426047,-35.526677,499.194,128
1585,1779711021783490193,1779711021747576832,-35.913361,150.785,128
1586,1779711021784680202,1779711021748806030,-35.874172,229.198,128
1587,1779711021785857000,1779711021749963725,-35.893275,157.695,128
1588,1779711021787019967,1779711021751143927,-35.87604,180.202,128
1589,1779711021788203426,1779711021752491081,-35.712345,347.154,128
1590,1779711021789427113,1779711021753806637,-35.620476,315.556,128
1591,1779711021790843396,1779711021754975986,-35.86741,169.349,128
1592,1779711021791989528,1779711021756008316,-35.981212,32.33,128
1593,1779711021793042010,1779711021757031469,-36.010541,23.153,128
1594,1779711021794066626,1779711021758103899,-35.962727,72.43,128
1595,1779711021795143863,1779711021759128092,-36.015771,24.193,128
1596,1779711021796163733,1779711021760458346,-35.705387,330.254,128
1597,1779711021797360312,1779711021761482209,-35.878103,23.863,128
1598,1779711021798469048,1779711021762497842,-35.971206,15.633,128
1599,1779711021799590609,1779711021763882923,-35.707686,385.081,128
1600,1779711021800857085,1779711021764995174,-35.861911,112.251,128
1601,1779711021802020286,1779711021766101306,-35.91898,106.132,128
1602,1779711021803125301,1779711021767039274,-36.086027,-62.032,128
1603,1779711021804088554,1779711021767748303,-36.340251,-290.971,128
1604,1779711021804814760,1779711021768504768,-36.309992,-243.535,128
1605,1779711021805573325,1779711021769770642,-35.802683,265.874,128
1606,1779711021806774469,1779711021770811717,-35.962752,41.075,128
1607,1779711021807832891,1779711021772052613,-35.780278,240.896,128
1608,1779711021809084718,1779711021773016732,-36.067986,-35.881,128
1609,1779711021810043443,1779711021774376621,-35.666822,359.889,128
1610,1779711021811355299,1779711021775869959,-35.48534,493.338,128
1611,1779711021812883632,1779711021777075575,-35.808057,205.616,128
1612,1779711021814089028,1779711021778222333,-35.866695,146.758,128
1613,1779711021815205299,1779711021779231145,-35.974154,8.812,128
1614,1779711021816170166,1779711021783364978,-32.805188,3133.833,128
1615,1779711021820183851,1779711021784734199,-35.449652,369.221,128
1616,1779711021821768577,1779711021786389959,-35.378618,655.76,128
1617,1779711021823354501,1779711021787952928,-35.401573,562.969,128
1618,1779711021824943759,1779711021789438821,-35.504938,485.893,128
1619,1779711021826606150,1779711021791101608,-35.504542,662.787,128
1620,1779711021828155956,1779711021792765065,-35.390891,663.457,128
1621,1779711021829670935,1779711021794189417,-35.481518,424.352,128
1622,1779711021831218991,1779711021795374245,-35.844746,184.828,128
1623,1779711021832440122,1779711021796428194,-36.011928,53.949,128
1624,1779711021834180359,1779711021798966045,-35.214314,1537.851,128
1625,1779711021835989531,1779711021800660862,-35.328669,694.817,128
1626,1779711021837664538,1779711021802094273,-35.570265,433.411,128
1627,1779711021839042826,1779711021803247792,-35.795034,153.519,128
1628,1779711021840270331,1779711021804714026,-35.556305,466.234,128
1629,1779711021841733538,1779711021806207344,-35.526194,493.318,128
1630,1779711021843193587,1779711021807485824,-35.707763,278.48,128
1631,1779711021844500540,1779711021808576069,-35.924471,90.245,128
1632,1779711021845642759,1779711021810028444,-35.614315,452.375,128
1633,1779711021847123988,1779711021811596955,-35.527033,568.511,128
1634,1779711021848653282,1779711021813830037,-34.823245,1233.082,128
1635,1779711021850842795,1779711021817272137,-33.570658,2442.1,128
1636,1779711021854355644,1779711021818640088,-35.715556,367.951,128
1637,1779711021855638216,1779711021820125180,-35.513036,485.092,128
1638,1779711021857114963,1779711021821101718,-36.013245,-23.462,128
1639,1779711021858210750,1779711021822584857,-35.625893,483.139,128
1640,1779711021859616052,1779711021823955043,-35.661009,370.186,128
1641,1779711021860984161,1779711021826327090,-34.657071,1372.047,128
1642,1779711021863462553,1779711021830107962,-33.354591,2780.872,128
1643,1779711021867080107,1779711021834071645,-33.008462,2963.683,128
1644,1779711021871107172,1779711021837464463,-33.642709,2392.818,128
1645,1779711021874662240,1779711021841067934,-33.594306,2603.471,128
1646,1779711021878276230,1779711021844075278,-34.200952,2007.344,128
1647,1779711021880865015,1779711021845022719,-35.842296,-52.559,128
1648,1779711021882053583,1779711021846337128,-35.716455,314.409,128
1649,1779711021883339056,1779711021847363993,-35.975063,26.865,128
1650,1779711021884387412,1779711021848690115,-35.697297,326.122,128
1651,1779711021885681201,1779711021849861603,-35.819598,171.488,128
1652,1779711021886904659,1779711021851018438,-35.886221,156.835,128
1653,1779711021888055602,1779711021852290071,-35.765531,271.633,128
1654,1779711021889331364,1779711021856184387,-33.146977,2894.316,128
1655,1779711021890462825,1779711021856191855,-34.27097,-992.532,128
1656,1779711021891833918,1779711021856193894,-35.640024,-997.961,128
1657,1779711021892896944,1779711021857354652,-35.542292,160.758,128
1658,1779711021894292113,1779711021858874775,-35.417338,520.123,128
1659,1779711021895865472,1779711021859961700,-35.903772,86.925,128
1660,1779711021896963694,1779711021860877106,-36.086588,-84.594,128
1661,1779711021898024705,1779711021862207774,-35.816931,330.668,128
1662,1779711021899130408,1779711021862880074,-36.250334,-327.7,128
1663,1779711021899958735,1779711021864231329,-35.727406,351.255,128
1664,1779711021901112100,1779711021865268965,-35.843135,37.636,128
1665,1779711021902284719,1779711021866587499,-35.69722,318.534,128
1666,1779711021903416868,1779711021867394889,-36.021979,-192.61,128
1667,1779711021904410209,1779711021868319127,-36.091082,-75.762,128
1668,1779711021905331148,1779711021869283419,-36.047729,-35.708,128
1669,1779711021906192995,1779711021870295694,-35.897301,12.275,128
1670,1779711021907191912,1779711021871743803,-35.448109,448.109,128
1671,1779711021908750381,1779711021872909274,-35.841107,165.471,128
1672,1779711021909909420,1779711021874206277,-35.703143,297.003,128
1673,1779711021911126402,1779711021875277375,-35.849027,71.098,128
1674,1779711021912294814,1779711021876297219,-35.997595,19.844,128
1675,1779711021913306262,1779711021877663227,-35.643035,366.008,128
1676,1779711021914716486,1779711021879020879,-35.695607,357.652,128
1677,1779711021915996962,1779711021880205906,-35.791056,185.027,128
1678,1779711021917166430,1779711021881344261,-35.822169,138.355,128
1679,1779711021918318597,1779711021882432615,-35.885982,88.354,128
1680,1779711021919505199,1779711021883961638,-35.543561,529.023,128
1681,1779711021920859279,1779711021885186177,-35.673102,224.539,128
1682,1779711021921995615,1779711021886285332,-35.710283,99.155,128
1683,1779711021923164509,1779711021887399031,-35.765478,113.699,128
1684,1779711021924471117,1779711021888910650,-35.560467,511.619,128
1685,1779711021925836026,1779711021890011384,-35.824642,100.734,128
1686,1779711021927007384,1779711021891304155,-35.703229,292.771,128
1687,1779711021928137853,1779711021892384026,-35.753827,79.871,128
1688,1779711021929395078,1779711021893516305,-35.878773,132.279,128
1689,1779711021930522619,1779711021894626109,-35.89651,109.804,128
1690,1779711021931666648,1779711021895812305,-35.854343,186.196,128
1691,1779711021932805796,1779711021896776055,-36.029741,-36.25,128
1692,1779711021933784748,1779711021897988996,-35.795752,212.941,128
1693,1779711021934986808,1779711021899284736,-35.702072,295.74,128
1694,1779711021936216446,1779711021900591006,-35.62544,306.27,128
1695,1779711021937791626,1779711021902239333,-35.552293,648.327,128
1696,1779711021939126159,1779711021903319158,-35.807001,79.825,128
1697,1779711021940309447,1779711021904968900,-35.340547,649.742,128
1698,1779711021942068793,1779711021906284596,-35.784197,315.696,128
1699,1779711021943258140,1779711021907383472,-35.874668,98.876,128
1700,1779711021944378906,1779711021908990992,-35.387914,607.52,128
1701,1779711021945819698,1779711021910259006,-35.560692,268.014,128
1702,1779711021947176146,1779711021911334961,-35.841185,75.955,128
1703,1779711021948341805,1779711021912752930,-35.588875,417.969,128
1704,1779711021949680992,1779711021914059053,-35.621939,306.123,128
1705,1779711021951042229,1779711021915385176,-35.657053,326.123,128
1706,1779711021952323269,1779711021916727017,-35.596252,341.841,128
1707,1779711021953661029,1779711021918336861,-35.324168,609.844,128
1708,1779711021954833934,1779711021919619273,-35.214661,282.412,128
1709,1779711021956169702,1779711021921290275,-34.879427,671.002,128
1710,1779711021958193385,1779711021922882927,-35.310458,592.652,128
1711,1779711021959885205,1779711021924336022,-35.549183,453.095,128
1712,1779711021961362708,1779711021925584710,-35.777998,248.688,128
1713,1779711021962636804,1779711021926752510,-35.884294,167.8,128
1714,1779711021963665575,1779711021929510506,-34.155069,1757.996,128
1715,1779711021966487014,1779711021930998967,-35.488047,488.461,128
1716,1779711021967934013,1779711021932463387,-35.470626,464.42,128
1717,1779711021969420081,1779711021934356604,-35.063477,893.217,128
1718,1779711021971343602,1779711021935574170,-35.769432,217.566,128
1719,1779711021972591084,1779711021936888133,-35.702951,313.963,128
1720,1779711021973948935,1779711021938274814,-35.674121,386.681,128
1721,1779711021975206085,1779711021939501533,-35.704552,226.719,128
1722,1779711021976487968,1779711021940803499,-35.684469,301.966,128
1723,1779711021977597489,1779711021941890117,-35.707372,86.618,128
1724,1779711021978774992,1779711021943011739,-35.763253,121.622,128
1725,1779711021980018554,1779711021944384232,-35.634322,372.493,128
1726,1779711021981246867,1779711021946289430,-34.957437,905.198,128
1727,1779711021983206724,1779711021947671737,-35.534987,382.307,128
1728,1779711021984681957,1779711021949563092,-35.118865,891.355,128
1729,1779711021986076582,1779711021950316295,-35.760287,-246.797,128
1730,1779711021987317599,1779711021951347961,-35.969638,31.666,128
1731,1779711021988337852,1779711021952758234,-35.579618,410.273,128
1732,1779711021989624989,1779711021954790219,-34.83477,1031.985,128
1733,1779711021991744110,1779711021957246893,-34.497217,1456.674,128
1734,1779711021994093331,1779711021958569657,-35.523674,322.764,128
1735,1779711021995534681,1779711021960365390,-35.169291,795.733,128
1736,1779711021997204219,1779711021962225139,-34.97908,859.749,128
1737,1779711021999117445,1779711021963516453,-35.600992,291.314,128
1738,1779711022000374867,1779711021964621825,-35.753042,105.372,128
1739,1779711022001633792,1779711021965979133,-35.654659,357.308,128
1740,1779711022002986680,1779711021967517558,-35.469122,538.425,128
1741,1779711022004581458,1779711021969185187,-35.396271,667.629,128
1742,1779711022006085258,1779711021970653734,-35.431524,468.547,128
1743,1779711022007645494,1779711021972402358,-35.243136,748.624,128
1744,1779711022009354469,1779711021973845528,-35.508941,443.17,128
1745,1779711022010849122,1779711021975476212,-35.37291,630.684,128
1746,1779711022012605723,1779711021977319920,-35.285803,843.708,128
1747,1779711022014273610,1779711021978888324,-35.385286,568.404,128
1748,1779711022015907286,1779711021980211375,-35.695911,323.051,128
1749,1779711022016982459,1779711021981259127,-35.723332,47.752,128
1750,1779711022018242790,1779711021982881693,-35.361097,622.566,128
1751,1779711022019738364,1779711021983740971,-35.997393,-140.722,128
1752,1779711022020711635,1779711021985033644,-35.677991,292.673,128
1753,1779711022022009155,1779711021986259044,-35.750111,225.4,128
1754,1779711022023217862,1779711021987385134,-35.832728,126.09,128
1755,1779711022024436538,1779711021988825602,-35.610936,440.468,128
1756,1779711022025809503,1779711021989870553,-35.93895,44.951,128
1757,1779711022026874776,1779711021990909741,-35.965035,39.188,128
1758,1779711022027913446,1779711021992255742,-35.657704,346.001,128
1759,1779711022029182605,1779711021993579972,-35.602633,324.23,128
1760,1779711022030578251,1779711021995521424,-35.056827,941.452,128
1761,1779711022032606627,1779711021996872412,-35.734215,350.988,128
1762,1779711022033903671,1779711021998407049,-35.496622,534.637,128
1763,1779711022035420547,1779711021999688082,-35.732465,281.033,128
1764,1779711022036752417,1779711022001842929,-34.909488,1154.847,128
1765,1779711022038724998,1779711022002935970,-35.789028,93.041,128
1766,1779711022039979805,1779711022004180014,-35.799791,244.044,128
1767,1779711022041136203,1779711022005394258,-35.741945,214.244,128
1768,1779711022042447421,1779711022006936100,-35.511321,541.842,128
1769,1779711022043964724,1779711022008246767,-35.717957,310.667,128
1770,1779711022045191508,1779711022009422961,-35.768547,176.194,128
1771,1779711022046467043,1779711022010805628,-35.661415,382.667,128
1772,1779711022047800688,1779711022012071320,-35.729368,265.692,128
1773,1779711022049064840,1779711022013420106,-35.644734,348.786,128
1774,1779711022050361829,1779711022014465012,-35.896817,44.906,128
1775,1779711022051347930,1779711022015515452,-35.832478,50.44,128
1776,1779711022052432811,1779711022016780471,-35.65234,265.019,128
1777,1779711022053777795,1779711022017605933,-36.171862,-174.538,128
1778,1779711022054688054,1779711022018948463,-35.739591,342.53,128
1779,1779711022055993429,1779711022019877240,-36.116189,-71.223,128
1780,1779711022056926357,1779711022020980619,-35.945738,103.379,128
1781,1779711022058039260,1779711022022130039,-35.909221,149.42,128
1782,1779711022059164757,1779711022023579341,-35.585416,449.302,128
1783,1779711022060630561,1779711022024733176,-35.897385,153.835,128
1784,1779711022061694311,1779711022026134759,-35.559552,401.583,128
1785,1779711022063100819,1779711022027394580,-35.706239,259.821,128
1786,1779711022064416431,1779711022028814053,-35.602378,419.473,128
1787,1779711022065877288,1779711022030410840,-35.466448,596.787,128
1788,1779711022067367253,1779711022031435432,-35.931821,24.592,128
1789,1779711022068471525,1779711022032429478,-36.042047,-5.954,128
1790,1779711022069470302,1779711022034210513,-35.259789,781.035,128
1791,1779711022071220901,1779711022035636908,-35.583993,426.395,128
1792,1779711022072642205,1779711022036974345,-35.66786,337.437,128
1793,1779711022074011224,1779711022038143829,-35.867395,169.484,128
1794,1779711022075152281,1779711022039413332,-35.738949,269.503,128
1795,1779711022076446142,1779711022040705752,-35.74039,292.42,128
1796,1779711022077713289,1779711022041916021,-35.797268,210.269,128
1797,1779711022078902132,1779711022043263655,-35.638477,347.634,128
1798,1779711022080131839,1779711022044415125,-35.716714,151.47,128
1799,1779711022081399115,1779711022045881957,-35.517158,466.832,128
1800,1779711022082814963,1779711022047190501,-35.624462,308.544,128
1801,1779711022084199436,1779711022048289753,-35.909683,99.252,128
1802,1779711022085309253,1779711022049860735,-35.448518,570.982,128
1803,1779711022086860582,1779711022050956698,-35.903884,95.963,128
1804,1779711022087924674,1779711022051882299,-36.042375,-74.399,128
1805,1779711022088895727,1779711022054540767,-34.35496,1658.468,128
1806,1779711022091616324,1779711022056596530,-35.019794,1055.763,128
1807,1779711022093654624,1779711022058313697,-35.340927,717.167,128
1808,1779711022095141457,1779711022059774500,-35.366957,460.803,128
1809,1779711022096714339,1779711022061112937,-35.601402,338.437,128
1810,1779711022098087062,1779711022063066087,-35.020975,953.15,128
1811,1779711022099777181,1779711022064459824,-35.317357,393.737,128
1812,1779711022101373780,1779711022066056747,-35.317033,596.923,128
1813,1779711022102992711,1779711022070167932,-32.824779,3111.185,128
1814,1779711022107191297,1779711022072265985,-34.925312,1098.053,128
1815,1779711022109222271,1779711022073365746,-35.856525,99.761,128
1816,1779711022110400634,1779711022075147722,-35.252912,781.976,128
1817,1779711022112241184,1779711022076912857,-35.328327,765.135,128
1818,1779711022113935594,1779711022078386481,-35.549113,473.624,128
1819,1779711022115349472,1779711022079511043,-35.838429,124.562,128
1820,1779711022116592543,1779711022081224451,-35.368092,713.408,128
1821,1779711022118186284,1779711022082767026,-35.419258,542.575,128
1822,1779711022119727955,1779711022083744495,-35.98346,-22.531,128
1823,1779711022120765299,1779711022085280223,-35.485076,535.728,128
1824,1779711022122270305,1779711022086220601,-36.049704,-59.622,128
1825,1779711022123275493,1779711022087183193,-36.0923,-37.408,128
1826,1779711022124164997,1779711022088028643,-36.136354,-154.55,128
1827,1779711022125110091,1779711022089248031,-35.86206,219.388,128
1828,1779711022126250297,1779711022090460188,-35.790109,212.157,128
1829,1779711022127467365,1779711022091702764,-35.764601,242.576,128
1830,1779711022128782871,1779711022092865034,-35.917837,162.27,128
1831,1779711022129915232,1779711022095613807,-34.301425,1748.773,128
1832,1779711022132818072,1779711022098244453,-34.573619,1630.646,128
1833,1779711022135147455,1779711022099270593,-35.876862,26.14,128
1834,1779711022136292462,1779711022100500964,-35.791498,230.371,128
1835,1779711022137619359,1779711022101926716,-35.692643,425.752,128
1836,1779711022138920573,1779711022103159858,-35.760715,233.142,128
1837,1779711022140206486,1779711022104135039,-36.071447,-24.819,128
1838,1779711022141161163,1779711022104894725,-36.266438,-240.314,128
1839,1779711022141934574,1779711022105823572,-36.111002,-71.153,128
1840,1779711022142882106,1779711022106713583,-36.168523,-109.989,128
1841,1779711022143770372,1779711022107672985,-36.097387,-40.598,128
1842,1779711022144713653,1779711022109217230,-35.496423,544.245,128
1843,1779711022146211236,1779711022110520873,-35.690363,303.643,128
1844,1779711022147506597,1779711022111868112,-35.638485,347.239,128
1845,1779711022148987256,1779711022112970434,-36.016822,102.322,128
1846,1779711022150014547,1779711022114953969,-35.060578,983.535,128
1847,1779711022151176592,1779711022115316048,-35.860544,-637.921,128
1848,1779711022152333409,1779711022116304873,-36.028536,-11.175,128
1849,1779711022153405115,1779711022117723000,-35.682115,418.127,128
1850,1779711022154789930,1779711022119282515,-35.507415,559.515,128
1851,1779711022156307272,1779711022121020583,-35.286689,738.068,128
1852,1779711022158048754,1779711022122513008,-35.535746,492.425,128
1853,1779711022159576827,1779711022124053247,-35.52358,540.239,128
1854,1779711022161119712,1779711022125727690,-35.392022,674.443,128
1855,1779711022162765628,1779711022126930271,-35.835357,202.581,128
1856,1779711022163959671,1779711022128110664,-35.849007,180.393,128
1857,1779711022165176293,1779711022129292691,-35.883602,182.027,128
1858,1779711022166304609,1779711022130458286,-35.846323,165.595,128
1859,1779711022167499157,1779711022131723166,-35.775991,264.88,128
1860,1779711022168758871,1779711022133551458,-35.207413,828.292,128
1861,1779711022170605736,1779711022135471106,-35.13463,919.648,128
1862,1779711022172260567,1779711022136471216,-35.789351,0.11,128
1863,1779711022173454197,1779711022137772773,-35.681424,301.557,128
1864,1779711022174764165,1779711022138962250,-35.801915,189.477,128
1865,1779711022175963581,1779711022140019643,-35.943938,57.393,128
1866,1779711022177034417,1779711022141299637,-35.73478,279.994,128
1867,1779711022178289525,1779711022142137807,-36.151718,-161.83,128
1868,1779711022179138711,1779711022143333793,-35.804918,195.986,128
1869,1779711022180280308,1779711022144435252,-35.845056,101.459,128
1870,1779711022181320449,1779711022145663044,-35.657405,227.792,128
1871,1779711022182663037,1779711022147521068,-35.141969,858.024,128
1872,1779711022184481937,1779711022148367258,-36.114679,-153.81,128
1873,1779711022185436332,1779711022149627079,-35.809253,259.821,128
1874,1779711022186607755,1779711022151369765,-35.23799,742.686,128
1875,1779711022188395010,1779711022152351771,-36.043239,-17.994,128
1876,1779711022189363600,1779711022153754107,-35.609493,402.336,128
1877,1779711022190876676,1779711022154888315,-35.988361,134.208,128
1878,1779711022191964443,1779711022156469035,-35.495408,580.72,128
1879,1779711022193311018,1779711022157799782,-35.511236,330.747,128
1880,1779711022194808367,1779711022159465811,-35.342556,666.029,128
1881,1779711022196343305,1779711022160118060,-36.225245,-347.751,128
1882,1779711022197230163,1779711022161061608,-36.168555,-56.452,128
1883,1779711022198116899,1779711022162296697,-35.820202,235.089,128
1884,1779711022199302612,1779711022163401902,-35.90071,105.205,128
1885,1779711022200409228,1779711022164662400,-35.746828,260.498,128
1886,1779711022201627985,1779711022166770789,-34.857196,1108.389,128
1887,1779711022203015444,1779711022167224979,-35.790465,-545.81,128
1888,1779711022204219641,1779711022168320095,-35.899546,95.116,128
1889,1779711022205278756,1779711022169496398,-35.782358,176.303,128
1890,1779711022206427003,1779711022170687522,-35.739481,191.124,128
1891,1779711022207646309,1779711022172088098,-35.558211,400.576,128
1892,1779711022208989626,1779711022173482436,-35.50719,394.338,128
1893,1779711022210499433,1779711022174872977,-35.626456,390.541,128
1894,1779711022211834022,1779711022176519922,-35.3141,646.945,128
1895,1779711022213085886,1779711022177326300,-35.759586,-193.622,128
1896,1779711022214274171,1779711022178479507,-35.794664,153.207,128
1897,1779711022215470028,1779711022179791312,-35.678716,311.805,128
1898,1779711022216778546,1779711022181073394,-35.705152,282.082,128
1899,1779711022218053469,1779711022182224889,-35.82858,151.495,128
1900,1779711022219070569,1779711022183034503,-36.036066,-190.386,128
1901,1779711022220182362,1779711022184387819,-35.794543,353.316,128
1902,1779711022221366890,1779711022185478763,-35.888127,90.944,128
1903,1779711022222459894,1779711022186802092,-35.657802,323.329,128
1904,1779711022223809030,1779711022187648839,-36.160191,-153.253,128
1905,1779711022224716388,1779711022189266114,-35.450274,617.275,128
1906,1779711022226211288,1779711022190278515,-35.932773,12.401,128
1907,1779711022227356116,1779711022191464871,-35.891245,186.356,128
1908,1779711022228465613,1779711022192693046,-35.772567,228.175,128
1909,1779711022229685073,1779711022193985081,-35.699992,292.035,128
1910,1779711022230951477,1779711022195381676,-35.569801,396.595,128
1911,1779711022232395896,1779711022197101515,-35.294381,719.839,128
1912,1779711022234047840,1779711022198250779,-35.797061,149.264,128
1913,1779711022235203458,1779711022199094266,-36.109192,-156.513,128
1914,1779711022236226723,1779711022200310622,-35.916101,216.356,128
1915,1779711022237390704,1779711022201313061,-36.077643,2.439,128
1916,1779711022238359160,1779711022202970293,-35.388867,657.232,128
1917,1779711022239722285,1779711022204002749,-35.719536,32.456,128
1918,1779711022241029308,1779711022204864161,-36.165147,-138.588,128
1919,1779711022241849079,1779711022206224355,-35.624724,360.194,128
1920,1779711022243187122,1779711022207586557,-35.600565,362.202,128
1921,1779711022244659702,1779711022209102222,-35.55748,515.665,128
1922,1779711022246087304,1779711022210275505,-35.811799,173.283,128
1923,1779711022247244236,1779711022211286015,-35.958221,10.51,128
1924,1779711022248300809,1779711022212622751,-35.678058,336.736,128
1925,1779711022249626914,1779711022213882831,-35.744083,260.08,128
1926,1779711022250890789,1779711022215102745,-35.788044,219.914,128
1927,1779711022252169733,1779711022216359094,-35.810639,256.349,128
1928,1779711022253369244,1779711022217595694,-35.77355,236.6,128
1929,1779711022254367029,1779711022218508638,-35.858391,-87.056,128
1930,1779711022255527133,1779711022219716220,-35.810913,207.582,128
1931,1779711022256772745,1779711022220957892,-35.814853,241.672,128
1932,1779711022257892948,1779711022222128374,-35.764574,170.482,128
1933,1779711022259121820,1779711022225798403,-33.323417,2670.029,128
1934,1779711022260461633,1779711022225805638,-34.655995,-992.765,128
1935,1779711022261569223,1779711022225992616,-35.576607,-813.022,128
1936,1779711022262946352,1779711022227336826,-35.609526,344.21,128
1937,1779711022264266848,1779711022228423706,-35.843142,86.88,128
1938,1779711022265486648,1779711022229834465,-35.652183,410.759,128
1939,1779711022266897424,1779711022231225321,-35.672103,390.856,128
1940,1779711022268176810,1779711022232206053,-35.970757,-19.268,128
1941,1779711022269312007,1779711022233380885,-35.931122,174.832,128
1942,1779711022270474504,1779711022234695520,-35.778984,314.635,128
1943,1779711022271974307,1779711022236419617,-35.55469,724.097,128
1944,1779711022273432799,1779711022238009884,-35.422915,590.267,128
1945,1779711022275089294,1779711022239379266,-35.710028,369.382,128
1946,1779711022276481894,1779711022240457144,-36.02475,77.878,128
1947,1779711022277425112,1779711022241250126,-36.174986,-207.018,128
1948,1779711022278266288,1779711022242225584,-36.040704,-24.542,128
1949,1779711022279151771,1779711022243482219,-35.669552,256.635,128
1950,1779711022280461662,1779711022244847454,-35.614208,365.235,128
1951,1779711022282019889,1779711022246308150,-35.711739,460.696,128
1952,1779711022283342807,1779711022247525355,-35.817452,217.205,128
1953,1779711022284528898,1779711022248328465,-36.200433,-196.89,128
1954,1779711022285353399,1779711022249089259,-36.26414,-239.206,128
1955,1779711022286145342,1779711022250094481,-36.050861,5.222,128
1956,1779711022287031003,1779711022251085058,-35.945945,-9.423,128
1957,1779711022287924586,1779711022252305879,-35.618707,220.821,128
1958,1779711022289170544,1779711022253232093,-35.938451,-73.786,128
1959,1779711022290232258,1779711022254276776,-35.955482,44.683,128
1960,1779711022291327260,1779711022254970140,-36.35712,-306.636,128
1961,1779711022291963253,1779711022255888101,-36.075152,-82.039,128
1962,1779711022292909068,1779711022257092914,-35.816154,204.813,128
1963,1779711022294107895,1779711022258206105,-35.90179,113.191,128
1964,1779711022295125043,1779711022259010685,-36.114358,-195.42,128
1965,1779711022296145587,1779711022260328405,-35.817182,317.72,128
1966,1779711022297149722,1779711022261427899,-35.721823,99.494,128
1967,1779711022298349666,1779711022262333394,-36.016272,-94.505,128
1968,1779711022299254633,1779711022263411355,-35.843278,77.961,128
1969,1779711022300390113,1779711022264553335,-35.836778,141.98,128
1970,1779711022301618458,1779711022265670328,-35.94813,116.993,128
1971,1779711022302749397,1779711022267217693,-35.531704,547.365,128
1972,1779711022304116655,1779711022268360142,-35.756513,142.449,128
1973,1779711022305383818,1779711022269702167,-35.681651,342.025,128
1974,1779711022306724633,1779711022270902005,-35.822628,199.838,128
1975,1779711022307892687,1779711022271911028,-35.981659,9.023,128
1976,1779711022308919532,1779711022272896526,-36.023006,-14.502,128
1977,1779711022309904060,1779711022273949040,-35.95502,52.514,128
1978,1779711022310929252,1779711022274987436,-35.941816,38.396,128
1979,1779711022311948538,1779711022276267381,-35.681157,279.945,128
1980,1779711022313195509,1779711022277216064,-35.979445,-51.317,128
1981,1779711022314213411,1779711022278113102,-36.100309,-102.962,128
1982,1779711022315087376,1779711022279281313,-35.806063,168.211,128
1983,1779711022316209839,1779711022280786195,-35.423644,504.882,128
1984,1779711022317861342,1779711022282423951,-35.437391,637.756,128
1985,1779711022319448618,1779711022283952412,-35.496206,528.461,128
1986,1779711022320820800,1779711022285345693,-35.475107,393.281,128
1987,1779711022322460833,1779711022287172021,-35.288812,826.328,128
1988,1779711022324219789,1779711022288550719,-35.66907,378.698,128
1989,1779711022325602149,1779711022290225182,-35.376967,674.463,128
1990,1779711022327166267,1779711022292283816,-34.882451,1058.634,128
1991,1779711022329297072,1779711022294164540,-35.132532,880.724,128
1992,1779711022331204547,1779711022296466125,-34.738422,1301.585,128
1993,1779711022333501056,1779711022298071823,-35.429233,605.698,128
1994,1779711022335047670,1779711022299493058,-35.554612,421.235,128
1995,1779711022336520116,1779711022300979506,-35.54061,486.448,128
1996,1779711022337746123,1779711022302089359,-35.656764,109.853,128
1997,1779711022339098356,1779711022303524159,-35.574197,434.8,128
1998,1779711022340499981,1779711022304759121,-35.74086,234.962,128
1999,1779711022341773660,1779711022306317935,-35.455725,558.814,128
2000,1779711022343325824,1779711022308036768,-35.289056,718.833,128
2001,1779711022345010443,1779711022309267066,-35.743377,230.298,128
2002,1779711022346272866,1779711022312472801,-33.800065,2205.735,128
2003,1779711022349614458,1779711022320157306,-29.457152,6684.505,128
2004,1779711022355993991,1779711022322471496,-33.522495,1314.19,128
2005,1779711022359311868,1779711022346089879,-13.221989,22618.383,128
2006,1779711022383056010,1779711022347405545,-35.650465,315.666,128
2007,1779711022384425622,1779711022349352274,-35.073348,946.729,128
2008,1779711022386301388,1779711022352659361,-33.642027,2307.087,128
2009,1779711022389170045,1779711022353394549,-35.775496,-264.812,128
2010,1779711022390382339,1779711022354884362,-35.497977,489.813,128
2011,1779711022391922313,1779711022356272449,-35.649864,388.087,128
2012,1779711022393326881,1779711022358101168,-35.225713,828.719,128
2013,1779711022395192847,1779711022359862363,-35.330484,761.195,128
2014,1779711022396871875,1779711022361327895,-35.54398,465.532,128
2015,1779711022398325011,1779711022362634967,-35.690044,307.072,128
2016,1779711022399685027,1779711022363491003,-36.194024,-143.964,128
2017,1779711022400519598,1779711022364784800,-35.734798,293.797,128
2018,1779711022401812631,1779711022366052475,-35.760156,267.675,128
2019,1779711022403044106,1779711022366964371,-36.079735,-88.104,128
2020,1779711022403996629,1779711022368116214,-35.880415,151.843,128
2021,1779711022405155988,1779711022369520951,-35.635037,404.737,128
2022,1779711022406476273,1779711022370563117,-35.913156,42.166,128
2023,1779711022407693217,1779711022371975937,-35.71728,412.82,128
2024,1779711022408964929,1779711022373240654,-35.724275,264.717,128
2025,1779711022410256500,1779711022375198697,-35.057803,958.043,128
2026,1779711022412191049,1779711022376771839,-35.41921,573.142,128
2027,1779711022413810179,1779711022378071138,-35.739041,299.299,128
2028,1779711022415103804,1779711022379213425,-35.890379,142.287,128
2029,1779711022416185794,1779711022380380194,-35.8056,166.769,128
2030,1779711022417336799,1779711022381457310,-35.879489,77.116,128
2031,1779711022418410117,1779711022382258464,-36.151653,-198.846,128
2032,1779711022419297329,1779711022383393244,-35.904085,134.78,128
2033,1779711022420448586,1779711022384516389,-35.932197,123.145,128
2034,1779711022421619854,1779711022385388528,-36.231326,-127.861,128
2035,1779711022422460646,1779711022386396063,-36.064583,7.535,128
2036,1779711022423446607,1779711022387478019,-35.968588,81.956,128
2037,1779711022424616397,1779711022388712731,-35.903666,234.712,128
2038,1779711022425670126,1779711022389708285,-35.961841,-4.446,128
2039,1779711022426711909,1779711022390878910,-35.832999,170.625,128
2040,1779711022427903017,1779711022391713054,-36.189963,-165.856,128
2041,1779711022428752823,1779711022392782887,-35.969936,69.833,128
2042,1779711022429857102,1779711022394748125,-35.108977,965.238,128
2043,1779711022431791829,1779711022396198929,-35.5929,450.804,128
2044,1779711022433193463,1779711022397306811,-35.886652,107.882,128
2045,1779711022434323091,1779711022398806006,-35.517085,499.195,128
2046,1779711022435922492,1779711022400335212,-35.58728,529.206,128
2047,1779711022437267541,1779711022401677169,-35.590372,341.957,128
2048,1779711022438656109,1779711022403222311,-35.433798,545.142,128
2049,1779711022440147394,1779711022404206345,-35.941049,-15.966,128
2050,1779711022441195936,1779711022405281533,-35.914403,75.188,128
2051,1779711022442322086,1779711022406498178,-35.823908,216.645,128
2052,1779711022443514061,1779711022407718500,-35.795561,220.322,128
2053,1779711022444785711,1779711022408676886,-36.108825,-41.614,128
2054,1779711022445736489,1779711022410196260,-35.540229,519.374,128
2055,1779711022447169950,1779711022411370250,-35.7997,173.99,128
2056,1779711022448304281,1779711022412741832,-35.562449,371.582,128
2057,1779711022449853866,1779711022414178191,-35.675675,436.359,128
2058,1779711022451174341,1779711022415620487,-35.553854,442.296,128
2059,1779711022452688625,1779711022416803518,-35.885107,183.031,128
2060,1779711022453946540,1779711022418481064,-35.465476,677.546,128
2061,1779711022455582432,1779711022420026214,-35.556218,545.15,128
2062,1779711022457077742,1779711022423235540,-33.842202,2209.326,128
2063,1779711022458496660,1779711022423249796,-35.246864,-985.744,128
2064,1779711022460281122,1779711022424908431,-35.372691,658.635,128
2065,1779711022461927654,1779711022426365889,-35.561765,457.458,128
2066,1779711022463371736,1779711022427523036,-35.8487,157.147,128
2067,1779711022464533786,1779711022428853878,-35.679908,330.842,128
2068,1779711022465869833,1779711022430315273,-35.55456,461.395,128
2069,1779711022467249656,1779711022431563031,-35.686625,247.758,128
2070,1779711022468707471,1779711022433317989,-35.389482,754.958,128
2071,1779711022470250192,1779711022434259851,-35.990341,-58.138,128
2072,1779711022471293713,1779711022435516116,-35.777597,256.265,128
2073,1779711022472516144,1779711022436961358,-35.554786,445.242,128
2074,1779711022473967648,1779711022438328334,-35.639314,366.976,128
2075,1779711022475331699,1779711022439712782,-35.618917,384.448,128
2076,1779711022476883677,1779711022441722083,-35.161594,1009.301,128
2077,1779711022478800914,1779711022443559721,-35.241193,837.638,128
2078,1779711022480781281,1779711022446019264,-34.762017,1459.543,128
2079,1779711022483164847,1779711022448240128,-34.924719,1220.864,128
2080,1779711022485272338,1779711022450385347,-34.886991,1145.219,128
2081,1779711022487383271,1779711022452354015,-35.029256,968.668,128
2082,1779711022489490057,1779711022454329412,-35.160645,975.397,128
2083,1779711022491355894,1779711022456550035,-34.805859,1220.623,128
2084,1779711022493784487,1779711022458639473,-35.145014,1089.438,128
2085,1779711022495764668,1779711022461226595,-34.538073,1587.122,128
2086,1779711022498154653,1779711022463262744,-34.891909,1036.149,128
2087,1779711022500086960,1779711022464904883,-35.182077,642.139,128
2088,1779711022501997806,1779711022466966787,-35.031019,1061.904,128
2089,1779711022504003645,1779711022468371690,-35.631955,404.903,128
2090,1779711022505432194,1779711022470419826,-35.012368,1048.136,128
2091,1779711022507502960,1779711022471951648,-35.551312,531.822,128
2092,1779711022508990864,1779711022473463411,-35.527453,511.763,128
2093,1779711022510787438,1779711022475033120,-35.754318,569.709,128
2094,1779711022512154416,1779711022477326431,-34.827985,1293.311,128
2095,1779711022514415608,1779711022478858158,-35.55745,531.727,128
2096,1779711022515898715,1779711022480301826,-35.596889,443.668,128
2097,1779711022517335457,1779711022483977302,-33.358155,2675.476,128
2098,1779711022519149501,1779711022484063194,-35.086307,-914.108,128
2099,1779711022521085616,1779711022485709893,-35.375723,646.699,128
2100,1779711022522924617,1779711022487830592,-35.094025,1120.699,128
2101,1779711022524891699,1779711022489347712,-35.543987,517.12,128
2102,1779711022526420199,1779711022491210827,-35.209372,863.115,128
2103,1779711022528145525,1779711022492979702,-35.165823,768.875,128
2104,1779711022530069721,1779711022494707440,-35.362281,727.738,128
2105,1779711022532057033,1779711022496869353,-35.18768,1161.913,128
2106,1779711022533925395,1779711022498704966,-35.220429,835.613,128
2107,1779711022535960702,1779711022501361195,-34.599507,1656.229,128
2108,1779711022538436891,1779711022502842774,-35.594117,481.579,128
2109,1779711022539916243,1779711022505116049,-34.800194,1273.275,128
2110,1779711022542208602,1779711022507275794,-34.932808,1159.745,128
2111,1779711022544560807,1779711022510315805,-34.245002,2040.011,128
2112,1779711022547300978,1779711022511730127,-35.570851,414.322,128
2113,1779711022548826675,1779711022513593947,-35.232728,863.82,128
2114,1779711022550730668,1779711022515239737,-35.490931,645.79,128
2115,1779711022552258282,1779711022517283371,-34.974911,1043.634,128
2116,1779711022554319295,1779711022518782628,-35.536667,499.257,128
2117,1779711022555891951,1779711022520350769,-35.541182,568.141,128
2118,1779711022557393350,1779711022521995626,-35.397724,644.857,128
2119,1779711022559086285,1779711022523494233,-35.592052,498.607,128
2120,1779711022560677293,1779711022525103054,-35.574239,608.821,128
2121,1779711022562081428,1779711022526713260,-35.368168,610.206,128
2122,1779711022563839433,1779711022529824581,-34.014852,2111.321,128
2123,1779711022566834188,1779711022530874286,-35.959902,49.705,128
2124,1779711022567929484,1779711022532049555,-35.879929,175.269,128
2125,1779711022569095746,1779711022534246705,-34.849041,1197.15,128
2126,1779711022571275956,1779711022535930862,-35.345094,684.157,128
2127,1779711022573019685,1779711022537336000,-35.683685,405.138,128
2128,1779711022574485846,1779711022538922271,-35.563575,586.271,128
2129,1779711022576015151,1779711022540529281,-35.48587,607.01,128
2130,1779711022577657983,1779711022542221634,-35.436349,692.353,128
2131,1779711022579112854,1779711022543510568,-35.602286,288.934,128
2132,1779711022580711902,1779711022544982544,-35.729358,471.976,128
2133,1779711022582096186,1779711022546409788,-35.686398,427.244,128
2134,1779711022583575377,1779711022548043879,-35.531498,634.091,128
2135,1779711022585022110,1779711022549445875,-35.576235,401.996,128
2136,1779711022586433367,1779711022550859128,-35.574239,413.253,128
2137,1779711022587877049,1779711022552713120,-35.163929,853.992,128
2138,1779711022589624914,1779711022553910850,-35.714064,197.73,128
2139,1779711022590853546,1779711022555050979,-35.802567,140.129,128
2140,1779711022592148456,1779711022556276538,-35.871918,225.559,128
2141,1779711022593334484,1779711022557405806,-35.928678,129.268,128
2142,1779711022594610733,1779711022559425384,-35.185349,1019.578,128
2143,1779711022596233743,1779711022560773135,-35.460608,347.751,128
2144,1779711022598261657,1779711022562751162,-35.510495,978.027,128
2145,1779711022599812549,1779711022563903652,-35.908897,152.49,128
2146,1779711022600972094,1779711022565122175,-35.849919,218.523,128
2147,1779711022602248158,1779711022567131700,-35.116458,1009.525,128
2148,1779711022604148636,1779711022568757516,-35.39112,625.816,128
2149,1779711022605730622,1779711022569676423,-36.054199,-81.093,128
2150,1779711022606762525,1779711022571331677,-35.430848,655.254,128
2151,1779711022608611777,1779711022572932902,-35.678875,601.225,128
2152,1779711022610042698,1779711022574227544,-35.815154,294.642,128
2153,1779711022611259523,1779711022575641495,-35.618028,413.951,128
2154,1779711022612758315,1779711022577103530,-35.654785,462.035,128
2155,1779711022614238401,1779711022578809577,-35.428824,706.047,128
2156,1779711022615927762,1779711022581045091,-34.882671,1235.514,128
2157,1779711022618159435,1779711022582507510,-35.651925,462.419,128
2158,1779711022619648388,1779711022583871635,-35.776753,364.125,128
2159,1779711022620997334,1779711022585357705,-35.639629,486.07,128
2160,1779711022622510057,1779711022587281057,-35.229,923.352,128
2161,1779711022624347895,1779711022588897519,-35.450376,616.462,128
2162,1779711022626001808,1779711022591610481,-34.391327,1712.962,128
2163,1779711022628804067,1779711022593120084,-35.683983,509.603,128
2164,1779711022630153772,1779711022594524897,-35.628875,404.813,128
2165,1779711022631657025,1779711022597372324,-34.284701,1847.427,128
2166,1779711022633049651,1779711022597379311,-35.67034,-993.013,128
2167,1779711022634478335,1779711022598850770,-35.627565,471.459,128
2168,1779711022635844840,1779711022600200608,-35.644232,349.838,128
2169,1779711022637207330,1779711022602718669,-34.488661,1518.061,128
2170,1779711022639725459,1779711022604533894,-35.191565,815.225,128
2171,1779711022641759548,1779711022607667861,-34.091687,2133.967,128
2172,1779711022643948868,1779711022608222630,-35.726238,-445.231,128
2173,1779711022645310823,1779711022610023833,-35.28699,801.203,128
2174,1779711022646970531,1779711022611415378,-35.555153,391.545,128
2175,1779711022648310481,1779711022612791423,-35.519058,376.045,128
2176,1779711022649785762,1779711022614746254,-35.039508,954.831,128
2177,1779711022651919185,1779711022616779656,-35.139529,1033.402,128
2178,1779711022653788153,1779711022618518867,-35.269286,739.211,128
2179,1779711022655632979,1779711022622129501,-33.503478,2610.634,128
2180,1779711022656745898,1779711022622143261,-34.602637,-986.24,128
2181,1779711022658312784,1779711022623089514,-35.22327,-53.747,128
2182,1779711022660164777,1779711022624686435,-35.478342,596.921,128
2183,1779711022661808259,1779711022626031967,-35.776292,345.532,128
2184,1779711022663063727,1779711022627413314,-35.650413,381.347,128
2185,1779711022664674633,1779711022629024991,-35.649642,611.677,128
2186,1779711022666172148,1779711022630431016,-35.741132,406.025,128
2187,1779711022667625183,1779711022632404940,-35.220243,973.924,128
2188,1779711022669715586,1779711022633948590,-35.766996,543.65,128
2189,1779711022671134153,1779711022635384848,-35.749305,436.258,128
2190,1779711022672841019,1779711022637761129,-35.07989,1376.281,128
2191,1779711022674977638,1779711022640391155,-34.586483,1630.026,128
2192,1779711022677507958,1779711022643130158,-34.3778,1739.003,128
2193,1779711022680274080,1779711022645256972,-35.017108,1126.814,128
2194,1779711022682654375,1779711022647261275,-35.3931,1004.303,128
2195,1779711022684430905,1779711022648513631,-35.917274,252.356,128
2196,1779711022685679814,1779711022650271104,-35.40871,757.473,128
2197,1779711022687397925,1779711022652900766,-34.497159,1629.662,128
2198,1779711022690042319,1779711022655751533,-34.290786,1850.767,128
2199,1779711022692685433,1779711022657345074,-35.340359,593.541,128
2200,1779711022694498882,1779711022659603579,-34.895303,1258.505,128
2201,1779711022696756783,1779711022664329840,-32.426943,3726.261,128
2202,1779711022702119679,1779711022666895801,-35.223878,1565.961,128
2203,1779711022703778005,1779711022668470558,-35.307447,574.757,128
2204,1779711022705716691,1779711022670427505,-35.289186,956.947,128
2205,1779711022707663738,1779711022672315810,-35.347928,888.305,128
2206,1779711022709225705,1779711022674108890,-35.116815,793.08,128
2207,1779711022711266985,1779711022675705347,-35.561638,596.457,128
2208,1779711022712851788,1779711022677232197,-35.619591,526.85,128
2209,1779711022714602250,1779711022679263532,-35.338718,1031.335,128
2210,1779711022716392851,1779711022680468850,-35.924001,205.318,128
2211,1779711022717711221,1779711022682045142,-35.666079,576.292,128
2212,1779711022719201543,1779711022684084236,-35.117307,1039.094,128
2213,1779711022721099636,1779711022685949489,-35.150147,865.253,128
2214,1779711022723066544,1779711022687465827,-35.600717,516.338,128
2215,1779711022724705039,1779711022689400571,-35.304468,934.744,128
2216,1779711022726449054,1779711022690969144,-35.47991,568.573,128
2217,1779711022727830270,1779711022692501443,-35.328827,532.299,128
2218,1779711022729613960,1779711022694459963,-35.153997,958.52,128
2219,1779711022731663389,1779711022696639374,-35.024015,1179.411,128
2220,1779711022733298224,1779711022699129197,-34.169027,1489.823,128
2221,1779711022736163707,1779711022701345674,-34.818033,1216.477,128
2222,1779711022738171034,1779711022702943470,-35.227564,597.796,128
2223,1779711022739882944,1779711022704862996,-35.019948,919.526,128
2224,1779711022741485187,1779711022706641090,-34.844097,778.094,128
2225,1779711022743724196,1779711022708787583,-34.936613,1146.493,128
2226,1779711022745654441,1779711022709849231,-35.80521,61.648,128
2227,1779711022746916981,1779711022711104603,-35.812378,255.372,128
2228,1779711022748069034,1779711022713127314,-34.94172,1022.711,128
2229,1779711022750194912,1779711022715432702,-34.76221,1305.388,128
2230,1779711022752384337,1779711022718066303,-34.318034,1633.601,128
2231,1779711022754796723,1779711022719895926,-34.900797,829.623,128
2232,1779711022757043898,1779711022722120134,-34.923764,1224.208,128
2233,1779711022758813512,1779711022723795442,-35.01807,675.308,128
2234,1779711022760836049,1779711022725957985,-34.878064,1162.543,128
2235,1779711022763073473,1779711022727564358,-35.509115,606.373,128
2236,1779711022764732133,1779711022729512091,-35.220042,947.733,128
2237,1779711022766683935,1779711022731200824,-35.483111,688.733,128
2238,1779711022768336064,1779711022733319074,-35.01699,1118.25,128
2239,1779711022770348973,1779711022734911361,-35.437612,592.287,128
2240,1779711022772192443,1779711022739287324,-32.905119,3375.963,128
2241,1779711022776296948,1779711022741666083,-34.630865,1378.759,128
2242,1779711022778809405,1779711022743289881,-35.519524,623.798,128
2243,1779711022780270261,1779711022745653113,-34.617148,1363.232,128
2244,1779711022782374819,1779711022747503738,-34.871081,850.625,128
2245,1779711022784152268,1779711022748975579,-35.176689,471.841,128
2246,1779711022785717431,1779711022750810769,-34.906662,835.19,128
2247,1779711022787671987,1779711022752671183,-35.000804,860.414,128
2248,1779711022789677606,1779711022754255130,-35.422476,583.947,128
2249,1779711022791236355,1779711022756631842,-34.604513,1376.712,128
2250,1779711022793252243,1779711022758602084,-34.650159,970.242,128
2251,1779711022795422526,1779711022760451451,-34.971075,849.367,128
2252,1779711022797441496,1779711022762378043,-35.063453,926.592,128
2253,1779711022799507432,1779711022765117630,-34.389802,1739.587,128
2254,1779711022801818556,1779711022767879029,-33.939527,1761.399,128
2255,1779711022804945893,1779711022770946794,-33.999099,2067.765,128
2256,1779711022807922755,1779711022775470911,-32.451844,3524.117,128
2257,1779711022812633948,1779711022778988061,-33.645887,2517.15,128
2258,1779711022814771775,1779711022779216693,-35.555082,-771.368,128
2259,1779711022816175417,1779711022780656439,-35.518978,439.746,128
2260,1779711022817728340,1779711022782215168,-35.513172,558.729,128
2261,1779711022819246811,1779711022783482091,-35.76472,266.923,128
2262,1779711022820727663,1779711022785115358,-35.612305,633.267,128
2263,1779711022821972333,1779711022786697097,-35.275236,581.739,128
2264,1779711022823796405,1779711022787903043,-35.893362,205.946,128
2265,1779711022824894136,1779711022789806125,-35.088011,903.082,128
2266,1779711022826837523,1779711022791327312,-35.510211,521.187,128
2267,1779711022828478739,1779711022792845066,-35.633673,517.754,128
2268,1779711022829903217,1779711022794855766,-35.047451,1010.7,128
2269,1779711022831824404,1779711022796347668,-35.476736,491.902,128
2270,1779711022833346778,1779711022797741913,-35.604865,394.245,128
2271,1779711022834796797,1779711022799447774,-35.349023,705.861,128
2272,1779711022836519311,1779711022801284552,-35.234759,836.778,128
2273,1779711022838236146,1779711022802950465,-35.285681,665.913,128
2274,1779711022839986896,1779711022804364783,-35.622113,414.318,128
2275,1779711022841429049,1779711022806518180,-34.910869,1153.397,128
2276,1779711022843481518,1779711022808968338,-34.51318,1450.158,128
2277,1779711022845970349,1779711022810601039,-35.36931,632.701,128
2278,1779711022847747705,1779711022813275633,-34.472072,1674.594,128
2279,1779711022850180741,1779711022816057223,-34.123518,1781.59,128
2280,1779711022853025496,1779711022819342000,-33.683496,2284.777,128
2281,1779711022855823201,1779711022820949792,-34.873409,607.792,128
2282,1779711022857923555,1779711022823006247,-34.917308,1056.455,128
2283,1779711022860086538,1779711022826243575,-33.842963,2237.328,128
2284,1779711022863365593,1779711022828467741,-34.897852,1224.166,128
2285,1779711022865508855,1779711022831363527,-34.145328,1895.786,128
2286,1779711022868229456,1779711022835016590,-33.212866,2653.063,128
2287,1779711022872127366,1779711022837392602,-34.734764,1376.012,128
2288,1779711022874444167,1779711022839780992,-34.663175,1388.39,128
2289,1779711022876901351,1779711022841838491,-35.06286,1057.499,128
2290,1779711022878893783,1779711022843849198,-35.044585,1010.707,128
2291,1779711022880898400,1779711022847618464,-33.279936,2769.266,128
2292,1779711022885091452,1779711022852922063,-32.169389,4303.599,128
2293,1779711022890252723,1779711022855334443,-34.91828,1412.38,128
2294,1779711022892813938,1779711022859014534,-33.799404,2680.091,128
2295,1779711022896051435,1779711022863243818,-32.807617,3229.284,128
2296,1779711022899913228,1779711022865109903,-34.803325,866.085,128
2297,1779711022902185627,1779711022870434355,-31.751272,4324.452,128
2298,1779711022907687150,1779711022873614333,-34.072817,2179.978,128
2299,1779711022910743446,1779711022876909991,-33.833455,2295.658,128
2300,1779711022913860521,1779711022879620397,-34.240124,1710.406,128
2301,1779711022916128117,1779711022881495764,-34.632353,875.367,128
2302,1779711022918464299,1779711022883322258,-35.142041,826.494,128
2303,1779711022920267432,1779711022884529879,-35.737553,207.621,128
2304,1779711022921535925,1779711022886388788,-35.147137,858.909,128
2305,1779711022923400464,1779711022888657051,-34.743413,1268.263,128
2306,1779711022925662974,1779711022890860241,-34.802733,1203.19,128
2307,1779711022927864157,1779711022893468172,-34.395985,1607.931,128
2308,1779711022930506452,1779711022895326797,-35.179655,858.625,128
2309,1779711022932487984,1779711022896764397,-35.723587,437.6,128
2310,1779711022933728898,1779711022898841769,-34.887129,1077.372,128
2311,1779711022935894160,1779711022900562190,-35.33197,720.421,128
2312,1779711022937616234,1779711022902674150,-34.942084,1111.96,128
2313,1779711022939577406,1779711022904909845,-34.667561,1235.695,128
2314,1779711022941913816,1779711022911586571,-30.327245,5676.726,128
2315,1779711022948500449,1779711022913573672,-34.926777,987.101,128
2316,1779711022950610886,1779711022915782117,-34.828769,1208.445,128
2317,1779711022952846390,1779711022918239106,-34.607284,1456.989,128
2318,1779711022955032316,1779711022919965210,-35.067106,726.104,128
2319,1779711022956843796,1779711022922230698,-34.613098,1265.488,128
2320,1779711022959199946,1779711022923602489,-35.597457,371.791,128
2321,1779711022960656918,1779711022925367026,-35.289892,764.537,128
2322,1779711022962477494,1779711022928009231,-34.468263,1642.205,128
2323,1779711022965034721,1779711022929929438,-35.105283,920.207,128
2324,1779711022967034915,1779711022932066559,-34.968356,1137.121,128
2325,1779711022969154802,1779711022934445340,-34.709462,1378.781,128
2326,1779711022971513541,1779711022936696899,-34.816642,1251.559,128
2327,1779711022973692761,1779711022938657130,-35.035631,960.231,128
2328,1779711022975680084,1779711022940122482,-35.557602,465.352,128
2329,1779711022977045215,1779711022942188799,-34.856416,1066.317,128
2330,1779711022979231080,1779711022944102553,-35.128527,913.754,128
2331,1779711022981147425,1779711022947429077,-33.718348,2326.524,128
2332,1779711022984431829,1779711022948597776,-35.834053,168.699,128
2333,1779711022985741381,1779711022950134649,-35.606732,536.873,128
2334,1779711022987335433,1779711022952518603,-34.81683,1383.954,128
2335,1779711022989516585,1779711022953879685,-35.6369,361.082,128
2336,1779711022990931865,1779711022955373954,-35.557911,494.269,128
2337,1779711022992375222,1779711022956891041,-35.484181,517.087,128
2338,1779711022994001072,1779711022958323059,-35.678013,432.018,128
2339,1779711022995412123,1779711022959941643,-35.47048,618.584,128
2340,1779711022996951136,1779711022962034405,-34.916731,1092.762,128
2341,1779711022998802213,1779711022963776384,-35.025829,741.979,128
2342,1779711023000853399,1779711022966226888,-34.626511,1450.504,128
2343,1779711023003179781,1779711022967336454,-35.843327,109.566,128
2344,1779711023004454018,1779711022969133420,-35.320598,796.966,128
2345,1779711023006057895,1779711022970654400,-35.403495,520.98,128
2346,1779711023007625345,1779711022972111308,-35.514037,456.908,128
2347,1779711023008977126,1779711022973871200,-35.105926,759.892,128
2348,1779711023010997602,1779711022975291628,-35.705974,420.428,128
2349,1779711023012347068,1779711022976553517,-35.793551,261.889,128
2350,1779711023013604723,1779711022977812457,-35.792266,258.94,128
2351,1779711023014827679,1779711022979061609,-35.76607,249.152,128
2352,1779711023016205801,1779711022979973300,-36.232501,-88.309,128
2353,1779711023017138302,1779711022981264157,-35.874145,290.857,128
2354,1779711023018323394,1779711022983083979,-35.239415,819.822,128
2355,1779711023020161756,1779711022984538819,-35.622937,454.84,128
2356,1779711023021490815,1779711022986290733,-35.200082,751.914,128
2357,1779711023023158077,1779711022987757009,-35.401068,466.276,128
2358,1779711023024820045,1779711022989299156,-35.520889,542.147,128
2359,1779711023026293431,1779711022990594191,-35.69924,295.035,128
2360,1779711023027650560,1779711022992025988,-35.624572,431.797,128
2361,1779711023029099926,1779711022993448531,-35.651395,422.543,128
2362,1779711023030467612,1779711022994850318,-35.617294,401.787,128
2363,1779711023031614401,1779711022996634037,-34.980364,783.719,128
2364,1779711023033754449,1779711022998473755,-35.280694,839.718,128
2365,1779711023035476569,1779711022999836847,-35.639722,363.092,128
2366,1779711023036916939,1779711023002321903,-34.595036,1485.056,128
2367,1779711023039253172,1779711023004962519,-34.290653,1640.616,128
2368,1779711023042037293,1779711023006327141,-35.710152,364.622,128
2369,1779711023043336330,1779711023008774970,-34.56136,1447.829,128
2370,1779711023045895416,1779711023010861560,-35.033856,1086.59,128
2371,1779711023047865655,1779711023012455340,-35.410315,593.78,128
2372,1779711023049503560,1779711023015409241,-34.094319,1953.901,128
2373,1779711023052433110,1779711023017282802,-35.150308,873.561,128
2374,1779711023054283243,1779711023018500380,-35.782863,217.578,128
2375,1779711023055372636,1779711023020091108,-35.281528,590.728,128
2376,1779711023057025498,1779711023021000623,-36.024875,-90.485,128
2377,1779711023058088344,1779711023022827528,-35.260816,826.905,128
2378,1779711023059861808,1779711023025034044,-34.827764,1206.516,128
2379,1779711023061353072,1779711023025416785,-35.936287,-617.259,128
2380,1779711023062241594,1779711023026630508,-35.611086,213.723,128
2381,1779711023063654629,1779711023028245241,-35.409388,614.733,128
2382,1779711023065213715,1779711023029710197,-35.503518,464.956,128
2383,1779711023066782577,1779711023030832849,-35.949728,122.652,128
2384,1779711023067827743,1779711023031617228,-36.210515,-215.621,128
2385,1779711023068581795,1779711023032882283,-35.699512,265.055,128
2386,1779711023069776517,1779711023034525242,-35.251275,642.959,128
2387,1779711023071504494,1779711023036085184,-35.41931,559.942,128
2388,1779711023072974178,1779711023037396958,-35.57722,311.774,128
2389,1779711023074387640,1779711023040225777,-34.161863,1828.819,128
2390,1779711023077224045,1779711023043227734,-33.996311,2001.957,128
2391,1779711023080058006,1779711023044417616,-35.64039,189.882,128
2392,1779711023081183611,1779711023045878982,-35.304629,461.366,128
2393,1779711023082954997,1779711023047283103,-35.671894,404.121,128
2394,1779711023084276587,1779711023048724977,-35.55161,441.874,128
2395,1779711023085763085,1779711023052221261,-33.541824,2496.284,128
2396,1779711023087460662,1779711023052370627,-35.090035,-850.634,128
2397,1779711023089292828,1779711023053867019,-35.425809,496.392,128
2398,1779711023090913512,1779711023055556704,-35.356808,689.685,128
2399,1779711023092594587,1779711023056978191,-35.616396,421.487,128
2400,1779711023094018008,1779711023058289501,-35.728507,311.31,128
2401,1779711023095345752,1779711023059980551,-35.365201,691.05,128
2402,1779711023096990711,1779711023061561462,-35.429249,580.911,128
2403,1779711023098651244,1779711023063384601,-35.266643,823.139,128
2404,1779711023100392218,1779711023064712188,-35.68003,327.587,128
2405,1779711023101712134,1779711023067392959,-34.319175,1680.771,128
2406,1779711023104417828,1779711023069716949,-34.700879,1323.99,128
2407,1779711023106760391,1779711023071367914,-35.392477,650.965,128
2408,1779711023108570610,1779711023072719563,-35.851047,351.649,128
2409,1779711023109675870,1779711023073914084,-35.761786,194.521,128
2410,1779711023110945119,1779711023076040225,-34.904894,1126.141,128
2411,1779711023113123423,1779711023078826294,-34.297129,1786.069,128
2412,1779711023115697965,1779711023079937847,-35.760118,111.553,128
2413,1779711023117034944,1779711023081986072,-35.048872,1048.225,128
2414,1779711023118972354,1779711023083472770,-35.499584,486.698,128
2415,1779711023120482045,1779711023086310653,-34.171392,1837.883,128
2416,1779711023123379259,1779711023088349183,-35.030076,1038.53,128
2417,1779711023125311140,1779711023090795801,-34.515339,1446.618,128
2418,1779711023127792600,1779711023092341676,-35.450924,545.875,128
2419,1779711023129355317,1779711023093539415,-35.815902,197.739,128
2420,1779711023130536908,1779711023095042274,-35.494634,502.859,128
2421,1779711023132048389,1779711023096419612,-35.628777,377.338,128
2422,1779711023133471295,1779711023098080149,-35.391146,660.537,128
2423,1779711023135000525,1779711023099386344,-35.614181,306.195,128
2424,1779711023136370579,1779711023100957030,-35.413549,570.686,128
2425,1779711023137884928,1779711023102388144,-35.496784,431.114,128
2426,1779711023139359604,1779711023103960552,-35.399052,572.408,128
2427,1779711023140997647,1779711023105081602,-35.916045,121.05,128
2428,1779711023142068948,1779711023106728190,-35.340758,646.588,128
2429,1779711023143344877,1779711023108073417,-35.27146,345.227,128
2430,1779711023144795680,1779711023109284996,-35.510684,211.579,128
2431,1779711023146052320,1779711023110604845,-35.447475,319.849,128
2432,1779711023147656862,1779711023111644006,-36.012856,39.161,128
2433,1779711023148650827,1779711023112738306,-35.912521,94.3,128
2434,1779711023149682093,1779711023113878427,-35.803666,140.121,128
2435,1779711023150858369,1779711023115565513,-35.292856,687.086,128
2436,1779711023152273359,1779711023116461875,-35.811484,-103.638,128
2437,1779711023153468393,1779711023117932541,-35.535852,470.666,128
2438,1779711023154918345,1779711023119355958,-35.562387,423.417,128
2439,1779711023156267417,1779711023120922306,-35.345111,566.348,128
2440,1779711023157916773,1779711023122488337,-35.428436,566.031,128
2441,1779711023159491300,1779711023123965029,-35.526271,476.692,128
2442,1779711023161050780,1779711023126032398,-35.018382,1067.369,128
2443,1779711023162996709,1779711023126992496,-36.004213,-39.902,128
2444,1779711023164034823,1779711023128667807,-35.367016,675.311,128
2445,1779711023165700661,1779711023129987759,-35.712902,319.952,128
2446,1779711023167006218,1779711023131498103,-35.508115,510.344,128
2447,1779711023168552121,1779711023133448483,-35.103638,950.38,128
2448,1779711023170516278,1779711023134818529,-35.697749,370.046,128
2449,1779711023171889561,1779711023136069095,-35.820466,250.566,128
2450,1779711023173093146,1779711023137359072,-35.734074,289.977,128
2451,1779711023174390278,1779711023139284107,-35.106171,925.035,128
2452,1779711023176233713,1779711023140531144,-35.702569,247.037,128
2453,1779711023177653282,1779711023142255775,-35.397507,724.631,128
2454,1779711023179188893,1779711023143975162,-35.213731,719.387,128
2455,1779711023180994164,1779711023145537044,-35.45712,561.882,128
2456,1779711023182584100,1779711023148565507,-34.018593,2028.463,128
2457,1779711023183976354,1779711023148959576,-35.016778,-605.931,128
2458,1779711023186009092,1779711023150554541,-35.454551,594.965,128
2459,1779711023187657733,1779711023152481917,-35.175816,927.376,128
2460,1779711023189468281,1779711023154433365,-35.034916,951.448,128
2461,1779711023191545909,1779711023156336450,-35.209459,903.085,128
2462,1779711023193250119,1779711023157766353,-35.483766,429.903,128
2463,1779711023194760842,1779711023159589508,-35.171334,823.155,128
2464,1779711023196663293,1779711023161979554,-34.683739,1390.046,128
2465,1779711023199067273,1779711023163982116,-35.085157,1002.562,128
2466,1779711023200946892,1779711023166099651,-34.847241,1117.535,128
2467,1779711023203110138,1779711023168446459,-34.663679,1346.808,128
2468,1779711023205125583,1779711023169929136,-35.196447,482.677,128
2469,1779711023206898624,1779711023171795754,-35.10287,866.618,128
2470,1779711023208784604,1779711023174330805,-34.453799,1535.051,128
2471,1779711023211247302,1779711023175717452,-35.52985,386.647,128
2472,1779711023212813368,1779711023178406775,-34.406593,1689.323,128
2473,1779711023214324878,1779711023179090058,-35.23482,-316.717,128
2474,1779711023216125085,1779711023181093347,-35.031738,1003.289,128
2475,1779711023218056117,1779711023183281137,-34.77498,1187.79,128
2476,1779711023220150111,1779711023185206421,-34.94369,925.284,128
2477,1779711023221947766,1779711023186983583,-34.964183,777.162,128
2478,1779711023224017973,1779711023189326064,-34.691909,1342.481,128
2479,1779711023226215651,1779711023191254495,-34.961156,928.431,128
2480,1779711023228116296,1779711023192701606,-35.41469,447.111,128
2481,1779711023229742492,1779711023194625721,-35.116771,924.115,128
2482,1779711023231740156,1779711023196432057,-35.308099,806.336,128
2483,1779711023233664955,1779711023198090379,-35.574576,658.322,128
2484,1779711023235245093,1779711023200448310,-34.796783,1357.931,128
2485,1779711023237484279,1779711023211961479,-25.5228,10513.169,128
2486,1779711023249116686,1779711023214418568,-34.698118,1457.089,128
2487,1779711023251464437,1779711023216135154,-35.329283,716.586,128
2488,1779711023253216749,1779711023217838346,-35.378403,703.192,128
2489,1779711023255001711,1779711023219851777,-35.149934,1013.431,128
2490,1779711023256972191,1779711023222097899,-34.874292,1246.122,128
2491,1779711023259122493,1779711023223753736,-35.368757,655.837,128
2492,1779711023260869919,1779711023225382890,-35.487029,629.154,128
2493,1779711023262611802,1779711023227273305,-35.338497,890.415,128
2494,1779711023264350673,1779711023228860467,-35.490206,587.162,128
2495,1779711023265989793,1779711023230784618,-35.205175,924.151,128
2496,1779711023267905443,1779711023232415730,-35.489713,631.112,128
2497,1779711023269651494,1779711023234096504,-35.55499,680.774,128
2498,1779711023271241120,1779711023235782870,-35.45825,686.366,128
2499,1779711023272833777,1779711023237413744,-35.420033,630.874,128
2500,1779711023274669484,1779711023239072913,-35.596571,659.169,128
2501,1779711023276218033,1779711023241093442,-35.124591,1020.529,128
2502,1779711023277910621,1779711023242900525,-35.010096,807.083,128
2503,1779711023279701771,1779711023244256149,-35.445622,355.624,128
2504,1779711023281280813,1779711023246203565,-35.077248,947.416,128
2505,1779711023283307123,1779711023247482225,-35.824898,278.66,128
2506,1779711023284684457,1779711023249304742,-35.379715,822.517,128
2507,1779711023286476483,1779711023251306014,-35.170469,1001.272,128
2508,1779711023288330989,1779711023254278411,-34.052578,1972.397,128
2509,1779711023291408077,1779711023256488279,-34.919798,1209.868,128
2510,1779711023293658723,1779711023258491013,-35.16771,1002.734,128
2511,1779711023295761232,1779711023260557082,-35.20415,1066.069,128
2512,1779711023297610134,1779711023262048156,-35.561978,491.074,128
2513,1779711023299075257,1779711023263990355,-35.084902,942.199,128
2514,1779711023301070263,1779711023265944821,-35.125442,954.466,128
2515,1779711023303020261,1779711023268125468,-34.894793,1180.647,128
2516,1779711023305152373,1779711023270145427,-35.006946,1019.959,128
2517,1779711023307168394,1779711023271994155,-35.174239,848.728,128
2518,1779711023308903448,1779711023273926942,-34.976506,932.787,128
2519,1779711023310806023,1779711023275404050,-35.401973,477.108,128
2520,1779711023312474793,1779711023276901723,-35.57307,497.673,128
2521,1779711023313947655,1779711023278486899,-35.460756,585.176,128
2522,1779711023315725303,1779711023280421267,-35.304036,934.368,128
2523,1779711023317381394,1779711023285110435,-32.270959,3689.168,128
2524,1779711023322201733,1779711023286716904,-35.484829,606.469,128
2525,1779711023323740670,1779711023289024402,-34.716268,1307.498,128
2526,1779711023326134841,1779711023292840582,-33.294259,2816.18,128
2527,1779711023330038376,1779711023294802443,-35.235933,961.861,128
2528,1779711023331955908,1779711023298630780,-33.325128,2828.337,128
2529,1779711023335561761,1779711023300280504,-35.281257,649.724,128
2530,1779711023337268374,1779711023302307114,-34.96126,1026.61,128
2531,1779711023339314981,1779711023303972923,-35.342058,665.809,128
2532,1779711023341041084,1779711023305526542,-35.514542,553.619,128
2533,1779711023342600817,1779711023307231124,-35.369693,704.582,128
2534,1779711023344247569,1779711023308845301,-35.402268,614.177,128
2535,1779711023345872906,1779711023310259981,-35.612925,414.68,128
2536,1779711023347271828,1779711023313780525,-33.491303,2520.544,128
2537,1779711023349389262,1779711023313925155,-35.464107,-855.37,128
2538,1779711023351006909,1779711023315947686,-35.059223,1022.531,128
2539,1779711023353038186,1779711023318111918,-34.926268,1164.232,128
2540,1779711023355168233,1779711023320226935,-34.941298,1115.017,128
2541,1779711023357196692,1779711023321525797,-35.670895,298.862,128
2542,1779711023358628927,1779711023323773838,-34.855089,1248.041,128
2543,1779711023360898510,1779711023326017936,-34.880574,1244.098,128
2544,1779711023363053325,1779711023327963944,-35.089381,946.008,128
2545,1779711023365021001,1779711023329685172,-35.335829,721.228,128
2546,1779711023366755698,1779711023331432438,-35.32326,747.266,128
2547,1779711023368495027,1779711023336470280,-32.024747,4037.842,128
2548,1779711023373602419,1779711023338880618,-34.721801,1410.338,128
2549,1779711023375951918,1779711023341113001,-34.838917,1232.383,128
2550,1779711023378109968,1779711023342741255,-35.368713,628.254,128
2551,1779711023379812433,1779711023344419059,-35.393374,677.804,128
2552,1779711023381532967,1779711023346253239,-35.279728,834.18,128
2553,1779711023383268716,1779711023348091449,-35.177267,838.21,128
2554,1779711023385140350,1779711023349853231,-35.287119,761.782,128
2555,1779711023386922484,1779711023351232310,-35.690174,379.079,128
2556,1779711023388273181,1779711023352889953,-35.383228,657.643,128
2557,1779711023389985343,1779711023354060523,-35.92482,170.57,128
2558,1779711023391050103,1779711023356066322,-34.983781,1005.799,128
2559,1779711023393170880,1779711023358311589,-34.859291,1245.267,128
2560,1779711023395308616,1779711023359939145,-35.369471,627.556,128
2561,1779711023397001499,1779711023362250105,-34.751394,1310.96,128
2562,1779711023399218222,1779711023364423248,-34.794974,1173.143,128
2563,1779711023401462116,1779711023369518335,-31.943781,4095.087,128
2564,1779711023406603709,1779711023371585843,-35.017866,1067.508,128
2565,1779711023408358932,1779711023373252800,-35.106132,666.957,128
2566,1779711023410221859,1779711023376280254,-33.941605,2027.454,128
2567,1779711023412992624,1779711023378402498,-34.590126,1122.244,128
2568,1779711023415346345,1779711023380352204,-34.994141,949.706,128
2569,1779711023417303936,1779711023382362844,-34.941092,1010.64,128
2570,1779711023419434767,1779711023384700429,-34.734338,1337.585,128
2571,1779711023421767901,1779711023386209866,-35.558035,509.437,128
2572,1779711023423169014,1779711023387989808,-35.179206,779.942,128
2573,1779711023425086652,1779711023389698359,-35.388293,708.551,128
2574,1779711023426810982,1779711023392022875,-34.788107,1324.516,128
2575,1779711023429078474,1779711023394419103,-34.659371,1396.228,128
2576,1779711023431445786,1779711023396707510,-34.738276,1288.407,128
2577,1779711023433602092,1779711023398247893,-35.354199,540.383,128
2578,1779711023435256220,1779711023400813936,-34.442284,1566.043,128
2579,1779711023437874039,1779711023403008658,-34.865381,1194.722,128
2580,1779711023439962167,1779711023404884601,-35.077566,875.943,128
2581,1779711023441961550,1779711023405884483,-36.077067,-0.118,128
2582,1779711023443004196,1779711023407818577,-35.185619,934.094,128
2583,1779711023444901017,1779711023409361720,-35.539297,543.143,128
2584,1779711023446446001,1779711023411008958,-35.437043,647.238,128
2585,1779711023448097530,1779711023412754115,-35.343415,745.157,128
2586,1779711023449828198,1779711023414125260,-35.702938,371.145,128
2587,1779711023451125974,1779711023415414427,-35.711547,289.167,128
2588,1779711023452459967,1779711023416775286,-35.684681,360.859,128
2589,1779711023453944098,1779711023418091482,-35.852616,316.196,128
2590,1779711023455152378,1779711023419900621,-35.251757,809.139,128
2591,1779711023456928623,1779711023421291966,-35.636657,391.345,128
2592,1779711023458328797,1779711023422852349,-35.476448,560.383,128
2593,1779711023459940625,1779711023424397646,-35.542979,545.297,128
2594,1779711023461479217,1779711023425957811,-35.521406,560.165,128
2595,1779711023463020230,1779711023427463847,-35.556383,506.036,128
2596,1779711023464489619,1779711023428930470,-35.559149,466.623,128
2597,1779711023465977322,1779711023430315901,-35.661421,385.431,128
2598,1779711023467289465,1779711023431884599,-35.404866,568.698,128
2599,1779711023468844364,1779711023433398231,-35.446133,513.632,128
2600,1779711023470470137,1779711023434682109,-35.788028,283.878,128
2601,1779711023471671155,1779711023436334870,-35.336285,652.761,128
2602,1779711023473340454,1779711023437582069,-35.758385,247.199,128
2603,1779711023474672979,1779711023439315574,-35.357405,733.505,128
2604,1779711023476409886,1779711023440484958,-35.924928,169.384,128
2605,1779711023477618145,1779711023441472946,-36.145199,-12.012,128
2606,1779711023478631718,1779711023442907829,-35.723889,434.883,128
2607,1779711023479984984,1779711023444293822,-35.691162,385.993,128
2608,1779711023481347647,1779711023445088553,-36.259094,-205.269,128
2609,1779711023482455072,1779711023446658855,-35.796217,570.302,128
2610,1779711023483708845,1779711023448474228,-35.234617,815.373,128
2611,1779711023485615932,1779711023450268175,-35.347757,793.947,128
2612,1779711023487344227,1779711023451852765,-35.491462,584.59,128
2613,1779711023488926227,1779711023453049951,-35.876276,197.186,128
2614,1779711023490194754,1779711023454379197,-35.815557,329.246,128
2615,1779711023491445927,1779711023455896662,-35.549265,517.465,128
2616,1779711023492999045,1779711023457288461,-35.710584,391.799,128
2617,1779711023494441400,1779711023458924248,-35.517152,635.787,128
2618,1779711023495836967,1779711023460079048,-35.757919,154.8,128
2619,1779711023497228461,1779711023461837559,-35.390902,758.511,128
2620,1779711023498872611,1779711023462909793,-35.962818,72.234,128
2621,1779711023500056147,1779711023464462817,-35.59333,553.024,128
2622,1779711023501518001,1779711023465998273,-35.519728,535.456,128
2623,1779711023503131684,1779711023467278063,-35.853621,279.79,128
2624,1779711023504425389,1779711023469274528,-35.150861,996.465,128
2625,1779711023506366941,1779711023470793483,-35.573458,518.955,128
2626,1779711023507953787,1779711023472058850,-35.894937,265.367,128
2627,1779711023508891060,1779711023473091807,-35.799253,32.957,128
2628,1779711023510243355,1779711023474927173,-35.316182,835.366,128
2629,1779711023512056191,1779711023476553314,-35.502877,626.141,128
2630,1779711023513677068,1779711023477997074,-35.679994,443.76,128
2631,1779711023514993424,1779711023479426470,-35.566954,429.396,128
2632,1779711023516622706,1779711023481225974,-35.396732,799.504,128
2633,1779711023518224984,1779711023482810568,-35.414416,584.594,128
2634,1779711023519951081,1779711023484410591,-35.54049,600.023,128
2635,1779711023521520883,1779711023485546770,-35.974113,136.179,128
2636,1779711023522695255,1779711023487236386,-35.458869,689.616,128
2637,1779711023524354006,1779711023489161772,-35.192234,925.386,128
2638,1779711023526308002,1779711023491093785,-35.214217,932.013,128
2639,1779711023528062738,1779711023492106697,-35.956041,12.912,128
2640,1779711023529224530,1779711023493472302,-35.752228,365.605,128
2641,1779711023530508446,1779711023494953716,-35.55473,481.414,128
2642,1779711023532070398,1779711023496424861,-35.645537,471.145,128
2643,1779711023533490307,1779711023497964295,-35.526012,539.434,128
2644,1779711023535081211,1779711023499190109,-35.891102,225.814,128
2645,1779711023536275950,1779711023500820671,-35.455279,630.562,128
2646,1779711023537909351,1779711023502116394,-35.792957,295.723,128
2647,1779711023539094480,1779711023503336917,-35.757563,220.523,128
2648,1779711023540452988,1779711023504840951,-35.612037,504.034,128
2649,1779711023541887204,1779711023506115276,-35.771928,274.325,128
2650,1779711023543138403,1779711023507300433,-35.83797,185.157,128
2651,1779711023544360395,1779711023508332025,-36.02837,31.592,128
2652,1779711023545344702,1779711023509535648,-35.809054,203.623,128
2653,1779711023546681806,1779711023511144282,-35.537524,608.634,128
2654,1779711023548179862,1779711023512480336,-35.699526,336.054,128
2655,1779711023549535496,1779711023514015043,-35.520453,534.707,128
2656,1779711023551037241,1779711023515180343,-35.856898,165.3,128
2657,1779711023552335660,1779711023516537316,-35.798344,356.973,128
2658,1779711023553611813,1779711023517918115,-35.693698,380.799,128
2659,1779711023554922736,1779711023519767324,-35.155412,849.209,128
2660,1779711023556755498,1779711023521208268,-35.54723,440.944,128
2661,1779711023558243670,1779711023523188764,-35.054906,980.496,128
2662,1779711023560292886,1779711023524533416,-35.75947,344.652,128
2663,1779711023561509130,1779711023525781000,-35.72813,247.584,128
2664,1779711023562949451,1779711023528046371,-34.90308,1265.371,128
2665,1779711023565080292,1779711023529452299,-35.627993,405.928,128
2666,1779711023566602989,1779711023531350563,-35.252426,898.264,128
2667,1779711023568371124,1779711023533261916,-35.109208,911.353,128
2668,1779711023570277777,1779711023535494742,-34.783035,1232.826,128
2669,1779711023572522904,1779711023538259234,-34.26367,1764.492,128
2670,1779711023575281114,1779711023542006066,-33.275048,2746.832,128
2671,1779711023578970687,1779711023544048137,-34.92255,1042.071,128
2672,1779711023581039035,1779711023545816310,-35.222725,768.173,128
2673,1779711023582904460,1779711023547322607,-35.581853,506.297,128
2674,1779711023584429034,1779711023549221268,-35.207766,898.661,128
2675,1779711023586201062,1779711023551216682,-34.98438,995.414,128
2676,1779711023588195557,1779711023553158137,-35.03742,941.455,128
2677,1779711023590241832,1779711023554875597,-35.366235,717.46,128
2678,1779711023591870073,1779711023556811410,-35.058663,935.813,128
2679,1779711023593836723,1779711023560261481,-33.575242,2450.071,128
2680,1779711023597258422,1779711023562087913,-35.170509,826.432,128
2681,1779711023599178868,1779711023564071989,-35.106879,984.076,128
2682,1779711023601154705,1779711023566711106,-34.443599,1639.117,128
2683,1779711023603787672,1779711023568374202,-35.41347,663.096,128
2684,1779711023605377644,1779711023569886146,-35.491498,511.944,128
2685,1779711023606904162,1779711023571859277,-35.044885,973.131,128
2686,1779711023608897135,1779711023573788028,-35.109107,928.751,128
2687,1779711023610928460,1779711023575811334,-35.117126,1023.306,128
2688,1779711023612906640,1779711023579449483,-33.457157,2638.149,128
2689,1779711023614613086,1779711023579456534,-35.156552,-992.949,128
2690,1779711023616493623,1779711023582905166,-33.588457,2448.632,128
2691,1779711023619928958,1779711023585417900,-34.511058,1512.734,128
2692,1779711023622337019,1779711023587129865,-35.207154,711.965,128
2693,1779711023623846562,1779711023589347409,-34.499153,1217.544,128
2694,1779711023626248914,1779711023591332417,-34.916497,985.008,128
2695,1779711023628308177,1779711023593088643,-35.219534,756.226,128
2696,1779711023629992527,1779711023595337941,-34.654586,1249.298,128
2697,1779711023632247052,1779711023596668234,-35.578818,330.293,128
2698,1779711023633666473,1779711023597853517,-35.812956,185.283,128
2699,1779711023634852824,1779711023599769250,-35.083574,915.733,128
2700,1779711023636848363,1779711023601118453,-35.72991,349.203,128
2701,1779711023638115772,1779711023603467914,-34.647858,1349.461,128
2702,1779711023640621314,1779711023605339239,-35.282075,871.325,128
2703,1779711023642399416,1779711023606861267,-35.538149,522.028,128
2704,1779711023643866227,1779711023608437364,-35.428863,576.097,128
2705,1779711023645448846,1779711023610659085,-34.789761,1221.721,128
2706,1779711023647638569,1779711023612348908,-35.289661,689.823,128
2707,1779711023649386085,1779711023614615118,-34.770967,1266.21,128
2708,1779711023651612758,1779711023616600821,-35.011937,985.703,128
2709,1779711023653622232,1779711023618393990,-35.228242,793.169,128
2710,1779711023655308984,1779711023619860489,-35.448495,466.499,128
2711,1779711023656827258,1779711023621944969,-34.882289,1084.48,128
2712,1779711023659007193,1779711023623217022,-35.790171,272.053,128
2713,1779711023660206357,1779711023625555528,-34.650829,1338.506,128
2714,1779711023662651704,1779711023627408145,-35.243559,852.617,128
2715,1779711023664469610,1779711023628999614,-35.469996,591.469,128
2716,1779711023666124266,1779711023630577501,-35.546765,577.887,128
2717,1779711023667693639,1779711023632266330,-35.427309,688.829,128
2718,1779711023669241799,1779711023633525388,-35.716411,259.058,128
2719,1779711023670674602,1779711023635609975,-35.064627,1084.587,128
2720,1779711023672730114,1779711023637466421,-35.263693,856.446,128
2721,1779711023674635019,1779711023639278490,-35.356529,812.069,128
2722,1779711023676221494,1779711023641115432,-35.106062,836.942,128
2723,1779711023678165872,1779711023642796745,-35.369127,681.313,128
2724,1779711023679862170,1779711023644520984,-35.341186,724.239,128
2725,1779711023681608329,1779711023646113028,-35.495301,592.044,128
2726,1779711023683179073,1779711023649072358,-34.106715,1959.33,128
2727,1779711023686095736,1779711023650620524,-35.475212,548.166,128
2728,1779711023687658685,1779711023652278995,-35.37969,658.471,128
2729,1779711023689226951,1779711023653551696,-35.675255,272.701,128
2730,1779711023690610722,1779711023655319897,-35.290825,768.201,128
2731,1779711023692372480,1779711023657770775,-34.601705,1450.878,128
2732,1779711023694810669,1779711023659548074,-35.262595,777.299,128
2733,1779711023696492486,1779711023661382096,-35.11039,834.022,128
2734,1779711023698319829,1779711023662958908,-35.360921,576.812,128
2735,1779711023699698352,1779711023664504422,-35.19393,545.514,128
2736,1779711023701893755,1779711023666306299,-35.587456,801.877,128
2737,1779711023703035740,1779711023667623624,-35.412116,317.325,128
2738,1779711023704669959,1779711023669106641,-35.563318,483.017,128
2739,1779711023706012817,1779711023670311956,-35.700861,205.315,128
2740,1779711023707179517,1779711023671935696,-35.243821,623.74,128
2741,1779711023708934026,1779711023673662417,-35.271609,726.721,128
2742,1779711023710819633,1779711023675545929,-35.273704,883.512,128
2743,1779711023712617585,1779711023677226730,-35.390855,680.801,128
2744,1779711023714177334,1779711023678614568,-35.562766,387.838,128
2745,1779711023715688820,1779711023680355552,-35.333268,740.984,128
2746,1779711023717375004,1779711023681491788,-35.883216,136.236,128
2747,1779711023718464832,1779711023682901050,-35.563782,409.262,128
2748,1779711023719900724,1779711023684506095,-35.394629,605.045,128
2749,1779711023721680164,1779711023686956182,-34.723982,1450.087,128
2750,1779711023723863850,1779711023689085995,-34.777855,1129.813,128
2751,1779711023726144244,1779711023690462350,-35.681894,376.355,128
2752,1779711023727487118,1779711023691609014,-35.878104,146.664,128
2753,1779711023728741785,1779711023693466580,-35.275205,857.566,128
2754,1779711023730597741,1779711023695201803,-35.395938,735.223,128
2755,1779711023732188583,1779711023699266842,-32.921741,3065.039,128
2756,1779711023736306528,1779711023707325371,-28.981157,7058.529,128
2757,1779711023744286833,1779711023709836422,-34.450411,1511.051,128
2758,1779711023746983321,1779711023711242449,-35.740872,406.027,128
2759,1779711023748356060,1779711023713320928,-35.035132,1078.479,128
2760,1779711023750272157,1779711023714980745,-35.291412,659.817,128
2761,1779711023751981144,1779711023716921589,-35.059555,940.844,128
2762,1779711023753990768,1779711023718852137,-35.138631,930.548,128
2763,1779711023755849345,1779711023721543980,-34.305365,1691.843,128
2764,1779711023758518383,1779711023723538912,-34.979471,994.932,128
2765,1779711023760652407,1779711023725817391,-34.835016,1278.479,128
2766,1779711023762859068,1779711023728144507,-34.714561,1327.116,128
2767,1779711023765197082,1779711023730364709,-34.832373,1220.202,128
2768,1779711023767403919,1779711023732639373,-34.764546,1274.664,128
2769,1779711023769642977,1779711023735256347,-34.38663,1616.974,128
2770,1779711023772164572,1779711023737180714,-34.983858,924.367,128
2771,1779711023773935778,1779711023738678185,-35.257593,497.471,128
2772,1779711023775729907,1779711023741385327,-34.34458,1707.142,128
2773,1779711023778342644,1779711023743565990,-34.776654,1180.663,128
2774,1779711023780521719,1779711023746202845,-34.318874,1636.855,128
2775,1779711023783016564,1779711023748288298,-34.728266,1085.453,128
2776,1779711023785087671,1779711023750346373,-34.741298,1058.075,128
2777,1779711023787415578,1779711023754258828,-33.15675,2912.455,128
2778,1779711023791120640,1779711023755013541,-36.107099,-245.287,128
2779,1779711023792154734,1779711023756937825,-35.216909,924.284,128
2780,1779711023793988091,1779711023758793120,-35.194971,855.295,128
2781,1779711023795907111,1779711023760396396,-35.510715,603.276,128
2782,1779711023797358078,1779711023761511743,-35.846335,115.347,128
2783,1779711023798585027,1779711023763070053,-35.514974,558.31,128
2784,1779711023800115632,1779711023765107419,-35.008213,1037.366,128
2785,1779711023801925185,1779711023766497893,-35.427292,390.474,128
2786,1779711023803640065,1779711023768912943,-34.727122,1415.05,128
2787,1779711023805783356,1779711023770168809,-35.614547,255.866,128
2788,1779711023807212527,1779711023771604096,-35.608431,435.287,128
2789,1779711023808713241,1779711023773617477,-35.095764,1013.381,128
2790,1779711023810623483,1779711023774298244,-36.325239,-319.233,128
2791,1779711023811330903,1779711023775728201,-35.602702,429.957,128
2792,1779711023812843643,1779711023777228335,-35.615308,500.134,128
2793,1779711023814316982,1779711023778134720,-36.182262,-93.615,128
2794,1779711023815218875,1779711023779407940,-35.810935,273.22,128
2795,1779711023816493082,1779711023780783574,-35.709508,375.634,128
2796,1779711023817836635,1779711023782100300,-35.736335,316.726,128
2797,1779711023819193501,1779711023783436522,-35.756979,336.222,128
2798,1779711023820472484,1779711023785281982,-35.190502,845.46,128
2799,1779711023822163594,1779711023786687175,-35.476419,405.193,128
2800,1779711023823639890,1779711023787945116,-35.694774,257.941,128
2801,1779711023824868802,1779711023788821310,-36.047492,-123.806,128
2802,1779711023825881725,1779711023790297956,-35.583769,476.646,128
2803,1779711023827431467,1779711023792089079,-35.342388,791.123,128
2804,1779711023829021775,1779711023793352904,-35.668871,263.825,128
2805,1779711023830336875,1779711023794790892,-35.545983,437.988,128
2806,1779711023831818655,1779711023795979508,-35.839147,188.616,128
2807,1779711023833029674,1779711023797254512,-35.775162,275.004,128
2808,1779711023834257948,1779711023798593548,-35.6644,339.036,128
2809,1779711023835649817,1779711023800379427,-35.27039,785.879,128
2810,1779711023837297888,1779711023802150147,-35.147741,770.72,128
2811,1779711023839004546,1779711023803293174,-35.711372,143.027,128
2812,1779711023840301551,1779711023804745648,-35.555903,452.474,128
2813,1779711023841839037,1779711023806747747,-35.09129,1002.099,128
2814,1779711023843787269,1779711023808435729,-35.35154,687.982,128
2815,1779711023845204241,1779711023809572992,-35.631249,137.263,128
2816,1779711023846510336,1779711023810397644,-36.112692,-175.348,128
2817,1779711023847435536,1779711023811671141,-35.764395,273.497,128
2818,1779711023848810027,1779711023813090314,-35.719713,419.173,128
2819,1779711023850156538,1779711023814907262,-35.249276,816.948,128
2820,1779711023851760357,1779711023815712157,-36.0482,-195.105,128
2821,1779711023853215266,1779711023818240509,-34.974757,1528.352,128
2822,1779711023855167628,1779711023820139312,-35.028316,898.803,128
2823,1779711023857065651,1779711023822210583,-34.855068,1071.271,128
2824,1779711023859250719,1779711023823772289,-35.47843,561.706,128
2825,1779711023860798671,1779711023825129772,-35.668899,357.483,128
2826,1779711023862162565,1779711023827149814,-35.012751,1020.042,128
2827,1779711023864086600,1779711023828543114,-35.543486,393.3,128
2828,1779711023865513741,1779711023829845184,-35.668557,302.07,128
2829,1779711023866867922,1779711023831501125,-35.366797,655.941,128
2830,1779711023868650101,1779711023833284149,-35.365952,783.024,128
2831,1779711023870269590,1779711023834490458,-35.779132,206.309,128
2832,1779711023871465321,1779711023835831627,-35.633694,341.169,128
2833,1779711023872828732,1779711023837025381,-35.803351,193.754,128
2834,1779711023874067988,1779711023838571389,-35.496599,546.008,128
2835,1779711023875383606,1779711023840588542,-34.795064,1017.153,128
2836,1779711023877489471,1779711023841997616,-35.491855,409.074,128
2837,1779711023878927589,1779711023843028014,-35.899575,30.398,128
2838,1779711023880015304,1779711023844751981,-35.263323,723.967,128
2839,1779711023881709893,1779711023845741078,-35.968815,-10.903,128
2840,1779711023882730313,1779711023846813851,-35.916462,72.773,128
2841,1779711023883730236,1779711023847828796,-35.90144,14.945,128
2842,1779711023884827369,1779711023849337842,-35.489527,509.046,128
2843,1779711023886283178,1779711023850503122,-35.780056,165.28,128
2844,1779711023887614912,1779711023851308520,-36.306392,-194.602,128
2845,1779711023888271639,1779711023852510083,-35.761556,201.563,128
2846,1779711023889470801,1779711023853395522,-36.075279,-114.561,128
2847,1779711023890385508,1779711023853872405,-36.513103,-523.117,128
2848,1779711023890952850,1779711023855717235,-35.235615,844.83,128
2849,1779711023892673794,1779711023857018924,-35.65487,301.689,128
2850,1779711023893981774,1779711023858438996,-35.542778,420.072,128
2851,1779711023895410357,1779711023859674510,-35.735847,235.514,128
2852,1779711023896647902,1779711023861117695,-35.530207,443.185,128
2853,1779711023898100637,1779711023862542149,-35.558488,424.454,128
2854,1779711023899529689,1779711023863902813,-35.626876,360.664,128
2855,1779711023900851725,1779711023865496180,-35.355545,593.367,128
2856,1779711023902482744,1779711023867343219,-35.139525,847.039,128
2857,1779711023904281732,1779711023869340793,-34.940939,997.574,128
2858,1779711023906246675,1779711023870871569,-35.375106,530.776,128
2859,1779711023907816311,1779711023872114800,-35.701511,243.231,128
2860,1779711023909091542,1779711023874149030,-34.942512,1034.23,128
2861,1779711023911096508,1779711023876369806,-34.726702,1220.776,128
2862,1779711023913196480,1779711023877700727,-35.495753,330.921,128
2863,1779711023914810852,1779711023879094735,-35.716117,394.008,128
2864,1779711023916046736,1779711023880480520,-35.566216,385.785,128
2865,1779711023917249273,1779711023882541301,-34.707972,1060.781,128
2866,1779711023919540260,1779711023884205484,-35.334776,664.183,128
2867,1779711023921234142,1779711023885824960,-35.409182,619.476,128
2868,1779711023922807689,1779711023887233866,-35.573823,408.906,128
2869,1779711023924159592,1779711023888537424,-35.622168,303.558,128
2870,1779711023925575243,1779711023890522192,-35.053051,984.768,128
2871,1779711023927530191,1779711023891826896,-35.703295,304.704,128
2872,1779711023928964646,1779711023893413873,-35.550773,586.977,128
2873,1779711023930378474,1779711023895072949,-35.305525,659.076,128
2874,1779711023932077809,1779711023896906731,-35.171078,833.782,128
2875,1779711023934002898,1779711023898486918,-35.51598,580.187,128
2876,1779711023935424895,1779711023900027619,-35.397276,540.701,128
2877,1779711023937017243,1779711023901946833,-35.07041,919.214,128
2878,1779711023938998673,1779711023903403485,-35.595188,456.652,128
2879,1779711023940322737,1779711023905971330,-34.351407,1567.845,128
2880,1779711023942793007,1779711023907637285,-35.155722,665.955,128
2881,1779711023944656840,1779711023912649291,-32.007549,4012.006,128
2882,1779711023949662618,1779711023914292674,-35.369944,643.383,128
2883,1779711023951114538,1779711023915857011,-35.257527,564.337,128
2884,1779711023952856496,1779711023917049037,-35.807459,192.026,128
2885,1779711023954005277,1779711023918479117,-35.52616,430.08,128
2886,1779711023955380524,1779711023920308728,-35.071796,829.611,128
2887,1779711023957279419,1779711023921910886,-35.368533,602.158,128
2888,1779711023958895065,1779711023923904259,-34.990806,993.373,128
2889,1779711023960895840,1779711023925409887,-35.485953,505.628,128
2890,1779711023962410775,1779711023927205286,-35.205489,795.399,128
2891,1779711023964126581,1779711023928883233,-35.243348,677.947,128
2892,1779711023965872656,1779711023930574785,-35.297871,691.552,128
2893,1779711023967647910,1779711023932596199,-35.051711,1021.414,128
2894,1779711023969511157,1779711023934431697,-35.07946,835.498,128
2895,1779711023971356198,1779711023935984407,-35.371791,552.71,128
2896,1779711023972966221,1779711023937325577,-35.640644,341.17,128
2897,1779711023974371856,1779711023938865229,-35.506627,539.652,128
2898,1779711023975856320,1779711023940380309,-35.476011,515.08,128
2899,1779711023977381882,1779711023942297868,-35.084014,917.559,128
2900,1779711023979142036,1779711023944031589,-35.110447,733.721,128
2901,1779711023981130159,1779711023945258670,-35.871489,227.081,128
2902,1779711023982267864,1779711023946877950,-35.389914,619.28,128
2903,1779711023983862833,1779711023948281614,-35.581219,403.664,128
2904,1779711023985254753,1779711023949993358,-35.261395,711.744,128
2905,1779711023986959352,1779711023953584728,-33.374624,2591.37,128
2906,1779711023990347189,1779711023956751787,-33.595402,2167.059,128
2907,1779711023993734493,1779711023958707830,-35.026663,956.043,128
2908,1779711023995760225,1779711023962443675,-33.31655,2735.845,128
2909,1779711023999454221,1779711023968678958,-30.775263,5235.283,128
2910,1779711024005738937,1779711023972791658,-32.947279,3112.7,128
2911,1779711024009818430,1779711023975274131,-34.544299,1482.473,128
2912,1779711024012964627,1779711023977619498,-35.345129,1345.367,128
2913,1779711024014605445,1779711023979350036,-35.255409,730.538,128
2914,1779711024016534710,1779711023984098725,-32.435985,3748.689,128
2915,1779711024021195687,1779711023985845670,-35.350017,746.945,128
2916,1779711024023045862,1779711023987367384,-35.678478,521.714,128
2917,1779711024024595373,1779711023988909760,-35.685613,542.376,128
2918,1779711024025944518,1779711023989989976,-35.954542,80.216,128
2919,1779711024027106040,1779711023991422635,-35.683405,432.659,128
2920,1779711024028614673,1779711023992857291,-35.757382,434.656,128
2921,1779711024029895103,1779711023994373398,-35.521705,516.107,128
2922,1779711024031441319,1779711023996202250,-35.239069,828.852,128
2923,1779711024033205276,1779711023998011034,-35.194242,808.784,128
2924,1779711024035091229,1779711023999740300,-35.350929,729.266,128
2925,1779711024036848482,1779711024000595691,-36.252791,-144.609,128
2926,1779711024037774293,1779711024001409144,-36.365149,-186.547,128
2927,1779711024038543285,1779711024002033580,-36.509705,-375.564,128
2928,1779711024039165283,1779711024002714744,-36.450539,-318.836,128
2929,1779711024039998953,1779711024003728754,-36.270199,14.01,128
2930,1779711024040862021,1779711024004475117,-36.386904,-253.637,128
2931,1779711024041605649,1779711024005577523,-36.028126,102.406,128
2932,1779711024042364763,1779711024006134774,-36.229989,-442.749,128
2933,1779711024043155337,1779711024006846926,-36.308411,-287.848,128
2934,1779711024043956554,1779711024007714843,-36.241711,-132.083,128
2935,1779711024044815668,1779711024008140709,-36.674959,-574.134,128
2936,1779711024045284428,1779711024008798302,-36.486126,-342.407,128
2937,1779711024045906091,1779711024009440418,-36.465673,-357.884,128
2938,1779711024046565646,1779711024010142129,-36.423517,-298.289,128
2939,1779711024047280615,1779711024010768188,-36.512427,-373.941,128
2940,1779711024047886338,1779711024011738455,-36.147883,-29.733,128
2941,1779711024048842554,1779711024012444225,-36.398329,-294.23,128
2942,1779711024049577739,1779711024013460381,-36.117358,16.156,128
2943,1779711024050537238,1779711024014337359,-36.199879,-123.022,128
2944,1779711024051450802,1779711024015148276,-36.302526,-189.083,128
2945,1779711024052255728,1779711024015991985,-36.263743,-156.291,128
2946,1779711024053112261,1779711024016703766,-36.408495,-288.219,128
2947,1779711024053806095,1779711024017385365,-36.42073,-318.401,128
2948,1779711024054511108,1779711024018122603,-36.388505,-262.762,128
2949,1779711024055254799,1779711024019018878,-36.235921,-103.725,128
2950,1779711024056145792,1779711024019830667,-36.315125,-188.211,128
2951,1779711024056967909,1779711024020597205,-36.370704,-233.462,128
2952,1779711024057724961,1779711024021311356,-36.413605,-285.849,128
2953,1779711024058458892,1779711024022249073,-36.209819,-62.283,128
2954,1779711024059376381,1779711024022908919,-36.467462,-340.154,128
2955,1779711024060028573,1779711024023749828,-36.278745,-159.091,128
2956,1779711024060814240,1779711024024307735,-36.506505,-442.093,128
2957,1779711024061460648,1779711024025247083,-36.213565,-60.652,128
2958,1779711024062392485,1779711024026244187,-36.148298,-2.896,128
2959,1779711024063319075,1779711024026590384,-36.728691,-653.803,128
2960,1779711024063730338,1779711024027432646,-36.297692,-157.738,128
2961,1779711024064533652,1779711024028099717,-36.433935,-332.929,128
2962,1779711024065237737,1779711024028862712,-36.375025,-237.005,128
2963,1779711024065989459,1779711024029666133,-36.323326,-196.579,128
2964,1779711024066754117,1779711024030391982,-36.362135,-274.151,128
2965,1779711024067499197,1779711024031071784,-36.427413,-320.198,128
2966,1779711024068209061,1779711024031919188,-36.289873,-152.596,128
2967,1779711024068938886,1779711024032543993,-36.394893,-375.195,128
2968,1779711024069678785,1779711024033352395,-36.32639,-191.598,128
2969,1779711024070434476,1779711024034141189,-36.293287,-211.206,128
2970,1779711024071249419,1779711024034822235,-36.427184,-318.954,128
2971,1779711024071913714,1779711024035558625,-36.355089,-263.61,128
2972,1779711024072683284,1779711024036488279,-36.195005,-70.346,128
2973,1779711024073601407,1779711024037169547,-36.43186,-318.732,128
2974,1779711024074261636,1779711024037904315,-36.357321,-265.232,128
2975,1779711024075018249,1779711024121629536,46.611287,82725.221,128
2976,1779711024158596003,1779711024128292979,-30.303024,5663.443,128
2977,1779711024164824646,1779711024128948502,-35.876144,-344.477,128
2978,1779711024166003370,1779711024130464815,-35.538555,516.313,128
2979,1779711024167470589,1779711024132394422,-35.076167,929.607,128
2980,1779711024169258619,1779711024133988738,-35.269881,594.316,128
2981,1779711024171085779,1779711024135594980,-35.490799,606.242,128
2982,1779711024172638881,1779711024137007162,-35.631719,412.182,128
2983,1779711024174079370,1779711024138327802,-35.751568,320.64,128
2984,1779711024175389218,1779711024139959607,-35.429611,631.805,128
2985,1779711024177089006,1779711024141280493,-35.808513,320.886,128
2986,1779711024178338679,1779711024142555695,-35.782984,275.202,128
2987,1779711024179625581,1779711024144556558,-35.069023,1000.863,128
2988,1779711024181686634,1779711024145790044,-35.89659,233.486,128
2989,1779711024182896903,1779711024146626580,-36.270323,-163.464,128
2990,1779711024183715068,1779711024147496265,-36.218803,-130.315,128
2991,1779711024184571498,1779711024149790246,-34.781252,1293.981,128
2992,1779711024185542970,1779711024152143065,-33.399905,1352.819,128
2993,1779711024186398088,1779711024152150620,-34.247468,-992.445,128
2994,1779711024187404792,1779711024152152626,-35.252166,-997.994,128
2995,1779711024188133051,1779711024152155006,-35.978045,-997.62,128
2996,1779711024189123145,1779711024152757133,-36.366012,-397.873,128
2997,1779711024189824635,1779711024153621580,-36.203055,-135.553,128
2998,1779711024190693662,1779711024154483450,-36.210212,-138.13,128
2999,1779711024191529201,1779711024154959926,-36.569275,-523.524,128
3000,1779711024192122586,1779711024156047700,-36.074886,87.774,128
3001,1779711024193133005,1779711024156905712,-36.227293,-141.988,128
3002,1779711024193992937,1779711024157741705,-36.251232,-164.007,128
3003,1779711024194834658,1779711024158701809,-36.132849,-39.896,128
3004,1779711024195781126,1779711024159492245,-36.288881,-209.564,128
3005,1779711024196646431,1779711024160396313,-36.250118,-95.932,128
3006,1779711024197478069,1779711024161383682,-36.094387,-12.631,128
3007,1779711024198471404,1779711024162119397,-36.352007,-264.285,128
3008,1779711024199272948,1779711024162884327,-36.388621,-235.07,128
3009,1779711024199969053,1779711024163729053,-36.24,-155.274,128
3010,1779711024200818598,1779711024164337816,-36.480782,-391.237,128
3011,1779711024201340530,1779711024165234181,-36.106349,-103.635,128
3012,1779711024202348134,1779711024165864312,-36.483822,-369.869,128
3013,1779711024203026159,1779711024166629660,-36.396499,-234.652,128
3014,1779711024203699890,1779711024167475930,-36.22396,-153.73,128
3015,1779711024204566925,1779711024168079445,-36.48748,-396.485,128
3016,1779711024205243768,1779711024169435537,-35.808231,356.092,128
3017,1779711024206317334,1779711024170305618,-36.011716,-129.919,128
3018,1779711024207290140,1779711024170863541,-36.426599,-442.077,128
3019,1779711024208013189,1779711024171907823,-36.105366,44.282,128
3020,1779711024208998568,1779711024172774111,-36.224457,-133.712,128
3021,1779711024209853728,1779711024173595957,-36.257771,-178.154,128
3022,1779711024210691744,1779711024174352002,-36.339742,-243.955,128
3023,1779711024211493613,1779711024174917363,-36.57625,-434.639,128
3024,1779711024212014467,1779711024175604130,-36.410337,-313.233,128
3025,1779711024212699544,1779711024176688740,-36.010804,84.61,128
3026,1779711024213675439,1779711024177687850,-35.987589,-0.89,128
3027,1779711024214679892,1779711024178491232,-36.18866,-196.618,128
3028,1779711024215481036,1779711024179296157,-36.184879,-195.075,128
3029,1779711024216322997,1779711024180026763,-36.296234,-269.394,128
3030,1779711024217135597,1779711024181102140,-36.033457,75.377,128
3031,1779711024218101991,1779711024182215181,-35.88681,113.041,128
3032,1779711024219175934,1779711024182916030,-36.259904,-299.151,128
3033,1779711024220021942,1779711024183819230,-36.202712,-96.8,128
3034,1779711024220861693,1779711024184702722,-36.158971,-116.508,128
3035,1779711024221779953,1779711024185667481,-36.112472,-35.241,128
3036,1779711024222750595,1779711024186711092,-36.039503,43.611,128
3037,1779711024223658881,1779711024187382197,-36.276684,-328.895,128
3038,1779711024224406391,1779711024188214850,-36.191541,-167.347,128
3039,1779711024225232539,1779711024189250806,-35.981733,35.956,128
3040,1779711024226335575,1779711024190347979,-35.987596,97.173,128
3041,1779711024227388840,1779711024191368525,-36.020315,20.546,128
3042,1779711024228381903,1779711024192313179,-36.068724,-55.346,128
3043,1779711024229356700,1779711024193043399,-36.313301,-269.78,128
3044,1779711024230182546,1779711024193760014,-36.422532,-283.385,128
3045,1779711024230854378,1779711024194770794,-36.083584,10.78,128
3046,1779711024231866343,1779711024195740851,-36.125492,-29.943,128
3047,1779711024232840203,1779711024196469974,-36.370229,-270.877,128
3048,1779711024233496502,1779711024197420630,-36.075872,-49.344,128
3049,1779711024234454131,1779711024198124588,-36.329543,-296.042,128
3050,1779711024235286344,1779711024199069389,-36.216955,-55.199,128
3051,1779711024236104229,1779711024199669805,-36.434424,-399.584,128
3052,1779711024236752335,1779711024200338634,-36.413701,-331.171,128
3053,1779711024237418167,1779711024201690678,-35.727489,352.044,128
3054,1779711024238371227,1779711024201957487,-36.41374,-733.191,128
3055,1779711024239094441,1779711024203004083,-36.090358,46.596,128
3056,1779711024240069841,1779711024203684469,-36.385372,-319.614,128
3057,1779711024240756268,1779711024204619536,-36.136732,-64.933,128
3058,1779711024241712935,1779711024205498902,-36.214033,-120.634,128
3059,1779711024242573755,1779711024206377743,-36.196012,-121.159,128
3060,1779711024243520611,1779711024207473192,-36.047419,95.449,128
3061,1779711024244559613,1779711024208240363,-36.31925,-232.829,128
3062,1779711024245365874,1779711024209045898,-36.319976,-194.465,128
3063,1779711024246177833,1779711024210071803,-36.10603,25.905,128
3064,1779711024247144027,1779711024210891837,-36.25219,-179.966,128
3065,1779711024247973645,1779711024211732646,-36.240999,-159.191,128
3066,1779711024248834303,1779711024212825943,-36.00836,93.297,128
3067,1779711024249878892,1779711024213733138,-36.145754,-92.805,128
3068,1779711024250722803,1779711024214453633,-36.26917,-279.505,128
3069,1779711024251576335,1779711024215472252,-36.104083,18.619,128
3070,1779711024252548949,1779711024216239884,-36.309065,-232.368,128
3071,1779711024253348690,1779711024217037118,-36.311572,-202.766,128
3072,1779711024254184878,1779711024218053727,-36.131151,16.609,128
3073,1779711024255116251,1779711024218828238,-36.288013,-225.489,128
3074,1779711024255910929,1779711024219629064,-36.281865,-199.174,128
3075,1779711024256724204,1779711024220425405,-36.298799,-203.659,128
3076,1779711024257511811,1779711024221276544,-36.235267,-148.861,128
3077,1779711024258338325,1779711024222082691,-36.255634,-193.853,128
3078,1779711024259160857,1779711024223287701,-35.873156,205.01,128
3079,1779711024260286903,1779711024224284986,-36.001917,-2.715,128
3080,1779711024261227771,1779711024225123131,-36.10464,-161.855,128
3081,1779711024262275966,1779711024226229253,-36.046713,106.122,128
3082,1779711024263263602,1779711024227080897,-36.182705,-148.356,128
3083,1779711024264234823,1779711024228092942,-36.141881,12.045,128
3084,1779711024265191552,1779711024228915160,-36.276392,-177.782,128
3085,1779711024266009089,1779711024257039744,-8.969345,27124.584,128
3086,1779711024293933138,1779711024258251781,-35.681357,212.037,128
3087,1779711024295239469,1779711024259854727,-35.384742,602.946,128
3088,1779711024296803934,1779711024261125244,-35.67869,270.517,128
3089,1779711024298202306,1779711024262742811,-35.459495,617.567,128
3090,1779711024299768874,1779711024264653623,-35.115251,910.812,128
3091,1779711024301691969,1779711024266286117,-35.405852,632.494,128
3092,1779711024303302816,1779711024267831023,-35.471793,544.906,128
3093,1779711024304892603,1779711024269644015,-35.248588,812.992,128
3094,1779711024306680491,1779711024271515785,-35.164706,871.77,128
3095,1779711024308522203,1779711024272947673,-35.57453,431.888,128
3096,1779711024310017169,1779711024274585689,-35.43148,638.016,128
3097,1779711024311581663,1779711024276480113,-35.10155,894.424,128
3098,1779711024313455251,1779711024277951383,-35.503868,471.27,128
3099,1779711024314909657,1779711024279446913,-35.462744,495.53,128
3100,1779711024316528679,1779711024281299806,-35.228873,852.893,128
3101,1779711024318273343,1779711024283257692,-35.015651,957.886,128
3102,1779711024320186261,1779711024284992399,-35.193862,734.707,128
3103,1779711024322053397,1779711024286333696,-35.719701,341.297,128
3104,1779711024323290878,1779711024288843395,-34.447483,1509.699,128
3105,1779711024325036477,1779711024403149042,78.112565,113305.647,128
3106,1779711024440001721,1779711024404744328,-35.257393,595.286,128
3107,1779711024441748501,1779711024406235262,-35.513239,490.934,128
3108,1779711024443242010,1779711024408223403,-35.018607,988.141,128
3109,1779711024445253675,1779711024410126325,-35.12735,902.922,128
3110,1779711024447025340,1779711024412027477,-34.997863,901.152,128
3111,1779711024448872910,1779711024413446064,-35.426846,418.587,128
3112,1779711024450311702,1779711024414794007,-35.517695,347.943,128
3113,1779711024451744935,1779711024416332489,-35.412446,538.482,128
3114,1779711024453319399,1779711024417953622,-35.365777,621.133,128
3115,1779711024454917753,1779711024418890229,-36.027524,-63.393,128
3116,1779711024455954844,1779711024420375201,-35.579643,484.972,128
3117,1779711024457323990,1779711024422322929,-35.001061,947.728,128
3118,1779711024459301384,1779711024424310153,-34.991231,987.224,128
3119,1779711024461147191,1779711024425765372,-35.381819,455.219,128
3120,1779711024462770576,1779711024426552040,-36.218536,-213.332,128
3121,1779711024463598452,1779711024428260577,-35.337875,708.537,128
3122,1779711024465229836,1779711024432089611,-33.140225,2829.034,128
3123,1779711024469406761,1779711024436269524,-33.137237,3179.913,128
3124,1779711024473098193,1779711024437856218,-35.241975,586.694,128
3125,1779711024474823858,1779711024440263949,-34.559909,1407.731,128
3126,1779711024477246007,1779711024441778572,-35.467435,514.623,128
3127,1779711024478774490,1779711024443270399,-35.504091,491.827,128
3128,1779711024480209382,1779711024444888050,-35.321332,617.651,128
3129,1779711024481870387,1779711024446503711,-35.366676,615.661,128
3130,1779711024483492399,1779711024447923327,-35.569072,419.616,128
3131,1779711024484941953,1779711024449701071,-35.240882,777.744,128
3132,1779711024486768397,1779711024451490690,-35.277707,789.619,128
3133,1779711024488367506,1779711024453025405,-35.342101,534.715,128
3134,1779711024489968803,1779711024455680746,-34.288057,1655.341,128
3135,1779711024492678001,1779711024458372286,-34.305715,1691.54,128
3136,1779711024495362946,1779711024460400397,-34.962549,1028.111,128
3137,1779711024497316933,1779711024462316089,-35.000844,915.692,128
3138,1779711024499163234,1779711024463923241,-35.239993,607.152,128
3139,1779711024500939579,1779711024465687365,-35.252214,764.124,128
3140,1779711024502683322,1779711024467800828,-34.882494,1113.463,128
3141,1779711024504748882,1779711024469397624,-35.351258,596.796,128
3142,1779711024506370149,1779711024471039977,-35.330172,642.353,128
3143,1779711024508054415,1779711024472810904,-35.243511,770.927,128
3144,1779711024509795332,1779711024474315051,-35.480281,504.147,128
3145,1779711024511247682,1779711024475816014,-35.431668,500.963,128
3146,1779711024512811990,1779711024477430107,-35.381883,614.093,128
3147,1779711024514379114,1779711024479302139,-35.076975,872.032,128
3148,1779711024516158188,1779711024481017688,-35.1405,715.549,128
3149,1779711024518085368,1779711024484110855,-33.974513,2093.167,128
3150,1779711024521313780,1779711024487905574,-33.408206,2794.719,128
3151,1779711024524859741,1779711024490707522,-34.152219,1801.948,128
3152,1779711024527754277,1779711024494073072,-33.681205,2365.55,128
3153,1779711024531018904,1779711024496043193,-34.975711,970.121,128
3154,1779711024533026128,1779711024497937434,-35.088694,894.241,128
3155,1779711024534891090,1779711024499269591,-35.621499,332.157,128
3156,1779711024536307913,1779711024501223672,-35.084241,954.081,128
3157,1779711024538000355,1779711024502340414,-35.659941,116.742,128
3158,1779711024539334622,1779711024503929191,-35.405431,588.777,128
3159,1779711024540928266,1779711024612371411,71.443145,107442.22,128
3160,1779711024649712006,1779711024616302304,-33.409702,2930.893,128
3161,1779711024653336390,1779711024619570304,-33.766086,2268.0,128
3162,1779711024655350062,1779711024620263577,-35.086485,-306.727,128
3163,1779711024657144926,1779711024621551095,-35.593831,287.518,128
3164,1779711024658548021,1779711024623331911,-35.21611,780.816,128
3165,1779711024660393876,1779711024625874871,-34.519005,1542.96,128
3166,1779711024662849806,1779711024626847242,-36.002564,-27.629,128
3167,1779711024663922960,1779711024628387469,-35.535491,540.227,128
3168,1779711024665434149,1779711024629779322,-35.654827,391.853,128
3169,1779711024666827116,1779711024630957894,-35.869222,178.572,128
3170,1779711024667926734,1779711024632425966,-35.500768,468.072,128
3171,1779711024669426541,1779711024634281395,-35.145146,855.429,128
3172,1779711024671328075,1779711024636289180,-35.038895,1007.785,128
3173,1779711024673285077,1779711024638211062,-35.074015,921.882,128
3174,1779711024675115398,1779711024639708255,-35.407143,497.193,128
3175,1779711024676828871,1779711024641316192,-35.512679,607.937,128
3176,1779711024678341301,1779711024642763060,-35.578241,446.868,128
3177,1779711024679724443,1779711024643994184,-35.730259,231.124,128
3178,1779711024681044936,1779711024645695818,-35.349118,701.634,128
3179,1779711024682709212,1779711024647319333,-35.389879,623.515,128
3180,1779711024684303403,1779711024648768032,-35.535371,448.699,128
3181,1779711024685737670,1779711024650044434,-35.693236,276.402,128
3182,1779711024687089422,1779711024651549371,-35.540051,504.937,128
3183,1779711024688533240,1779711024652659311,-35.873929,109.94,128
3184,1779711024689650715,1779711024654034583,-35.616132,375.272,128
3185,1779711024691000140,1779711024655144239,-35.855901,109.656,128
3186,1779711024692126044,1779711024656980152,-35.145892,835.913,128
3187,1779711024693677186,1779711024658112315,-35.564871,132.163,128
3188,1779711024695070978,1779711024659573796,-35.497182,461.481,128
3189,1779711024696675452,1779711024662230099,-34.445353,1656.303,128
3190,1779711024699044189,1779711024665258834,-33.785355,2028.735,128
3191,1779711024702119704,1779711024666808565,-35.311139,549.731,128
3192,1779711024703392629,1779711024668098846,-35.293783,290.281,128
3193,1779711024705040117,1779711024669583120,-35.456997,484.274,128
3194,1779711024706488498,1779711024670928258,-35.56024,345.138,128
3195,1779711024707879872,1779711024672497323,-35.382549,569.065,128
3196,1779711024709415460,1779711024674283390,-35.13207,786.067,128
3197,1779711024711140235,1779711024675929303,-35.210932,645.913,128
3198,1779711024712622613,1779711024677118600,-35.504013,189.297,128
3199,1779711024714087238,1779711024678119645,-35.967593,1.045,128
3200,1779711024715100950,1779711024679382834,-35.718116,263.189,128
3201,1779711024716389712,1779711024681059470,-35.330242,676.636,128
3202,1779711024717909739,1779711024682517787,-35.391952,458.317,128
3203,1779711024719465523,1779711024684154241,-35.311282,636.454,128
3204,1779711024720995325,1779711024684989321,-36.006004,-164.92,128
3205,1779711024721960639,1779711024686522188,-35.438451,532.867,128
3206,1779711024723599845,1779711024688266768,-35.333077,744.58,128
3207,1779711024725262078,1779711024689911476,-35.350602,644.708,128
3208,1779711024726918227,1779711024690721908,-36.196319,-189.568,128
3209,1779711024727742832,1779711024692546690,-35.196142,824.782,128
3210,1779711024729350891,1779711024694408845,-34.942046,862.155,128
3211,1779711024731123378,1779711024696397245,-34.726133,988.4,128
3212,1779711024733023028,1779711024697349788,-35.67324,-47.457,128
3213,1779711024734412457,1779711024698950984,-35.461473,601.196,128
3214,1779711024735948461,1779711024700609184,-35.339277,658.2,128
3215,1779711024737357500,1779711024702256643,-35.100857,647.459,128
3216,1779711024739150784,1779711024703031656,-36.119128,-224.987,128
3217,1779711024740172617,1779711024704625359,-35.547258,593.703,128
3218,1779711024741630395,1779711024706215713,-35.414682,590.354,128
3219,1779711024743120316,1779711024707165907,-35.954409,-49.806,128
3220,1779711024744236945,1779711024708285106,-35.951839,119.199,128
3221,1779711024745284213,1779711024709925905,-35.358308,640.799,128
3222,1779711024746854136,1779711024711871833,-34.982303,945.928,128
3223,1779711024748878151,1779711024713692034,-35.186117,820.201,128
3224,1779711024750665245,1779711024715379819,-35.285426,687.785,128
3225,1779711024752357719,1779711024716584668,-35.773051,204.849,128
3226,1779711024753689396,1779711024717950087,-35.739309,365.419,128
3227,1779711024754933871,1779711024719380938,-35.552933,430.851,128
3228,1779711024756369590,1779711024731246490,-25.1231,10865.552,128
3229,1779711024768782714,1779711024733244587,-35.538127,998.097,128
3230,1779711024770132908,1779711024734246221,-35.886687,1.634,128
3231,1779711024771251889,1779711024735563207,-35.688682,316.986,128
3232,1779711024772688190,1779711024739515448,-33.172742,2952.241,128
3233,1779711024776633040,1779711024740591808,-36.041232,76.36,128
3234,1779711024777541052,1779711024742038355,-35.502697,446.547,128
3235,1779711024778837592,1779711024742982364,-35.855228,-55.991,128
3236,1779711024779872193,1779711024744139748,-35.732445,157.384,128
3237,1779711024781059084,1779711024745211971,-35.847113,72.223,128
3238,1779711024782100753,1779711024746206544,-35.894209,-5.427,128
3239,1779711024783127938,1779711024747254196,-35.873742,47.652,128
3240,1779711024784240762,1779711024748841975,-35.398787,587.779,128
3241,1779711024785853340,1779711024749483850,-36.36949,-358.125,128
3242,1779711024786470774,1779711024750456587,-36.014187,-27.263,128
3243,1779711024787465377,1779711024751619722,-35.845655,163.135,128
3244,1779711024788467606,1779711024752436499,-36.031107,-183.223,128
3245,1779711024789434149,1779711024753963708,-35.470441,527.209,128
3246,1779711024790959666,1779711024755208492,-35.751174,244.784,128
3247,1779711024792097373,1779711024756384577,-35.712796,176.085,128
3248,1779711024793361053,1779711024757560193,-35.80086,175.616,128
3249,1779711024794623572,1779711024758612371,-36.011201,52.178,128
3250,1779711024795661109,1779711024760112116,-35.548993,499.745,128
3251,1779711024796884241,1779711024760640803,-36.243438,-471.313,128
3252,1779711024797709470,1779711024762032669,-35.676801,391.866,128
3253,1779711024798963281,1779711024763066693,-35.896588,34.024,128
3254,1779711024800071686,1779711024764026566,-36.04512,-40.127,128
3255,1779711024800957071,1779711024765019632,-35.937439,-6.934,128
3256,1779711024802026396,1779711024766474997,-35.551399,455.365,128
3257,1779711024803481487,1779711024767888533,-35.592954,413.536,128
3258,1779711024804968276,1779711024768885164,-36.083112,-3.369,128
3259,1779711024805755458,1779711024770072383,-35.683075,187.219,128
3260,1779711024806993729,1779711024773622430,-33.371299,2550.047,128
3261,1779711024808112217,1779711024773629102,-34.483115,-993.328,128
3262,1779711024809361542,1779711024773789859,-35.571683,-839.243,128
3263,1779711024810715594,1779711024774779743,-35.935851,-10.116,128
3264,1779711024811780833,1779711024775464353,-36.31648,-315.39,128
3265,1779711024812458232,1779711024776765647,-35.692585,301.294,128
3266,1779711024813746493,1779711024777608070,-36.138423,-157.577,128
3267,1779711024814684833,1779711024778944264,-35.740569,336.194,128
3268,1779711024815935900,1779711024780254186,-35.681714,309.922,128
3269,1779711024817098549,1779711024781037134,-36.061415,-217.052,128
3270,1779711024818031310,1779711024782204436,-35.826874,167.302,128
3271,1779711024819046079,1779711024783191746,-35.854333,-12.69,128
3272,1779711024820178388,1779711024784377753,-35.800635,186.007,128
3273,1779711024821281750,1779711024785235427,-36.046323,-142.326,128
3274,1779711024822254940,1779711024786563155,-35.691785,327.728,128
3275,1779711024823488269,1779711024788416380,-35.071889,853.225,128
3276,1779711024824738212,1779711024789497931,-35.240281,81.551,128
3277,1779711024826614558,1779711024791607116,-35.007442,1109.185,128
3278,1779711024828039231,1779711024792225273,-35.813958,-381.843,128
3279,1779711024829202772,1779711024793230922,-35.97185,5.649,128
3280,1779711024830212304,1779711024794121442,-36.090862,-109.48,128
3281,1779711024831212343,1779711024795286175,-35.926168,164.733,128
3282,1779711024832364903,1779711024796085332,-36.279571,-200.843,128
3283,1779711024833203742,1779711024797406434,-35.797308,321.102,128
3284,1779711024834412169,1779711024798553825,-35.858344,147.391,128
3285,1779711024835528330,1779711024799885619,-35.642711,331.794,128
3286,1779711024836872716,1779711024801490592,-35.382124,604.973,128
3287,1779711024838003550,1779711024802013160,-35.99039,-477.432,128
3288,1779711024839006290,1779711024802998423,-36.007867,-14.737,128
3289,1779711024840051506,1779711024804432415,-35.619091,433.992,128
3290,1779711024841133422,1779711024805369221,-35.764201,-63.194,128
3291,1779711024842144234,1779711024806307088,-35.837146,-62.133,128
3292,1779711024843389971,1779711024807758091,-35.63188,451.003,128
3293,1779711024844791296,1779711024809064531,-35.726765,306.44,128
3294,1779711024846090609,1779711024810554334,-35.536275,489.803,128
3295,1779711024847604602,1779711024811980670,-35.623932,426.336,128
3296,1779711024849049321,1779711024813115286,-35.934035,134.616,128
3297,1779711024850202969,1779711024814381643,-35.821326,266.357,128
3298,1779711024851427879,1779711024815403214,-36.024665,21.571,128
3299,1779711024852447056,1779711024816766878,-35.680178,363.664,128
3300,1779711024853811972,1779711024818026362,-35.78561,259.484,128
3301,1779711024855079720,1779711024819265250,-35.81447,238.888,128
3302,1779711024856308424,1779711024820430546,-35.877878,165.296,128
3303,1779711024857382686,1779711024821122928,-36.259758,-307.618,128
3304,1779711024858207395,1779711024822215347,-35.992048,92.419,128
3305,1779711024859243926,1779711024823365033,-35.878893,149.686,128
3306,1779711024860409568,1779711024824462502,-35.947066,97.469,128
3307,1779711024861483169,1779711024825455641,-36.027528,-6.861,128
3308,1779711024862499761,1779711024827134143,-35.365618,678.502,128
3309,1779711024864243061,1779711024828668936,-35.574125,534.793,128
3310,1779711024865627671,1779711024829866118,-35.761553,197.182,128
3311,1779711024866874001,1779711024831137854,-35.736147,271.736,128
3312,1779711024868182567,1779711024832850476,-35.332091,712.622,128
3313,1779711024869870768,1779711024834383598,-35.48717,533.122,128
3314,1779711024871428967,1779711024835367878,-36.061089,-15.72,128
3315,1779711024872410685,1779711024836396962,-36.013723,29.084,128
3316,1779711024873409501,1779711024838057917,-35.351584,660.955,128
3317,1779711024875096799,1779711024839352134,-35.744665,294.217,128
3318,1779711024876340664,1779711024840894915,-35.445749,542.781,128
3319,1779711024877906654,1779711024842423652,-35.483002,528.737,128
3320,1779711024879301061,1779711024844029798,-35.271263,606.146,128
3321,1779711024881079854,1779711024845392336,-35.687518,362.538,128
3322,1779711024882412148,1779711024846495700,-35.916448,103.364,128
3323,1779711024883617094,1779711024847965866,-35.651228,470.166,128
3324,1779711024884942870,1779711024849524386,-35.418484,558.52,128
3325,1779711024886627265,1779711024851145704,-35.481561,621.318,128
3326,1779711024888124623,1779711024852687442,-35.437181,541.738,128
3327,1779711024889666362,1779711024854539506,-35.126856,852.064,128
3328,1779711024891511623,1779711024855750759,-35.760864,211.253,128
3329,1779711024892785987,1779711024857360919,-35.425068,610.16,128
3330,1779711024894272429,1779711024858520553,-35.751876,159.634,128
3331,1779711024895613121,1779711024859863964,-35.749157,343.411,128
3332,1779711024896904835,1779711024861268282,-35.636553,404.318,128
3333,1779711024898270655,1779711024862903872,-35.366783,635.59,128
3334,1779711024899864648,1779711024864497434,-35.367214,593.562,128
3335,1779711024901381085,1779711024865468043,-35.913042,-29.391,128
3336,1779711024902499275,1779711024866805387,-35.693888,337.344,128
3337,1779711024903836300,1779711024868459749,-35.376551,654.362,128
3338,1779711024905415181,1779711024869440310,-35.974871,-19.439,128
3339,1779711024906377725,1779711024870507495,-35.87023,67.185,128
3340,1779711024907609138,1779711024872279434,-35.329704,771.939,128
3341,1779711024909277456,1779711024873910867,-35.366589,631.433,128
3342,1779711024911026490,1779711024875307813,-35.718677,396.946,128
3343,1779711024912304913,1779711024876344477,-35.960436,36.664,128
3344,1779711024913359967,1779711024878101856,-35.258111,757.379,128
3345,1779711024914969387,1779711024879050157,-35.91923,-51.699,128
3346,1779711024916027930,1779711024880071225,-35.956705,21.068,128
3347,1779711024917095481,1779711024881307726,-35.787755,236.501,128
3348,1779711024918318746,1779711024882519193,-35.799553,211.467,128
3349,1779711024919579549,1779711024884134854,-35.444695,615.661,128
3350,1779711024920892014,1779711024885247467,-35.644547,112.613,128
3351,1779711024922270930,1779711024886606816,-35.664114,359.349,128
3352,1779711024923659355,1779711024887701659,-35.957696,94.843,128
3353,1779711024924801138,1779711024889195728,-35.60541,494.069,128
3354,1779711024926177395,1779711024890688027,-35.489368,492.299,128
3355,1779711024927474320,1779711024892111950,-35.36237,423.923,128
3356,1779711024929094211,1779711024893957048,-35.137163,845.098,128
3357,1779711024931018160,1779711024895032547,-35.985613,75.499,128
3358,1779711024932016153,1779711024896650984,-35.365169,618.437,128
3359,1779711024933744384,1779711024898358861,-35.385523,707.877,128
3360,1779711024935235884,1779711024899852699,-35.383185,493.838,128
3361,1779711024936865979,1779711024901157144,-35.708835,304.445,128
3362,1779711024938073335,1779711024902571167,-35.502168,414.023,128
3363,1779711024939471912,1779711024904135388,-35.336524,564.221,128
3364,1779711024941035456,1779711024905473213,-35.562243,337.825,128
3365,1779711024942498617,1779711024906859190,-35.639427,385.977,128
3366,1779711024943785179,1779711024908442871,-35.342308,583.681,128
3367,1779711024945315290,1779711024910046757,-35.268533,603.886,128
3368,1779711024947171139,1779711024911155229,-36.01591,108.472,128
3369,1779711024948213364,1779711024912469477,-35.743887,314.248,128
3370,1779711024949464650,1779711024914143073,-35.321577,673.596,128
3371,1779711024951219220,1779711024915985915,-35.233305,842.842,128
3372,1779711024952920300,1779711024917001622,-35.918678,15.707,128
3373,1779711024954016770,1779711024918305010,-35.71176,303.388,128
3374,1779711024955315686,1779711024919295443,-36.020243,-9.567,128
3375,1779711024956306238,1779711024920558134,-35.748104,262.691,128
3376,1779711024957571820,1779711024921887891,-35.683929,329.757,128
3377,1779711024958944395,1779711024923255654,-35.688741,367.763,128
3378,1779711024960283139,1779711024924613077,-35.670062,357.423,128
3379,1779711024961632998,1779711024925574440,-36.058558,-38.637,128
3380,1779711024962681154,1779711024926978534,-35.70262,404.094,128
3381,1779711024964007495,1779711024927854262,-36.153233,-124.272,128
3382,1779711024964951976,1779711024929479655,-35.472321,625.393,128
3383,1779711024966474074,1779711024930614007,-35.860067,134.352,128
3384,1779711024967678421,1779711024931603047,-36.075374,-10.96,128
3385,1779711024968729049,1779711024932847549,-35.8815,244.502,128
3386,1779711024969899144,1779711024934033984,-35.86516,186.435,128
3387,1779711024971099443,1779711024935445842,-35.653601,411.858,128
3388,1779711024972482229,1779711024936809012,-35.673217,363.17,128
3389,1779711024973838379,1779711024938631593,-35.206786,822.581,128
3390,1779711024975658049,1779711024940328120,-35.329929,696.527,128
3391,1779711024977252158,1779711024941617040,-35.635118,288.92,128
3392,1779711024978641829,1779711024943325006,-35.316823,707.966,128
3393,1779711024980288529,1779711024946925365,-33.363164,2600.359,128
3394,1779711024982096613,1779711024946932706,-35.163907,-992.659,128
3395,1779711024983980982,1779711024948372502,-35.60848,439.796,128
3396,1779711024985362624,1779711024949767040,-35.595584,394.538,128
3397,1779711024986794784,1779711024951402010,-35.392774,634.97,128
3398,1779711024988461166,1779711024952824399,-35.636767,422.389,128
3399,1779711024989796240,1779711024954348362,-35.447878,523.963,128
3400,1779711024991313770,1779711024955568859,-35.744911,220.497,128
3401,1779711024992700602,1779711024957259298,-35.441304,690.439,128
3402,1779711024994188410,1779711024958622551,-35.565859,363.253,128
3403,1779711024995681548,1779711024959913973,-35.767575,291.422,128
3404,1779711024996972644,1779711024961262517,-35.710127,348.544,128
3405,1779711024998229010,1779711024962531403,-35.697607,268.886,128
3406,1779711024999612932,1779711024964592607,-35.020325,1061.204,128
3407,1779711025001436463,1779711024966122375,-35.314088,529.768,128
3408,1779711025003087838,1779711024967557717,-35.530121,435.342,128
3409,1779711025004505542,1779711024969409818,-35.095724,852.101,128
3410,1779711025006318478,1779711024971111354,-35.207124,701.536,128
3411,1779711025008025016,1779711024972352999,-35.672017,241.645,128
3412,1779711025009293673,1779711024973344286,-35.949387,-8.713,128
3413,1779711025010350166,1779711024974544466,-35.8057,200.18,128
3414,1779711025011504428,1779711024975941295,-35.563133,396.829,128
3415,1779711025012901073,1779711024977431134,-35.469939,489.839,128
3416,1779711025014430101,1779711024978907763,-35.522338,476.629,128
3417,1779711025015749897,1779711024979929170,-35.820727,21.407,128
3418,1779711025016967418,1779711024981367849,-35.599569,438.679,128
3419,1779711025018304628,1779711024982782548,-35.52208,414.699,128
3420,1779711025019856623,1779711024984433415,-35.423208,650.867,128
3421,1779711025021430375,1779711024985860936,-35.569439,427.521,128
3422,1779711025022855834,1779711024986785964,-36.06987,-74.972,128
3423,1779711025023852406,1779711024988444006,-35.4084,658.042,128
3424,1779711025025466891,1779711024990139032,-35.327859,695.026,128
3425,1779711025027111290,1779711024991730121,-35.381169,591.089,128
3426,1779711025028791702,1779711024993305507,-35.486195,575.386,128
3427,1779711025030378466,1779711024994385799,-35.992667,80.292,128
3428,1779711025031329697,1779711024995419987,-35.90971,34.188,128
3429,1779711025032396926,1779711024996817915,-35.579011,397.928,128
3430,1779711025033861988,1779711024998473572,-35.388416,655.657,128
3431,1779711025035443255,1779711024999694339,-35.748916,220.767,128
3432,1779711025036677849,1779711025000919139,-35.75871,224.8,128
3433,1779711025037899080,1779711025002586518,-35.312562,667.379,128
3434,1779711025039521215,1779711025004238227,-35.282988,651.709,128
3435,1779711025041140221,1779711025005446343,-35.693878,208.116,128
3436,1779711025042502136,1779711025007063398,-35.438738,617.055,128
3437,1779711025044074457,1779711025008072098,-36.002359,8.7,128
3438,1779711025045125008,1779711025009667039,-35.457969,594.941,128
3439,1779711025046676737,1779711025011548978,-35.127759,881.939,128
3440,1779711025048510047,1779711025012766916,-35.743131,217.938,128
3441,1779711025049693013,1779711025014394848,-35.298165,627.932,128
3442,1779711025051414272,1779711025015915767,-35.498505,520.919,128
3443,1779711025052760903,1779711025017355199,-35.405704,439.432,128
3444,1779711025054422270,1779711025018893648,-35.528622,538.449,128
3445,1779711025055948708,1779711025020489952,-35.458756,596.304,128
3446,1779711025057459080,1779711025022449080,-35.01,959.128,128
3447,1779711025059505819,1779711025024655313,-34.850506,1206.233,128
3448,1779711025061534973,1779711025026403260,-35.131713,747.947,128
3449,1779711025063344984,1779711025027059240,-36.285744,-344.02,128
3450,1779711025064206068,1779711025028480091,-35.725977,420.851,128
3451,1779711025065490592,1779711025029626628,-35.863964,146.537,128
3452,1779711025066568826,1779711025031242224,-35.326602,615.596,128
3453,1779711025068122271,1779711025031975912,-36.146359,-266.312,128
3454,1779711025069054970,1779711025033403584,-35.651386,427.672,128
3455,1779711025070383540,1779711025034911471,-35.472069,507.887,128
3456,1779711025071907843,1779711025036112645,-35.795198,201.174,128
3457,1779711025073124758,1779711025037829694,-35.295064,717.049,128
3458,1779711025074697242,1779711025039143643,-35.553599,313.949,128
3459,1779711025076091743,1779711025040081177,-36.010566,-62.466,128
3460,1779711025077146264,1779711025041433147,-35.713117,351.97,128
3461,1779711025078436087,1779711025042834374,-35.601713,401.227,128
3462,1779711025079778651,1779711025043851296,-35.927355,16.922,128
3463,1779711025080863108,1779711025045100890,-35.762218,249.594,128
3464,1779711025081911026,1779711025046261058,-35.649968,160.168,128
3465,1779711025083142336,1779711025117373115,34.230779,70112.057,128
3466,1779711025154368739,1779711025121631112,-32.737627,3257.997,128
3467,1779711025158544734,1779711025124329535,-34.215199,1698.423,128
3468,1779711025161422911,1779711025126847404,-34.575507,1517.869,128
3469,1779711025163870920,1779711025128690257,-35.180663,842.853,128
3470,1779711025165776075,1779711025130865489,-34.910586,1175.232,128
3471,1779711025167851681,1779711025132349885,-35.501796,484.396,128
3472,1779711025169421625,1779711025134069620,-35.352005,719.735,128
3473,1779711025171097209,1779711025135793276,-35.303933,723.656,128
3474,1779711025172746910,1779711025137262321,-35.484589,469.045,128
3475,1779711025174269791,1779711025138401817,-35.867974,139.496,128
3476,1779711025175532243,1779711025141218829,-34.313414,1817.012,128
3477,1779711025178161761,1779711025142794040,-35.367721,575.211,128
3478,1779711025180327177,1779711025144711227,-35.61595,917.187,128
3479,1779711025181763816,1779711025146289860,-35.473956,578.633,128
3480,1779711025183197010,1779711025147344326,-35.852684,54.466,128
3481,1779711025184415048,1779711025149113771,-35.301277,769.445,128
3482,1779711025186163924,1779711025151320248,-34.843676,1206.477,128
3483,1779711025188345677,1779711025153818090,-34.527587,1497.842,128
3484,1779711025190204517,1779711025155305888,-34.898629,487.798,128
3485,1779711025191728838,1779711025156336739,-35.392099,30.851,128
3486,1779711025193419398,1779711025158604988,-34.81441,1268.249,128
3487,1779711025195609151,1779711025160672666,-34.936485,1067.678,128
3488,1779711025197664556,1779711025162000745,-35.663811,328.079,128
3489,1779711025198977984,1779711025163465426,-35.512558,464.681,128
3490,1779711025200473424,1779711025164882042,-35.591382,416.616,128
3491,1779711025202084467,1779711025167115172,-34.969295,1233.13,128
3492,1779711025204143122,1779711025168424634,-35.718488,309.462,128
3493,1779711025205429352,1779711025170105872,-35.32348,681.238,128
3494,1779711025207207182,1779711025172162879,-35.044303,1057.007,128
3495,1779711025209133530,1779711025173933988,-35.199542,771.109,128
3496,1779711025211040764,1779711025176001435,-35.039329,1067.447,128
3497,1779711025213045213,1779711025177859020,-35.186193,857.585,128
3498,1779711025214910003,1779711025179083723,-35.82628,224.703,128
3499,1779711025216124555,1779711025180652729,-35.471826,569.006,128
3500,1779711025217761520,1779711025182025090,-35.73643,372.361,128
3501,1779711025219075795,1779711025184410617,-34.665178,1385.527,128
3502,1779711025221437064,1779711025186448211,-34.988853,1037.594,128
3503,1779711025223468939,1779711025188128123,-35.340816,679.912,128
3504,1779711025225221101,1779711025189913847,-35.307254,785.724,128
3505,1779711025226960663,1779711025192489495,-34.471168,1575.648,128
3506,1779711025229377473,1779711025194335127,-35.042346,845.632,128
3507,1779711025231359235,1779711025196285175,-35.07406,950.048,128
3508,1779711025233264244,1779711025198309130,-34.955114,1023.955,128
3509,1779711025235338315,1779711025199908555,-35.42976,599.425,128
3510,1779711025236813409,1779711025201551815,-35.261594,643.26,128
3511,1779711025238586769,1779711025203221446,-35.365323,669.631,128
3512,1779711025240330495,1779711025205394976,-34.935519,1173.53,128
3513,1779711025242420054,1779711025206889423,-35.530631,494.447,128
3514,1779711025244015716,1779711025208383777,-35.631939,494.354,128
3515,1779711025245540810,1779711025210156208,-35.384602,772.431,128
3516,1779711025247315503,1779711025211734479,-35.581024,578.271,128
3517,1779711025248803480,1779711025212971156,-35.832324,236.677,128
3518,1779711025249939816,1779711025214677887,-35.261929,706.731,128
3519,1779711025251651098,1779711025216903169,-34.747929,1225.282,128
3520,1779711025253994486,1779711025218348088,-35.646398,444.919,128
3521,1779711025255245195,1779711025220027657,-35.217538,679.569,128
3522,1779711025257120188,1779711025222999458,-34.12073,1971.801,128
3523,1779711025259846701,1779711025228379039,-31.467662,4379.581,128
3524,1779711025263187203,1779711025228400058,-34.787145,-978.981,128
3525,1779711025265261883,1779711025231026800,-34.235083,1626.742,128
3526,1779711025267964283,1779711025232871891,-35.092392,845.091,128
3527,1779711025269928369,1779711025234760553,-35.167816,888.662,128
3528,1779711025271844409,1779711025236546628,-35.297781,786.075,128
3529,1779711025273576604,1779711025238342033,-35.234571,795.405,128
3530,1779711025275328832,1779711025240312995,-35.015837,970.962,128
3531,1779711025277296746,1779711025242404739,-34.892007,1091.744,128
3532,1779711025279373492,1779711025244474878,-34.898614,1070.139,128
3533,1779711025281444230,1779711025246837140,-34.60709,1362.262,128
3534,1779711025283418197,1779711025248591349,-34.826848,754.209,128
3535,1779711025285284214,1779711025250444279,-34.839935,852.93,128
3536,1779711025287452507,1779711025252904001,-34.548506,1459.722,128
3537,1779711025289873839,1779711025254793624,-35.080215,889.623,128
3538,1779711025291818462,1779711025256469523,-35.348939,675.899,128
3539,1779711025293322567,1779711025258227038,-35.095529,757.515,128
3540,1779711025295075172,1779711025259546568,-35.528604,319.53,128
3541,1779711025296586338,1779711025261355775,-35.230563,809.207,128
3542,1779711025298265432,1779711025263075544,-35.189888,719.769,128
3543,1779711025299875256,1779711025264229364,-35.645892,153.82,128
3544,1779711025301259039,1779711025265957467,-35.301572,728.103,128
3545,1779711025302890141,1779711025266997897,-35.892244,40.43,128
3546,1779711025304045319,1779711025268467953,-35.577366,470.056,128
3547,1779711025305371713,1779711025270010317,-35.361396,542.364,128
3548,1779711025307005303,1779711025271561227,-35.444076,550.91,128
3549,1779711025308631721,1779711025273204986,-35.426735,643.759,128
3550,1779711025310111366,1779711025274856946,-35.25442,651.96,128
3551,1779711025311995166,1779711025276480024,-35.515142,623.078,128
3552,1779711025313450808,1779711025277597369,-35.853439,117.345,128
3553,1779711025314698655,1779711025279290702,-35.407953,693.333,128
3554,1779711025316239249,1779711025280856637,-35.382612,565.935,128
3555,1779711025317818008,1779711025282847144,-34.970864,990.507,128
3556,1779711025319771962,1779711025284064082,-35.70788,216.938,128
3557,1779711025321063063,1779711025285369690,-35.693373,305.608,128
3558,1779711025322410879,1779711025286884317,-35.526562,514.627,128
3559,1779711025323862800,1779711025288080146,-35.782654,195.829,128
3560,1779711025325171878,1779711025289806240,-35.365638,726.094,128
3561,1779711025326895470,1779711025292342122,-34.553348,1535.882,128
3562,1779711025329210891,1779711025294265623,-34.945268,923.501,128
3563,1779711025331099173,1779711025296384956,-34.714217,1119.333,128
3564,1779711025333470505,1779711025297990237,-35.480268,605.281,128
3565,1779711025335042030,1779711025299625014,-35.417016,634.777,128
3566,1779711025336812898,1779711025301296189,-35.516709,671.175,128
3567,1779711025338397399,1779711025303216437,-35.180962,920.248,128
3568,1779711025340135130,1779711025305086638,-35.048492,870.201,128
3569,1779711025342041721,1779711025306319441,-35.72228,232.803,128
3570,1779711025343273769,1779711025308488876,-34.784893,1169.435,128
3571,1779711025345207173,1779711025309506104,-35.701069,17.228,128
3572,1779711025346552006,1779711025310753706,-35.7983,247.602,128
3573,1779711025347797981,1779711025312696654,-35.101327,942.948,128
3574,1779711025349702149,1779711025314359687,-35.342462,663.033,128
3575,1779711025351344994,1779711025316325825,-35.019169,966.138,128
3576,1779711025353276411,1779711025318265446,-35.010965,939.621,128
3577,1779711025355008298,1779711025319496492,-35.511806,231.046,128
3578,1779711025356474261,1779711025320369213,-36.105048,-127.279,128
3579,1779711025357308039,1779711025321939204,-35.368835,569.991,128
3580,1779711025359023761,1779711025323283286,-35.740475,344.082,128
3581,1779711025360611599,1779711025325011034,-35.600565,727.748,128
3582,1779711025362340803,1779711025326565583,-35.77522,554.549,128
3583,1779711025363525927,1779711025327958499,-35.567428,392.916,128
3584,1779711025364922764,1779711025330941672,-33.981092,1983.173,128
3585,1779711025367877143,1779711025332515242,-35.361901,573.57,128
3586,1779711025369505244,1779711025334469794,-35.03545,954.552,128
3587,1779711025371534736,1779711025335890686,-35.64405,420.892,128
3588,1779711025372883133,1779711025337317269,-35.565864,426.583,128
3589,1779711025374254848,1779711025339355417,-34.899431,1038.148,128
3590,1779711025376305580,1779711025341283635,-35.021945,928.218,128
3591,1779711025377890404,1779711025342348767,-35.541637,65.132,128
3592,1779711025379278088,1779711025343786200,-35.491888,437.433,128
3593,1779711025380729093,1779711025345327336,-35.401757,541.136,128
3594,1779711025382283689,1779711025346198279,-36.08541,-129.057,128
3595,1779711025383134520,1779711025347131408,-36.003112,-66.871,128
3596,1779711025384200402,1779711025347967100,-36.233302,-164.308,128
3597,1779711025385044651,1779711025349234657,-35.809994,267.557,128
3598,1779711025386117296,1779711025350496233,-35.621063,261.576,128
3599,1779711025387484701,1779711025352268597,-35.216104,772.364,128
3600,1779711025389156957,1779711025353545423,-35.611534,276.826,128
3601,1779711025390482211,1779711025354769686,-35.712525,224.263,128
3602,1779711025391714106,1779711025355715404,-35.998702,-54.282,128
3603,1779711025392783909,1779711025356871538,-35.912371,156.134,128
3604,1779711025393928726,1779711025358358636,-35.57009,487.098,128
3605,1779711025395399998,1779711025359930979,-35.469019,572.343,128
3606,1779711025397021034,1779711025361374746,-35.646288,443.767,128
3607,1779711025398487303,1779711025362817617,-35.669686,442.871,128
3608,1779711025399894880,1779711025364382261,-35.512619,564.644,128
3609,1779711025401418961,1779711025366351027,-35.067934,968.766,128
3610,1779711025403286532,1779711025367711066,-35.575466,360.039,128
3611,1779711025404813897,1779711025368823750,-35.990147,112.684,128
3612,1779711025405888546,1779711025370405258,-35.483288,581.508,128
3613,1779711025407385094,1779711025371786692,-35.598402,381.434,128
3614,1779711025408775112,1779711025373014269,-35.760843,227.577,128
3615,1779711025410072288,1779711025374343934,-35.728354,329.665,128
3616,1779711025411363560,1779711025375741349,-35.622211,397.415,128
3617,1779711025412771727,1779711025377271698,-35.500029,530.349,128
3618,1779711025414247921,1779711025378889885,-35.358036,618.187,128
3619,1779711025415738014,1779711025380493281,-35.244733,603.396,128
3620,1779711025417135646,1779711025381595627,-35.540019,102.346,128
3621,1779711025418641525,1779711025382965920,-35.675605,370.293,128
3622,1779711025419905735,1779711025384300339,-35.605396,334.419,128
3623,1779711025421342308,1779711025385625217,-35.717091,324.878,128
3624,1779711025422662968,1779711025387300033,-35.362935,674.816,128
3625,1779711025424291303,1779711025388898765,-35.392538,598.732,128
3626,1779711025425894777,1779711025390277658,-35.617119,378.893,128
3627,1779711025427298393,1779711025393359432,-33.938961,2081.774,128
3628,1779711025430368841,1779711025395398766,-34.970075,1039.334,128
3629,1779711025432288073,1779711025397336420,-34.951653,937.654,128
3630,1779711025434011138,1779711025399705219,-34.305919,1368.799,128
3631,1779711025436632225,1779711025401127870,-35.504355,422.651,128
3632,1779711025438001632,1779711025404044812,-33.95682,1916.942,128
3633,1779711025441068979,1779711025405940877,-35.128102,896.065,128
3634,1779711025442929079,1779711025407903607,-35.025472,962.73,128
3635,1779711025444950868,1779711025410004065,-34.946803,1100.458,128
3636,1779711025447107641,1779711025412334472,-34.773169,1330.407,128
3637,1779711025449391111,1779711025414339072,-35.052039,1004.6,128
3638,1779711025451516123,1779711025417124610,-34.391513,1785.538,128
3639,1779711025454079508,1779711025419326274,-34.753234,1201.664,128
3640,1779711025456374507,1779711025422739428,-33.635079,2413.154,128
3641,1779711025459469749,1779711025424288292,-35.181457,548.864,128
3642,1779711025461280150,1779711025426284879,-34.995271,996.587,128
3643,1779711025463464259,1779711025430505651,-32.958608,3220.772,128
3644,1779711025467170562,1779711025433741366,-33.429196,2235.715,128
3645,1779711025470801550,1779711025435771288,-35.030262,1029.922,128
3646,1779711025472785806,1779711025437208100,-35.577706,436.812,128
3647,1779711025474264132,1779711025438724563,-35.539569,516.463,128
3648,1779711025475795595,1779711025440973245,-34.82235,1248.682,128
3649,1779711025478047952,1779711025442943611,-35.104341,970.366,128
3650,1779711025480014984,1779711025444510601,-35.504383,566.99,128
3651,1779711025481399943,1779711025447070612,-34.329331,1560.011,128
3652,1779711025484128407,1779711025448868725,-35.259682,798.113,128
3653,1779711025485905912,1779711025450930515,-34.975397,1061.79,128
3654,1779711025488200094,1779711025453218966,-34.981128,1288.451,128
3655,1779711025490255801,1779711025455571206,-34.684595,1352.24,128
3656,1779711025492777192,1779711025457298872,-35.47832,727.666,128
3657,1779711025494657914,1779711025459057195,-35.600719,758.323,128
3658,1779711025496177047,1779711025460618814,-35.558233,561.619,128
3659,1779711025497641218,1779711025462375006,-35.266212,756.192,128
3660,1779711025499659429,1779711025464106906,-35.552523,731.9,128
3661,1779711025501094655,1779711025465775933,-35.318722,669.027,128
3662,1779711025502992402,1779711025466988470,-36.003932,212.537,128
3663,1779711025504298097,1779711025468750104,-35.547993,761.634,128
3664,1779711025505824733,1779711025470277990,-35.546743,527.886,128
3665,1779711025507395699,1779711025473139434,-34.256265,1861.444,128
3666,1779711025510207274,1779711025474488697,-35.718577,349.263,128
3667,1779711025512032011,1779711025477284713,-34.747298,1796.016,128
3668,1779711025514408178,1779711025479048499,-35.359679,763.786,128
3669,1779711025516043234,1779711025481981645,-34.061589,1933.146,128
3670,1779711025518926093,1779711025484218348,-34.707745,1236.703,128
3671,1779711025521252930,1779711025485968417,-35.284513,750.069,128
3672,1779711025523058223,1779711025487764777,-35.293446,796.36,128
3673,1779711025524821410,1779711025489664674,-35.156736,899.897,128
3674,1779711025526750515,1779711025491903182,-34.847333,1238.508,128
3675,1779711025529243701,1779711025494776418,-34.467283,1873.236,128
3676,1779711025531994559,1779711025498547076,-33.447483,2770.658,128
3677,1779711025534575896,1779711025501361962,-33.213934,1814.886,128
3678,1779711025538165348,1779711025502897726,-35.267622,535.764,128
3679,1779711025539889080,1779711025505080511,-34.808569,1182.785,128
3680,1779711025542293952,1779711025507324512,-34.96944,1244.001,128
3681,1779711025544231216,1779711025519990205,-24.241011,11665.693,128
3682,1779711025556907504,1779711025523549023,-33.358481,2558.818,128
3683,1779711025560500340,1779711025525834483,-34.665857,1285.46,128
3684,1779711025562890459,1779711025531678852,-31.211607,4844.369,128
3685,1779711025568883106,1779711025535594509,-33.288597,2915.657,128
3686,1779711025572140272,1779711025537519668,-34.620604,925.159,128
3687,1779711025574111086,1779711025651012653,76.901567,112492.985,128
3688,1779711025688440746,1779711025654474745,-33.966001,2462.092,128
3689,1779711025691526938,1779711025659317895,-32.209043,3843.15,128
3690,1779711025696412026,1779711025661082601,-35.329425,764.706,128
3691,1779711025698024161,1779711025662853154,-35.171007,770.553,128
3692,1779711025699889102,1779711025664371283,-35.517819,518.129,128
3693,1779711025701559030,1779711025666259005,-35.300025,887.722,128
3694,1779711025709367498,1779711025681741898,-27.6256,14482.893,128
3695,1779711025718786227,1779711025685031140,-33.755087,2289.242,128
3696,1779711025722087168,1779711025687014813,-35.072355,983.673,128
3697,1779711025724081191,1779711025688839111,-35.24208,824.298,128
3698,1779711025725843604,1779711025690961980,-34.881624,1122.869,128
3699,1779711025727868806,1779711025692767185,-35.101621,805.205,128
3700,1779711025729716965,1779711025694342363,-35.374602,575.178,128
3701,1779711025731377086,1779711025696013196,-35.36389,670.833,128
3702,1779711025733061317,1779711025697579203,-35.482114,566.007,128
3703,1779711025734654410,1779711025699600476,-35.053934,1021.273,128
3704,1779711025736662814,1779711025702627046,-34.035768,2026.57,128
3705,1779711025739740124,1779711025704596403,-35.143721,969.357,128
3706,1779711025741707712,1779711025706022410,-35.685302,426.007,128
3707,1779711025743071388,1779711025707602484,-35.468904,580.074,128
3708,1779711025744661262,1779711025711414634,-33.246628,2812.15,128
3709,1779711025747949713,1779711025713070835,-34.878878,656.201,128
3710,1779711025749999426,1779711025715229967,-34.769459,1159.132,128
3711,1779711025752203069,1779711025718333570,-33.869499,2103.603,128
3712,1779711025755345068,1779711025720436328,-34.90874,1102.758,128
3713,1779711025757170860,1779711025722403106,-34.767754,966.778,128
3714,1779711025759908697,1779711025724508690,-35.400007,1105.584,128
3715,1779711025761715963,1779711025726132767,-35.583196,624.077,128
3716,1779711025763218133,1779711025728333446,-34.884687,1200.679,128
3717,1779711025766011630,1779711025731104240,-34.90739,1770.794,128
3718,1779711025768178623,1779711025732983496,-35.195127,879.256,128
3719,1779711025770097082,1779711025737362863,-32.734219,3379.367,128
3720,1779711025774168644,1779711025740430537,-33.738107,2067.674,128
3721,1779711025777541570,1779711025742585151,-34.956419,1154.614,128
3722,1779711025779703720,1779711025746297115,-33.406605,2711.964,128
3723,1779711025783236169,1779711025748537363,-34.698806,1240.248,128
3724,1779711025785792322,1779711025750478816,-35.313506,941.453,128
3725,1779711025787376612,1779711025752305336,-35.071276,826.52,128
3726,1779711025789244634,1779711025754322051,-34.922583,1016.715,128
3727,1779711025791377779,1779711025756071218,-35.306561,749.167,128
3728,1779711025793156723,1779711025758000492,-35.156231,929.274,128
3729,1779711025795041068,1779711025759580920,-35.460148,580.428,128
3730,1779711025796741655,1779711025761850023,-34.891632,1269.103,128
3731,1779711025798966450,1779711025764130194,-34.836256,1280.171,128
3732,1779711025801198057,1779711025767458262,-33.739795,2328.068,128
3733,1779711025804603742,1779711025769699997,-34.903745,1241.735,128
3734,1779711025806763246,1779711025772168190,-34.595056,1468.193,128
3735,1779711025809035682,1779711025953521791,144.486109,180353.601,128
3736,1779711025990223885,1779711025956557931,-33.665954,2036.14,128
3737,1779711025993670939,1779711025960913745,-32.757194,3355.814,128
3738,1779711025997855573,1779711025962601971,-35.253602,688.226,128
3739,1779711026000633912,1779711025965421346,-35.212566,1819.375,128
3740,1779711026002399783,1779711025966954730,-35.445053,533.384,128
3741,1779711026004024723,1779711025968773765,-35.250958,819.035,128
3742,1779711026005811993,1779711025970016218,-35.795775,242.453,128
3743,1779711026007058066,1779711025971897634,-35.160432,881.416,128
3744,1779711026009010148,1779711025973620745,-35.389403,723.111,128
3745,1779711026010705640,1779711025975913295,-34.792345,1292.55,128
3746,1779711026013840772,1779711025978983069,-34.857703,2069.774,128
3747,1779711026016134020,1779711025981088463,-35.045557,1105.394,128
3748,1779711026018136579,1779711025983403899,-34.73268,1315.436,128
3749,1779711026020418008,1779711025985355702,-35.062306,951.803,128
3750,1779711026022211401,1779711025988726978,-33.484423,2371.276,128
3751,1779711026025737885,1779711025993120021,-32.617864,3393.043,128
3752,1779711026030020674,1779711025995849779,-34.170895,1729.758,128
3753,1779711026032819012,1779711025998286602,-34.53241,1436.823,128
3754,1779711026035313158,1779711026001609769,-33.703389,2323.167,128
3755,1779711026038572247,1779711026004455141,-34.117106,1845.372,128
3756,1779711026041549288,1779711026006770564,-34.778724,1315.423,128
3757,1779711026044245029,1779711026009516211,-34.728818,1745.647,128
3758,1779711026046598541,1779711026012321267,-34.277274,1805.056,128
3759,1779711026049199780,1779711026014408503,-34.791277,1087.236,128
3760,1779711026051414125,1779711026017133137,-34.280988,1724.634,128
3761,1779711026054387597,1779711026019449630,-34.937967,1316.493,128
3762,1779711026056422603,1779711026021590016,-34.832587,1140.386,128
3763,1779711026058862045,1779711026023352655,-35.50939,762.639,128
3764,1779711026060436335,1779711026024255673,-36.180662,-96.982,128
3765,1779711026061351354,1779711026025038606,-36.312748,-217.067,128
3766,1779711026062135658,1779711026025866950,-36.268708,-171.656,128
3767,1779711026062994652,1779711026026577177,-36.417475,-289.773,128
3768,1779711026063707549,1779711026027481003,-36.226546,-96.174,128
3769,1779711026064616651,1779711026028209918,-36.406733,-271.085,128
3770,1779711026065337854,1779711026028809129,-36.528725,-400.789,128
3771,1779711026065938660,1779711026029526254,-36.412406,-282.875,128
3772,1779711026066657356,1779711026030341174,-36.316182,-185.08,128
3773,1779711026067475009,1779711026031209349,-36.26566,-131.825,128
3774,1779711026068318869,1779711026032203317,-36.115552,-6.032,128
3775,1779711026069319794,1779711026033105492,-36.214302,-97.825,128
3776,1779711026070178984,1779711026034140679,-36.038305,35.187,128
3777,1779711026071222290,1779711026034914865,-36.307425,-225.814,128
3778,1779711026072018806,1779711026035615685,-36.403121,-299.18,128
3779,1779711026072696797,1779711026036758444,-35.938353,142.759,128
3780,1779711026073855727,1779711026037894420,-35.961307,135.976,128
3781,1779711026074932060,1779711026038917994,-36.014066,23.574,128
3782,1779711026075994218,1779711026039755992,-36.238226,-162.002,128
3783,1779711026076871398,1779711026040421833,-36.449565,-334.159,128
3784,1779711026077532510,1779711026041454651,-36.077859,32.818,128
3785,1779711026078485232,1779711026042478695,-36.006537,24.044,128
3786,1779711026079549016,1779711026043373190,-36.175826,-105.505,128
3787,1779711026080474767,1779711026044232448,-36.242319,-140.742,128
3788,1779711026081255974,1779711026044993153,-36.262821,-239.295,128
3789,1779711026082095570,1779711026045631087,-36.464483,-362.066,128
3790,1779711026082679804,1779711026046532199,-36.147605,-98.888,128
3791,1779711026083524568,1779711026047339601,-36.184967,-192.598,128
3792,1779711026084375863,1779711026048274395,-36.101468,-65.206,128
3793,1779711026085182412,1779711026048820387,-36.362025,-454.008,128
3794,1779711026085910847,1779711026049605669,-36.305178,-214.718,128
3795,1779711026086606012,1779711026050367634,-36.238378,-238.035,128
3796,1779711026087463447,1779711026051227891,-36.235556,-139.743,128
3797,1779711026088299191,1779711026051906599,-36.392592,-321.292,128
3798,1779711026089034338,1779711026052807256,-36.227082,-99.343,128
3799,1779711026089875869,1779711026053622370,-36.253499,-184.886,128
3800,1779711026090699974,1779711026054299506,-36.400468,-322.864,128
3801,1779711026091423154,1779711026055098879,-36.324275,-200.627,128
3802,1779711026092184775,1779711026055907283,-36.277492,-191.596,128
3803,1779711026093009899,1779711026056733024,-36.276875,-174.259,128
3804,1779711026093839255,1779711026057491124,-36.348131,-241.9,128
3805,1779711026094558791,1779711026058440019,-36.118772,-51.105,128
3806,1779711026095552462,1779711026059063316,-36.489146,-376.703,128
3807,1779711026096177813,1779711026059657354,-36.520459,-405.962,128
3808,1779711026096786247,1779711026060596932,-36.189315,-60.422,128
3809,1779711026097649134,1779711026061372766,-36.276368,-224.166,128
3810,1779711026098386842,1779711026062224081,-36.162761,-148.685,128
3811,1779711026098999713,1779711026062636786,-36.362927,-587.295,128
3812,1779711026099712023,1779711026063574098,-36.137925,-62.688,128
3813,1779711026100628931,1779711026064329284,-36.299647,-244.814,128
3814,1779711026101347664,1779711026064983348,-36.364316,-345.936,128
3815,1779711026102100225,1779711026065849209,-36.251016,-134.139,128
3816,1779711026102979610,1779711026066741583,-36.238027,-107.626,128
3817,1779711026103831351,1779711026067324266,-36.507085,-417.317,128
3818,1779711026104444283,1779711026068047717,-36.396566,-276.549,128
3819,1779711026105183136,1779711026068952502,-36.230634,-95.215,128
3820,1779711026106029869,1779711026069635676,-36.394193,-316.826,128
3821,1779711026106760932,1779711026070331249,-36.429683,-304.427,128
3822,1779711026107493690,1779711026071072832,-36.420858,-258.417,128
3823,1779711026108195217,1779711026071795261,-36.399956,-277.571,128
3824,1779711026108930591,1779711026072467864,-36.462727,-327.397,128
3825,1779711026109603493,1779711026073352280,-36.251213,-115.584,128
3826,1779711026110469496,1779711026074064146,-36.40535,-288.134,128
3827,1779711026111203318,1779711026074879193,-36.324125,-184.953,128
3828,1779711026111913147,1779711026239147844,127.234697,163268.651,128
3829,1779711026276212536,1779711026243198784,-33.013752,3050.94,128
3830,1779711026280175302,1779711026243886461,-36.288841,-312.323,128
3831,1779711026280952602,1779711026244488069,-36.464533,-398.392,128
3832,1779711026281633022,1779711026245349141,-36.283881,-138.928,128
3833,1779711026282410475,1779711026246036482,-36.373993,-312.659,128
3834,1779711026283189327,1779711026246809921,-36.379406,-226.561,128
3835,1779711026283950465,1779711026247939783,-36.010682,129.862,128
3836,1779711026285035508,1779711026248801788,-36.23372,-137.995,128
3837,1779711026285881187,1779711026249762323,-36.118864,-39.465,128
3838,1779711026286891694,1779711026250414540,-36.477154,-347.783,128
3839,1779711026287495395,1779711026251689688,-35.805707,275.148,128
3840,1779711026288649438,1779711026252488526,-36.160912,-201.162,128
3841,1779711026289512716,1779711026253495551,-36.017165,7.025,128
3842,1779711026290511060,1779711026254421185,-36.089875,-74.366,128
3843,1779711026291440292,1779711026255046744,-36.393548,-374.441,128
3844,1779711026292164154,1779711026255854876,-36.309278,-191.868,128
3845,1779711026292990252,1779711026256847977,-36.142275,-6.899,128
3846,1779711026293978207,1779711026257810497,-36.16771,-37.48,128
3847,1779711026294949478,1779711026258775063,-36.174415,-35.434,128
3848,1779711026295912850,1779711026259778252,-36.134598,3.189,128
3849,1779711026296923653,1779711026260805383,-36.11827,27.131,128
3850,1779711026297888449,1779711026261630395,-36.258054,-174.988,128
3851,1779711026298710010,1779711026262570072,-36.139938,-60.323,128
3852,1779711026299659044,1779711026263702941,-35.956103,132.869,128
3853,1779711026300627408,1779711026264657071,-35.970337,-45.87,128
3854,1779711026301620153,1779711026265590991,-36.029162,-66.08,128
3855,1779711026302603412,1779711026266475588,-36.127824,-115.403,128
3856,1779711026303572169,1779711026267128160,-36.444009,-347.428,128
3857,1779711026304254130,1779711026267986618,-36.267512,-141.542,128
3858,1779711026305070608,1779711026268906839,-36.163769,-79.779,128
3859,1779711026306036142,1779711026270135454,-35.900688,228.615,128
3860,1779711026307129295,1779711026270407100,-36.722195,-728.354,128
3861,1779711026307460822,1779711026271379061,-36.081761,-28.039,128
3862,1779711026308452563,1779711026272198880,-36.253683,-180.181,128
3863,1779711026309270293,1779711026272853983,-36.41631,-344.897,128
3864,1779711026309971792,1779711026273904743,-36.067049,50.76,128
3865,1779711026311001917,1779711026274684602,-36.317315,-220.141,128
3866,1779711026311824543,1779711026275885609,-35.938934,201.007,128
3867,1779711026312867406,1779711026276634546,-36.23286,-251.063,128
3868,1779711026313555140,1779711026277697838,-35.857302,63.292,128
3869,1779711026314589292,1779711026278324639,-36.264653,-373.199,128
3870,1779711026315416493,1779711026279245338,-36.171155,-79.301,128
3871,1779711026316265102,1779711026280408007,-35.857095,162.669,128
3872,1779711026317475844,1779711026281091929,-36.383915,-316.078,128
3873,1779711026318211288,1779711026282094698,-36.11659,2.769,128
3874,1779711026319234230,1779711026283004603,-36.229627,-90.095,128
3875,1779711026320089770,1779711026284188972,-35.900798,184.369,128
3876,1779711026321325395,1779711026284975317,-36.350078,-213.655,128
3877,1779711026322083316,1779711026286140040,-35.943276,164.723,128
3878,1779711026323148535,1779711026286528264,-36.620271,-611.776,128
3879,1779711026323672694,1779711026287454592,-36.218102,-73.672,128
3880,1779711026324540164,1779711026288443394,-36.09677,-11.198,128
3881,1779711026325522220,1779711026289121623,-36.400597,-321.771,128
3882,1779711026326219167,1779711026290252256,-35.966911,130.633,128
3883,1779711026327306490,1779711026291255170,-36.05132,2.914,128
3884,1779711026328381636,1779711026292324600,-36.057036,69.43,128
3885,1779711026329458966,1779711026293411885,-36.047081,87.285,128
3886,1779711026330512080,1779711026294078879,-36.433201,-333.006,128
3887,1779711026331217878,1779711026295220247,-35.997631,141.368,128
3888,1779711026332283954,1779711026296258881,-36.025073,38.634,128
3889,1779711026333345969,1779711026297100183,-36.245786,-158.698,128
3890,1779711026334215753,1779711026298137615,-36.078138,37.432,128
3891,1779711026335244183,1779711026299108460,-36.135723,-29.155,128
3892,1779711026336088258,1779711026299894493,-36.193765,-213.967,128
3893,1779711026336985243,1779711026301061123,-35.92412,166.63,128
3894,1779711026337917144,1779711026301928095,-35.989049,-133.028,128
3895,1779711026338951095,1779711026302674524,-36.276571,-253.571,128
3896,1779711026339795124,1779711026303776501,-36.018623,101.977,128
3897,1779711026340836792,1779711026304415949,-36.420843,-360.552,128
3898,1779711026341550113,1779711026305584922,-35.965191,168.973,128
3899,1779711026342584676,1779711026306344487,-36.240189,-240.435,128
3900,1779711026343447996,1779711026307236795,-36.211201,-107.692,128
3901,1779711026344349294,1779711026307885632,-36.463662,-351.163,128
3902,1779711026345026978,1779711026309017466,-36.009512,131.834,128
3903,1779711026346054931,1779711026310025390,-36.029541,7.924,128
3904,1779711026347067762,1779711026310674600,-36.393162,-350.79,128
3905,1779711026347755824,1779711026311903005,-35.852819,228.405,128
3906,1779711026348934871,1779711026312744052,-36.190819,-158.953,128
3907,1779711026349806454,1779711026313496691,-36.309763,-247.361,128
3908,1779711026350544675,1779711026314530923,-36.013752,34.232,128
3909,1779711026351605310,1779711026315570609,-36.034701,39.686,128
3910,1779711026352654267,1779711026316619204,-36.035063,48.595,128
3911,1779711026353702592,1779711026317788505,-35.914087,169.301,128
3912,1779711026354739511,1779711026321880503,-32.859008,3091.998,128
3913,1779711026355753842,1779711026321893653,-33.860189,-986.85,128
3914,1779711026356828527,1779711026321895780,-34.932747,-997.873,128
3915,1779711026357346516,1779711026321897758,-35.448758,-998.022,128
3916,1779711026358421499,1779711026322402216,-36.019283,-495.542,128
3917,1779711026359271935,1779711026323300146,-35.971789,-102.07,128
3918,1779711026360122132,1779711026324282852,-35.83928,-17.294,128
3919,1779711026361002297,1779711026324804303,-36.197994,-478.549,128
3920,1779711026361846823,1779711026325800179,-36.046644,-4.124,128
3921,1779711026362870466,1779711026326600571,-36.269895,-199.608,128
3922,1779711026363684207,1779711026327613705,-36.070502,13.134,128
3923,1779711026364714141,1779711026328518899,-36.195242,-94.806,128
3924,1779711026365598388,1779711026329394429,-36.203959,-124.47,128
3925,1779711026366475837,1779711026330504318,-35.971519,109.889,128
3926,1779711026367537267,1779711026331324633,-36.212634,-179.685,128
3927,1779711026368407466,1779711026332365840,-36.041626,41.207,128
3928,1779711026369449683,1779711026333270157,-36.179526,-95.683,128
3929,1779711026370383844,1779711026334344014,-36.03983,73.857,128
3930,1779711026371458305,1779711026335306535,-36.15177,-37.479,128
3931,1779711026372352555,1779711026335890280,-36.462275,-416.255,128
3932,1779711026373046347,1779711026336910931,-36.135416,20.651,128
3933,1779711026374019582,1779711026338018387,-36.001195,107.456,128
3934,1779711026375098427,1779711026340303557,-34.79487,1285.17,128
3935,1779711026377502729,1779711026370417375,-7.085354,29113.818,128
3936,1779711026407319418,1779711026371375787,-35.943631,-41.588,128
3937,1779711026408410656,1779711026372329716,-36.08094,-46.071,128
3938,1779711026409439614,1779711026373457579,-35.982035,127.863,128
3939,1779711026410520114,1779711026374515836,-36.004278,58.257,128
3940,1779711026411555040,1779711026375528261,-36.026779,12.425,128
3941,1779711026412595546,1779711026384110026,-28.48552,7581.765,128
3942,1779711026421313036,1779711026393867014,-27.446022,8756.988,128
3943,1779711026430894730,1779711026396891528,-34.003202,2024.514,128
3944,1779711026433831407,1779711026399384892,-34.446515,1493.364,128
3945,1779711026436444941,1779711026401327880,-35.117061,942.988,128
3946,1779711026438136204,1779711026404665757,-33.470447,2337.877,128
3947,1779711026441726389,1779711026406542646,-35.183743,876.889,128
3948,1779711026443542876,1779711026408281442,-35.261434,738.796,128
3949,1779711026445245692,1779711026409510950,-35.734742,229.508,128
3950,1779711026446551527,1779711026411035130,-35.516397,524.18,128
3951,1779711026448069128,1779711026412585362,-35.483766,550.232,128
3952,1779711026449665846,1779711026414654068,-35.011778,1068.706,128
3953,1779711026451537522,1779711026416130828,-35.406694,476.76,128
3954,1779711026453076845,1779711026417653028,-35.423817,522.2,128
3955,1779711026454726724,1779711026419208764,-35.51796,555.736,128
3956,1779711026456187601,1779711026420314691,-35.87291,105.927,128
3957,1779711026457343142,1779711026421684033,-35.659109,369.342,128
3958,1779711026458745491,1779711026423054790,-35.690701,370.757,128
3959,1779711026460135572,1779711026426272585,-33.862987,2217.795,128
3960,1779711026463134827,1779711026426836202,-36.298625,-436.383,128
3961,1779711026463966094,1779711026427703689,-36.262405,-132.513,128
3962,1779711026464775425,1779711026428372498,-36.402927,-331.191,128
3963,1779711026465458130,1779711026429316777,-36.141353,-55.721,128
3964,1779711026466403789,1779711026429865818,-36.537971,-450.959,128
3965,1779711026467022390,1779711026432132582,-34.889808,1266.764,128
3966,1779711026469087035,1779711026432769629,-36.317406,-362.953,128
3967,1779711026470725543,1779711026434451527,-36.274016,681.898,128
3968,1779711026471463150,1779711026436227207,-35.235943,775.68,128
3969,1779711026473333335,1779711026437661054,-35.672281,433.847,128
3970,1779711026475632358,1779711026440851966,-34.780392,2190.912,128
3971,1779711026477990884,1779711026443001998,-34.988886,1150.032,128
3972,1779711026480045622,1779711026443914536,-36.131086,-87.462,128
3973,1779711026481709563,1779711026450043967,-31.665596,5129.431,128
3974,1779711026487194419,1779711026453468998,-33.725421,2425.031,128
3975,1779711026490577226,1779711026456949192,-33.628034,2480.194,128
3976,1779711026494062231,1779711026458938738,-35.123493,989.546,128
3977,1779711026496088876,1779711026460914530,-35.174346,975.792,128
3978,1779711026498034384,1779711026465766745,-32.267639,3852.215,128
3979,1779711026502842002,1779711026467533179,-35.308823,766.434,128
3980,1779711026504663607,1779711026469270190,-35.393417,737.011,128
3981,1779711026506430179,1779711026470872346,-35.557833,602.156,128
3982,1779711026507985117,1779711026473251097,-34.73402,1378.751,128
3983,1779711026510373060,1779711026474631874,-35.741186,380.777,128
3984,1779711026511656480,1779711026476434415,-35.222065,802.541,128
3985,1779711026513529983,1779711026480882747,-32.647236,3448.332,128
3986,1779711026517953173,1779711026482765588,-35.187585,882.841,128
3987,1779711026519908324,1779711026487681971,-32.226353,3916.383,128
3988,1779711026524783454,1779711026497706378,-27.077076,9024.407,128
3989,1779711026533438181,1779711026497907824,-35.530357,-798.554,128
3990,1779711026534997888,1779711026499384252,-35.613636,476.428,128
3991,1779711026536456065,1779711026501111546,-35.344519,727.294,128
3992,1779711026538243537,1779711026502614845,-35.628692,503.299,128
3993,1779711026539607574,1779711026504375215,-35.232359,760.37,128
3994,1779711026541492267,1779711026506262883,-35.229384,887.668,128
3995,1779711026543303465,1779711026510311870,-32.991595,3048.987,128
3996,1779711026547255703,1779711026511711784,-35.543919,399.914,128
3997,1779711026548763698,1779711026513579383,-35.184315,867.599,128
3998,1779711026550657920,1779711026515260393,-35.397527,681.01,128
3999,1779711026552320261,1779711026516538372,-35.781889,277.979,128
4000,1779711026553684418,1779711026518257020,-35.427398,718.648,128
4001,1779711026555301125,1779711026519824661,-35.476464,567.641,128
4002,1779711026556955684,1779711026521865742,-35.089942,1041.081,128
4003,1779711026558895540,1779711026523424523,-35.471017,558.781,128
4004,1779711026560461638,1779711026524353757,-36.107881,-70.766,128
4005,1779711026561489191,1779711026525818994,-35.670197,465.237,128
4006,1779711026562936227,1779711026527854627,-35.0816,1035.633,128
4007,1779711026564921851,1779711026529354132,-35.567719,499.505,128
4008,1779711026566470368,1779711026530821302,-35.649066,467.17,128
4009,1779711026567857831,1779711026532851766,-35.006065,1030.464,128
4010,1779711026569857920,1779711026534983057,-34.874863,1131.291,128
4011,1779711026572130941,1779711026536647623,-35.483318,664.566,128
4012,1779711026573637327,1779711026538462657,-35.17467,815.034,128
4013,1779711026575595290,1779711026539746181,-35.849109,283.524,128
4014,1779711026576887915,1779711026541251840,-35.636075,505.659,128
4015,1779711026578185438,1779711026542559316,-35.626122,307.476,128
4016,1779711026579572857,1779711026544336080,-35.236777,776.764,128
4017,1779711026581330402,1779711026546021577,-35.308825,685.497,128
4018,1779711026583285750,1779711026547653495,-35.632255,631.918,128
4019,1779711026584788823,1779711026549908469,-34.880354,1254.974,128
4020,1779711026587020065,1779711026551541891,-35.478174,633.422,128
4021,1779711026588787024,1779711026554254016,-34.533008,1712.125,128
4022,1779711026591253664,1779711026556295642,-34.958022,1041.626,128
4023,1779711026593271830,1779711026559072960,-34.19887,1777.318,128
4024,1779711026596019528,1779711026560080807,-35.938721,7.847,128
4025,1779711026597214863,1779711026561799545,-35.415318,718.738,128
4026,1779711026598789949,1779711026563264371,-35.525578,464.826,128
4027,1779711026600253902,1779711026565296716,-34.957186,1032.345,128
4028,1779711026602409475,1779711026567040238,-35.369237,743.522,128
4029,1779711026604142386,1779711026569018503,-35.123883,978.265,128
4030,1779711026606127794,1779711026570625310,-35.502484,606.807,128
4031,1779711026607799018,1779711026572647038,-35.15198,1021.728,128
4032,1779711026609757708,1779711026574274284,-35.483424,627.246,128
4033,1779711026611342931,1779711026576018105,-35.324826,743.821,128
4034,1779711026613085980,1779711026578575475,-34.510505,1557.37,128
4035,1779711026615637723,1779711026580420059,-35.217664,844.584,128
4036,1779711026617414243,1779711026582447251,-34.966992,1027.192,128
4037,1779711026619432909,1779711026583752171,-35.680738,304.92,128
4038,1779711026620886003,1779711026585514894,-35.371109,762.723,128
4039,1779711026622572913,1779711026586766835,-35.806078,251.941,128
4040,1779711026623798085,1779711026588076959,-35.721126,310.124,128
4041,1779711026625137319,1779711026589915163,-35.222156,838.204,128
4042,1779711026626850009,1779711026591230020,-35.619989,314.857,128
4043,1779711026628182084,1779711026592842769,-35.339315,612.749,128
4044,1779711026629849117,1779711026593827960,-36.021157,-14.809,128
4045,1779711026630899520,1779711026595283317,-35.616203,455.357,128
4046,1779711026632281976,1779711026597078402,-35.203574,795.085,128
4047,1779711026634156080,1779711026598550043,-35.606037,471.641,128
4048,1779711026635635403,1779711026600139596,-35.495807,589.553,128
4049,1779711026637108975,1779711026601901504,-35.207471,761.908,128
4050,1779711026638940485,1779711026603483231,-35.457254,581.727,128
4051,1779711026640553530,1779711026604808863,-35.744667,325.632,128
4052,1779711026641825554,1779711026606313869,-35.511685,505.006,128
4053,1779711026643373246,1779711026608195838,-35.177408,881.969,128
4054,1779711026645077603,1779711026609992450,-35.085153,796.612,128
4055,1779711026646978281,1779711026611420589,-35.557692,428.139,128
4056,1779711026648453210,1779711026613336087,-35.117123,915.498,128
4057,1779711026650315339,1779711026615652066,-34.663273,1315.979,128
4058,1779711026652662880,1779711026617245350,-35.41753,593.284,128
4059,1779711026654225149,1779711026618647891,-35.577258,402.541,128
4060,1779711026655665965,1779711026621658473,-34.007492,2010.582,128
4061,1779711026658655806,1779711026623285814,-35.369992,627.341,128
4062,1779711026660002757,1779711026624753971,-35.248786,468.157,128
4063,1779711026661834958,1779711026626462973,-35.371985,709.002,128
4064,1779711026663520194,1779711026628057753,-35.462441,594.78,128
4065,1779711026665164118,1779711026629526987,-35.637131,469.234,128
4066,1779711026666543820,1779711026631017345,-35.526475,490.358,128
4067,1779711026668053752,1779711026632721800,-35.331952,704.455,128
4068,1779711026669695386,1779711026634268355,-35.427031,546.555,128
4069,1779711026671236615,1779711026635755342,-35.481273,486.987,128
4070,1779711026672777514,1779711026637268969,-35.508545,513.627,128
4071,1779711026674293100,1779711026638133507,-36.159593,-135.462,128
4072,1779711026675205910,1779711026639032217,-36.173693,-101.29,128
4073,1779711026676020635,1779711026640369873,-35.650762,337.656,128
4074,1779711026677334869,1779711026641473792,-35.861077,103.919,128
4075,1779711026678550090,1779711026642856528,-35.693562,382.736,128
4076,1779711026679950214,1779711026644061527,-35.888687,204.999,128
4077,1779711026681136379,1779711026645323431,-35.812948,261.904,128
4078,1779711026682329313,1779711026646702365,-35.626948,378.934,128
4079,1779711026683846246,1779711026648069408,-35.776838,367.043,128
4080,1779711026685107657,1779711026649350893,-35.756764,281.485,128
4081,1779711026686425170,1779711026650824050,-35.60112,473.157,128
4082,1779711026687859935,1779711026651668173,-36.191762,-155.877,128
4083,1779711026688814693,1779711026653024655,-35.790038,356.482,128
4084,1779711026690088127,1779711026654339421,-35.748706,314.766,128
4085,1779711026691413886,1779711026655391669,-36.022217,52.248,128
4086,1779711026692470081,1779711026657058571,-35.41151,666.902,128
4087,1779711026694131418,1779711026658841743,-35.289675,783.172,128
4088,1779711026695869149,1779711026659916319,-35.95283,74.576,128
4089,1779711026696981568,1779711026661367115,-35.614453,450.796,128
4090,1779711026698455209,1779711026662978976,-35.476233,611.861,128
4091,1779711026700131124,1779711026664517546,-35.613578,538.57,128
4092,1779711026701456736,1779711026665814042,-35.642694,296.496,128
4093,1779711026702926349,1779711026667134845,-35.791504,320.803,128
4094,1779711026704205972,1779711026668339656,-35.866316,204.811,128
4095,1779711026705315017,1779711026670038607,-35.27641,698.951,128
4096,1779711026706980878,1779711026671117355,-35.863523,78.748,128
4097,1779711026708268703,1779711026672548346,-35.720357,430.991,128
4098,1779711026709591164,1779711026673663441,-35.927723,115.095,128
4099,1779711026710794499,1779711026674903140,-35.891359,239.699,128
4100,1779711026711974967,1779711026676075865,-35.899102,172.725,128
4101,1779711026713080188,1779711026677271527,-35.808661,195.662,128
4102,1779711026714287190,1779711026678555390,-35.7318,283.863,128
4103,1779711026715598902,1779711026680316081,-35.282821,760.691,128
4104,1779711026717307587,1779711026681547628,-35.759959,231.547,128
4105,1779711026718593333,1779711026682964222,-35.629111,416.594,128
4106,1779711026719968331,1779711026684461900,-35.506431,497.678,128
4107,1779711026721752487,1779711026686063758,-35.688729,601.858,128
4108,1779711026723078281,1779711026686743861,-36.33442,-319.897,128
4109,1779711026723799951,1779711026688316971,-35.48298,573.11,128
4110,1779711026725180222,1779711026689644185,-35.536037,327.214,128
4111,1779711026726752413,1779711026690982096,-35.770317,337.911,128
4112,1779711026728045908,1779711026692484288,-35.56162,502.192,128
4113,1779711026729524884,1779711026693939498,-35.585386,455.21,128
4114,1779711026731197929,1779711026695695729,-35.5022,756.231,128
4115,1779711026732755634,1779711026697232463,-35.523171,536.734,128
4116,1779711026734296349,1779711026698772515,-35.523834,540.052,128
4117,1779711026735940385,1779711026700414663,-35.525722,642.148,128
4118,1779711026737437748,1779711026702390221,-35.047527,975.558,128
4119,1779711026740004186,1779711026705126935,-34.877251,1736.714,128
4120,1779711026741998945,1779711026706308038,-35.690907,181.103,128
4121,1779711026743399899,1779711026708014787,-35.385112,706.749,128
4122,1779711026744908751,1779711026709679245,-35.229506,664.458,128
4123,1779711026746600590,1779711026711644815,-34.955775,965.57,128
4124,1779711026748129205,1779711026712397908,-35.731297,-246.907,128
4125,1779711026749599773,1779711026714232014,-35.367759,834.106,128
4126,1779711026751052409,1779711026715651026,-35.401383,419.012,128
4127,1779711026752655378,1779711026717092880,-35.562498,441.854,128
4128,1779711026754024942,1779711026719053880,-34.971062,961.0,128
4129,1779711026756055237,1779711026720479372,-35.575865,425.492,128
4130,1779711026757628668,1779711026722439800,-35.188868,960.428,128
4131,1779711026759445005,1779711026724744902,-34.700103,1305.102,128
4132,1779711026761553597,1779711026726296416,-35.257181,551.514,128
4133,1779711026763233793,1779711026727716830,-35.516963,420.414,128
4134,1779711026764848715,1779711026729099953,-35.748762,383.123,128
4135,1779711026766249558,1779711026730509998,-35.73956,410.045,128
4136,1779711026767523730,1779711026731610924,-35.912806,100.926,128
4137,1779711026768695648,1779711026732430234,-36.265414,-180.69,128
4138,1779711026769515144,1779711026733265748,-36.249396,-164.486,128
4139,1779711026770337180,1779711026734236483,-36.100697,-29.265,128
4140,1779711026772256419,1779711026736409261,-35.847158,1172.778,128
4141,1779711026773449008,1779711026736979182,-36.469826,-430.079,128
4142,1779711026774118681,1779711026737926768,-36.191913,-52.414,128
4143,1779711026775075331,1779711026738897466,-36.177865,-29.302,128
4144,1779711026776036413,1779711026739861508,-36.174905,-35.958,128
4145,1779711026776983722,1779711026740632810,-36.350912,-228.698,128
4146,1779711026777816844,1779711026741591160,-36.225684,-41.65,128
4147,1779711026778662691,1779711026742346400,-36.316291,-244.76,128
4148,1779711026779502861,1779711026743268219,-36.234642,-78.181,128
4149,1779711026780347172,1779711026743979901,-36.367271,-288.318,128
4150,1779711026781145725,1779711026744959068,-36.186657,-20.833,128
4151,1779711026782090346,1779711026745957767,-36.132579,-1.301,128
4152,1779711026783107267,1779711026746968933,-36.138334,11.166,128
4153,1779711026784048488,1779711026747845123,-36.203365,-123.81,128
4154,1779711026784927065,1779711026748983816,-35.943249,138.693,128
4155,1779711026786103632,1779711026750057013,-36.046619,73.197,128
4156,1779711026787176315,1779711026750900710,-36.275605,-156.303,128
4157,1779711026788047612,1779711026752015302,-36.03231,114.592,128
4158,1779711026789081669,1779711026752591888,-36.489781,-423.414,128
4159,1779711026789743033,1779711026753460627,-36.282406,-131.261,128
4160,1779711026790612302,1779711026754487618,-36.124684,26.991,128
4161,1779711026791610418,1779711026755272526,-36.337892,-215.092,128
4162,1779711026792298060,1779711026756453136,-35.844924,180.61,128
4163,1779711026793480940,1779711026757262144,-36.218796,-190.992,128
4164,1779711026794343655,1779711026758256993,-36.086662,-5.151,128
4165,1779711026795334909,1779711026759578903,-35.756006,321.91,128
4166,1779711026796375296,1779711026760101640,-36.273656,-477.263,128
4167,1779711026797188748,1779711026760984587,-36.204161,-117.053,128
4168,1779711026797880178,1779711026761936857,-35.943321,-47.73,128
4169,1779711026799007580,1779711026762919688,-36.087892,-17.169,128
4170,1779711026800010250,1779711026763976475,-36.033775,56.787,128
4171,1779711026801035018,1779711026764899556,-36.135462,-76.919,128
4172,1779711026801999425,1779711026765623347,-36.376078,-276.209,128
4173,1779711026802685124,1779711026766613517,-36.071607,-9.83,128
4174,1779711026803712501,1779711026767772857,-35.939644,159.34,128
4175,1779711026804885551,1779711026768696221,-36.18933,-76.636,128
4176,1779711026805814258,1779711026774834126,-30.980132,5137.905,128
4177,1779711026811949274,1779711026775991895,-35.957379,157.769,128
4178,1779711026813031114,1779711026777913059,-35.118055,921.164,128
4179,1779711026814966465,1779711026779333780,-35.632685,420.721,128
4180,1779711026816367558,1779711026781550006,-34.817552,1216.226,128
4181,1779711026818705507,1779711026782883154,-35.822353,333.148,128
4182,1779711026819987797,1779711026784257082,-35.730715,373.928,128
4183,1779711026821228915,1779711026785245707,-35.983208,-11.375,128
4184,1779711026822246555,1779711026787870053,-34.376502,1624.346,128
4185,1779711026823403422,1779711026787882326,-35.521096,-987.727,128
4186,1779711026824335526,1779711026788516735,-35.818791,-365.591,128
4187,1779711026825220901,1779711026789467329,-35.753572,-49.406,128
4188,1779711026826571752,1779711026790950224,-35.621528,482.895,128
4189,1779711026827982420,1779711026792311117,-35.671303,360.893,128
4190,1779711026829347477,1779711026793646738,-35.700739,335.621,128
4191,1779711026830662247,1779711026794900585,-35.761662,253.847,128
4192,1779711026831996143,1779711026795642980,-36.353163,-257.605,128
4193,1779711026832755252,1779711026796475503,-36.279749,-167.477,128
4194,1779711026833602851,1779711026797299716,-36.303135,-175.787,128
4195,1779711026834413130,1779711026800805907,-33.607223,2506.191,128
4196,1779711026838271512,1779711026804325776,-33.945736,2519.869,128
4197,1779711026841326285,1779711026806041034,-35.285251,715.258,128
4198,1779711026843130803,1779711026807295517,-35.835286,254.483,128
4199,1779711026844376998,1779711026808000151,-36.376847,-295.366,128
4200,1779711026845122573,1779711026808967685,-36.154888,-32.466,128
4201,1779711026845980787,1779711026809707241,-36.273546,-260.444,128
4202,1779711026846802564,1779711026810783369,-36.019195,76.128,128
4203,1779711026847814956,1779711026811517744,-36.297212,-265.625,128
4204,1779711026848517820,1779711026812397823,-36.119997,-119.921,128
4205,1779711026849358401,1779711026813123286,-36.235115,-274.537,128
4206,1779711026850171947,1779711026813895912,-36.276035,-227.374,128
4207,1779711026851027951,1779711026814749387,-36.278564,-146.525,128
4208,1779711026851877758,1779711026816009527,-35.868231,260.14,128
4209,1779711026853102948,1779711026816980448,-36.1225,-29.079,128
4210,1779711026854090585,1779711026817881460,-36.209125,-98.988,128
4211,1779711026854919280,1779711026819088567,-35.830713,207.107,128
4212,1779711026856053584,1779711026819864627,-36.188957,-223.94,128
4213,1779711026856990738,1779711026820566860,-36.423878,-297.767,128
4214,1779711026857704205,1779711026821681988,-36.022217,115.128,128
4215,1779711026858775474,1779711026822730809,-36.044665,48.821,128
4216,1779711026859784048,1779711026823710763,-36.073285,-20.046,128
4217,1779711026860774943,1779711026824334343,-36.4406,-376.42,128
4218,1779711026861468201,1779711026825207284,-36.260917,-127.059,128
4219,1779711026862309933,1779711026825990269,-36.319664,-217.015,128
4220,1779711026863125360,1779711026827012348,-36.113012,22.079,128
4221,1779711026864116068,1779711026828004218,-36.11185,-8.13,128
4222,1779711026865120084,1779711026828821302,-36.298782,-182.916,128
4223,1779711026865955162,1779711026829651366,-36.303796,-169.936,128
4224,1779711026866774882,1779711026830543479,-36.231403,-107.887,128
4225,1779711026867621409,1779711026831463148,-36.158261,-80.331,128
4226,1779711026868555593,1779711026832355919,-36.199674,-107.229,128
4227,1779711026869431978,1779711026833075176,-36.356802,-280.743,128
4228,1779711026870195234,1779711026833948531,-36.246703,-126.645,128
4229,1779711026871079270,1779711026834783903,-36.295367,-164.628,128
4230,1779711026871909495,1779711026835506900,-36.402595,-277.003,128
4231,1779711026872634836,1779711026836350946,-36.28389,-155.954,128
4232,1779711026873475666,1779711026837166944,-36.308722,-184.002,128
4233,1779711026874286914,1779711026837847436,-36.439478,-319.508,128
4234,1779711026874981244,1779711026838624456,-36.356788,-222.98,128
4235,1779711026875774564,1779711026839461734,-36.31283,-162.722,128
4236,1779711026876595162,1779711026848454438,-28.140724,7992.704,128
4237,1779711026885404398,1779711026853049198,-32.3552,3594.76,128
4238,1779711026890073206,1779711026854959758,-35.113448,910.56,128
4239,1779711026891960360,1779711026857125258,-34.835102,1165.5,128
4240,1779711026893911643,1779711026860019642,-33.892001,1894.384,128
4241,1779711026896888930,1779711026863431640,-33.45729,2411.998,128
4242,1779711026900533633,1779711026865721540,-34.812093,1289.9,128
4243,1779711026902690638,1779711026868036256,-34.654382,1314.716,128
4244,1779711026904978486,1779711026869811043,-35.167443,774.787,128
4245,1779711026906678194,1779711026871318054,-35.36014,507.011,128
4246,1779711026908186530,1779711026872722428,-35.464102,404.374,128
4247,1779711026909703927,1779711026874662245,-35.041682,939.817,128
4248,1779711026911604611,1779711026875861346,-35.743265,199.101,128
4249,1779711026912875239,1779711026877445685,-35.429554,584.339,128
4250,1779711026914406501,1779711026879272647,-35.133854,826.962,128
4251,1779711026916097352,1779711026882430049,-33.667303,2157.402,128
4252,1779711026919346229,1779711026883791381,-35.554848,361.332,128
4253,1779711026920717062,1779711026885349977,-35.367085,558.596,128
4254,1779711026922351289,1779711026886952036,-35.399253,602.059,128
4255,1779711026923786567,1779711026888640813,-35.145754,688.777,128
4256,1779711026925618192,1779711026921248697,-4.369495,31607.884,128
4257,1779711026961293842,1779711026929627472,-31.66637,7378.775,128
4258,1779711026966607544,1779711026931285167,-35.322377,657.695,128
4259,1779711026968101534,1779711026933271152,-34.830382,985.985,128
4260,1779711026970181873,1779711026934907230,-35.274643,636.078,128
4261,1779711026971891191,1779711026936746277,-35.144914,839.047,128
4262,1779711026973697285,1779711026938404459,-35.292826,658.182,128
4263,1779711026975363254,1779711026940239673,-35.123581,835.214,128
4264,1779711026977146325,1779711026941904977,-35.241348,665.304,128
4265,1779711026978943919,1779711026943729330,-35.214589,824.353,128
4266,1779711026980714235,1779711026945063160,-35.651075,333.83,128
4267,1779711026982036280,1779711026946893559,-35.142721,830.399,128
4268,1779711026983886287,1779711026948176137,-35.71015,282.578,128
4269,1779711026985110659,1779711026949426349,-35.68431,250.212,128
4270,1779711026986416944,1779711026950976341,-35.440603,549.992,128
4271,1779711026987968987,1779711026953455960,-34.513027,1479.619,128
4272,1779711026989938917,1779711026954992488,-34.946429,536.528,128
4273,1779711026991588465,1779711026956906030,-34.682435,913.542,128
4274,1779711026993520848,1779711026959646048,-33.8748,1740.018,128
4275,1779711026996194089,1779711026962760922,-33.433167,2114.874,128
4276,1779711026999448442,1779711026966800545,-32.647897,3039.623,128
4277,1779711027002599698,1779711026968382802,-34.216896,582.257,128
4278,1779711027004816866,1779711026972403684,-32.413182,3020.882,128
4279,1779711027008763575,1779711026975004748,-33.758827,1601.064,128
4280,1779711027011405393,1779711026979897057,-31.508336,3892.309,128
4281,1779711027016386509,1779711026983320854,-33.065655,2423.797,128
4282,1779711027019803166,1779711026988893728,-30.909438,4572.874,128
4283,1779711027025055588,1779711026993032567,-32.023021,3138.839,128
4284,1779711027029780624,1779711026997927322,-31.853302,3894.755,128
4285,1779711027034387307,1779711027002945703,-31.441604,4018.381,128
4286,1779711027039403345,1779711027004994514,-34.408831,1048.811,128
4287,1779711027041594707,1779711027008009287,-33.58542,2014.773,128
4288,1779711027045051363,1779711027025507584,-19.543779,16498.297,128
4289,1779711027062255643,1779711027036867114,-25.388529,10359.53,128
4290,1779711027073983489,1779711027046717804,-27.265685,8850.69,128
4291,1779711027083691324,1779711027050769366,-32.921958,3051.562,128
4292,1779711027087701584,1779711027057650743,-30.050841,5881.377,128
4293,1779711027093892968,1779711027062087696,-31.805272,3436.953,128
4294,1779711027098955469,1779711027064167585,-34.787884,1079.889,128
4295,1779711027101198925,1779711027069367127,-31.831798,4199.542,128
4296,1779711027106161830,1779711027166309667,60.147837,95942.54,128
4297,1779711027203075854,1779711027172841729,-30.234125,5532.062,128
4298,1779711027209685366,1779711027174779404,-34.905962,937.675,128
4299,1779711027211754162,1779711027176007107,-35.747055,227.703,128
4300,1779711027212999086,1779711027178072024,-34.927062,1064.917,128
4301,1779711027215161350,1779711027179359216,-35.802134,287.192,128
4302,1779711027216285909,1779711027180402905,-35.883004,43.689,128
4303,1779711027217506884,1779711027181998921,-35.507963,596.016,128
4304,1779711027218951124,1779711027183298935,-35.652189,300.014,128
4305,1779711027220161827,1779711027184375104,-35.786723,76.169,128
4306,1779711027221338779,1779711027185751784,-35.586995,376.68,128
4307,1779711027222615712,1779711027187369099,-35.246613,617.315,128
4308,1779711027224294215,1779711027188366037,-35.928178,-3.062,128
4309,1779711027225405563,1779711027189340922,-36.064641,-25.115,128
4310,1779711027226411005,1779711027190339476,-36.071529,-1.446,128
4311,1779711027227365643,1779711027191296706,-36.068937,-42.77,128
4312,1779711027228409745,1779711027192055577,-36.354168,-241.129,128
4313,1779711027229074104,1779711027192826787,-36.247317,-228.79,128
4314,1779711027229886927,1779711027193769692,-36.117235,-57.095,128
4315,1779711027230836442,1779711027194424624,-36.411818,-345.068,128
4316,1779711027231505266,1779711027195408387,-36.096879,-16.237,128
4317,1779711027232438306,1779711027195958392,-36.479914,-449.995,128
4318,1779711027233107379,1779711027197008422,-36.098957,50.03,128
4319,1779711027234045325,1779711027197905688,-36.139637,-102.734,128
4320,1779711027234977775,1779711027198815142,-36.162633,-90.546,128
4321,1779711027235894794,1779711027199904321,-35.990473,89.179,128
4322,1779711027236874045,1779711027200853111,-36.020934,-51.21,128
4323,1779711027237970278,1779711027201964871,-36.005407,111.76,128
4324,1779711027238966471,1779711027202894991,-36.07148,-69.88,128
4325,1779711027239946333,1779711027203958907,-35.987426,63.916,128
4326,1779711027241057760,1779711027204981917,-36.075843,23.01,128
4327,1779711027241996263,1779711027205645093,-36.35117,-336.824,128
4328,1779711027242647394,1779711027206554342,-36.093052,-90.751,128
4329,1779711027243624707,1779711027207408100,-36.216607,-146.242,128
4330,1779711027244409249,1779711027208271791,-36.137458,-136.309,128
4331,1779711027245265011,1779711027209122755,-36.142256,-149.036,128
4332,1779711027246223589,1779711027210499809,-35.72378,377.054,128
4333,1779711027247209399,1779711027210918651,-36.290748,-581.158,128
4334,1779711027248059665,1779711027212251167,-35.808498,332.516,128
4335,1779711027249193776,1779711027213320927,-35.872849,69.76,128
4336,1779711027250165833,1779711027214248805,-35.917028,-72.122,128
4337,1779711027251207752,1779711027214930038,-36.277714,-318.767,128
4338,1779711027251876352,1779711027215806672,-36.06968,-123.366,128
4339,1779711027252865114,1779711027216652486,-36.212628,-154.186,128
4340,1779711027253710535,1779711027217251291,-36.459244,-401.195,128
4341,1779711027254281085,1779711027218251172,-36.029913,-0.119,128
4342,1779711027255292988,1779711027219116550,-36.176438,-134.622,128
4343,1779711027256251463,1779711027219908925,-36.342538,-207.625,128
4344,1779711027256940893,1779711027220904920,-36.035973,-4.005,128
4345,1779711027257897581,1779711027221327473,-36.570108,-577.447,128
4346,1779711027258421608,1779711027222298913,-36.122695,-28.56,128
4347,1779711027259382161,1779711027223053792,-36.328369,-245.121,128
4348,1779711027260191708,1779711027224132331,-36.059377,78.539,128
4349,1779711027261144380,1779711027224870507,-36.273873,-261.824,128
4350,1779711027261960843,1779711027225687171,-36.273672,-183.336,128
4351,1779711027262778971,1779711027226937649,-35.841322,250.478,128
4352,1779711027263779076,1779711027227677480,-36.101596,-260.169,128
4353,1779711027264612322,1779711027228815429,-35.796893,137.949,128
4354,1779711027265633815,1779711027229312937,-36.320878,-502.492,128
4355,1779711027266315145,1779711027230236361,-36.078784,-76.576,128
4356,1779711027267230651,1779711027231576772,-35.653879,340.411,128
4357,1779711027268557465,1779711027232381893,-36.175572,-194.879,128
4358,1779711027269433431,1779711027233313464,-36.119967,-68.429,128
4359,1779711027270443962,1779711027234380528,-36.063434,67.064,128
4360,1779711027271437336,1779711027235238015,-36.199321,-142.513,128
4361,1779711027272265422,1779711027236045613,-36.219809,-192.402,128
4362,1779711027273226804,1779711027237209170,-36.017634,163.557,128
4363,1779711027274249462,1779711027238037696,-36.211766,-171.474,128
4364,1779711027275192451,1779711027238938020,-36.254431,-99.676,128
4365,1779711027276035732,1779711027239748061,-36.287671,-189.959,128
4366,1779711027276837288,1779711027240762970,-36.074318,14.909,128
4367,1779711027277843946,1779711027241745123,-36.098823,-17.847,128
4368,1779711027278834029,1779711027242681003,-36.153026,-64.12,128
4369,1779711027279819955,1779711027243746503,-36.073452,65.5,128
4370,1779711027280753435,1779711027244560482,-36.192953,-186.021,128
4371,1779711027281590450,1779711027245479376,-36.111074,-81.106,128
4372,1779711027282568145,1779711027246308771,-36.259374,-170.605,128
4373,1779711027283387926,1779711027247255609,-36.132317,-53.162,128
4374,1779711027284357768,1779711027248006918,-36.35085,-248.691,128
4375,1779711027285165912,1779711027248940350,-36.225562,-66.568,128
4376,1779711027286027774,1779711027250068344,-35.95943,127.994,128
4377,1779711027287092398,1779711027251369358,-35.72304,301.014,128
4378,1779711027288318263,1779711027252353325,-35.964938,-16.033,128
4379,1779711027289413366,1779711027253535625,-35.877741,182.3,128
4380,1779711027290523284,1779711027254327992,-36.195292,-207.633,128
4381,1779711027291395177,1779711027255310981,-36.084196,-17.011,128
4382,1779711027292403074,1779711027256084726,-36.318348,-226.255,128
4383,1779711027293247165,1779711027257223534,-36.023631,138.808,128
4384,1779711027294232089,1779711027257904156,-36.327933,-319.378,128
4385,1779711027295040943,1779711027258655008,-36.385935,-249.148,128
4386,1779711027295745085,1779711027259509249,-36.235836,-145.759,128
4387,1779711027296540063,1779711027260446826,-36.093237,-62.423,128
4388,1779711027297539648,1779711027261580693,-35.958955,133.867,128
4389,1779711027298546848,1779711027262503990,-36.042858,-76.703,128
4390,1779711027299552022,1779711027263287170,-36.264852,-216.82,128
4391,1779711027300363309,1779711027263944277,-36.419032,-342.893,128
4392,1779711027301061135,1779711027265071989,-35.989146,127.712,128
4393,1779711027302023014,1779711027265879830,-36.143184,-192.159,128
4394,1779711027302875600,1779711027266895693,-35.979907,15.863,128
4395,1779711027303851811,1779711027268061103,-35.790708,165.41,128
4396,1779711027304970338,1779711027269300749,-35.669589,239.646,128
4397,1779711027306225617,1779711027270104341,-36.121276,-196.408,128
4398,1779711027307093759,1779711027271442197,-35.651562,337.856,128
4399,1779711027308433014,1779711027303551186,-4.881828,31108.989,128
4400,1779711027340487804,1779711027307279700,-33.208104,2728.514,128
4401,1779711027344288906,1779711027310234532,-34.054374,1954.832,128
4402,1779711027346756716,1779711027311931861,-34.824855,697.329,128
4403,1779711027349052476,1779711027314550143,-34.502333,1618.282,128
4404,1779711027351703618,1779711027316488734,-35.214884,938.591,128
4405,1779711027353592046,1779711027319651426,-33.94062,2162.692,128
4406,1779711027356792258,1779711027321605803,-35.186455,954.377,128
4407,1779711027358518521,1779711027323045348,-35.473173,439.545,128
4408,1779711027360207449,1779711027324744159,-35.46329,698.811,128
4409,1779711027361843697,1779711027325579006,-36.264691,-165.153,128
4410,1779711027362653618,1779711027326371165,-36.282453,-207.841,128
4411,1779711027363471634,1779711027327138282,-36.333352,-232.883,128
4412,1779711027364264383,1779711027327945961,-36.318422,-192.321,128
4413,1779711027365047169,1779711027328650641,-36.396528,-295.32,128
4414,1779711027365732516,1779711027329378306,-36.35421,-272.335,128
4415,1779711027366502471,1779711027330275865,-36.226606,-102.441,128
4416,1779711027367389853,1779711027331048626,-36.341227,-227.239,128
4417,1779711027368146971,1779711027331950803,-36.196168,-97.823,128
4418,1779711027368960446,1779711027332553320,-36.407126,-397.483,128
4419,1779711027369630693,1779711027333394394,-36.236299,-158.926,128
4420,1779711027370511495,1779711027334227689,-36.283806,-166.705,128
4421,1779711027371299676,1779711027335011956,-36.28772,-215.733,128
4422,1779711027372099489,1779711027335774350,-36.325139,-237.606,128
4423,1779711027372927566,1779711027336606518,-36.321048,-167.832,128
4424,1779711027373728974,1779711027337439184,-36.28979,-167.334,128
4425,1779711027374554280,1779711027338258181,-36.296099,-181.003,128
4426,1779711027375373715,1779711027339024394,-36.349321,-233.787,128
4427,1779711027376164547,1779711027339813252,-36.351295,-211.142,128
4428,1779711027376946404,1779711027340529868,-36.416536,-283.384,128
4429,1779711027377621296,1779711027341361775,-36.259521,-168.093,128
4430,1779711027378412743,1779711027341950022,-36.462721,-411.753,128
4431,1779711027379087920,1779711027342642239,-36.445681,-307.783,128
4432,1779711027379770077,1779711027343311679,-36.458398,-330.56,128
4433,1779711027380442415,1779711027344108398,-36.334017,-203.281,128
4434,1779711027381220587,1779711027344904214,-36.316373,-204.184,128
4435,1779711027382033553,1779711027345612759,-36.420794,-291.455,128
4436,1779711027382751128,1779711027346382555,-36.368573,-230.204,128
4437,1779711027383316287,1779711027347155038,-36.161249,-227.517,128
4438,1779711027384289307,1779711027347872526,-36.416781,-282.512,128
4439,1779711027384986264,1779711027348559808,-36.426456,-312.718,128
4440,1779711027385661113,1779711027349280086,-36.381027,-279.722,128
4441,1779711027386404477,1779711027350043429,-36.361048,-236.657,128
4442,1779711027387167330,1779711027350713821,-36.453509,-329.608,128
4443,1779711027387818099,1779711027351382285,-36.435814,-331.536,128
4444,1779711027388467126,1779711027352029019,-36.438107,-353.266,128
4445,1779711027389141636,1779711027352770029,-36.371607,-258.99,128
4446,1779711027389901912,1779711027353527348,-36.374564,-242.681,128
4447,1779711027390665332,1779711027354181022,-36.48431,-346.326,128
4448,1779711027391304228,1779711027355098041,-36.206187,-82.981,128
4449,1779711027392082814,1779711027355634119,-36.448695,-463.922,128
4450,1779711027392761257,1779711027356198024,-36.563233,-436.095,128
4451,1779711027393333996,1779711027356838801,-36.495195,-359.223,128
4452,1779711027393989038,1779711027357742383,-36.246655,-96.418,128
4453,1779711027394972345,1779711027358525971,-36.446374,-216.412,128
4454,1779711027395644322,1779711027359290640,-36.353682,-235.331,128
4455,1779711027396429665,1779711027360024938,-36.404727,-265.702,128
4456,1779711027397100330,1779711027370074246,-27.026084,9049.308,128
4457,1779711027407236305,1779711027371441843,-35.794462,367.597,128
4458,1779711027408409141,1779711027372931298,-35.477843,489.455,128
4459,1779711027410007802,1779711027375490154,-34.517648,1558.856,128
4460,1779711027412506350,1779711027377293144,-35.213206,802.99,128
4461,1779711027416345848,1779711027383539056,-32.806792,5245.912,128
4462,1779711027420762618,1779711027387197523,-33.565095,2658.467,128
4463,1779711027424464934,1779711027393036910,-31.428024,4839.387,128
4464,1779711027430112466,1779711027395044056,-35.06841,1007.146,128
4465,1779711027432142300,1779711027397209756,-34.932544,1165.7,128
4466,1779711027434688505,1779711027400647785,-34.04072,2438.029,128
4467,1779711027439043503,1779711027403614106,-35.429397,1966.321,128
4468,1779711027440617862,1779711027404312066,-36.305796,-302.04,128
4469,1779711027441392961,1779711027405014738,-36.378223,-297.328,128
4470,1779711027442116404,1779711027405658295,-36.458109,-356.443,128
4471,1779711027442787108,1779711027406463278,-36.32383,-195.017,128
4472,1779711027443567371,1779711027408389043,-35.178328,925.765,128
4473,1779711027445575920,1779711027409030475,-36.545445,-358.568,128
4474,1779711027446153137,1779711027410155973,-35.997164,125.498,128
4475,1779711027447292654,1779711027410752190,-36.540464,-403.783,128
4476,1779711027447888832,1779711027411583301,-36.305531,-168.889,128
4477,1779711027448674477,1779711027412388536,-36.285941,-194.765,128
4478,1779711027449480242,1779711027413125491,-36.354751,-263.045,128
4479,1779711027450258427,1779711027414158827,-36.0996,33.336,128
4480,1779711027451302751,1779711027415048529,-36.254222,-110.298,128
4481,1779711027452172105,1779711027415881985,-36.29012,-166.544,128
4482,1779711027453012037,1779711027416717159,-36.294878,-164.826,128
4483,1779711027453842802,1779711027417541991,-36.300811,-175.168,128
4484,1779711027454677706,1779711027420461094,-34.216612,1919.103,128
4485,1779711027455476253,1779711027420467577,-35.008676,-993.517,128
4486,1779711027456267020,1779711027420469396,-35.797624,-998.181,128
4487,1779711027456726118,1779711027420471442,-36.254676,-997.954,128
4488,1779711027457531423,1779711027420882901,-36.648522,-588.541,128
4489,1779711027457984321,1779711027421771565,-36.212756,-111.336,128
4490,1779711027458835735,1779711027422397038,-36.438697,-374.527,128
4491,1779711027459459190,1779711027423251213,-36.207977,-145.825,128
4492,1779711027460191499,1779711027423807356,-36.384143,-443.857,128
4493,1779711027460918046,1779711027424677162,-36.240884,-130.194,128
4494,1779711027461788586,1779711027425590507,-36.198079,-86.655,128
4495,1779711027462608998,1779711027426261085,-36.347913,-329.422,128
4496,1779711027463306580,1779711027426993931,-36.312649,-267.154,128
4497,1779711027464106613,1779711027428667707,-35.438906,673.776,128
4498,1779711027465965480,1779711027430407285,-35.558195,739.578,128
4499,1779711027467641535,1779711027432319221,-35.322314,911.936,128
4500,1779711027469244395,1779711027433019208,-36.225187,-300.013,128
4501,1779711027470162161,1779711027434136965,-36.025196,117.757,128
4502,1779711027471190874,1779711027574547752,103.356878,139410.787,128
4503,1779711027611609600,1779711027575881859,-35.727741,334.107,128
4504,1779711027612954909,1779711027577219770,-35.735139,337.911,128
4505,1779711027614217531,1779711027577934617,-36.282914,-285.153,128
4506,1779711027615898068,1779711027581637901,-34.260167,2703.284,128
4507,1779711027618838599,1779711027583700018,-35.138581,1062.117,128
4508,1779711027621350064,1779711027586212391,-35.137673,1512.373,128
4509,1779711027623459912,1779711027587587192,-35.87272,374.801,128
4510,1779711027624647353,1779711027589639807,-35.007546,1052.615,128
4511,1779711027626722676,1779711027590538277,-36.184399,-101.53,128
4512,1779711027627734432,1779711027591779130,-35.955302,240.853,128
4513,1779711027629142034,1779711027593893291,-35.248743,1114.161,128
4514,1779711027630930861,1779711027595334331,-35.59653,441.04,128
4515,1779711027632508817,1779711027596659814,-35.849003,325.483,128
4516,1779711027633872348,1779711027599116354,-34.755994,1456.54,128
4517,1779711027636219790,1779711027600524293,-35.695497,407.939,128
4518,1779711027637749914,1779711027602776666,-34.973248,1252.373,128
4519,1779711027640020389,1779711027604666039,-35.35435,889.373,128
4520,1779711027642012193,1779711027606738890,-35.273303,1072.851,128
4521,1779711027643877862,1779711027608331359,-35.546503,592.469,128
4522,1779711027645642879,1779711027609678987,-35.963892,347.628,128
4523,1779711027646809538,1779711027611405070,-35.404468,726.083,128
4524,1779711027648486776,1779711027613597295,-34.889481,1192.225,128
4525,1779711027650809504,1779711027615931744,-34.87776,1334.449,128
4526,1779711027653077643,1779711027617335506,-35.742137,403.762,128
4527,1779711027654409080,1779711027618014701,-36.394379,-320.805,128
4528,1779711027655136225,1779711027618790262,-36.345963,-224.439,128
4529,1779711027655922206,1779711027619715227,-36.206979,-75.035,128
4530,1779711027656811460,1779711027620704034,-36.107426,-11.193,128
4531,1779711027657701899,1779711027621445310,-36.256589,-258.724,128
4532,1779711027658486005,1779711027622131111,-36.354894,-314.199,128
4533,1779711027659254018,1779711027622764471,-36.489547,-366.64,128
4534,1779711027659897615,1779711027623334755,-36.56286,-429.716,128
4535,1779711027660432156,1779711027624198715,-36.233441,-136.04,128
4536,1779711027661294027,1779711027625174048,-36.119979,-24.667,128
4537,1779711027662202338,1779711027625829888,-36.37245,-344.16,128
4538,1779711027662925002,1779711027626489225,-36.435777,-340.663,128
4539,1779711027663614128,1779711027627157382,-36.456746,-331.843,128
4540,1779711027664289935,1779711027627842786,-36.447149,-314.596,128
4541,1779711027664953092,1779711027628485109,-36.467983,-357.677,128
4542,1779711027665623806,1779711027629271967,-36.351839,-213.142,128
4543,1779711027666388703,1779711027629916629,-36.472074,-355.338,128
4544,1779711027667033308,1779711027630744312,-36.288996,-172.317,128
4545,1779711027667894535,1779711027631581868,-36.312667,-162.444,128
4546,1779711027668581329,1779711027632139937,-36.441392,-441.931,128
4547,1779711027669246888,1779711027632933218,-36.31367,-206.719,128
4548,1779711027670030377,1779711027633625526,-36.404851,-307.692,128
4549,1779711027670671864,1779711027634472959,-36.198905,-152.567,128
4550,1779711027671476431,1779711027635070818,-36.405613,-402.141,128
4551,1779711027672161328,1779711027635830401,-36.330927,-240.417,128
4552,1779711027672943604,1779711027636490698,-36.452906,-339.703,128
4553,1779711027673623894,1779711027637196303,-36.427591,-294.395,128
4554,1779711027674292551,1779711027637899967,-36.392584,-296.336,128
4555,1779711027674955960,1779711027638645745,-36.310215,-254.222,128
4556,1779711027675739187,1779711027639366874,-36.372313,-278.871,128
4557,1779711027676510394,1779711027639990828,-36.519566,-376.046,128
4558,1779711027677047577,1779711027640652586,-36.394991,-338.242,128
4559,1779711027677742938,1779711027641365169,-36.377769,-287.417,128
4560,1779711027678403508,1779711027642053067,-36.350441,-312.102,128
4561,1779711027679135133,1779711027642743522,-36.391611,-309.545,128
4562,1779711027679843867,1779711027643585798,-36.258069,-157.724,128
4563,1779711027680650930,1779711027644418316,-36.232614,-167.482,128
4564,1779711027681488441,1779711027645138041,-36.3504,-280.275,128
4565,1779711027682227876,1779711027646028464,-36.199412,-109.577,128
4566,1779711027683021806,1779711027646677837,-36.343969,-350.627,128
4567,1779711027683732702,1779711027647338754,-36.393948,-339.083,128
4568,1779711027684418268,1779711027647971030,-36.447238,-367.724,128
4569,1779711027685126617,1779711027648877347,-36.24927,-93.683,128
4570,1779711027685943638,1779711027649472210,-36.471428,-405.137,128
4571,1779711027686519655,1779711027650282197,-36.237458,-190.013,128
4572,1779711027687372009,1779711027651050335,-36.321674,-231.862,128
4573,1779711027688057897,1779711027651796828,-36.261069,-253.507,128
4574,1779711027688830654,1779711027652468671,-36.361983,-328.157,128
4575,1779711027689532559,1779711027653121190,-36.411369,-347.481,128
4576,1779711027690193335,1779711027653662465,-36.53087,-458.725,128
4577,1779711027690738163,1779711027654479350,-36.258813,-183.115,128
4578,1779711027691579343,1779711027654947799,-36.631544,-531.551,128
4579,1779711027692092131,1779711027655842301,-36.24983,-105.498,128
4580,1779711027692914817,1779711027656639268,-36.275549,-203.033,128
4581,1779711027693720877,1779711027657364873,-36.356004,-274.395,128
4582,1779711027694436255,1779711027658150173,-36.286082,-214.7,128
4583,1779711027695245698,1779711027659091848,-36.15385,-58.325,128
4584,1779711027695946085,1779711027659645755,-36.30033,-446.093,128
4585,1779711027696714038,1779711027660458808,-36.25523,-186.947,128
4586,1779711027697527407,1779711027661415770,-36.111637,-43.038,128
4587,1779711027698404186,1779711027662284192,-36.119994,-131.578,128
4588,1779711027699209750,1779711027662851816,-36.357934,-432.376,128
4589,1779711027699911699,1779711027663639302,-36.272397,-212.514,128
4590,1779711027700707491,1779711027664341576,-36.365915,-297.726,128
4591,1779711027701398412,1779711027665416487,-35.981925,74.911,128
4592,1779711027702257976,1779711027665947130,-36.310846,-469.357,128
4593,1779711027703102557,1779711027666770728,-36.331829,-176.402,128
4594,1779711027703846808,1779711027667587315,-36.259493,-183.413,128
4595,1779711027704663607,1779711027668533878,-36.129729,-53.437,128
4596,1779711027705486231,1779711027669147264,-36.338967,-386.614,128
4597,1779711027706195755,1779711027669916053,-36.279702,-231.211,128
4598,1779711027706874240,1779711027670616400,-36.25784,-299.653,128
4599,1779711027707696190,1779711027671342122,-36.354068,-274.278,128
4600,1779711027708360033,1779711027672067293,-36.29274,-274.829,128
4601,1779711027709155354,1779711027672851465,-36.303889,-215.828,128
4602,1779711027709925339,1779711027673655255,-36.270084,-196.21,128
4603,1779711027710679358,1779711027674377551,-36.301807,-277.704,128
4604,1779711027711454020,1779711027675070340,-36.38368,-307.211,128
4605,1779711027712221131,1779711027675967267,-36.253864,-103.073,128
4606,1779711027713088857,1779711027676870553,-36.218304,-96.714,128
4607,1779711027713892243,1779711027683587447,-30.304796,5716.894,128
4608,1779711027720538188,1779711027687885480,-32.652708,3298.033,128
4609,1779711027724860769,1779711027690331368,-34.529401,1445.888,128
4610,1779711027727340149,1779711027691507893,-35.832256,176.525,128
4611,1779711027728562459,1779711027693225895,-35.336564,718.002,128
4612,1779711027730255367,1779711027694635724,-35.619643,409.829,128
4613,1779711027731701576,1779711027696079253,-35.622323,443.529,128
4614,1779711027732909931,1779711027697325530,-35.584401,246.277,128
4615,1779711027734364708,1779711027699532810,-34.831898,1207.28,128
4616,1779711027736859183,1779711027701255820,-35.603363,723.01,128
4617,1779711027738267482,1779711027702517882,-35.7496,262.062,128
4618,1779711027739591735,1779711027703972158,-35.619577,454.276,128
4619,1779711027740967163,1779711027705381784,-35.585379,409.626,128
4620,1779711027742292997,1779711027706629026,-35.663971,247.242,128
4621,1779711027743764259,1779711027708630993,-35.133266,1001.967,128
4622,1779711027745505631,1779711027709970595,-35.535036,339.602,128
4623,1779711027746906412,1779711027712910723,-33.995689,1940.128,128
4624,1779711027750082082,1779711027715374400,-34.707682,1463.677,128
4625,1779711027752643643,1779711027717946893,-34.69675,1572.493,128
4626,1779711027754974638,1779711027719030854,-35.943784,83.961,128
4627,1779711027756095196,1779711027778529059,22.433863,58498.205,128
4628,1779711027815654555,1779711027788539617,-27.114938,9010.558,128
4629,1779711027825647748,1779711027790989646,-34.658102,1450.029,128
4630,1779711027828048031,1779711027793328040,-34.719991,1338.394,128
4631,1779711027830294347,1779711027795132444,-35.161903,804.404,128
4632,1779711027832210223,1779711027798961218,-33.249005,2828.774,128
4633,1779711027836087727,1779711027800370036,-35.717691,408.818,128
4634,1779711027837622445,1779711027802027708,-35.594737,657.672,128
4635,1779711027839169481,1779711027803487474,-35.682007,459.766,128
4636,1779711027840702177,1779711027804880877,-35.8213,393.403,128
4637,1779711027841999545,1779711027806272295,-35.72725,391.418,128
4638,1779711027843369985,1779711027807875109,-35.494876,602.814,128
4639,1779711027844958680,1779711027809309149,-35.649531,434.04,128
4640,1779711027846269046,1779711027810333191,-35.935855,24.042,128
4641,1779711027847342005,1779711027811300153,-36.041852,-33.038,128
4642,1779711027848281569,1779711027812023780,-36.257789,-276.373,128
4643,1779711027849200316,1779711027812853241,-36.347075,-170.539,128
4644,1779711027850000665,1779711027813417792,-36.582873,-435.449,128
4645,1779711027850572173,1779711027814273925,-36.298248,-143.867,128
4646,1779711027851354468,1779711027814896863,-36.457605,-377.062,128
4647,1779711027852022391,1779711027815542653,-36.479738,-354.21,128
4648,1779711027852702676,1779711027816799858,-35.902818,257.205,128
4649,1779711027853951429,1779711027817700983,-36.250446,-98.875,128
4650,1779711027854746880,1779711027818052718,-36.694162,-648.265,128
4651,1779711027855194389,1779711027818879701,-36.314688,-173.017,128
4652,1779711027855945770,1779711027819557231,-36.388539,-322.47,128
4653,1779711027856687049,1779711027820581907,-36.105142,24.676,128
4654,1779711027857700859,1779711027821351015,-36.349844,-230.892,128
4655,1779711027858485199,1779711027822307016,-36.178183,-43.999,128
4656,1779711027859421467,1779711027822949075,-36.472392,-357.941,128
4657,1779711027860107896,1779711027823868496,-36.2394,-80.579,128
4658,1779711027861071788,1779711027825664641,-35.407147,796.145,128
4659,1779711027861862640,1779711027825671718,-36.190922,-992.923,128
4660,1779711027862617099,1779711027826507554,-36.109545,-164.164,128
4661,1779711027863626399,1779711027827146370,-36.480029,-361.184,128
4662,1779711027864283726,1779711027827952460,-36.331266,-193.91,128
4663,1779711027865065074,1779711027828874351,-36.190723,-78.109,128
4664,1779711027865717767,1779711027829374274,-36.343493,-500.077,128
4665,1779711027866457492,1779711027830099968,-36.357524,-274.306,128
4666,1779711027867208802,1779711027830772513,-36.436289,-327.455,128
4667,1779711027867849135,1779711027831327069,-36.522066,-445.444,128
4668,1779711027868380189,1779711027831926441,-36.453748,-400.628,128
4669,1779711027869030848,1779711027832974311,-36.056537,47.87,128
4670,1779711027869990082,1779711027833697428,-36.292654,-276.883,128
4671,1779711027870825588,1779711027834478715,-36.346873,-218.713,128
4672,1779711027871612576,1779711027835250533,-36.362043,-228.182,128
4673,1779711027872364219,1779711027835944712,-36.419507,-305.821,128
4674,1779711027873003112,1779711027836679483,-36.323629,-265.229,128
4675,1779711027873775642,1779711027837066568,-36.709074,-612.915,128
4676,1779711027874192548,1779711027837752981,-36.439567,-313.587,128
4677,1779711027874913285,1779711027838649540,-36.263745,-103.441,128
4678,1779711027875686320,1779711027839224841,-36.461479,-424.699,128
4679,1779711027876228694,1779711027839971962,-36.256732,-252.879,128
4680,1779711027877102594,1779711027840779838,-36.322756,-192.124,128
4681,1779711027877771346,1779711027841860524,-35.910822,80.686,128
4682,1779711027878875720,1779711027842494704,-36.381016,-365.82,128
4683,1779711027879579900,1779711027843371957,-36.207943,-122.747,128
4684,1779711027880495632,1779711027844099525,-36.396107,-272.432,128
4685,1779711027881190788,1779711027844959909,-36.230879,-139.616,128
4686,1779711027882085759,1779711027845758491,-36.327268,-201.418,128
4687,1779711027882917105,1779711027846649310,-36.267795,-109.181,128
4688,1779711027883751084,1779711027847200939,-36.550145,-448.371,128
4689,1779711027884304860,1779711027847875021,-36.429839,-325.918,128
4690,1779711027884998684,1779711027848643521,-36.355163,-231.5,128
4691,1779711027885752131,1779711027849364877,-36.387254,-278.644,128
4692,1779711027886502987,1779711027850218377,-36.28461,-146.5,128
4693,1779711027887319537,1779711027850833867,-36.48567,-384.51,128
4694,1779711027887962588,1779711027851525493,-36.437095,-308.374,128
4695,1779711027888627772,1779711027852139195,-36.488577,-386.298,128
4696,1779711027889184426,1779711027852682615,-36.501811,-456.58,128
4697,1779711027889813270,1779711027853439607,-36.373663,-243.008,128
4698,1779711027890544198,1779711027854559605,-35.984593,119.998,128
4699,1779711027891645127,1779711027855330322,-36.314805,-229.283,128
4700,1779711027892440653,1779711027856251083,-36.18957,-79.239,128
4701,1779711027893352043,1779711027856892047,-36.459996,-359.036,128
4702,1779711027894025855,1779711027857728527,-36.297328,-163.52,128
4703,1779711027894867651,1779711027858619603,-36.248048,-108.924,128
4704,1779711027895749585,1779711027859393423,-36.356162,-226.18,128
4705,1779711027896519988,1779711027860092794,-36.427194,-300.629,128
4706,1779711027897190765,1779711027860863336,-36.327429,-229.458,128
4707,1779711027897958419,1779711027861679302,-36.279117,-184.034,128
4708,1779711027898607476,1779711027862059956,-36.54752,-619.346,128
4709,1779711027899203418,1779711027862640186,-36.563232,-419.77,128
4710,1779711027899771953,1779711027863175911,-36.596042,-464.275,128
4711,1779711027900307597,1779711027864121520,-36.186077,-54.391,128
4712,1779711027901154819,1779711027864817556,-36.337263,-303.964,128
4713,1779711027901946917,1779711027865548550,-36.398367,-269.006,128
4714,1779711027902854713,1779711027866651068,-36.203645,102.518,128
4715,1779711027903826324,1779711027867471455,-36.354869,-179.613,128
4716,1779711027904571851,1779711027868429308,-36.142543,-42.147,128
4717,1779711027905353463,1779711027868808394,-36.545069,-620.914,128
4718,1779711027905904290,1779711027869797314,-36.106976,-11.08,128
4719,1779711027906784443,1779711027871374466,-35.409977,577.152,128
4720,1779711027908339123,1779711027872163699,-36.175424,-210.767,128
4721,1779711027909274205,1779711027873020465,-36.25374,-143.234,128
4722,1779711027910187055,1779711027874618806,-35.568249,598.341,128
4723,1779711027911509986,1779711027875362665,-36.147321,-256.141,128
4724,1779711027912422636,1779711027876430864,-35.991772,68.199,128
4725,1779711027913491924,1779711027877041376,-36.450548,-389.488,128
4726,1779711027914102326,1779711027878231897,-35.870429,190.521,128
4727,1779711027915151258,1779711027879043096,-36.108162,-188.801,128
4728,1779711027916065991,1779711027879868301,-36.19769,-174.795,128
4729,1779711027916965116,1779711027880568199,-36.396917,-300.102,128
4730,1779711027917651211,1779711027881288659,-36.362552,-279.54,128
4731,1779711027918318996,1779711027881889752,-36.429244,-398.907,128
4732,1779711027918988538,1779711027882619553,-36.368985,-270.199,128
4733,1779711027919710172,1779711027888328511,-31.381661,4708.958,128
4734,1779711027925369483,1779711027890693042,-34.676441,1364.531,128
4735,1779711027927676423,1779711027892080810,-35.595613,387.768,128
4736,1779711027928979143,1779711027892761303,-36.21784,-319.507,128
4737,1779711027929827729,1779711027893522122,-36.305607,-239.181,128
4738,1779711027930565834,1779711027894405627,-36.160207,-116.495,128
4739,1779711027931417759,1779711027895137999,-36.27976,-267.628,128
4740,1779711027932267211,1779711027895972245,-36.294966,-165.754,128
4741,1779711027933105801,1779711027896563972,-36.541829,-408.273,128
4742,1779711027933699126,1779711027897285347,-36.413779,-278.625,128
4743,1779711027934407963,1779711027897959444,-36.448519,-325.903,128
4744,1779711027935092844,1779711027898862982,-36.229862,-96.462,128
4745,1779711027935951153,1779711027899249651,-36.701502,-613.331,128
4746,1779711027936373847,1779711027900231175,-36.142672,-18.476,128
4747,1779711027937246243,1779711027901106462,-36.139781,-124.713,128
4748,1779711027938156031,1779711027902082594,-36.073437,-23.868,128
4749,1779711027939179960,1779711027903161644,-36.018316,79.05,128
4750,1779711027940097358,1779711027903908825,-36.188533,-252.819,128
4751,1779711027941003557,1779711027904758337,-36.24522,-150.488,128
4752,1779711027941873351,1779711027905600407,-36.272944,-157.93,128
4753,1779711027942720110,1779711027906362738,-36.357372,-237.669,128
4754,1779711027943484596,1779711027907247896,-36.2367,-114.842,128
4755,1779711027944358396,1779711027908081983,-36.276413,-165.913,128
4756,1779711027945215321,1779711027908801870,-36.413451,-280.113,128
4757,1779711027945935258,1779711027909572089,-36.363169,-229.781,128
4758,1779711027946636052,1779711027910442825,-36.193227,-129.264,128
4759,1779711027947504177,1779711027910963242,-36.540935,-479.583,128
4760,1779711027948098223,1779711027911928375,-36.169848,-34.867,128
4761,1779711027948972399,1779711027912682985,-36.289414,-245.39,128
4762,1779711027949824781,1779711027913557036,-36.267745,-125.949,128
4763,1779711027950712012,1779711027914464400,-36.247612,-92.636,128
4764,1779711027951591412,1779711027915225398,-36.366014,-239.002,128
4765,1779711027952326104,1779711027916122256,-36.203848,-103.142,128
4766,1779711027953225613,1779711027917071162,-36.154451,-51.094,128
4767,1779711027954047330,1779711027917735279,-36.312051,-335.883,128
4768,1779711027954758931,1779711027918460806,-36.298125,-274.473,128
4769,1779711027955585793,1779711027919194000,-36.391793,-266.806,128
4770,1779711027956270321,1779711027920016272,-36.254049,-177.728,128
4771,1779711027957067591,1779711027920831001,-36.23659,-185.271,128
4772,1779711027957885655,1779711027921514171,-36.371484,-316.83,128
4773,1779711027958459258,1779711027922214743,-36.244515,-299.428,128
4774,1779711027959246763,1779711027922862368,-36.384395,-352.375,128
4775,1779711027959930201,1779711027925773448,-34.156753,1911.08,128
4776,1779711027960657591,1779711027925779452,-34.878139,-993.996,128
4777,1779711027961511701,1779711027925781183,-35.730518,-998.269,128
4778,1779711027962133044,1779711027925782983,-36.350061,-998.2,128
4779,1779711027962852778,1779711027926622704,-36.230074,-160.279,128
4780,1779711027963652237,1779711027927341778,-36.310459,-280.926,128
4781,1779711027964375254,1779711027928062159,-36.313095,-279.619,128
4782,1779711027965094877,1779711027928824151,-36.270726,-238.008,128
4783,1779711027965811651,1779711027929446438,-36.365213,-377.713,128
4784,1779711027966495470,1779711027930460119,-36.035351,13.681,128
4785,1779711027967323124,1779711027930957156,-36.365968,-502.963,128
4786,1779711027968017501,1779711027931523026,-36.494475,-434.13,128
4787,1779711027968600211,1779711027932226435,-36.373776,-296.591,128
4788,1779711027969306979,1779711027933097823,-36.209156,-128.612,128
4789,1779711027975191899,1779711027942092411,-33.099488,7994.588,128
4790,1779711027978541570,1779711027944686277,-33.855293,1593.866,128
4791,1779711027981470564,1779711027946885086,-34.585478,1198.809,128
4792,1779711027985103443,1779711027949608540,-35.494903,1723.454,128
4793,1779711027986636594,1779711027951097352,-35.539242,488.812,128
4794,1779711027988159229,1779711027952782929,-35.3763,685.577,128
4795,1779711027989856443,1779711027954320590,-35.535853,537.661,128
4796,1779711027991325127,1779711027956046647,-35.27848,726.057,128
4797,1779711027993122453,1779711027960467493,-32.65496,3420.846,128
4798,1779711027997481992,1779711027961647265,-35.834727,179.772,128
4799,1779711027998704531,1779711027963339170,-35.365361,691.905,128
4800,1779711028000387129,1779711027964619983,-35.767146,280.813,128
4801,1779711028001694962,1779711027965964214,-35.730748,344.231,128
4802,1779711028003030170,1779711027967367626,-35.662544,403.412,128
4803,1779711028004355775,1779711027969333282,-35.022493,965.656,128
4804,1779711028006374574,1779711027971223288,-35.151286,890.006,128
4805,1779711028008225242,1779711027972695478,-35.529764,472.19,128
4806,1779711028009770652,1779711027973511910,-36.258742,-183.568,128
4807,1779711028010605419,1779711027974233322,-36.372097,-278.588,128
4808,1779711028011302944,1779711027974826266,-36.476678,-407.056,128
4809,1779711028011980357,1779711027975460848,-36.519509,-365.418,128
4810,1779711028012546998,1779711027976301572,-36.245426,-159.276,128
4811,1779711028013361407,1779711027976981266,-36.380141,-320.306,128
4812,1779711028014070159,1779711027977782527,-36.287632,-198.739,128
4813,1779711028014868188,1779711027978350511,-36.517677,-432.016,128
4814,1779711028015435807,1779711027978986540,-36.449267,-363.971,128
4815,1779711028016140775,1779711027979742532,-36.398243,-244.008,128
4816,1779711028016824729,1779711027980573034,-36.251695,-169.498,128
4817,1779711028017644183,1779711027981283075,-36.361108,-289.959,128
4818,1779711028018418537,1779711027982226183,-36.192354,-56.892,128
4819,1779711028019245537,1779711027982676034,-36.569503,-550.149,128
4820,1779711028019817345,1779711027983571047,-36.246298,-104.987,128
4821,1779711028020643324,1779711027984327327,-36.315997,-243.72,128
4822,1779711028021352735,1779711027985053637,-36.299098,-273.69,128
4823,1779711028022211201,1779711027985820475,-36.390726,-233.162,128
4824,1779711028022649483,1779711027986108382,-36.541101,-712.093,128
4825,1779711028023256071,1779711027987025627,-36.230444,-82.755,128
4826,1779711028024058109,1779711027987670777,-36.387332,-354.85,128
4827,1779711028024752701,1779711027988384658,-36.368043,-286.119,128
4828,1779711028025455193,1779711027989214189,-36.241004,-170.469,128
4829,1779711028026280531,1779711027990004155,-36.276376,-210.034,128
4830,1779711028027158442,1779711027990892674,-36.265768,-111.481,128
4831,1779711028027977473,1779711027991822056,-36.155417,-70.618,128
4832,1779711028028825512,1779711027992610621,-36.214891,-211.435,128
4833,1779711028029662150,1779711027993271933,-36.390217,-338.688,128
4834,1779711028030332671,1779711027994074604,-36.258067,-197.329,128
4835,1779711028031194410,1779711027994722666,-36.471744,-351.938,128
4836,1779711028031855445,1779711027995366596,-36.488849,-356.07,128
4837,1779711028032450274,1779711027996233472,-36.216802,-133.124,128
4838,1779711028033167002,1779711027996830757,-36.336245,-402.715,128
4839,1779711028033826531,1779711027997472249,-36.354282,-358.508,128
4840,1779711028034510766,1779711027998365757,-36.145009,-106.492,128
4841,1779711028035235759,1779711027998846576,-36.389183,-519.181,128
4842,1779711028035966690,1779711027999714892,-36.251798,-131.684,128
4843,1779711028036705546,1779711028000506493,-36.199053,-208.399,128
4844,1779711028037572917,1779711028001373199,-36.199718,-133.294,128
4845,1779711028038427771,1779711028002434624,-35.993147,61.425,128
4846,1779711028039515436,1779711028003313137,-36.202299,-121.487,128
4847,1779711028040244781,1779711028003730615,-36.514166,-582.522,128
4848,1779711028040856159,1779711028004463091,-36.393068,-267.524,128
4849,1779711028041546620,1779711028004971556,-36.575064,-491.535,128
4850,1779711028042113939,1779711028005836210,-36.277729,-135.346,128
4851,1779711028042792456,1779711028006455794,-36.336662,-380.416,128
4852,1779711028043510276,1779711028007029321,-36.480955,-426.473,128
4853,1779711028044176596,1779711028007914765,-36.261831,-114.556,128
4854,1779711028044977394,1779711028008636536,-36.340858,-278.229,128
4855,1779711028045713860,1779711028009350158,-36.363702,-286.378,128
4856,1779711028046433373,1779711028010146086,-36.287287,-204.072,128
4857,1779711028047271898,1779711028010796004,-36.475894,-350.082,128
4858,1779711028047947771,1779711028011458073,-36.489698,-337.931,128
4859,1779711028048529985,1779711028012296981,-36.233004,-161.092,128
4860,1779711028049336039,1779711028013006747,-36.329292,-290.234,128
4861,1779711028050140621,1779711028013967782,-36.172839,-38.965,128
4862,1779711028051017202,1779711028014843269,-36.173933,-124.513,128
4863,1779711028051926318,1779711028015446711,-36.479607,-396.558,128
4864,1779711028052497904,1779711028016086479,-36.411425,-360.232,128
4865,1779711028053224922,1779711028017028650,-36.196272,-57.829,128
4866,1779711028054182192,1779711028017917855,-36.264337,-110.795,128
4867,1779711028054925684,1779711028018780962,-36.144722,-136.893,128
4868,1779711028055862691,1779711028019501896,-36.360795,-279.066,128
4869,1779711028056577117,1779711028020323447,-36.25367,-178.449,128
4870,1779711028057365837,1779711028021044889,-36.320948,-278.558,128
4871,1779711028058172878,1779711028022334555,-35.838323,289.666,128
4872,1779711028059319291,1779711028023264212,-36.055079,-70.343,128
4873,1779711028060276134,1779711028024068304,-36.20783,-195.908,128
4874,1779711028061176023,1779711028024877677,-36.298346,-190.627,128
4875,1779711028061879659,1779711028025469330,-36.410329,-408.347,128
4876,1779711028062563237,1779711028026308039,-36.255198,-161.291,128
4877,1779711028063373613,1779711028027134760,-36.238853,-173.279,128
4878,1779711028064260925,1779711028027890531,-36.370394,-244.229,128
4879,1779711028064969887,1779711028028710706,-36.259181,-179.825,128
4880,1779711028065784388,1779711028029396851,-36.387537,-313.855,128
4881,1779711028066470229,1779711028029889678,-36.580551,-507.173,128
4882,1779711028067037208,1779711028030700826,-36.336382,-188.852,128
4883,1779711028067589008,1779711028031347865,-36.241143,-352.961,128
4884,1779711028068415816,1779711028031854887,-36.560929,-492.978,128
4885,1779711028068985121,1779711028032647766,-36.337355,-207.121,128
4886,1779711028069670329,1779711028033599376,-36.070953,-48.39,128
4887,1779711028070571252,1779711028034935565,-35.635687,336.189,128
4888,1779711028071927044,1779711028035720209,-36.206835,-215.356,128
4889,1779711028072698185,1779711028036560376,-36.137809,-159.833,128
4890,1779711028073606440,1779711028037874292,-35.732148,313.916,128
4891,1779711028074442621,1779711028038268337,-36.174284,-605.955,128
4892,1779711028075316931,1779711028039119283,-36.197648,-149.054,128
4893,1779711028076154772,1779711028039921503,-36.233269,-197.78,128
4894,1779711028076980088,1779711028040607665,-36.372423,-313.838,128
4895,1779711028077681644,1779711028041386528,-36.295116,-221.137,128
4896,1779711028078348573,1779711028042188887,-36.159686,-197.641,128
4897,1779711028079156210,1779711028042890514,-36.265696,-298.373,128
4898,1779711028079967228,1779711028043625229,-36.341999,-265.285,128
4899,1779711028080676322,1779711028043855678,-36.820644,-769.551,128
4900,1779711028080999164,1779711028044602501,-36.396663,-253.177,128
4901,1779711028081689578,1779711028045367262,-36.322316,-235.239,128
4902,1779711028082484396,1779711028046229248,-36.255148,-138.014,128
4903,1779711028083313442,1779711028046835135,-36.478307,-394.113,128
4904,1779711028083990514,1779711028047887748,-36.102766,52.613,128
4905,1779711028084667264,1779711028048324632,-36.342632,-563.116,128
4906,1779711028085408943,1779711028049121060,-36.287883,-203.572,128
4907,1779711028086230628,1779711028050075956,-36.154672,-45.104,128
4908,1779711028087147254,1779711028050963752,-36.183502,-112.204,128
4909,1779711028087971863,1779711028051836878,-36.134985,-126.874,128
4910,1779711028088825301,1779711028052699287,-36.126014,-137.591,128
4911,1779711028089702567,1779711028053524238,-36.178329,-175.049,128
4912,1779711028090516682,1779711028054364155,-36.152527,-160.083,128
4913,1779711028091359975,1779711028076413888,-14.946087,21049.733,128
4914,1779711028113523801,1779711028077260172,-36.263629,-153.716,128
4915,1779711028114351652,1779711028077917633,-36.434019,-342.539,128
4916,1779711028115033134,1779711028078717016,-36.316118,-200.617,128
4917,1779711028115861636,1779711028079393203,-36.468433,-323.813,128
4918,1779711028116530879,1779711028080253933,-36.276946,-139.27,128
4919,1779711028117286083,1779711028081388780,-35.897303,134.847,128
4920,1779711028118368561,1779711028081892948,-36.475613,-495.832,128
4921,1779711028119047653,1779711028082760827,-36.286826,-132.121,128
4922,1779711028119908110,1779711028083671884,-36.236226,-88.943,128
4923,1779711028120727795,1779711028084317891,-36.409904,-353.993,128
4924,1779711028121461646,1779711028085043620,-36.418026,-274.271,128
4925,1779711028122077488,1779711028085779511,-36.297977,-264.109,128
4926,1779711028122910341,1779711028086358114,-36.552227,-421.397,128
4927,1779711028123481931,1779711028087258653,-36.223278,-99.461,128
4928,1779711028124294881,1779711028087838614,-36.456267,-420.039,128
4929,1779711028124965830,1779711028088607305,-36.358525,-231.309,128
4930,1779711028125667848,1779711028089383540,-36.284308,-223.765,128
4931,1779711028126514635,1779711028090009947,-36.504688,-373.593,128
4932,1779711028127075884,1779711028090589981,-36.485903,-419.966,128
4933,1779711028127740890,1779711028091338137,-36.402753,-251.844,128
4934,1779711028128434678,1779711028092124860,-36.309818,-213.277,128
4935,1779711028129255818,1779711028092823571,-36.432247,-301.289,128
4936,1779711028129968131,1779711028093524658,-36.443473,-298.913,128
4937,1779711028130669423,1779711028094273240,-36.396183,-251.418,128
4938,1779711028131354662,1779711028095029745,-36.324917,-243.495,128
4939,1779711028132184339,1779711028095861825,-36.322514,-167.92,128
4940,1779711028133003030,1779711028096567954,-36.435076,-293.871,128
4941,1779711028133712286,1779711028097248192,-36.464094,-319.762,128
4942,1779711028134400408,1779711028098139643,-36.260765,-108.549,128
4943,1779711028135223484,1779711028098887401,-36.336083,-252.242,128
4944,1779711028136038562,1779711028099844279,-36.194283,-43.122,128
4945,1779711028136967245,1779711028100526691,-36.440554,-317.588,128
4946,1779711028137686337,1779711028101357238,-36.329099,-169.453,128
4947,1779711028138413305,1779711028101877629,-36.535676,-479.609,128
4948,1779711028138998474,1779711028102777888,-36.220586,-99.741,128
4949,1779711028139840901,1779711028103502454,-36.338447,-275.434,128
4950,1779711028140649108,1779711028103947109,-36.701999,-555.345,128
4951,1779711028141088376,1779711028104767646,-36.32073,-179.463,128
4952,1779711028141918363,1779711028105585306,-36.333057,-182.34,128
4953,1779711028142721882,1779711028106265120,-36.456762,-320.186,128
4954,1779711028143408757,1779711028107088228,-36.320529,-176.892,128
4955,1779711028144241825,1779711028107812468,-36.429357,-275.76,128
4956,1779711028144949861,1779711028108381910,-36.567951,-430.558,128
4957,1779711028145526778,1779711028109278629,-36.248149,-103.281,128
4958,1779711028146336614,1779711028110503022,-35.833592,224.393,128
4959,1779711028147044137,1779711028110958956,-36.085181,-544.066,128
4960,1779711028147909311,1779711028112009387,-35.899924,50.431,128
4961,1779711028148590260,1779711028112590458,-35.999802,-418.929,128
4962,1779711028149469868,1779711028113505791,-35.964077,-84.667,128
4963,1779711028150336050,1779711028114115223,-36.220827,-390.568,128
4964,1779711028151053158,1779711028114703489,-36.349669,-411.734,128
4965,1779711028151785628,1779711028115460233,-36.325395,-243.256,128
4966,1779711028152609774,1779711028116267148,-36.342626,-193.085,128
4967,1779711028153349578,1779711028116904572,-36.445006,-362.576,128
4968,1779711028154054672,1779711028117644902,-36.40977,-259.67,128
4969,1779711028154747559,1779711028118274819,-36.47274,-370.083,128
4970,1779711028155361629,1779711028119200856,-36.160773,-73.963,128
4971,1779711028156192994,1779711028120130003,-36.062991,-70.853,128
4972,1779711028157053721,1779711028121007313,-36.046408,-122.69,128
4973,1779711028158073691,1779711028122236905,-35.836786,229.592,128
4974,1779711028159094821,1779711028123011968,-36.082853,-224.937,128
4975,1779711028160060990,1779711028123816271,-36.244719,-195.697,128
4976,1779711028160962292,1779711028124788236,-36.174056,-28.035,128
4977,1779711028161846137,1779711028125501318,-36.344819,-286.918,128
4978,1779711028162557723,1779711028126131446,-36.426277,-369.872,128
4979,1779711028163169524,1779711028126843819,-36.325705,-287.627,128
4980,1779711028163992902,1779711028127937557,-36.055345,93.738,128
4981,1779711028164816684,1779711028128597009,-36.219675,-340.548,128
4982,1779711028165653023,1779711028129327928,-36.325095,-269.081,128
4983,1779711028166318391,1779711028130108900,-36.209491,-219.028,128
4984,1779711028167149150,1779711028131019013,-36.130137,-89.887,128
4985,1779711028167929366,1779711028131533022,-36.396344,-485.991,128
4986,1779711028168678389,1779711028132447295,-36.231094,-85.727,128
4987,1779711028169572485,1779711028133214218,-36.358267,-233.077,128
4988,1779711028170332087,1779711028134194047,-36.13804,-20.171,128
4989,1779711028171310151,1779711028135108616,-36.201535,-85.431,128
4990,1779711028172166070,1779711028136061123,-36.104947,-47.493,128
4991,1779711028173036823,1779711028136612998,-36.423825,-448.125,128
4992,1779711028173747310,1779711028137335586,-36.411724,-277.412,128
4993,1779711028174433362,1779711028137916961,-36.516401,-418.625,128
4994,1779711028175010593,1779711028138714229,-36.296364,-202.732,128
4995,1779711028175825957,1779711028139496004,-36.329953,-218.225,128
4996,1779711028176620840,1779711028140409720,-36.21112,-86.284,128
4997,1779711028177440987,1779711028141400589,-36.040398,-9.131,128
4998,1779711028178471208,1779711028142589036,-35.882172,188.447,128
4999,1779711028179492634,1779711028143289811,-36.202823,-299.225,128
5000,1779711028180367815,1779711028144118260,-36.249555,-171.551,128
5001,1779711028181259816,1779711028144929649,-36.330167,-188.611,128
5002,1779711028182061346,1779711028145662640,-36.398706,-267.009,128
5003,1779711028182849156,1779711028146612542,-36.236614,-50.098,128
5004,1779711028183741266,1779711028147438144,-36.303122,-174.398,128
5005,1779711028184579271,1779711028148140740,-36.438531,-297.404,128
5006,1779711028185276457,1779711028148836630,-36.439827,-304.11,128
5007,1779711028185969209,1779711028149503089,-36.46612,-333.541,128
5008,1779711028186642334,1779711028150335331,-36.307003,-167.758,128
5009,1779711028187453707,1779711028151028219,-36.425488,-307.112,128
5010,1779711028188179847,1779711028151971506,-36.208341,-56.713,128
5011,1779711028189013472,1779711028152630928,-36.382544,-340.578,128
5012,1779711028189750738,1779711028153423149,-36.327589,-207.779,128
5013,1779711028190570554,1779711028154115006,-36.455548,-308.143,128
5014,1779711028191253919,1779711028154935887,-36.318032,-179.119,128
5015,1779711028192066344,1779711028155617639,-36.448705,-318.248,128
5016,1779711028192743466,1779711028156305671,-36.437795,-311.968,128
5017,1779711028193431930,1779711028157118367,-36.313563,-187.304,128
5018,1779711028194252651,1779711028157794806,-36.457845,-323.561,128
5019,1779711028194946562,1779711028158618343,-36.328219,-176.463,128
5020,1779711028195759284,1779711028159433375,-36.325909,-184.968,128
5021,1779711028196571893,1779711028160349875,-36.222018,-83.5,128
5022,1779711028197383778,1779711028161041788,-36.34199,-308.087,128
5023,1779711028198170733,1779711028161911670,-36.259063,-130.118,128
5024,1779711028199036589,1779711028162701744,-36.334845,-209.926,128
5025,1779711028199770326,1779711028163228886,-36.54144,-472.858,128
5026,1779711028200364988,1779711028164026884,-36.338104,-202.002,128
5027,1779711028201086894,1779711028164771657,-36.315237,-255.227,128
5028,1779711028201897435,1779711028165592233,-36.305202,-179.424,128
5029,1779711028202719301,1779711028166432734,-36.286567,-159.499,128
5030,1779711028203558509,1779711028171163285,-32.395224,3730.551,128
5031,1779711028207994383,1779711028176513602,-31.480781,4350.317,128
5032,1779711028214479568,1779711028184028600,-30.450968,6514.998,128
5033,1779711028220874483,1779711028188531617,-32.342866,3503.017,128
5034,1779711028224844271,1779711028189372987,-35.471284,-158.63,128
5035,1779711028226370554,1779711028189859123,-36.511431,-513.864,128
5036,1779711028226996298,1779711028191360252,-35.636046,501.129,128
5037,1779711028228292281,1779711028193826279,-34.466002,1466.027,128
5038,1779711028231055388,1779711028197446200,-33.609188,2619.921,128
5039,1779711028234671645,1779711028200721568,-33.950077,2275.368,128
5040,1779711028238008574,1779711028204490322,-33.518252,2768.754,128
5041,1779711028241541042,1779711028207366156,-34.174886,1875.834,128
5042,1779711028244422427,1779711028209709610,-34.712817,1343.454,128
5043,1779711028246607846,1779711028212283855,-34.323991,1574.245,128
5044,1779711028249013852,1779711028215507935,-33.505917,2224.08,128
5045,1779711028252582677,1779711028217534958,-35.047719,1027.023,128
5046,1779711028254633853,1779711028221163581,-33.470272,2628.623,128
5047,1779711028256238092,1779711028221181837,-35.056255,-981.744,128
5048,1779711028258196905,1779711028221918884,-36.278021,-262.953,128
5049,1779711028258979036,1779711028222800487,-36.178549,-118.397,128
5050,1779711028259847661,1779711028223689264,-36.158397,-111.223,128
5051,1779711028260759296,1779711028224539531,-36.219765,-149.733,128
5052,1779711028261611693,1779711028225488348,-36.123345,-51.183,128
5053,1779711028262500575,1779711028229389216,-33.111359,2900.868,128
5054,1779711028266383162,1779711028230405609,-35.977553,16.393,128
5055,1779711028267477429,1779711028231379230,-36.098199,-26.379,128
5056,1779711028268270806,1779711028232354889,-35.915917,-24.341,128
5057,1779711028269132064,1779711028233017317,-36.114747,-337.572,128
5058,1779711028269985015,1779711028233876561,-36.108454,-140.756,128
5059,1779711028270903526,1779711028234734326,-36.1692,-142.235,128
5060,1779711028271778507,1779711028235545147,-36.23336,-189.179,128
5061,1779711028272613154,1779711028236432156,-36.180998,-112.991,128
5062,1779711028273514003,1779711028237252417,-36.261586,-179.739,128
5063,1779711028274348403,1779711028238073132,-36.275271,-179.285,128
5064,1779711028275215068,1779711028238861871,-36.353197,-211.261,128
5065,1779711028275947804,1779711028239601933,-36.345871,-259.938,128
5066,1779711028276681531,1779711028240523789,-36.157742,-78.144,128
5067,1779711028277554357,1779711028241397527,-36.15683,-126.262,128
5068,1779711028278407422,1779711028242396532,-36.01089,-0.995,128
5069,1779711028279262246,1779711028243007287,-36.254959,-389.245,128
5070,1779711028280022655,1779711028243845534,-36.177121,-161.753,128
5071,1779711028280778450,1779711028244687029,-36.091421,-158.505,128
5072,1779711028281747298,1779711028245730563,-36.016735,43.534,128
5073,1779711028282679651,1779711028246483377,-36.196274,-247.186,128
5074,1779711028283569149,1779711028247121083,-36.448066,-362.294,128
5075,1779711028284280262,1779711028248033628,-36.246634,-87.455,128
5076,1779711028285128200,1779711028248754278,-36.373922,-279.35,128
5077,1779711028285841030,1779711028249563827,-36.277203,-190.451,128
5078,1779711028286656771,1779711028250228422,-36.428349,-335.405,128
5079,1779711028287306426,1779711028251142744,-36.163682,-85.678,128
5080,1779711028288205021,1779711028252110272,-36.094749,-32.472,128
5081,1779711028289115486,1779711028253047937,-36.067549,-62.335,128
5082,1779711028290035626,1779711028253874466,-36.16116,-173.471,128
5083,1779711028290908647,1779711028254952665,-35.955982,78.199,128
5084,1779711028291833637,1779711028255584681,-36.248956,-367.984,128
5085,1779711028292574784,1779711028256067441,-36.507343,-517.24,128
5086,1779711028293186070,1779711028256842802,-36.343268,-224.639,128
5087,1779711028293925224,1779711028257729062,-36.196162,-113.74,128
5088,1779711028294770999,1779711028258536225,-36.234774,-192.837,128
5089,1779711028295468274,1779711028259538588,-35.929686,2.363,128
5090,1779711028296424410,1779711028260227154,-36.197256,-311.434,128
5091,1779711028297162374,1779711028260748111,-36.414263,-479.043,128
5092,1779711028297882566,1779711028261689054,-36.193512,-59.057,128
5093,1779711028298748522,1779711028262452442,-36.29608,-236.612,128
5094,1779711028299585461,1779711028262763607,-36.821854,-688.835,128
5095,1779711028299903487,1779711028263760036,-36.143451,-3.571,128
5096,1779711028300680022,1779711028265981888,-34.698134,1221.852,128
5097,1779711028303213150,1779711028268006691,-35.206459,1024.803,128
5098,1779711028305238793,1779711028270233074,-35.005719,1226.383,128
5099,1779711028307239959,1779711028272555881,-34.684078,1322.807,128
5100,1779711028309139793,1779711028273219478,-35.920315,-336.403,128
5101,1779711028310333784,1779711028274204750,-36.129034,-14.728,128
5102,1779711028311261379,1779711028275507841,-35.753538,303.091,128
5103,1779711028312189089,1779711028276414462,-35.774627,-93.379,128
5104,1779711028313090293,1779711028277528092,-35.562201,113.63,128
5105,1779711028313822130,1779711028278494530,-35.3276,-33.562,128
5106,1779711028314572755,1779711028278499427,-36.073328,-995.103,128
5107,1779711028315473040,1779711028279692490,-35.78055,193.063,128
5108,1779711028316343405,1779711028280625787,-35.717618,-66.703,128
5109,1779711028317233882,1779711028281373135,-35.860747,-252.652,128
5110,1779711028317849152,1779711028281377225,-36.471927,-995.91,128
5111,1779711028318307596,1779711028282328308,-35.979288,-48.917,128
5112,1779711028319062551,1779711028283405754,-35.656797,77.446,128
5113,1779711028319908846,1779711028284132265,-35.776581,-273.489,128
5114,1779711028320758138,1779711028284762211,-35.995927,-370.054,128
5115,1779711028321393167,1779711028285608704,-35.784463,-153.507,128
5116,1779711028322264730,1779711028342683412,20.418682,56074.708,128
5117,1779711028378753332,1779711028343267758,-35.485574,-415.654,128
5118,1779711028380449846,1779711028344855538,-35.594308,587.78,128
5119,1779711028381737597,1779711028346562418,-35.175179,706.88,128
5120,1779711028383826596,1779711028347815184,-36.011412,252.766,128
5121,1779711028384933698,1779711028348435161,-36.498537,-380.023,128
5122,1779711028385571380,1779711028349451784,-36.119596,16.623,128
5123,1779711028386552505,1779711028350445805,-36.1067,-5.979,128
5124,1779711028387490318,1779711028351188296,-36.302022,-257.509,128
5125,1779711028388267849,1779711028351945431,-36.322418,-242.865,128
5126,1779711028389062072,1779711028352635629,-36.426443,-309.802,128
5127,1779711028389706943,1779711028353329268,-36.377675,-306.361,128
5128,1779711028390468609,1779711028354854894,-35.613715,525.626,128
5129,1779711028391713834,1779711028356291036,-35.422798,436.142,128
5130,1779711028393439303,1779711028358009537,-35.429766,718.501,128
5131,1779711028395088675,1779711028359205950,-35.882725,196.413,128
5132,1779711028396326963,1779711028360112905,-36.214058,-93.045,128
5133,1779711028397210166,1779711028361169674,-36.040492,56.769,128
5134,1779711028398213556,1779711028362012079,-36.201477,-157.595,128
5135,1779711028399150603,1779711028362899730,-36.250873,-112.349,128
5136,1779711028400001609,1779711028363949961,-36.051648,50.231,128
5137,1779711028401094586,1779711028364963821,-36.130765,13.86,128
5138,1779711028402069511,1779711028365987578,-36.081933,23.757,128
5139,1779711028403068765,1779711028366864134,-36.204631,-123.444,128
5140,1779711028403978660,1779711028367472703,-36.505957,-391.431,128
5141,1779711028404603495,1779711028368359071,-36.244424,-113.632,128
5142,1779711028405440274,1779711028368857798,-36.582476,-501.273,128
5143,1779711028405932021,1779711028369339479,-36.592542,-518.319,128
5144,1779711028406478385,1779711028370427645,-36.05074,88.166,128
5145,1779711028407586895,1779711028371209171,-36.377724,-218.474,128
5146,1779711028408181507,1779711028371912567,-36.26894,-296.604,128
5147,1779711028409009421,1779711028372518355,-36.491066,-394.212,128
5148,1779711028409575566,1779711028373114932,-36.460634,-403.423,128
5149,1779711028410251006,1779711028373792043,-36.458963,-322.889,128
5150,1779711028410915717,1779711028374586677,-36.32904,-205.366,128
5151,1779711028411713012,1779711028375354553,-36.358459,-232.124,128
5152,1779711028412479028,1779711028376150450,-36.328578,-204.103,128
5153,1779711028413276330,1779711028376867093,-36.409237,-283.357,128
5154,1779711028413952725,1779711028377597107,-36.355618,-269.986,128
5155,1779711028414726060,1779711028378319991,-36.406069,-277.116,128
5156,1779711028415535902,1779711028380733601,-34.802301,1413.61,128
5157,1779711028417843079,1779711028382095822,-35.747257,362.221,128
5158,1779711028419187087,1779711028383480448,-35.706639,384.626,128
5159,1779711028420619774,1779711028384765756,-35.854018,285.308,128
5160,1779711028421877059,1779711028387106075,-34.770984,1340.319,128
5161,1779711028424075980,1779711028389414854,-34.661126,1308.779,128
5162,1779711028426590058,1779711028391344463,-35.245595,929.609,128
5163,1779711028428474748,1779711028392596523,-35.878225,252.06,128
5164,1779711028429738615,1779711028394373337,-35.365278,776.814,128
5165,1779711028431485259,1779711028395903690,-35.581569,530.353,128
5166,1779711028433015799,1779711028397560235,-35.455564,656.545,128
5167,1779711028434778478,1779711028399357406,-35.421072,797.171,128
5168,1779711028436300622,1779711028400826621,-35.474001,469.215,128
5169,1779711028437850752,1779711028402684803,-35.165949,858.182,128
5170,1779711028439776124,1779711028404422432,-35.353692,737.629,128
5171,1779711028441638776,1779711028406080698,-35.558078,658.266,128
5172,1779711028443190834,1779711028407516073,-35.674761,435.375,128
5173,1779711028444748219,1779711028409148752,-35.599467,632.679,128
5174,1779711028446213773,1779711028412422067,-33.791706,2273.315,128
5175,1779711028449515397,1779711028413707633,-35.807764,285.566,128
5176,1779711028450865862,1779711028415975328,-34.890534,1267.695,128
5177,1779711028453080218,1779711028417560096,-35.520122,584.768,128
5178,1779711028454759855,1779711028419434465,-35.32539,874.369,128
5179,1779711028456378639,1779711028422521184,-33.857455,2086.719,128
5180,1779711028459717765,1779711028424835088,-34.882677,1313.904,128
5181,1779711028461858711,1779711028426516157,-35.342554,681.069,128
5182,1779711028463725206,1779711028428153015,-35.572191,636.858,128
5183,1779711028465285162,1779711028430171329,-35.113833,1018.314,128
5184,1779711028467227436,1779711028431932682,-35.294754,761.353,128
5185,1779711028469046628,1779711028433461441,-35.585187,528.759,128
5186,1779711028470726370,1779711028435489855,-35.236515,1028.414,128
5187,1779711028472849401,1779711028437913036,-34.936365,1423.181,128
5188,1779711028475071304,1779711028439940468,-35.130836,1027.432,128
5189,1779711028476876359,1779711028442065187,-34.811172,1124.719,128
5190,1779711028479109123,1779711028444074047,-35.035076,1008.86,128
5191,1779711028481270436,1779711028446000537,-35.269899,926.49,128
5192,1779711028483105703,1779711028447790768,-35.314935,790.231,128
5193,1779711028484920147,1779711028449787048,-35.133099,996.28,128
5194,1779711028486833881,1779711028451499986,-35.333895,712.938,128
5195,1779711028488719110,1779711028453822850,-34.89626,1322.864,128
5196,1779711028490909207,1779711028456055137,-34.85407,1232.287,128
5197,1779711028493229703,1779711028458161269,-35.068434,1106.132,128
5198,1779711028495285038,1779711028460155994,-35.129044,994.725,128
5199,1779711028497270636,1779711028462027929,-35.242707,871.935,128
5200,1779711028499128975,1779711028463869215,-35.25976,841.286,128
5201,1779711028500913509,1779711028465471972,-35.441537,602.757,128
5202,1779711028502677886,1779711028466921310,-35.756576,449.338,128
5203,1779711028504151382,1779711028469038447,-35.112935,1117.137,128
5204,1779711028505993297,1779711028470524235,-35.469062,485.788,128
5205,1779711028507551743,1779711028474624970,-32.926773,3100.735,128
5206,1779711028511742286,1779711028476754316,-34.98797,1129.346,128
5207,1779711028513812574,1779711028478762103,-35.050471,1007.787,128
5208,1779711028515439938,1779711028480221694,-35.218244,459.591,128
5209,1779711028517324866,1779711028482127447,-35.197419,905.753,128
5210,1779711028519196827,1779711028483775098,-35.421729,647.651,128
5211,1779711028520826315,1779711028485351600,-35.474715,576.502,128
5212,1779711028522375665,1779711028487260040,-35.115625,908.44,128
5213,1779711028524289320,1779711028489013947,-35.275373,753.907,128
5214,1779711028526088135,1779711028490667415,-35.42072,653.468,128
5215,1779711028527770516,1779711028498239877,-29.530639,6572.462,128
5216,1779711028535316463,1779711028500630104,-34.686359,1390.227,128
5217,1779711028537227870,1779711028501976437,-35.251433,346.333,128
5218,1779711028538823722,1779711028503750503,-35.073219,774.066,128
5219,1779711028541037237,1779711028506367316,-34.669921,1616.813,128
5220,1779711028543063476,1779711028509392779,-33.670697,2025.463,128
5221,1779711028546597418,1779711028514027244,-32.570174,3634.465,128
5222,1779711028551190964,1779711028516058838,-35.132126,1031.594,128
5223,1779711028553095749,1779711028517550365,-35.545384,491.527,128
5224,1779711028554604989,1779711028519219646,-35.385343,669.281,128
5225,1779711028556300661,1779711028521119654,-35.181007,900.008,128
5226,1779711028558231640,1779711028522848596,-35.383044,728.942,128
5227,1779711028559875163,1779711028525687076,-34.188087,1838.48,128
5228,1779711028562800030,1779711028529169894,-33.630136,2482.818,128
5229,1779711028566278302,1779711028531037952,-35.24035,868.058,128
5230,1779711028568157117,1779711028532734856,-35.422261,696.904,128
5231,1779711028569818658,1779711028534275918,-35.54274,541.062,128
5232,1779711028571437871,1779711028536084995,-35.352876,809.077,128
5233,1779711028573310662,1779711028539514644,-33.796018,2429.649,128
5234,1779711028576759498,1779711028541950420,-34.809078,1435.776,128
5235,1779711028579060629,1779711028544086652,-34.973977,1136.232,128
5236,1779711028580947559,1779711028546252510,-34.695049,1165.858,128
5237,1779711028583119290,1779711028549112389,-34.006901,1859.879,128
5238,1779711028586226240,1779711028550877652,-35.348588,765.263,128
5239,1779711028587839883,1779711028552350120,-35.489763,472.468,128
5240,1779711028589469044,1779711028555294040,-34.175004,1943.92,128
5241,1779711028592313371,1779711028556675030,-35.638341,380.99,128
5242,1779711028593769904,1779711028558073027,-35.696877,397.997,128
5243,1779711028596103049,1779711028560462706,-35.640343,1389.679,128
5244,1779711028597438540,1779711028561889940,-35.5486,427.234,128
5245,1779711028598922622,1779711028563409822,-35.5128,519.882,128
5246,1779711028600416898,1779711028566665345,-33.751553,2255.523,128
5247,1779711028603766292,1779711028568179570,-35.586722,514.225,128
5248,1779711028605244121,1779711028569488888,-35.755233,309.318,128
5249,1779711028606689227,1779711028571409465,-35.279762,920.577,128
5250,1779711028608400255,1779711028572867274,-35.532981,457.809,128
5251,1779711028609951056,1779711028574425866,-35.52519,558.592,128
5252,1779711028611507958,1779711028576524418,-34.98354,1098.552,128
5253,1779711028613618634,1779711028588763807,-24.854827,11239.389,128
5254,1779711028625875649,1779711028590249290,-35.626359,485.483,128
5255,1779711028627309528,1779711028592158231,-35.151297,908.941,128
5256,1779711028629341412,1779711028600088026,-29.253386,6929.795,128
5257,1779711028637147761,1779711028604312489,-32.835272,3224.463,128
5258,1779711028641418797,1779711028608267199,-33.151598,2954.71,128
5259,1779711028645404645,1779711028610701382,-34.703263,1434.183,128
5260,1779711028647735708,1779711028612706826,-35.028882,1005.444,128
5261,1779711028649792811,1779711028615189381,-34.60343,1482.555,128
5262,1779711028652294738,1779711028617268999,-35.025739,1079.618,128
5263,1779711028654373353,1779711028619393786,-34.979567,1124.787,128
5264,1779711028656342759,1779711028620912192,-35.430567,518.406,128
5265,1779711028657901405,1779711028622882793,-35.018612,970.601,128
5266,1779711028659937983,1779711028624443522,-35.494461,560.729,128
5267,1779711028661524083,1779711028629928547,-31.595536,4485.025,128
5268,1779711028666875037,1779711028631556070,-35.318967,627.523,128
5269,1779711028668590748,1779711028633410860,-35.179888,854.79,128
5270,1779711028670379137,1779711028635369440,-35.009697,958.58,128
5271,1779711028672407250,1779711028637323897,-35.083353,954.457,128
5272,1779711028674395144,1779711028639001847,-35.393297,677.95,128
5273,1779711028676065995,1779711028640921328,-35.144667,919.481,128
5274,1779711028677983822,1779711028642718894,-35.264928,797.566,128
5275,1779711028679816518,1779711028644478369,-35.338149,759.475,128
5276,1779711028681384849,1779711028649476252,-31.908597,3997.883,128
5277,1779711028686581001,1779711028651773027,-34.807974,1296.775,128
5278,1779711028688604946,1779711028654615362,-33.989584,1842.335,128
5279,1779711028691591675,1779711028657274654,-34.317021,1659.292,128
5280,1779711028694156236,1779711028660490874,-33.665362,2216.22,128
5281,1779711028697643633,1779711028667233431,-30.410202,5742.557,128
5282,1779711028704271012,1779711028670131658,-34.139354,1898.227,128
5283,1779711028706865163,1779711028671309216,-35.555947,177.558,128
5284,1779711028708303211,1779711028672844881,-35.45833,535.665,128
5285,1779711028709907763,1779711028674301222,-35.606541,456.341,128
5286,1779711028711424680,1779711028675831955,-35.592725,530.733,128
5287,1779711028712858479,1779711028677082828,-35.775651,250.873,128
5288,1779711028714094198,1779711028678940561,-35.153637,857.733,128
5289,1779711028716031804,1779711028692146264,-23.88554,12205.703,128
5290,1779711028729241916,1779711028693996595,-35.245321,850.331,128
5291,1779711028731058480,1779711028694995483,-36.062997,-1.112,128
5292,1779711028732084761,1779711028696492063,-35.592698,496.58,128
5293,1779711028733574516,1779711028697937181,-35.637335,445.118,128
5294,1779711028735015943,1779711028699436679,-35.579264,499.498,128
5295,1779711028736528230,1779711028700941280,-35.58695,504.601,128
5296,1779711028738041592,1779711028702315957,-35.725635,374.677,128
5297,1779711028739628241,1779711028710773701,-28.85454,7457.744,128
5298,1779711028747800146,1779711028712836105,-34.964041,1062.404,128
5299,1779711028749896575,1779711028715106404,-34.790171,1270.299,128
5300,1779711028752193578,1779711028717261840,-34.931738,1155.436,128
5301,1779711028754250707,1779711028719004360,-35.246347,742.52,128
5302,1779711028756035855,1779711028721052609,-34.983246,1048.249,128
5303,1779711028758120255,1779711028722876823,-35.243432,824.214,128
5304,1779711028759951351,1779711028724446581,-35.50477,569.758,128
5305,1779711028761514165,1779711028726429547,-35.084618,982.966,128
5306,1779711028763499785,1779711028728057025,-35.44276,627.478,128
5307,1779711028765135184,1779711028729470002,-35.665182,412.977,128
5308,1779711028766513409,1779711028731539619,-34.97379,1069.617,128
5309,1779711028768522903,1779711028733485694,-35.037209,946.075,128
5310,1779711028770490503,1779711028735515613,-34.97489,1029.919,128
5311,1779711028772546500,1779711028739951232,-32.595268,3435.619,128
5312,1779711028776990969,1779711028741394538,-35.596431,443.306,128
5313,1779711028778424461,1779711028743338074,-35.086387,943.536,128
5314,1779711028780268447,1779711028745332530,-34.935917,994.456,128
5315,1779711028782243163,1779711028748922526,-33.320637,2589.996,128
5316,1779711028785971530,1779711028750412429,-35.559101,489.903,128
5317,1779711028787379169,1779711028753228762,-34.150407,1816.333,128
5318,1779711028788860227,1779711028753235849,-35.624378,-992.913,128
5319,1779711028789713180,1779711028753237749,-36.475431,-998.1,128
5320,1779711028790286724,1779711028754021497,-36.265227,-216.252,128
5321,1779711028791131250,1779711028754666318,-36.464932,-355.179,128
5322,1779711028791807450,1779711028755474023,-36.333427,-192.295,128
5323,1779711028792485726,1779711028756033408,-36.452318,-440.615,128
5324,1779711028793170088,1779711028756818014,-36.352074,-215.394,128
5325,1779711028793960624,1779711028757458647,-36.501977,-359.367,128
5326,1779711028794602699,1779711028758299090,-36.303609,-159.557,128
5327,1779711028795371113,1779711028758964206,-36.406907,-334.884,128
5328,1779711028796036543,1779711028759801187,-36.235356,-163.019,128
5329,1779711028796781116,1779711028760322229,-36.458887,-478.958,128
5330,1779711028797452163,1779711028761547167,-35.904996,224.938,128
5331,1779711028798249401,1779711028762993284,-35.256117,446.117,128
5332,1779711028799950776,1779711028765399243,-34.551533,1405.959,128
5333,1779711028802415639,1779711028786994402,-15.421237,20595.159,128
5334,1779711028824132218,1779711028789085081,-35.047137,1090.679,128
5335,1779711028826205163,1779711028790622648,-35.582515,537.567,128
5336,1779711028827756784,1779711028791829950,-35.926834,207.302,128
5337,1779711028829269720,1779711028794377940,-34.89178,1547.99,128
5338,1779711028831524337,1779711028795127319,-36.397018,-250.621,128
5339,1779711028832281798,1779711028795960253,-36.321545,-167.066,128
5340,1779711028833112276,1779711028796644620,-36.467656,-315.633,128
5341,1779711028833792129,1779711028797259972,-36.532157,-384.648,128
5342,1779711028834360703,1779711028798044553,-36.31615,-215.419,128
5343,1779711028835175238,1779711028798750972,-36.424266,-293.581,128
5344,1779711028835899688,1779711028799511752,-36.387936,-239.22,128
5345,1779711028836661086,1779711028800434198,-36.226888,-77.554,128
5346,1779711028837465402,1779711028801016632,-36.44877,-417.566,128
5347,1779711028838051290,1779711028801804379,-36.246911,-212.253,128
5348,1779711028838844364,1779711028802950141,-35.894223,145.762,128
5349,1779711028840071928,1779711028803604535,-36.467393,-345.606,128
5350,1779711028840707026,1779711028804623815,-36.083211,19.28,128
5351,1779711028841722703,1779711028805630894,-36.091809,7.079,128
5352,1779711028842703436,1779711028806475116,-36.22832,-155.778,128
5353,1779711028843524903,1779711028807293153,-36.23175,-181.963,128
5354,1779711028844303927,1779711028807860189,-36.443738,-432.964,128
5355,1779711028844999877,1779711028808707814,-36.292063,-152.375,128
5356,1779711028845765931,1779711028809311833,-36.454098,-395.981,128
5357,1779711028846400914,1779711028810599173,-35.801741,287.34,128
5358,1779711028847565244,1779711028811476857,-36.088387,-122.316,128
5359,1779711028848571137,1779711028812495345,-36.075792,18.488,128
5360,1779711028849524057,1779711028813378716,-36.145341,-116.629,128
5361,1779711028850345809,1779711028821500038,-28.845771,7121.322,128
5362,1779711028859026471,1779711028824605473,-34.420998,2105.435,128
5363,1779711028861775990,1779711028826527879,-35.248111,922.406,128
5364,1779711028863745177,1779711028828677435,-35.067742,1149.556,128
5365,1779711028865723181,1779711028830104366,-35.618815,426.931,128
5366,1779711028867135513,1779711028832120802,-35.014711,1016.436,128
5367,1779711028869242736,1779711028834337295,-34.905441,1216.493,128
5368,1779711028871458396,1779711028836848923,-34.609473,1511.628,128
5369,1779711028874030361,1779711028838833830,-35.196531,984.907,128
5370,1779711028876018902,1779711028841107591,-34.911311,1273.761,128
5371,1779711028878152368,1779711028842508787,-35.643581,401.196,128
5372,1779711028879727282,1779711028844398583,-35.328699,889.796,128
5373,1779711028881647381,1779711028846114358,-35.533023,715.775,128
5374,1779711028883353147,1779711028847936498,-35.416649,822.14,128
5375,1779711028885130942,1779711028849344625,-35.786317,408.127,128
5376,1779711028886628619,1779711028851094454,-35.534165,749.829,128
5377,1779711028888168681,1779711028852461632,-35.707049,367.178,128
5378,1779711028889623130,1779711028853368474,-36.254656,-93.158,128
5379,1779711028890453212,1779711028854571446,-35.881766,202.972,128
5380,1779711028891755463,1779711028856374795,-35.380668,803.349,128
5381,1779711028893383621,1779711028858064289,-35.319332,689.494,128
5382,1779711028895121526,1779711028859144267,-35.977259,79.978,128
5383,1779711028896357770,1779711028860925108,-35.432662,780.841,128
5384,1779711028897954371,1779711028863143282,-34.811089,1218.174,128
5385,1779711028900268344,1779711028865194574,-35.07377,1051.292,128
5386,1779711028901816279,1779711028865913289,-35.90299,-281.285,128
5387,1779711028903030982,1779711028867225752,-35.80523,312.463,128
5388,1779711028904312793,1779711028868492144,-35.820649,266.392,128
5389,1779711028905707966,1779711028869954146,-35.75382,462.002,128
5390,1779711028907020447,1779711028871511592,-35.508855,557.446,128
5391,1779711028908680500,1779711028873059382,-35.621118,547.79,128
5392,1779711028910194134,1779711028874953323,-35.240811,893.941,128
5393,1779711028912053496,1779711028878752468,-33.301028,2799.145,128
5394,1779711028915736831,1779711028880457274,-35.279557,704.806,128
5395,1779711028917620126,1779711028882517758,-35.102368,1060.484,128
5396,1779711028919401161,1779711028884406036,-34.995125,888.278,128
5397,1779711028921463220,1779711028886353725,-35.109495,947.689,128
5398,1779711028923214167,1779711028887917787,-35.29638,564.062,128
5399,1779711028924869661,1779711028889638996,-35.230665,721.209,128
5400,1779711028926648762,1779711028892147049,-34.501713,1508.053,128
5401,1779711028929209987,1779711028894495714,-34.714273,1348.665,128
5402,1779711028931645399,1779711028896489968,-35.155431,994.254,128
5403,1779711028933645640,1779711028898075449,-35.570191,585.481,128
5404,1779711028935211869,1779711028900161688,-35.050181,1086.239,128
5405,1779711028937157827,1779711028901997214,-35.160613,835.526,128
5406,1779711028938985566,1779711028903946659,-35.038907,949.445,128
5407,1779711028940857270,1779711028906304174,-34.553096,1357.515,128
5408,1779711028943358308,1779711028907928054,-35.430254,623.88,128
5409,1779711028944935700,1779711028909558041,-35.377659,629.987,128
5410,1779711028946591333,1779711028911478387,-35.112946,920.346,128
5411,1779711028948307003,1779711028912867615,-35.439388,389.228,128
5412,1779711028949911099,1779711028914477059,-35.43404,609.444,128
5413,1779711028951382808,1779711028916245957,-35.136851,768.898,128
5414,1779711028953293520,1779711028917993792,-35.299728,747.835,128
5415,1779711028955070896,1779711028919847205,-35.223691,853.413,128
5416,1779711028956818607,1779711028922092442,-34.726165,1245.237,128
5417,1779711028959161189,1779711028924410644,-34.750545,1318.202,128
5418,1779711028961260767,1779711028926026409,-35.234358,615.765,128
5419,1779711028962902941,1779711028927258183,-35.644758,231.774,128
5420,1779711028964273639,1779711028928420277,-35.853362,162.094,128
5421,1779711028965447266,1779711028930130211,-35.317055,709.934,128
5422,1779711028967151743,1779711028932104423,-35.04732,974.212,128
5423,1779711028968984105,1779711028933916550,-35.067555,812.127,128
5424,1779711028970928387,1779711028935893871,-35.034516,977.321,128
5425,1779711028972902351,1779711028940666658,-32.235693,3772.787,128
5426,1779711028977920550,1779711028943362990,-34.55756,1696.332,128
5427,1779711028980377176,1779711028945470656,-34.90652,1107.666,128
5428,1779711028982696911,1779711028947882760,-34.814151,1412.104,128
5429,1779711028984980071,1779711028950076116,-34.903955,1193.356,128
5430,1779711028987177384,1779711028952104372,-35.073012,1028.256,128
5431,1779711028989183877,1779711028962862084,-26.321793,9757.712,128
5432,1779711028999898133,1779711028966625394,-33.272739,2763.31,128
5433,1779711029003705680,1779711028968680492,-35.025188,1055.098,128
5434,1779711029005713798,1779711028972081809,-33.631989,2401.317,128
5435,1779711029009196999,1779711028973949343,-35.247656,867.534,128
5436,1779711029011022014,1779711028975836785,-35.185229,887.442,128
5437,1779711029012855549,1779711028977664625,-35.190924,827.84,128
5438,1779711029014664261,1779711029084763898,70.099637,106099.273,128
5439,1779711029121794536,1779711029087339624,-34.454912,1575.726,128
5440,1779711029124392025,1779711029094508625,-29.8834,6169.001,128
5441,1779711029131579727,1779711029096010874,-35.568853,502.249,128
5442,1779711029133151262,1779711029098191595,-34.959667,1180.721,128
5443,1779711029135009125,1779711029099522460,-35.486665,330.865,128
5444,1779711029136586891,1779711029101196293,-35.390598,673.833,128
5445,1779711029138248981,1779711029102753333,-35.495648,557.04,128
5446,1779711029139810644,1779711029104272103,-35.538541,518.77,128
5447,1779711029141307370,1779711029106277503,-35.029867,1005.4,128
5448,1779711029143362516,1779711029108360626,-35.00189,1083.123,128
5449,1779711029145404551,1779711029110296662,-35.107889,936.036,128
5450,1779711029147279047,1779711029112048347,-35.2307,751.685,128
5451,1779711029148966150,1779711029114164277,-34.801873,1115.93,128
5452,1779711029151154976,1779711029116189165,-34.965811,1024.888,128
5453,1779711029153262283,1779711029117135015,-36.127268,-54.15,128
5454,1779711029154199676,1779711029117985982,-36.213694,-149.033,128
5455,1779711029155101470,1779711029119729714,-35.371756,743.732,128
5456,1779711029156837241,1779711029121159216,-35.678025,429.502,128
5457,1779711029158308366,1779711029122444079,-35.864287,284.863,128
5458,1779711029159491132,1779711029123650284,-35.840848,206.205,128
5459,1779711029160738647,1779711029125438326,-35.300321,788.042,128
5460,1779711029162531736,1779711029127426857,-35.104879,988.531,128
5461,1779711029164491004,1779711029129246054,-35.24495,819.197,128
5462,1779711029166314827,1779711029132129980,-34.184847,1883.926,128
5463,1779711029169266403,1779711029134343983,-34.92242,1214.003,128
5464,1779711029171325687,1779711029136327454,-34.998233,983.471,128
5465,1779711029173139401,1779711029137754381,-35.38502,426.927,128
5466,1779711029174727529,1779711029139451746,-35.275783,697.365,128
5467,1779711029176504256,1779711029141620275,-34.883981,1168.529,128
5468,1779711029178601983,1779711029143369331,-35.232652,749.056,128
5469,1779711029180255510,1779711029145408641,-34.846869,1039.31,128
5470,1779711029182442911,1779711029147457424,-34.985487,1048.783,128
5471,1779711029184418038,1779711029149324157,-35.093881,866.733,128
5472,1779711029186127510,1779711029151348975,-34.778535,1024.818,128
5473,1779711029188403749,1779711029153022593,-35.381156,673.618,128
5474,1779711029190038738,1779711029154746191,-35.292547,723.598,128
5475,1779711029191808495,1779711029156775566,-35.032929,1029.375,128
5476,1779711029193843781,1779711029158832755,-35.011026,1057.189,128
5477,1779711029195906398,1779711029161104326,-34.802072,1271.571,128
5478,1779711029198117497,1779711029162989974,-35.127523,885.648,128
5479,1779711029200068135,1779711029164506452,-35.561683,516.478,128
5480,1779711029201819486,1779711029166901208,-34.918278,1394.756,128
5481,1779711029203968610,1779711029168802108,-35.166502,900.9,128
5482,1779711029205802121,1779711029170233061,-35.56906,430.953,128
5483,1779711029207271836,1779711029172319071,-34.952765,1086.01,128
5484,1779711029209365292,1779711029175032343,-34.332949,1713.272,128
5485,1779711029212161235,1779711029176815782,-35.345453,783.439,128
5486,1779711029213882420,1779711029178392301,-35.490119,576.519,128
5487,1779711029215465043,1779711029181048282,-34.416761,1655.981,128
5488,1779711029218050347,1779711029182888642,-35.161705,840.36,128
5489,1779711029219947011,1779711029184082179,-35.864832,193.537,128
5490,1779711029221142565,1779711029185516134,-35.626431,433.955,128
5491,1779711029222574708,1779711029187117007,-35.457701,600.873,128
5492,1779711029224185462,1779711029188381258,-35.804204,264.251,128
5493,1779711029225465742,1779711029190093924,-35.371818,712.666,128
5494,1779711029227163584,1779711029191756662,-35.406922,662.738,128
5495,1779711029228769806,1779711029193475915,-35.293891,719.253,128
5496,1779711029230505401,1779711029195469745,-35.035656,993.83,128
5497,1779711029232246600,1779711029196992705,-35.253895,522.96,128
5498,1779711029234146482,1779711029198952417,-35.194065,959.712,128
5499,1779711029236038667,1779711029201442147,-34.59652,1489.73,128
5500,1779711029238535168,1779711029203973229,-34.561939,1531.082,128
5501,1779711029240697476,1779711029206307810,-34.389666,1334.581,128
5502,1779711029243266064,1779711029208311949,-34.954115,1004.139,128
5503,1779711029245160177,1779711029211520193,-33.639984,2208.244,128
5504,1779711029248212432,1779711029213757894,-34.454538,1237.701,128
5505,1779711029250637497,1779711029215992193,-34.645304,1234.299,128
5506,1779711029253063671,1779711029218328419,-34.735252,1336.226,128
5507,1779711029255333935,1779711029220129417,-35.204518,800.998,128
5508,1779711029257124205,1779711029221754867,-35.369338,625.45,128
5509,1779711029258758543,1779711029223337151,-35.421392,582.284,128
5510,1779711029260357621,1779711029224557818,-35.799803,220.667,128
5511,1779711029261618048,1779711029226203524,-35.414524,645.706,128
5512,1779711029263167666,1779711029227745922,-35.421744,542.398,128
5513,1779711029264794194,1779711029229052089,-35.742105,306.167,128
5514,1779711029266179114,1779711029230318760,-35.860354,266.671,128
5515,1779711029267386682,1779711029232449088,-34.937594,1130.328,128
5516,1779711029269493218,1779711029233927846,-35.565372,478.758,128
5517,1779711029270948126,1779711029235822668,-35.125458,894.822,128
5518,1779711029272861133,1779711029237243582,-35.617551,420.914,128
5519,1779711029274352350,1779711029239249087,-35.103263,1005.505,128
5520,1779711029276274734,1779711029241505378,-34.769356,1256.291,128
5521,1779711029278566900,1779711029243486252,-35.080648,980.874,128
5522,1779711029280500929,1779711029245907094,-34.593835,1420.842,128
5523,1779711029282966781,1779711029247933939,-35.032842,1026.845,128
5524,1779711029285004083,1779711029250784067,-34.220016,1850.128,128
5525,1779711029287344918,1779711029252276893,-35.068025,492.826,128
5526,1779711029289213651,1779711029254421847,-34.791804,1144.954,128
5527,1779711029291321391,1779711029255972263,-35.349128,550.416,128
5528,1779711029293023832,1779711029257647773,-35.376059,675.51,128
5529,1779711029294715524,1779711029259996833,-34.718691,1349.06,128
5530,1779711029297007844,1779711029261445482,-35.562362,448.649,128
5531,1779711029298478957,1779711029262223196,-36.255761,-222.286,128
5532,1779711029299232665,1779711029262905500,-36.327165,-317.696,128
5533,1779711029300037180,1779711029263826921,-36.210259,-78.579,128
5534,1779711029300833265,1779711029264625062,-36.208203,-201.859,128
5535,1779711029301612690,1779711029265320276,-36.292414,-304.786,128
5536,1779711029302389466,1779711029266025255,-36.364211,-295.021,128
5537,1779711029303172069,1779711029266521700,-36.650369,-503.555,128
5538,1779711029303604501,1779711029267474134,-36.130367,-47.566,128
5539,1779711029304428061,1779711029267973526,-36.454535,-500.608,128
5540,1779711029305103462,1779711029268806931,-36.296531,-166.595,128
5541,1779711029305893347,1779711029269614429,-36.278918,-192.502,128
5542,1779711029306690195,1779711029270688946,-36.001249,74.517,128
5543,1779711029307554696,1779711029271380240,-36.174456,-308.706,128
5544,1779711029308420200,1779711029272089419,-36.330781,-290.821,128
5545,1779711029309143030,1779711029272787752,-36.355278,-301.667,128
5546,1779711029309825686,1779711029273433232,-36.392454,-354.52,128
5547,1779711029310504787,1779711029274047504,-36.457283,-385.728,128
5548,1779711029311185068,1779711029274888450,-36.296618,-159.054,128
5549,1779711029311967326,1779711029275751962,-36.215364,-136.488,128
5550,1779711029312804998,1779711029276512874,-36.292124,-239.088,128
5551,1779711029313501512,1779711029277281638,-36.219874,-231.236,128
5552,1779711029314299672,1779711029278077801,-36.221871,-203.837,128
5553,1779711029315165507,1779711029278895497,-36.27001,-182.304,128
5554,1779711029315965408,1779711029279710215,-36.255193,-185.282,128
5555,1779711029316752041,1779711029280387858,-36.364183,-322.357,128
5556,1779711029317426824,1779711029281039002,-36.387822,-348.856,128
5557,1779711029318176920,1779711029282040368,-36.136552,1.366,128
5558,1779711029318915403,1779711029282999817,-35.915586,-40.551,128
5559,1779711029320007430,1779711029284360803,-35.646627,360.986,128
5560,1779711029321300833,1779711029284646917,-36.653916,-713.886,128
5561,1779711029321790838,1779711029285537928,-36.25291,-108.989,128
5562,1779711029322662139,1779711029286287454,-36.374685,-250.474,128
5563,1779711029323413062,1779711029287140993,-36.272069,-146.461,128
5564,1779711029324361940,1779711029288586218,-35.775722,445.225,128
5565,1779711029325225038,1779711029288982553,-36.242485,-603.665,128
5566,1779711029326073177,1779711029289777626,-36.295551,-204.927,128
5567,1779711029326821332,1779711029291169195,-35.652137,391.569,128
5568,1779711029328147268,1779711029292031122,-36.116146,-138.073,128
5569,1779711029329130220,1779711029293011504,-36.118716,-19.618,128
5570,1779711029330080491,1779711029293835644,-36.244847,-175.86,128
5571,1779711029330960570,1779711029295305020,-35.65555,469.376,128
5572,1779711029331796725,1779711029295311708,-36.485017,-993.312,128
5573,1779711029332248331,1779711029295882856,-36.365475,-428.852,128
5574,1779711029333025504,1779711029296797715,-36.227789,-85.141,128
5575,1779711029333922350,1779711029297489668,-36.432682,-308.047,128
5576,1779711029334631233,1779711029298617756,-36.013477,128.088,128
5577,1779711029335729022,1779711029299365989,-36.363033,-251.767,128
5578,1779711029336493862,1779711029300546588,-35.947274,180.599,128
5579,1779711029337535478,1779711029301324929,-36.210549,-221.659,128
5580,1779711029338328544,1779711029302122079,-36.206465,-202.85,128
5581,1779711029338918712,1779711029302541087,-36.377625,-580.992,128
5582,1779711029339662451,1779711029303089311,-36.57314,-451.776,128
5583,1779711029340222599,1779711029303821444,-36.401155,-267.867,128
5584,1779711029340903706,1779711029304620822,-36.282884,-200.622,128
5585,1779711029341716068,1779711029305316329,-36.399739,-304.493,128
5586,1779711029342439350,1779711029306004633,-36.434717,-311.696,128
5587,1779711029343118117,1779711029306535179,-36.582938,-469.454,128
5588,1779711029343661941,1779711029307227310,-36.434631,-307.869,128
5589,1779711029344318975,1779711029307999440,-36.319535,-227.87,128
5590,1779711029345111868,1779711029309110529,-36.001339,111.089,128
5591,1779711029346135834,1779711029309705448,-36.430386,-405.081,128
5592,1779711029346792639,1779711029310696812,-36.095827,-8.636,128
5593,1779711029347702167,1779711029321326959,-26.375208,9630.147,128
5594,1779711029358239222,1779711029324517723,-33.721499,2190.764,128
5595,1779711029361622935,1779711029326418397,-35.204538,900.674,128
5596,1779711029363440047,1779711029328853402,-34.586645,1435.005,128
5597,1779711029365895896,1779711029330217025,-35.678871,363.623,128
5598,1779711029367308771,1779711029331711212,-35.597559,494.187,128
5599,1779711029368848602,1779711029333307196,-35.541406,595.984,128
5600,1779711029370388572,1779711029334952643,-35.435929,645.447,128
5601,1779711029372045911,1779711029336416420,-35.629491,463.777,128
5602,1779711029373506476,1779711029337888470,-35.618006,472.05,128
5603,1779711029374915514,1779711029339667940,-35.247574,779.47,128
5604,1779711029376738300,1779711029340935256,-35.803044,267.316,128
5605,1779711029377930180,1779711029341684085,-36.246095,-251.171,128
5606,1779711029378786398,1779711029342634420,-36.151978,-49.665,128
5607,1779711029379766078,1779711029343551277,-36.214801,-83.143,128
5608,1779711029380602729,1779711029344477635,-36.125094,-73.642,128
5609,1779711029381606830,1779711029345562791,-36.044039,85.156,128
5610,1779711029382597857,1779711029346563052,-36.034805,0.261,128
5611,1779711029383625606,1779711029347818299,-35.807307,255.247,128
5612,1779711029384840939,1779711029349197764,-35.643175,379.465,128
5613,1779711029386196721,1779711029350610422,-35.586299,412.658,128
5614,1779711029387643275,1779711029351801320,-35.841955,190.898,128
5615,1779711029388908114,1779711029353148910,-35.759204,347.59,128
5616,1779711029390121810,1779711029354515326,-35.606484,366.416,128
5617,1779711029391502191,1779711029355679616,-35.822575,164.29,128
5618,1779711029392729235,1779711029356948213,-35.781022,268.597,128
5619,1779711029393957180,1779711029358257134,-35.700046,308.921,128
5620,1779711029395164526,1779711029359221750,-35.942776,-35.384,128
5621,1779711029396338923,1779711029360453835,-35.885088,232.085,128
5622,1779711029397427155,1779711029361448652,-35.978503,-5.183,128
5623,1779711029398396634,1779711029362316001,-36.080633,-132.651,128
5624,1779711029399395790,1779711029363225753,-36.170037,-90.248,128
5625,1779711029400257426,1779711029364036997,-36.220429,-188.756,128
5626,1779711029401064708,1779711029463536742,62.472034,98499.745,128
5627,1779711029500935355,1779711029470610421,-30.324934,6073.679,128
5628,1779711029507642387,1779711029473597048,-34.045339,1986.627,128
5629,1779711029510632816,1779711029475527190,-35.105626,930.142,128
5630,1779711029512676723,1779711029477229145,-35.447578,701.955,128
5631,1779711029514224225,1779711029478386349,-35.837876,157.204,128
5632,1779711029515459086,1779711029480070515,-35.388571,684.166,128
5633,1779711029517052521,1779711029481824594,-35.227927,754.079,128
5634,1779711029518795535,1779711029483198898,-35.596637,374.304,128
5635,1779711029520134533,1779711029485580769,-34.553764,1381.871,128
5636,1779711029522688389,1779711029487197766,-35.490623,616.997,128
5637,1779711029524262374,1779711029489319652,-34.942722,1121.886,128
5638,1779711029526306366,1779711029490914455,-35.391911,594.803,128
5639,1779711029527967891,1779711029492763890,-35.204001,849.435,128
5640,1779711029529830438,1779711029493909119,-35.921319,145.229,128
5641,1779711029530944658,1779711029496213173,-34.731485,1304.054,128
5642,1779711029533341334,1779711029498143082,-35.198252,929.909,128
5643,1779711029534775348,1779711029499147622,-35.627726,4.54,128
5644,1779711029536647827,1779711029501642382,-35.005445,1494.76,128
5645,1779711029538227682,1779711029502761800,-35.465882,119.418,128
5646,1779711029539953326,1779711029504743077,-35.210249,981.277,128
5647,1779711029541829471,1779711029509122855,-32.706616,3379.778,128
5648,1779711029545957999,1779711029512109185,-33.848814,1986.33,128
5649,1779711029549046125,1779711029514379000,-34.667125,1269.815,128
5650,1779711029551084026,1779711029515615086,-35.46894,236.086,128
5651,1779711029552845071,1779711029517936809,-34.908262,1321.723,128
5652,1779711029555056671,1779711029519535134,-35.521537,598.325,128
5653,1779711029556717719,1779711029521566899,-35.15082,1031.765,128
5654,1779711029558679757,1779711029523261403,-35.418354,694.504,128
5655,1779711029560202117,1779711029524956319,-35.245798,694.916,128
5656,1779711029561985054,1779711029526779823,-35.205231,823.504,128
5657,1779711029563850108,1779711029528347046,-35.503062,567.223,128
5658,1779711029565453191,1779711029529442588,-36.010603,95.542,128
5659,1779711029566602887,1779711029531002126,-35.600761,559.538,128
5660,1779711029568027105,1779711029532878363,-35.148742,876.237,128
5661,1779711029569955873,1779711029534473133,-35.48274,594.77,128
5662,1779711029571462019,1779711029646309699,74.84768,110836.566,128
5663,1779711029683294610,1779711029650727329,-32.567281,3417.63,128
5664,1779711029686506657,1779711029653110218,-33.396439,1382.889,128
5665,1779711029690061503,1779711029655336307,-34.725196,1226.089,128
5666,1779711029692286012,1779711029657537726,-34.748286,1201.419,128
5667,1779711029694574328,1779711029658960488,-35.61384,422.762,128
5668,1779711029696034497,1779711029659697379,-36.337118,-263.109,128
5669,1779711029696794867,1779711029660503626,-36.291241,-193.753,128
5670,1779711029697628933,1779711029662271714,-35.357219,768.088,128
5671,1779711029699147415,1779711029663385611,-35.761804,113.897,128
5672,1779711029700423333,1779711029664352479,-36.070854,-33.132,128
5673,1779711029701437804,1779711029665122743,-36.315061,-229.736,128
5674,1779711029702267064,1779711029666130900,-36.136164,8.157,128
5675,1779711029703271740,1779711029667265165,-36.006575,134.265,128
5676,1779711029704264676,1779711029668357394,-35.907282,92.229,128
5677,1779711029705419863,1779711029669215121,-36.204742,-142.273,128
5678,1779711029706273967,1779711029670085759,-36.188208,-129.362,128
5679,1779711029707231891,1779711029671669366,-35.562525,583.607,128
5680,1779711029708289035,1779711029672396557,-35.892478,-272.809,128
5681,1779711029709294643,1779711029673043241,-36.251402,-353.316,128
5682,1779711029710177525,1779711029674004419,-36.173106,-38.822,128
5683,1779711029711150371,1779711029674829804,-36.320567,-174.615,128
5684,1779711029711985858,1779711029675856738,-36.12912,26.934,128
5685,1779711029712964960,1779711029676490968,-36.473992,-365.77,128
5686,1779711029713646611,1779711029677533195,-36.113416,42.227,128
5687,1779711029714645640,1779711029678808982,-35.836658,275.787,128
5688,1779711029715675162,1779711029679351912,-36.32325,-457.07,128
5689,1779711029716351757,1779711029680373678,-35.978079,21.766,128
5690,1779711029717380018,1779711029681024188,-36.35583,-349.49,128
5691,1779711029718110659,1779711029682261074,-35.849585,236.886,128
5692,1779711029719106801,1779711029682831586,-36.275215,-429.488,128
5693,1779711029719973676,1779711029683821621,-36.152055,-9.965,128
5694,1779711029720908286,1779711029685022318,-35.885968,200.697,128
5695,1779711029721922215,1779711029685995224,-35.926991,-27.094,128
5696,1779711029722863361,1779711029686866204,-35.997157,-129.02,128
5697,1779711029723705082,1779711029687563406,-36.141676,-302.798,128
5698,1779711029724487850,1779711029688481751,-36.006099,-81.655,128
5699,1779711029725470208,1779711029689435917,-36.034291,-45.834,128
5700,1779711029726458011,1779711029690373065,-36.084946,-62.852,128
5701,1779711029727442900,1779711029691851138,-35.591762,478.073,128
5702,1779711029728425387,1779711029692284319,-36.141068,-566.819,128
5703,1779711029729283163,1779711029693275574,-36.007589,-8.745,128
5704,1779711029730235166,1779711029693779040,-36.456126,-496.534,128
5705,1779711029730904624,1779711029694791921,-36.112703,12.881,128
5706,1779711029731853174,1779711029695598591,-36.254583,-193.33,128
5707,1779711029732681039,1779711029696520758,-36.160281,-77.833,128
5708,1779711029733521822,1779711029697587472,-35.93435,66.714,128
5709,1779711029734578194,1779711029698507997,-36.070197,-79.475,128
5710,1779711029735574000,1779711029700021377,-35.552623,513.38,128
5711,1779711029737025895,1779711029707804809,-29.221086,6783.432,128
5712,1779711029744717580,1779711029710280996,-34.436584,1476.187,128
5713,1779711029747246434,1779711029712290572,-34.955862,1009.576,128
5714,1779711029749030073,1779711029713972988,-35.057085,682.416,128
5715,1779711029750954769,1779711029715783487,-35.171282,810.499,128
5716,1779711029752858830,1779711029718218135,-34.640695,1434.648,128
5717,1779711029755271358,1779711029720236687,-35.034671,1018.552,128
5718,1779711029757311875,1779711029722498455,-34.81342,1261.768,128
5719,1779711029759468769,1779711029724381792,-35.086977,883.337,128
5720,1779711029761483063,1779711029727027278,-34.455785,1645.486,128
5721,1779711029763999705,1779711029729272745,-34.72696,1245.467,128
5722,1779711029766131031,1779711029731304548,-34.826483,1031.803,128
5723,1779711029768216803,1779711029733437069,-34.779734,1132.521,128
5724,1779711029770555271,1779711029734978053,-35.577218,540.984,128
5725,1779711029772188698,1779711029738737399,-33.451299,2759.346,128
5726,1779711029775803032,1779711029740097984,-35.705048,360.585,128
5727,1779711029777176147,1779711029741560330,-35.615817,462.346,128
5728,1779711029778570212,1779711029744432265,-34.137947,1871.935,128
5729,1779711029780767026,1779711029745381816,-35.38521,-50.449,128
5730,1779711029782155271,1779711029747781079,-34.374192,1399.263,128
5731,1779711029784363782,1779711029749729015,-34.634767,947.936,128
5732,1779711029786389639,1779711029751226546,-35.163093,497.531,128
5733,1779711029787880742,1779711029752967660,-34.913082,741.114,128
5734,1779711029789761311,1779711029754941791,-34.81952,974.131,128
5735,1779711029791626220,1779711029756816067,-34.810153,874.276,128
5736,1779711029793610153,1779711029758723730,-34.886423,907.663,128
5737,1779711029795499482,1779711029760467613,-35.031869,743.883,128
5738,1779711029797103626,1779711029762418399,-34.685227,950.786,128
5739,1779711029799174052,1779711029764478835,-34.695217,1060.436,128
5740,1779711029801245804,1779711029766136058,-35.109746,657.223,128
5741,1779711029803051814,1779711029767727178,-35.324636,591.12,128
5742,1779711029804399807,1779711029769412074,-34.987733,684.896,128
5743,1779711029806026680,1779711029770971591,-35.055089,559.517,128
5744,1779711029807676842,1779711029772560067,-35.116775,588.476,128
5745,1779711029809334352,1779711029774583156,-34.751196,1023.089,128
5746,1779711029811191820,1779711029776271199,-34.920621,688.043,128
5747,1779711029814051968,1779711029780124018,-33.92795,2852.819,128
5748,1779711029817139208,1779711029782227487,-34.911721,1103.469,128
5749,1779711029819394399,1779711029784245204,-35.149195,1017.717,128
5750,1779711029821197515,1779711029785625792,-35.571723,380.588,128
5751,1779711029822888077,1779711029787895132,-34.992945,1269.34,128
5752,1779711029824974316,1779711029790207467,-34.766849,1312.335,128
5753,1779711029827154962,1779711029792030006,-35.124956,822.539,128
5754,1779711029829039611,1779711029793588511,-35.4511,558.505,128
5755,1779711029830606223,1779711029795429873,-35.17635,841.362,128
5756,1779711029832491112,1779711029797009013,-35.482099,579.14,128
5757,1779711029834135396,1779711029798403367,-35.732029,394.354,128
5758,1779711029835485139,1779711029800795201,-34.689938,1391.834,128
5759,1779711029837877020,1779711029802101243,-35.775777,306.042,128
5760,1779711029838996946,1779711029803641592,-35.355354,540.349,128
5761,1779711029840711814,1779711029805338381,-35.373433,696.789,128
5762,1779711029842388646,1779711029807753656,-34.63499,1415.275,128
5763,1779711029844827865,1779711029809278259,-35.549606,524.603,128
5764,1779711029846287610,1779711029810386356,-35.901254,108.097,128
5765,1779711029847521168,1779711029811548784,-35.972384,162.428,128
5766,1779711029848605662,1779711029812327168,-36.278494,-221.616,128
5767,1779711029849318779,1779711029813105244,-36.213535,-221.924,128
5768,1779711029850224507,1779711029813713623,-36.510884,-391.621,128
5769,1779711029850746874,1779711029814423365,-36.323509,-290.258,128
5770,1779711029851448029,1779711029815489997,-35.958032,66.632,128
5771,1779711029852508412,1779711029816819519,-35.688893,329.522,128
5772,1779711029853892763,1779711029817702424,-36.190339,-117.095,128
5773,1779711029854783821,1779711029818604213,-36.179608,-98.211,128
5774,1779711029855646347,1779711029819358394,-36.287953,-245.819,128
5775,1779711029856339839,1779711029820307049,-36.03279,-51.345,128
5776,1779711029857356034,1779711029821302105,-36.053929,-4.944,128
5777,1779711029858211177,1779711029822273772,-35.937405,-28.333,128
5778,1779711029859222469,1779711029822968717,-36.253752,-305.055,128
5779,1779711029860059220,1779711029823830687,-36.228533,-138.03,128
5780,1779711029860915993,1779711029824793952,-36.122041,-36.735,128
5781,1779711029861887144,1779711029825634621,-36.252523,-159.331,128
5782,1779711029862696587,1779711029826556677,-36.13991,-77.944,128
5783,1779711029863565514,1779711029827269100,-36.296414,-287.577,128
5784,1779711029864322625,1779711029828039222,-36.283403,-229.878,128
5785,1779711029865184943,1779711029829030131,-36.154812,-9.091,128
5786,1779711029866048010,1779711029829834316,-36.213694,-195.815,128
5787,1779711029866865429,1779711029831001968,-35.863461,167.652,128
5788,1779711029867932481,1779711029831681710,-36.250771,-320.258,128
5789,1779711029868762418,1779711029832623942,-36.138476,-57.768,128
5790,1779711029869770330,1779711029833650783,-36.119547,26.841,128
5791,1779711029870771506,1779711029834668355,-36.103151,17.572,128
5792,1779711029871793683,1779711029835533703,-36.25998,-134.652,128
5793,1779711029872657192,1779711029836480483,-36.176709,-53.22,128
5794,1779711029873594631,1779711029837140620,-36.454011,-339.863,128
5795,1779711029874293895,1779711029838124706,-36.169189,-15.914,128
5796,1779711029875253351,1779711029839126061,-36.12729,1.355,128
5797,1779711029876247301,1779711029840057556,-36.189745,-68.505,128
5798,1779711029877200360,1779711029841153496,-36.046864,95.94,128
5799,1779711029878211237,1779711029841891069,-36.320168,-262.427,128
5800,1779711029879037407,1779711029966562505,87.525098,123671.436,128
5801,1779711030003659083,1779711029968119166,-35.539917,556.661,128
5802,1779711030005108469,1779711029968809337,-36.299132,-309.829,128
5803,1779711030005874759,1779711029969921902,-35.952857,112.565,128
5804,1779711030006931674,1779711029970784319,-36.147355,-137.583,128
5805,1779711030007898663,1779711029971846884,-36.051779,62.565,128
5806,1779711030008970562,1779711029972848529,-36.122033,1.645,128
5807,1779711030009948170,1779711029973683109,-36.265061,-165.42,128
5808,1779711030010787502,1779711029974679649,-36.107853,-3.46,128
5809,1779711030011785182,1779711029975459731,-36.325451,-219.918,128
5810,1779711030012589833,1779711029976475765,-36.114068,16.034,128
5811,1779711030013586073,1779711029977104967,-36.481106,-370.798,128
5812,1779711030014242233,1779711029978160345,-36.081888,55.378,128
5813,1779711030015194581,1779711029979016491,-36.17809,-143.854,128
5814,1779711030016157367,1779711029980001301,-36.156066,-15.19,128
5815,1779711030017132581,1779711029981612606,-35.519975,611.305,128
5816,1779711030017984384,1779711029981835412,-36.148972,-777.194,128
5817,1779711030018832682,1779711029982666381,-36.166301,-169.031,128
5818,1779711030019738905,1779711029983746845,-35.99206,80.464,128
5819,1779711030020721161,1779711029984478296,-36.242865,-268.549,128
5820,1779711030021539595,1779711029985459219,-36.080376,-19.077,128
5821,1779711030022504839,1779711029986309937,-36.194902,-149.282,128
5822,1779711030023343934,1779711029987216605,-36.127329,-93.332,128
5823,1779711030024299401,1779711029988231576,-36.067825,14.971,128
5824,1779711030025279851,1779711029988859791,-36.42006,-371.785,128
5825,1779711030025948050,1779711029989854076,-36.093974,-5.715,128
5826,1779711030026923170,1779711029990770426,-36.152744,-83.65,128
5827,1779711030027862787,1779711029991919285,-35.943502,148.859,128
5828,1779711030028912586,1779711029992525795,-36.386791,-393.49,128
5829,1779711030029617062,1779711029993486587,-36.130475,-39.208,128
5830,1779711030030622796,1779711029994682302,-35.940494,195.715,128
5831,1779711030031760092,1779711029995900581,-35.859511,218.279,128
5832,1779711030032753547,1779711029996545345,-36.208202,-355.236,128
5833,1779711030033616044,1779711029997338607,-36.277437,-206.738,128
5834,1779711030034426104,1779711029998086095,-36.340009,-252.512,128
5835,1779711030035230156,1779711029998987753,-36.242403,-98.342,128
5836,1779711030036071843,1779711030000095008,-35.976835,107.255,128
5837,1779711030037069623,1779711030001027186,-36.042437,-67.822,128
5838,1779711030038034073,1779711030001796189,-36.237884,-230.997,128
5839,1779711030038918251,1779711030002899976,-36.018275,103.787,128
5840,1779711030039973368,1779711030003771673,-36.201695,-128.303,128
5841,1779711030040833049,1779711030004603912,-36.229137,-167.761,128
5842,1779711030041685651,1779711030005741318,-35.944333,137.406,128
5843,1779711030042816066,1779711030006752166,-36.0639,10.848,128
5844,1779711030043846925,1779711030007437719,-36.409206,-314.447,128
5845,1779711030044529767,1779711030008388770,-36.140997,-48.949,128
5846,1779711030045505140,1779711030009330542,-36.174598,-58.228,128
5847,1779711030046359553,1779711030010423373,-35.93618,92.831,128
5848,1779711030047541696,1779711030011524153,-36.017543,100.78,128
5849,1779711030048526122,1779711030012518517,-36.007605,-5.636,128
5850,1779711030049517935,1779711030013409759,-36.108176,-108.758,128
5851,1779711030050501528,1779711030014570250,-35.931278,160.491,128
5852,1779711030051627129,1779711030015408685,-36.218444,-161.565,128
5853,1779711030052476950,1779711030016389332,-36.087618,-19.353,128
5854,1779711030053455398,1779711030017322051,-36.133347,-67.281,128
5855,1779711030054415761,1779711030018343139,-36.072622,21.088,128
5856,1779711030055390111,1779711030019344248,-36.045863,1.109,128
5857,1779711030056397921,1779711030020331646,-36.066275,-12.602,128
5858,1779711030057388316,1779711030021276550,-36.111766,-55.096,128
5859,1779711030058364574,1779711030022284467,-36.080107,7.917,128
5860,1779711030059306435,1779711030023269670,-36.036765,-14.797,128
5861,1779711030060295097,1779711030024491074,-35.804023,221.404,128
5862,1779711030061432160,1779711030025494797,-35.937363,3.723,128
5863,1779711030062449437,1779711030026223323,-36.226114,-271.474,128
5864,1779711030063274100,1779711030027110114,-36.163986,-113.209,128
5865,1779711030064233108,1779711030028200886,-36.032222,90.772,128
5866,1779711030065202334,1779711030029020353,-36.181981,-180.533,128
5867,1779711030066143008,1779711030030082065,-36.060943,61.712,128
5868,1779711030067103083,1779711030030922054,-36.181029,-160.011,128
5869,1779711030067930398,1779711030031922480,-36.007918,0.426,128
5870,1779711030068964280,1779711030032940079,-36.024201,17.599,128
5871,1779711030069948955,1779711030033906877,-36.042078,-33.202,128
5872,1779711030071113399,1779711030035281291,-35.832108,374.414,128
5873,1779711030072226881,1779711030036303832,-35.923049,22.541,128
5874,1779711030073359131,1779711030037242344,-36.116787,-61.488,128
5875,1779711030074324637,1779711030038479488,-35.845149,237.144,128
5876,1779711030075509672,1779711030039552720,-35.956952,73.232,128
5877,1779711030076523766,1779711030040562285,-35.961481,9.565,128
5878,1779711030077565876,1779711030041613496,-35.95238,51.211,128
5879,1779711030078659641,1779711030042814417,-35.845224,200.921,128
5880,1779711030079690552,1779711030043461401,-36.229151,-353.016,128
5881,1779711030080461419,1779711030044407846,-36.053573,-53.555,128
5882,1779711030081472494,1779711030045533486,-35.939008,125.64,128
5883,1779711030082602467,1779711030046527595,-36.074872,-5.891,128
5884,1779711030083605872,1779711030047116574,-36.489298,-411.021,128
5885,1779711030084268538,1779711030048249785,-36.018753,133.211,128
5886,1779711030085232192,1779711030049214674,-36.017518,-35.111,128
5887,1779711030086196246,1779711030050110170,-36.086076,-104.504,128
5888,1779711030087083415,1779711030051069697,-36.013718,-40.473,128
5889,1779711030088065749,1779711030051565624,-36.500125,-504.073,128
5890,1779711030088580293,1779711030052751124,-35.829169,185.5,128
5891,1779711030089714065,1779711030053859036,-35.855029,107.912,128
5892,1779711030090895777,1779711030054559784,-36.335993,-299.252,128
5893,1779711030091641243,1779711030055472630,-36.168613,-87.154,128
5894,1779711030092515004,1779711030056502068,-36.012936,29.438,128
5895,1779711030093557040,1779711030057493914,-36.063126,-8.154,128
5896,1779711030094575231,1779711030058352826,-36.222405,-141.088,128
5897,1779711030095438211,1779711030059005586,-36.432625,-347.24,128
5898,1779711030096140622,1779711030061744210,-34.396412,1738.624,128
5899,1779711030097119565,1779711030061749738,-35.369827,-994.472,128
5900,1779711030098011389,1779711030061955952,-36.055437,-793.786,128
5901,1779711030098893190,1779711030062680753,-36.212437,-275.199,128
5902,1779711030099755969,1779711030063729296,-36.026673,48.543,128
5903,1779711030100665277,1779711030064688918,-35.976359,-40.378,128
5904,1779711030101701689,1779711030065755806,-35.945883,66.888,128
5905,1779711030102694951,1779711030066651177,-36.043774,-104.629,128
5906,1779711030103710803,1779711030067469078,-36.241725,-182.099,128
5907,1779711030104546626,1779711030068725449,-35.821177,256.371,128
5908,1779711030105582824,1779711030069428922,-36.153902,-296.527,128
5909,1779711030106426388,1779711030070252864,-36.173524,-176.058,128
5910,1779711030107260293,1779711030071122821,-36.137472,-130.043,128
5911,1779711030108099351,1779711030080729729,-27.369622,8606.908,128
5912,1779711030118159181,1779711030085961264,-32.197917,4231.535,128
5913,1779711030122981960,1779711030087730864,-35.251096,769.6,128
5914,1779711030124736162,1779711030088973250,-35.762912,242.386,128
5915,1779711030126139637,1779711030091107604,-35.032033,1134.354,128
5916,1779711030128139644,1779711030092561427,-35.578217,453.823,128
5917,1779711030129709964,1779711030094018075,-35.691889,456.648,128
5918,1779711030131094796,1779711030095449913,-35.644883,431.838,128
5919,1779711030132508047,1779711030097011257,-35.49679,561.344,128
5920,1779711030134049299,1779711030098278452,-35.770847,267.195,128
5921,1779711030135274281,1779711030099745814,-35.528467,467.362,128
5922,1779711030136799925,1779711030101832088,-34.967837,1086.274,128
5923,1779711030138852034,1779711030103206196,-35.645838,374.108,128
5924,1779711030140201212,1779711030104378430,-35.822782,172.234,128
5925,1779711030141393775,1779711030105853208,-35.540567,474.778,128
5926,1779711030142844399,1779711030106966068,-35.878331,112.86,128
5927,1779711030144038791,1779711030108373078,-35.665713,407.01,128
5928,1779711030145463514,1779711030109893835,-35.569679,520.757,128
5929,1779711030146950287,1779711030110908558,-36.041729,14.723,128
5930,1779711030147885751,1779711030112382203,-35.503548,473.645,128
5931,1779711030149450914,1779711030114084496,-35.366418,702.293,128
5932,1779711030151065832,1779711030115466653,-35.599179,382.157,128
5933,1779711030152598519,1779711030116755502,-35.843017,288.849,128
5934,1779711030153843789,1779711030117894927,-35.948862,139.425,128
5935,1779711030155052882,1779711030119414032,-35.63885,519.105,128
5936,1779711030156417561,1779711030120892653,-35.524908,478.621,128
5937,1779711030157853718,1779711030122383554,-35.470164,490.901,128
5938,1779711030159333714,1779711030123785012,-35.548702,401.458,128
5939,1779711030160791587,1779711030125087291,-35.704296,302.279,128
5940,1779711030162272990,1779711030126444880,-35.82811,357.589,128
5941,1779711030163649620,1779711030127672067,-35.977553,227.187,128
5942,1779711030164798220,1779711030128915737,-35.882483,243.67,128
5943,1779711030166050780,1779711030129920166,-36.130614,4.429,128
5944,1779711030167060376,1779711030131104290,-35.956086,184.124,128
5945,1779711030168173707,1779711030132282627,-35.89108,178.337,128
5946,1779711030169330313,1779711030133260136,-36.070177,-22.491,128
5947,1779711030170367603,1779711030134357231,-36.010372,97.095,128
5948,1779711030171486315,1779711030135352444,-36.133871,-4.787,128
5949,1779711030172608129,1779711030136656979,-35.95115,304.535,128
5950,1779711030173792785,1779711030138262902,-35.529883,605.923,128
5951,1779711030175332843,1779711030139385943,-35.9469,123.041,128
5952,1779711030176672814,1779711030140945067,-35.727747,559.124,128
5953,1779711030177944193,1779711030142486817,-35.457376,541.75,128
5954,1779711030179508316,1779711030143419659,-36.088657,-67.158,128
5955,1779711030180516274,1779711030144820361,-35.695913,400.702,128
5956,1779711030181854729,1779711030146666168,-35.188561,845.807,128
5957,1779711030183152436,1779711030147375839,-35.776597,-290.329,128
5958,1779711030184407035,1779711030148965147,-35.441888,589.308,128
5959,1779711030186005443,1779711030150285374,-35.720069,320.227,128
5960,1779711030187141021,1779711030150759444,-36.381577,-525.93,128
5961,1779711030187864446,1779711030151536562,-36.327884,-222.882,128
5962,1779711030188563639,1779711030152433754,-36.129885,-102.808,128
5963,1779711030189422833,1779711030153213696,-36.209137,-220.058,128
5964,1779711030190177180,1779711030153693683,-36.483497,-520.013,128
5965,1779711030190819465,1779711030154302277,-36.517188,-391.406,128
5966,1779711030191375917,1779711030154866578,-36.509339,-435.699,128
5967,1779711030192009782,1779711030155625920,-36.383862,-240.658,128
5968,1779711030192695614,1779711030156499240,-36.196374,-126.68,128
5969,1779711030193633393,1779711030157218553,-36.41484,-280.687,128
5970,1779711030194301270,1779711030158034849,-36.266421,-183.704,128
5971,1779711030195155910,1779711030159007786,-36.148124,-27.063,128
5972,1779711030196008532,1779711030159560993,-36.447539,-446.793,128
5973,1779711030196650544,1779711030160485310,-36.165234,-75.683,128
5974,1779711030197534767,1779711030161268725,-36.266042,-216.585,128
5975,1779711030198320358,1779711030162040816,-36.279542,-227.909,128
5976,1779711030199098540,1779711030162826500,-36.27204,-214.316,128
5977,1779711030199842008,1779711030163477576,-36.364432,-348.924,128
5978,1779711030200561961,1779711030164362396,-36.199565,-115.18,128
5979,1779711030201283666,1779711030164690117,-36.593549,-672.279,128
5980,1779711030201724800,1779711030165475885,-36.248915,-214.232,128
5981,1779711030202486050,1779711030166231462,-36.254588,-244.423,128
5982,1779711030203266421,1779711030166795241,-36.47118,-436.221,128
5983,1779711030203930237,1779711030167597261,-36.332976,-197.98,128
5984,1779711030204676045,1779711030168378933,-36.297112,-218.328,128
5985,1779711030205417659,1779711030169316542,-36.101117,-62.391,128
5986,1779711030206161021,1779711030169825437,-36.335584,-491.105,128
5987,1779711030206797020,1779711030170689641,-36.107379,-135.796,128
5988,1779711030207708890,1779711030171519877,-36.189013,-169.764,128
5989,1779711030208505664,1779711030172215437,-36.290227,-304.44,128
5990,1779711030209165653,1779711030172651266,-36.514387,-564.171,128
5991,1779711030209804030,1779711030173458360,-36.34567,-192.906,128
5992,1779711030210549471,1779711030174266258,-36.283213,-192.102,128
5993,1779711030211307040,1779711030174910508,-36.396532,-355.75,128
5994,1779711030212063301,1779711030175591215,-36.472086,-319.293,128
5995,1779711030212608184,1779711030176439302,-36.168882,-151.913,128
5996,1779711030213545467,1779711030177542580,-36.002887,103.278,128
5997,1779711030214539988,1779711030178531690,-36.008298,-10.89,128
5998,1779711030215519012,1779711030179457957,-36.061055,-73.733,128
5999,1779711030216404896,1779711030180545510,-35.859386,87.553,128
6000,1779711030217446640,1779711030181287032,-36.159608,-258.478,128
6001,1779711030218176835,1779711030182077047,-36.099788,-209.985,128
6002,1779711030219122400,1779711030182834727,-36.287673,-242.32,128
6003,1779711030219854395,1779711030184005290,-35.849105,170.563,128
6004,1779711030221105599,1779711030184891692,-36.213907,-113.598,128
6005,1779711030221943420,1779711030185651874,-36.291546,-239.818,128
6006,1779711030222638763,1779711030186461561,-36.177202,-190.313,128
6007,1779711030223520450,1779711030187080047,-36.440403,-381.514,128
6008,1779711030224210119,1779711030188091171,-36.118948,11.124,128
6009,1779711030225145662,1779711030188859834,-36.285828,-231.337,128
6010,1779711030225946853,1779711030189532324,-36.414529,-327.51,128
6011,1779711030226612848,1779711030190294163,-36.318685,-238.161,128
6012,1779711030227365834,1779711030191057477,-36.308357,-236.686,128
6013,1779711030228120471,1779711030191834415,-36.286056,-223.062,128
6014,1779711030228900775,1779711030192482334,-36.418441,-352.081,128
6015,1779711030229542243,1779711030193282381,-36.259862,-199.953,128
6016,1779711030230222347,1779711030193844779,-36.377568,-437.602,128
6017,1779711030230953346,1779711030194602565,-36.350781,-242.214,128
6018,1779711030231738995,1779711030195345529,-36.393466,-257.036,128
6019,1779711030232491768,1779711030195988902,-36.502866,-356.627,128
6020,1779711030233120102,1779711030196611839,-36.508263,-377.063,128
6021,1779711030233746879,1779711030197324177,-36.422702,-287.662,128
6022,1779711030234469741,1779711030197978135,-36.491606,-346.042,128
6023,1779711030235113374,1779711030198590139,-36.523235,-387.996,128
6024,1779711030235732845,1779711030199263866,-36.468979,-326.273,128
6025,1779711030236336093,1779711030200219354,-36.116739,-44.512,128
6026,1779711030237233471,1779711030200780869,-36.452602,-438.485,128
6027,1779711030237921319,1779711030201650947,-36.270372,-129.922,128
6028,1779711030238654044,1779711030202411659,-36.242385,-239.288,128
6029,1779711030239482724,1779711030202978266,-36.504458,-433.393,128
6030,1779711030240123182,1779711030203735902,-36.38728,-242.364,128
6031,1779711030240897232,1779711030204397459,-36.499773,-338.443,128
6032,1779711030241540365,1779711030205137683,-36.402682,-259.776,128
6033,1779711030242283713,1779711030205917016,-36.366697,-220.667,128
6034,1779711030243026142,1779711030206632157,-36.393985,-284.859,128
6035,1779711030243727491,1779711030207549706,-36.177785,-82.451,128
6036,1779711030244642174,1779711030208309302,-36.332872,-240.404,128
6037,1779711030245346736,1779711030209370096,-35.97664,60.794,128
6038,1779711030246088456,1779711030209782424,-36.306032,-587.672,128
6039,1779711030246835494,1779711030210453368,-36.382126,-329.056,128
6040,1779711030247563052,1779711030211394128,-36.168924,-59.24,128
6041,1779711030248495771,1779711030212352584,-36.143187,-41.544,128
6042,1779711030249393404,1779711030213130598,-36.262806,-221.986,128
6043,1779711030250180833,1779711030213640409,-36.540424,-490.189,128
6044,1779711030250756299,1779711030214331172,-36.425127,-309.237,128
6045,1779711030251401691,1779711030214967989,-36.433702,-363.183,128
6046,1779711030252116677,1779711030215797909,-36.318768,-170.08,128
6047,1779711030252912383,1779711030273862830,20.950447,57064.921,128
6048,1779711030310529944,1779711030274495783,-36.034161,-367.047,128
6049,1779711030311300071,1779711030275077371,-36.2227,-418.412,128
6050,1779711030312036122,1779711030275865563,-36.170559,-211.808,128
6051,1779711030312546130,1779711030276434485,-36.111645,-431.078,128
6052,1779711030313183335,1779711030277014222,-36.169113,-420.263,128
6053,1779711030313789534,1779711030277934242,-35.855292,-79.98,128
6054,1779711030314480240,1779711030278134095,-36.346145,-800.147,128
6055,1779711030315215321,1779711030278931933,-36.283388,-202.162,128
6056,1779711030315943644,1779711030279597410,-36.346234,-334.523,128
6057,1779711030316586415,1779711030280289057,-36.297358,-308.353,128
6058,1779711030317218378,1779711030280983204,-36.235174,-305.853,128
6059,1779711030318106696,1779711030281776799,-36.329897,-206.405,128
6060,1779711030319038330,1779711030282701656,-36.336674,-75.143,128
6061,1779711030319756605,1779711030283432038,-36.324567,-269.618,128
6062,1779711030320511112,1779711030284250742,-36.26037,-181.296,128
6063,1779711030321380496,1779711030285032748,-36.347748,-217.994,128
6064,1779711030322121566,1779711030285937958,-36.183608,-94.79,128
6065,1779711030322913324,1779711030286534665,-36.378659,-403.293,128
6066,1779711030323609618,1779711030287337714,-36.271904,-196.951,128
6067,1779711030324374005,1779711030288151770,-36.222235,-185.944,128
6068,1779711030325174387,1779711030288722087,-36.4523,-429.683,128
6069,1779711030325860316,1779711030289554474,-36.305842,-167.613,128
6070,1779711030326618255,1779711030290410783,-36.207472,-143.691,128
6071,1779711030327413756,1779711030291113449,-36.300307,-297.334,128
6072,1779711030328157911,1779711030291859765,-36.298146,-253.684,128
6073,1779711030328973333,1779711030292736489,-36.236844,-123.276,128
6074,1779711030329766597,1779711030293341700,-36.424897,-394.789,128
6075,1779711030330398386,1779711030293939907,-36.458479,-401.793,128
6076,1779711030331044331,1779711030294706279,-36.338052,-233.628,128
6077,1779711030331785063,1779711030295454364,-36.330699,-251.915,128
6078,1779711030332530639,1779711030296326693,-36.203946,-127.671,128
6079,1779711030333404926,1779711030297022200,-36.382726,-304.493,128
6080,1779711030334173702,1779711030297806641,-36.367061,-215.559,128
6081,1779711030334843610,1779711030298553307,-36.290303,-253.334,128
6082,1779711030335643443,1779711030299287514,-36.355929,-265.793,128
6083,1779711030336369967,1779711030300124970,-36.244997,-162.544,128
6084,1779711030337202222,1779711030301009646,-36.192576,-115.324,128
6085,1779711030338000968,1779711030301877168,-36.1238,-132.478,128
6086,1779711030338825508,1779711030302631210,-36.194298,-245.958,128
6087,1779711030339617216,1779711030303214119,-36.403097,-417.091,128
6088,1779711030340159375,1779711030303792627,-36.366748,-421.492,128
6089,1779711030340891576,1779711030304552148,-36.339428,-240.479,128
6090,1779711030341588114,1779711030305079504,-36.50861,-472.644,128
6091,1779711030342225012,1779711030305903094,-36.321918,-176.41,128
6092,1779711030342956344,1779711030306610165,-36.346179,-292.929,128
6093,1779711030343692203,1779711030307218898,-36.473305,-391.267,128
6094,1779711030344297019,1779711030307894292,-36.402727,-324.606,128
6095,1779711030345028138,1779711030308709706,-36.318432,-184.586,128
6096,1779711030345792368,1779711030309459332,-36.333036,-250.374,128
6097,1779711030346492822,1779711030310258846,-36.233976,-200.486,128
6098,1779711030347219898,1779711030310761034,-36.458864,-497.812,128
6099,1779711030347906189,1779711030311846982,-36.059207,85.948,128
6100,1779711030348512460,1779711030312083137,-36.429323,-763.845,128
6101,1779711030349220665,1779711030313058121,-36.162544,-25.016,128
6102,1779711030350037693,1779711030313686847,-36.350846,-371.274,128
6103,1779711030350700440,1779711030314267204,-36.433236,-419.643,128
6104,1779711030351347051,1779711030314878118,-36.468933,-389.086,128
6105,1779711030351991578,1779711030315660915,-36.330663,-217.203,128
6106,1779711030352700529,1779711030316463927,-36.236602,-196.988,128
6107,1779711030353557263,1779711030317226990,-36.330273,-236.937,128
6108,1779711030354305515,1779711030318018572,-36.286943,-208.418,128
6109,1779711030355179029,1779711030318923218,-36.255811,-95.354,128
6110,1779711030355925527,1779711030319766381,-36.159146,-156.837,128
6111,1779711030356667068,1779711030320510269,-36.156799,-256.112,128
6112,1779711030357643112,1779711030321386599,-36.256513,-123.67,128
6113,1779711030358235914,1779711030322019611,-36.216303,-366.988,128
6114,1779711030358938706,1779711030322602648,-36.336058,-416.963,128
6115,1779711030359644228,1779711030323221102,-36.423126,-381.546,128
6116,1779711030360224688,1779711030323993921,-36.230767,-227.181,128
6117,1779711030361105284,1779711030324772579,-36.332705,-221.342,128
6118,1779711030361851143,1779711030325492397,-36.358746,-280.182,128
6119,1779711030362572643,1779711030326099070,-36.473573,-393.327,128
6120,1779711030363230480,1779711030326891341,-36.339139,-207.729,128
6121,1779711030363983659,1779711030327645046,-36.338613,-246.295,128
6122,1779711030364724701,1779711030328120015,-36.604686,-525.031,128
6123,1779711030365271274,1779711030328976049,-36.295225,-143.966,128
6124,1779711030366025945,1779711030329859413,-36.166532,-116.636,128
6125,1779711030366759302,1779711030330429214,-36.330088,-430.199,128
6126,1779711030367425584,1779711030331265625,-36.159959,-163.589,128
6127,1779711030368214062,1779711030331820550,-36.393512,-445.075,128
6128,1779711030368949812,1779711030332842811,-36.107001,22.261,128
6129,1779711030369869361,1779711030333587265,-36.282096,-255.546,128
6130,1779711030370646537,1779711030334427100,-36.219437,-160.165,128
6131,1779711030371416343,1779711030335124262,-36.292081,-302.838,128
6132,1779711030372177288,1779711030335885926,-36.291362,-238.336,128
6133,1779711030372950989,1779711030336848117,-36.102872,-37.809,128
6134,1779711030373850382,1779711030337469179,-36.381203,-378.938,128
6135,1779711030374531627,1779711030338247109,-36.284518,-222.07,128
6136,1779711030375313095,1779711030338826804,-36.486291,-420.305,128
6137,1779711030375981556,1779711030339658430,-36.323126,-168.374,128
6138,1779711030376703862,1779711030341291281,-35.412581,632.851,128
6139,1779711030377404715,1779711030341301066,-36.103649,-990.215,128
6140,1779711030377949447,1779711030341443478,-36.505969,-857.588,128
6141,1779711030378481695,1779711030342015778,-36.465917,-427.7,128
6142,1779711030379164855,1779711030342852772,-36.312083,-163.006,128
6143,1779711030379987825,1779711030343730384,-36.257441,-122.388,128
6144,1779711030380852556,1779711030344572883,-36.279673,-157.501,128
6145,1779711030381671210,1779711030345221820,-36.44939,-351.063,128
6146,1779711030382319128,1779711030346065109,-36.254019,-156.711,128
6147,1779711030383213319,1779711030346777694,-36.435625,-287.415,128
6148,1779711030383879474,1779711030347546674,-36.3328,-231.02,128
6149,1779711030384633511,1779711030348013791,-36.61972,-532.883,128
6150,1779711030385162379,1779711030348711924,-36.450455,-301.867,128
6151,1779711030385795227,1779711030349356717,-36.43851,-355.207,128
6152,1779711030386441272,1779711030349979720,-36.461552,-376.997,128
6153,1779711030387104181,1779711030350734858,-36.369323,-244.862,128
6154,1779711030387806234,1779711030351278877,-36.527357,-455.981,128
6155,1779711030388375540,1779711030352265696,-36.109844,-13.181,128
6156,1779711030389323385,1779711030352993057,-36.330328,-272.639,128
6157,1779711030390139499,1779711030354017981,-36.121518,24.924,128
6158,1779711030391081157,1779711030354746887,-36.33427,-271.094,128
6159,1779711030391803772,1779711030355480553,-36.323219,-266.334,128
6160,1779711030392547640,1779711030356350708,-36.196932,-129.845,128
6161,1779711030393396614,1779711030357110767,-36.285847,-239.941,128
6162,1779711030394246106,1779711030358009201,-36.236905,-101.566,128
6163,1779711030394972202,1779711030367059672,-27.91253,8050.471,128
6164,1779711030404165905,1779711030370732480,-33.433425,2672.808,128
6165,1779711030407568482,1779711030371356064,-36.212418,-376.416,128
6166,1779711030408426121,1779711030373317204,-35.108917,961.14,128
6167,1779711030410437898,1779711030374848244,-35.589654,531.04,128
6168,1779711030411884405,1779711030376661507,-35.222898,813.263,128
6169,1779711030413663402,1779711030378263602,-35.3998,602.095,128
6170,1779711030415250122,1779711030379117092,-36.13303,-146.51,128
6171,1779711030416220089,1779711030380065189,-36.1549,-51.903,128
6172,1779711030417130130,1779711030380807372,-36.322758,-257.817,128
6173,1779711030417893364,1779711030381719361,-36.174003,-88.011,128
6174,1779711030418733293,1779711030382657739,-36.075554,-61.622,128
6175,1779711030419709172,1779711030383803177,-35.905995,145.438,128
6176,1779711030420704622,1779711030384011446,-36.693176,-791.731,128
6177,1779711030421084252,1779711030384692240,-36.392012,-319.206,128
6178,1779711030421768105,1779711030385865833,-35.902272,173.593,128
6179,1779711030422896081,1779711030386887392,-36.008689,21.559,128
6180,1779711030423948614,1779711030387901978,-36.046636,14.586,128
6181,1779711030424918600,1779711030388926755,-35.991845,24.777,128
6182,1779711030425946932,1779711030389921741,-36.025191,-5.014,128
6183,1779711030426937751,1779711030390734213,-36.203538,-187.528,128
6184,1779711030427790367,1779711030391568995,-36.221372,-165.218,128
6185,1779711030428623340,1779711030392302229,-36.321111,-266.766,128
6186,1779711030429424113,1779711030393112404,-36.311709,-189.825,128
6187,1779711030430203311,1779711030394353299,-35.850012,240.895,128
6188,1779711030431452020,1779711030395382670,-36.06935,29.371,128
6189,1779711030432350814,1779711030396349906,-36.000908,-32.764,128
6190,1779711030433375873,1779711030397211233,-36.16464,-138.673,128
6191,1779711030434158067,1779711030397692825,-36.465242,-518.408,128
6192,1779711030434820283,1779711030398432023,-36.38826,-260.802,128
6193,1779711030435509119,1779711030399411488,-36.097631,-20.535,128
6194,1779711030436480525,1779711030400208415,-36.27211,-203.073,128
6195,1779711030437295723,1779711030401118556,-36.177167,-89.859,128
6196,1779711030438251804,1779711030401931629,-36.320175,-186.927,128
6197,1779711030438881161,1779711030402817026,-36.064135,-114.603,128
6198,1779711030439894527,1779711030403678773,-36.215754,-138.253,128
6199,1779711030440709360,1779711030404524783,-36.184577,-153.99,128
6200,1779711030441611369,1779711030405604012,-36.007357,79.229,128
6201,1779711030442596406,1779711030406977964,-35.618442,373.952,128
6202,1779711030443856499,1779711030407812873,-36.043626,-165.091,128
6203,1779711030444857560,1779711030408733779,-36.123781,-79.094,128
6204,1779711030445815772,1779711030409777169,-36.038603,43.39,128
6205,1779711030446785276,1779711030410520225,-36.265051,-256.944,128
6206,1779711030447598893,1779711030411481524,-36.117369,-38.701,128
6207,1779711030448534999,1779711030412484949,-36.05005,3.425,128
6208,1779711030449500739,1779711030413288085,-36.212654,-196.864,128
6209,1779711030450324002,1779711030414218332,-36.10567,-69.753,128
6210,1779711030451275636,1779711030415276501,-35.999135,58.169,128
6211,1779711030452263854,1779711030416350532,-35.913322,74.031,128
6212,1779711030453419055,1779711030417416499,-36.002556,65.967,128
6213,1779711030454453592,1779711030417868033,-36.585559,-548.466,128
6214,1779711030454985005,1779711030418927060,-36.057945,59.027,128
6215,1779711030455991043,1779711030419885903,-36.10514,-41.157,128
6216,1779711030456947007,1779711030420894088,-36.052919,8.185,128
6217,1779711030457957682,1779711030421682316,-36.275366,-211.772,128
6218,1779711030458761384,1779711030422558538,-36.202846,-123.778,128
6219,1779711030459629425,1779711030423577066,-36.052359,18.528,128
6220,1779711030460616940,1779711030424460168,-36.156772,-116.898,128
6221,1779711030461594201,1779711030425585604,-36.008597,125.436,128
6222,1779711030462647975,1779711030426528721,-36.119254,-56.883,128
6223,1779711030463621961,1779711030427532621,-36.08934,3.9,128
6224,1779711030464552021,1779711030428547832,-36.004189,15.211,128
6225,1779711030465655879,1779711030429613219,-36.04266,65.387,128
6226,1779711030466623099,1779711030430650862,-35.972237,37.643,128
6227,1779711030467662503,1779711030431248503,-36.414,-402.359,128
6228,1779711030468329710,1779711030432422195,-35.907515,173.692,128
6229,1779711030469543331,1779711030433289900,-36.253431,-132.295,128
6230,1779711030470376396,1779711030434282193,-36.094203,-7.707,128
6231,1779711030471329910,1779711030434855309,-36.474601,-426.884,128
6232,1779711030472010714,1779711030436075714,-35.935,220.405,128
6233,1779711030473006740,1779711030436664979,-36.341761,-410.735,128
6234,1779711030473716005,1779711030437882115,-35.83389,217.136,128
6235,1779711030474923312,1779711030438841126,-36.082186,-40.989,128
6236,1779711030475917251,1779711030439696779,-36.220472,-144.347,128
6237,1779711030476759270,1779711030440774617,-35.984653,77.838,128
6238,1779711030477859100,1779711030442008869,-35.850231,234.252,128
6239,1779711030478818507,1779711030442593146,-36.225361,-415.723,128
6240,1779711030479656040,1779711030443233461,-36.422579,-359.685,128
6241,1779711030480327142,1779711030444379088,-35.948054,145.627,128
6242,1779711030481448133,1779711030445373459,-36.074674,-5.629,128
6243,1779711030482464903,1779711030446306231,-36.158672,-67.228,128
6244,1779711030483359294,1779711030446873571,-36.485723,-432.66,128
6245,1779711030484025409,1779711030448029676,-35.995733,156.105,128
6246,1779711030485087884,1779711030449012205,-36.075679,-17.471,128
6247,1779711030486095978,1779711030450084336,-36.011642,72.131,128
6248,1779711030487163368,1779711030450981619,-36.181749,-102.717,128
6249,1779711030488072371,1779711030452274590,-35.797781,292.971,128
6250,1779711030489286024,1779711030453224745,-36.061279,-49.845,128
6251,1779711030490258879,1779711030454262172,-35.996707,37.427,128
6252,1779711030491332552,1779711030455242993,-36.089559,-19.179,128
6253,1779711030492285682,1779711030455974874,-36.310808,-268.119,128
6254,1779711030493123070,1779711030457315749,-35.807321,340.875,128
6255,1779711030494306451,1779711030458093985,-36.212466,-221.764,128
6256,1779711030495220921,1779711030459304043,-35.916878,210.058,128
6257,1779711030496307453,1779711030460360503,-35.94695,56.46,128
6258,1779711030497423527,1779711030461329486,-36.094041,-31.017,128
6259,1779711030498303988,1779711030462265769,-36.038219,-63.717,128
6260,1779711030499330920,1779711030463260281,-36.070639,-5.488,128
6261,1779711030500293610,1779711030464230095,-36.063515,-30.186,128
6262,1779711030501299699,1779711030465242140,-36.057559,12.045,128
6263,1779711030502275226,1779711030466111039,-36.164187,-131.101,128
6264,1779711030503244452,1779711030467058916,-36.185536,-52.123,128
6265,1779711030503997769,1779711030467932588,-36.065181,-126.328,128
6266,1779711030505006122,1779711030468787823,-36.218299,-144.765,128
6267,1779711030505860241,1779711030469877723,-35.982518,89.9,128
6268,1779711030506818214,1779711030470919065,-35.899149,41.342,128
6269,1779711030507812903,1779711030471736839,-36.076064,-182.226,128
6270,1779711030508755255,1779711030472544091,-36.211164,-192.748,128
6271,1779711030509608211,1779711030473632330,-35.975881,88.239,128
6272,1779711030510563885,1779711030474760374,-35.803511,128.044,128
6273,1779711030511750019,1779711030480284938,-31.465081,4524.564,128
6274,1779711030517248331,1779711030483457662,-33.790669,2172.724,128
6275,1779711030520421682,1779711030485363299,-35.058383,905.637,128
6276,1779711030522332986,1779711030486027910,-36.305076,-335.389,128
6277,1779711030523139093,1779711030487282775,-35.856318,254.865,128
6278,1779711030524355870,1779711030487968447,-36.387423,-314.328,128
6279,1779711030525076587,1779711030488964194,-36.112393,-4.253,128
6280,1779711030526089340,1779711030489643706,-36.445634,-320.488,128
6281,1779711030526787169,1779711030490638775,-36.148394,-4.931,128
6282,1779711030527767049,1779711030491742630,-36.024419,103.855,128
6283,1779711030528787852,1779711030492748998,-36.038854,6.368,128
6284,1779711030529860787,1779711030493559935,-36.300852,-189.063,128
6285,1779711030530690951,1779711030494608375,-36.082576,48.44,128
6286,1779711030531737328,1779711030495250472,-36.486856,-357.903,128
6287,1779711030532401825,1779711030496056874,-36.344951,-193.598,128
6288,1779711030533191533,1779711030496957432,-36.234101,-99.442,128
6289,1779711030534104202,1779711030498245599,-35.858603,288.167,128
6290,1779711030535257547,1779711030499010735,-36.246812,-234.864,128
6291,1779711030536106480,1779711030500044065,-36.062415,33.33,128
6292,1779711030537140124,1779711030500892835,-36.247289,-151.23,128
6293,1779711030538029846,1779711030501961091,-36.068755,68.256,128
6294,1779711030539028551,1779711030502952259,-36.076292,-8.832,128
6295,1779711030540066051,1779711030503931297,-36.134754,-20.962,128
6296,1779711030541040478,1779711030504931758,-36.10872,0.461,128
6297,1779711030542052526,1779711030506018896,-36.03363,87.138,128
6298,1779711030543142291,1779711030506980906,-36.161385,-37.99,128
6299,1779711030544118406,1779711030508019981,-36.098425,39.075,128
6300,1779711030545042183,1779711030509144807,-35.897376,124.826,128
6301,1779711030546144907,1779711030509980962,-36.163945,-163.845,128
6302,1779711030547083179,1779711030510993409,-36.08977,12.447,128
6303,1779711030548131114,1779711030511846139,-36.284975,-147.27,128
6304,1779711030548986522,1779711030512824462,-36.16206,-21.677,128
6305,1779711030549972035,1779711030513689735,-36.2823,-134.727,128
6306,1779711030550844244,1779711030514555794,-36.28845,-133.941,128
6307,1779711030551667299,1779711030515543497,-36.123802,-12.297,128
6308,1779711030552685719,1779711030516453790,-36.231929,-89.707,128
6309,1779711030553597876,1779711030517293283,-36.304593,-160.507,128
6310,1779711030554442467,1779711030518665829,-35.776638,372.546,128
6311,1779711030555757528,1779711030519563932,-36.193596,-101.897,128
6312,1779711030556702931,1779711030520521438,-36.181493,-42.494,128
6313,1779711030557633241,1779711030521286564,-36.346677,-234.874,128
6314,1779711030558430454,1779711030522411185,-36.019269,124.621,128
6315,1779711030559517406,1779711030523357334,-36.160072,-53.851,128
6316,1779711030560499356,1779711030524399557,-36.099799,42.223,128
6317,1779711030561488951,1779711030525274995,-36.213956,-124.562,128
6318,1779711030562311035,1779711030526307686,-36.003349,32.691,128
6319,1779711030563410002,1779711030527339292,-36.07071,31.606,128
6320,1779711030564417459,1779711030527947315,-36.470144,-391.977,128
6321,1779711030565070994,1779711030529281438,-35.789556,334.123,128
6322,1779711030566227432,1779711030529982425,-36.245007,-299.013,128
6323,1779711030567059998,1779711030530773857,-36.286141,-208.568,128
6324,1779711030567920806,1779711030531746028,-36.174778,-27.829,128
6325,1779711030568754955,1779711030532615766,-36.139189,-130.262,128
6326,1779711030569750837,1779711030533430137,-36.3207,-185.629,128
6327,1779711030570579734,1779711030534431559,-36.148175,1.422,128
6328,1779711030571569426,1779711030535369533,-36.199893,-62.026,128
6329,1779711030572517108,1779711030536348861,-36.168247,-20.672,128
6330,1779711030573490504,1779711030536988380,-36.502124,-360.481,128
6331,1779711030574150334,1779711030537842950,-36.307384,-145.43,128
6332,1779711030574969946,1779711030538846611,-36.123335,3.661,128
6333,1779711030575984264,1779711030539800340,-36.183924,-46.271,128
6334,1779711030576940492,1779711030540901655,-36.038837,101.315,128
6335,1779711030578038639,1779711030541552981,-36.485658,-348.674,128
6336,1779711030578701634,1779711030542602318,-36.099316,49.337,128
6337,1779711030579702123,1779711030543593896,-36.108227,-8.422,128
6338,1779711030580738853,1779711030544620290,-36.118563,26.394,128
6339,1779711030581745272,1779711030545437036,-36.308236,-183.254,128
6340,1779711030582570908,1779711030546411794,-36.159114,-25.242,128
6341,1779711030583536822,1779711030547348564,-36.188258,-63.23,128
6342,1779711030584503817,1779711030548040015,-36.463802,-308.549,128
6343,1779711030585150915,1779711030548817548,-36.333367,-222.467,128
6344,1779711030585949408,1779711030549955737,-35.993671,138.189,128
6345,1779711030586989321,1779711030550901008,-36.088313,-54.729,128
6346,1779711030588016431,1779711030551871223,-36.145208,-29.785,128
6347,1779711030589003960,1779711030552549553,-36.454407,-321.67,128
6348,1779711030589698279,1779711030553539785,-36.158494,-9.768,128
6349,1779711030590690522,1779711030554568320,-36.122202,28.535,128
6350,1779711030591709005,1779711030555523342,-36.185663,-44.978,128
6351,1779711030592674085,1779711030657454314,64.780229,100930.972,128
6352,1779711030694482920,1779711030661879365,-32.603555,3425.051,128
6353,1779711030698729869,1779711030665548863,-33.181006,2669.498,128
6354,1779711030702455130,1779711030667281815,-35.173315,732.952,128
6355,1779711030704217626,1779711030669319498,-34.898128,1037.683,128
6356,1779711030706228439,1779711030671312269,-34.91617,992.771,128
6357,1779711030708615740,1779711030673342942,-35.272798,1030.673,128
6358,1779711030709847893,1779711030673636635,-36.211258,-706.307,128
6359,1779711030710671440,1779711030674361956,-36.309484,-274.679,128
6360,1779711030711411571,1779711030675060818,-36.350753,-301.138,128
6361,1779711030712138917,1779711030675773238,-36.365679,-287.58,128
6362,1779711030712854372,1779711030676672391,-36.181981,-100.847,128
6363,1779711030713713426,1779711030677356951,-36.356475,-315.44,128
6364,1779711030714424767,1779711030677999007,-36.42576,-357.944,128
6365,1779711030715151236,1779711030678778763,-36.372473,-220.244,128
6366,1779711030715862255,1779711030679457603,-36.404652,-321.16,128
6367,1779711030716610752,1779711030680329335,-36.281417,-128.268,128
6368,1779711030717347012,1779711030681187270,-36.159742,-142.065,128
6369,1779711030718203223,1779711030681814254,-36.388969,-373.016,128
6370,1779711030718789555,1779711030682667090,-36.122465,-147.164,128
6371,1779711030719529824,1779711030683375403,-36.154421,-291.687,128
6372,1779711030720392714,1779711030684346058,-36.046656,-29.345,128
6373,1779711030721302680,1779711030684907262,-36.395418,-438.796,128
6374,1779711030722058698,1779711030685919330,-36.139368,12.068,128
6375,1779711030722917345,1779711030686574149,-36.343196,-345.181,128
6376,1779711030723637010,1779711030687541483,-36.095527,-32.666,128
6377,1779711030724498474,1779711030688426186,-36.072288,-115.297,128
6378,1779711030725343400,1779711030689191359,-36.152041,-234.827,128
6379,1779711030726065378,1779711030689774011,-36.291367,-417.348,128
6380,1779711030726954456,1779711030691023565,-35.930891,249.554,128
6381,1779711030727952608,1779711030691632675,-36.319933,-390.89,128
6382,1779711030728704559,1779711030692530074,-36.174485,-102.601,128
6383,1779711030729548647,1779711030693256754,-36.291893,-273.32,128
6384,1779711030730271824,1779711030694066348,-36.205476,-190.406,128
6385,1779711030731154827,1779711030695034226,-36.120601,-32.122,128
6386,1779711030731987347,1779711030695869467,-36.11788,-164.759,128
6387,1779711030735261723,1779711030700694980,-34.566743,3825.513,128
6388,1779711030737729733,1779711030702312002,-35.417731,617.022,128
6389,1779711030739267487,1779711030703322061,-35.945426,10.059,128
6390,1779711030740361506,1779711030704343406,-36.0181,21.345,128
6391,1779711030741403717,1779711030705351353,-36.052364,7.947,128
6392,1779711030742433848,1779711030706105706,-36.328142,-245.647,128
6393,1779711030743177281,1779711030706901395,-36.275886,-204.311,128
6394,1779711030743920536,1779711030707609027,-36.311509,-292.368,128
6395,1779711030744658891,1779711030708557326,-36.101565,-51.701,128
6396,1779711030745520124,1779711030710099412,-35.420712,542.086,128
6397,1779711030747283084,1779711030711514998,-35.768086,415.586,128
6398,1779711030748528393,1779711030712549819,-35.978574,34.821,128
6399,1779711030749569344,1779711030713564889,-36.004455,15.07,128
6400,1779711030750543752,1779711030714756062,-35.78769,191.173,128
6401,1779711030751633091,1779711030715466780,-36.166311,-289.282,128
6402,1779711030752519894,1779711030716406623,-36.113271,-60.157,128
6403,1779711030753435744,1779711030717468650,-35.967094,62.027,128
6404,1779711030754476731,1779711030718557829,-35.918902,89.179,128
6405,1779711030755639499,1779711030719482053,-36.157446,-75.776,128
6406,1779711030756549901,1779711030720375084,-36.174817,-106.969,128
6407,1779711030757443936,1779711030721431582,-36.012354,56.498,128
6408,1779711030758485291,1779711030722365906,-36.119385,-65.676,128
6409,1779711030759237427,1779711030723315475,-35.921952,-50.431,128
6410,1779711030760249395,1779711030724119298,-36.130097,-196.177,128
6411,1779711030761150316,1779711030725247286,-35.90303,127.988,128
6412,1779711030762241884,1779711030726239350,-36.002534,-7.936,128
6413,1779711030763296425,1779711030727012988,-36.283437,-226.362,128
6414,1779711030764215320,1779711030727935022,-36.280298,-77.966,128
6415,1779711030765000728,1779711030729049588,-35.95114,114.566,128
6416,1779711030766082925,1779711030730112922,-35.970003,63.334,128
6417,1779711030767180866,1779711030731247196,-35.93367,134.274,128
6418,1779711030768194170,1779711030732102960,-36.09121,-144.236,128
6419,1779711030769108884,1779711030733085241,-36.023643,-17.719,128
6420,1779711030770183706,1779711030734332639,-35.851067,247.398,128
6421,1779711030771339713,1779711030735345748,-35.993965,13.109,128
6422,1779711030772387117,1779711030736339508,-36.047609,-6.24,128
6423,1779711030773391937,1779711030736990140,-36.401797,-349.368,128
6424,1779711030774019044,1779711030737731241,-36.287803,-258.899,128
6425,1779711030774780650,1779711030738547573,-36.233077,-183.668,128
6426,1779711030775608516,1779711030739312030,-36.296486,-235.543,128
6427,1779711030776377454,1779711030740066242,-36.311212,-245.788,128
6428,1779711030777194828,1779711030740929980,-36.264848,-136.262,128
6429,1779711030777929432,1779711030741672375,-36.257057,-257.605,128
6430,1779711030778691454,1779711030742547378,-36.144076,-124.997,128
6431,1779711030779571274,1779711030743434815,-36.136459,-112.563,128
6432,1779711030780486467,1779711030744324323,-36.162144,-110.492,128
6433,1779711030781373444,1779711030745078059,-36.295385,-246.264,128
6434,1779711030782218591,1779711030746014310,-36.204281,-63.749,128
6435,1779711030783124922,1779711030747087027,-36.037895,72.717,128
6436,1779711030784059155,1779711030748034532,-36.024623,-52.495,128
6437,1779711030785097726,1779711030748794105,-36.303621,-240.427,128
6438,1779711030785873733,1779711030749734317,-36.139416,-59.788,128
6439,1779711030786770550,1779711030750548294,-36.222256,-186.023,128
6440,1779711030787533306,1779711030751511389,-36.021917,-36.905,128
6441,1779711030788419377,1779711030751967121,-36.452256,-544.268,128
6442,1779711030788945198,1779711030752391537,-36.553661,-575.584,128
6443,1779711030789462089,1779711030752934416,-36.527673,-457.121,128
6444,1779711030790079310,1779711030753727741,-36.351569,-206.675,128
6445,1779711030790794243,1779711030754330226,-36.464017,-397.515,128
6446,1779711030791407736,1779711030754858159,-36.549577,-472.067,128
6447,1779711030792006201,1779711030756070798,-35.935403,212.639,128
6448,1779711030792900688,1779711030756811073,-36.089615,-259.725,128
6449,1779711030793864291,1779711030757579004,-36.285287,-232.069,128
6450,1779711030794603234,1779711030758429709,-36.173525,-149.295,128
6451,1779711030795434734,1779711030759122284,-36.31245,-307.425,128
6452,1779711030796151260,1779711030759952011,-36.199249,-170.273,128
6453,1779711030797009966,1779711030760536718,-36.473248,-415.293,128
6454,1779711030797610499,1779711030761504143,-36.106356,-32.575,128
6455,1779711030798493601,1779711030762324885,-36.168716,-179.258,128
6456,1779711030799336855,1779711030763052649,-36.284206,-272.236,128
6457,1779711030800178472,1779711030764047909,-36.130563,-4.74,128
6458,1779711030801016748,1779711030812540874,11.524126,47492.965,128
6459,1779711030849588054,1779711030813931137,-35.656917,390.263,128
6460,1779711030850997989,1779711030816198921,-34.799068,1267.784,128
6461,1779711030853218199,1779711030817853448,-35.364751,654.527,128
6462,1779711030855126071,1779711030819815310,-35.310761,961.862,128
6463,1779711030856721988,1779711030821637752,-35.084236,822.442,128
6464,1779711030858678738,1779711030823293722,-35.385016,655.97,128
6465,1779711030860426503,1779711030825109773,-35.31673,816.051,128
6466,1779711030862279334,1779711030826462872,-35.816462,353.099,128
6467,1779711030863587376,1779711030828725904,-34.861472,1263.032,128
6468,1779711030865496444,1779711030829767075,-35.729369,41.171,128
6469,1779711030866878984,1779711030831430088,-35.448896,663.013,128
6470,1779711030868471454,1779711030833185855,-35.285599,755.767,128
6471,1779711030870272612,1779711030834675424,-35.597188,489.569,128
6472,1779711030871853091,1779711030835563926,-36.289165,-111.498,128
6473,1779711030872661587,1779711030836805328,-35.856259,241.402,128
6474,1779711030873898151,1779711030837716288,-36.181863,-89.04,128
6475,1779711030874836440,1779711030839026700,-35.80974,310.412,128
6476,1779711030876113065,1779711030840022091,-36.090974,-4.609,128
6477,1779711030877088171,1779711030841519936,-35.568235,497.845,128
6478,1779711030878433822,1779711030842228224,-36.205598,-291.712,128
6479,1779711030879324436,1779711030843450006,-35.87443,221.782,128
6480,1779711030880528277,1779711030844138649,-36.389628,-311.357,128
6481,1779711030881226093,1779711030845079331,-36.146762,-59.318,128
6482,1779711030882187382,1779711030846059180,-36.128202,-20.151,128
6483,1779711030883168858,1779711030848067217,-35.101641,1008.037,128
6484,1779711030885211836,1779711030850361397,-34.850439,1294.18,128
6485,1779711030887308360,1779711030851914314,-35.394046,552.917,128
6486,1779711030888871990,1779711030853040234,-35.831756,125.92,128
6487,1779711030890133766,1779711030853981264,-36.152502,-58.97,128
6488,1779711030891062293,1779711030855598996,-35.463297,617.732,128
6489,1779711030892695381,1779711030856957455,-35.737926,358.459,128
6490,1779711030893927724,1779711030857984360,-35.943364,26.905,128
6491,1779711030895094206,1779711030859685587,-35.408619,701.227,128
6492,1779711030896851030,1779711030861337168,-35.513862,651.581,128
6493,1779711030898428336,1779711030863133976,-35.29436,796.808,128
6494,1779711030900093422,1779711030864158436,-35.934986,24.46,128
6495,1779711030901309054,1779711030865354440,-35.954614,196.004,128
6496,1779711030902473370,1779711030866773230,-35.70014,418.79,128
6497,1779711030903925995,1779711030868138252,-35.787743,365.022,128
6498,1779711030905244605,1779711030869707490,-35.537115,569.238,128
6499,1779711030906826973,1779711030871699489,-35.127484,991.999,128
6500,1779711030908695537,1779711030873083213,-35.612324,383.724,128
6501,1779711030910142618,1779711030874241379,-35.901239,158.166,128
6502,1779711030911340906,1779711030875825513,-35.515393,584.134,128
6503,1779711030912878235,1779711030877181083,-35.697152,355.57,128
6504,1779711030914149956,1779711030878590166,-35.55979,409.083,128
6505,1779711030915751348,1779711030880092248,-35.6591,502.082,128
6506,1779711030917086927,1779711030881035354,-36.051573,-56.894,128
6507,1779711030918087921,1779711030883231206,-34.856715,1195.852,128
6508,1779711030920311613,1779711030885092192,-35.219421,860.986,128
6509,1779711030922139858,1779711030886331737,-35.808121,239.545,128
6510,1779711030923491398,1779711030888134803,-35.356595,803.066,128
6511,1779711030925327386,1779711030889501391,-35.825995,366.588,128
6512,1779711030926578023,1779711030891341863,-35.23616,840.472,128
6513,1779711030928327856,1779711031008901678,80.573822,116559.815,128
6514,1779711031045746741,1779711031010066351,-35.68039,164.673,128
6515,1779711031046890398,1779711031010992038,-35.89836,-74.313,128
6516,1779711031047994727,1779711031012356919,-35.637808,364.881,128
6517,1779711031049355868,1779711031013970491,-35.385377,613.572,128
6518,1779711031050900253,1779711031015237793,-35.66246,267.302,128
6519,1779711031052236385,1779711031017454149,-34.782236,1216.356,128
6520,1779711031054403929,1779711031019230783,-35.173146,776.634,128
6521,1779711031056113289,1779711031020400298,-35.712991,169.515,128
6522,1779711031057647319,1779711031021890149,-35.75717,489.851,128
6523,1779711031059114750,1779711031023295230,-35.81952,405.081,128
6524,1779711031060306095,1779711031024920864,-35.385231,625.634,128
6525,1779711031061852482,1779711031026077918,-35.774564,157.054,128
6526,1779711031063128222,1779711031027356035,-35.772187,278.117,128
6527,1779711031064343872,1779711031028783215,-35.560657,427.18,128
6528,1779711031065843563,1779711031030394621,-35.448942,611.406,128
6529,1779711031067470233,1779711031032221768,-35.248465,827.147,128
6530,1779711031069178088,1779711031033472044,-35.706044,250.276,128
6531,1779711031070610989,1779711031034959546,-35.651443,487.502,128
6532,1779711031071816313,1779711031037297925,-34.518388,1338.379,128
6533,1779711031074270293,1779711031039030149,-35.240144,732.224,128
6534,1779711031076039762,1779711031041023096,-35.016666,992.947,128
6535,1779711031077986438,1779711031042792780,-35.193658,769.684,128
6536,1779711031079796583,1779711031044945990,-34.850593,1153.21,128
6537,1779711031081916804,1779711031047423764,-34.49304,1477.774,128
6538,1779711031084553771,1779711031049366863,-35.186908,943.099,128
6539,1779711031086468117,1779711031051367924,-35.100193,1001.061,128
6540,1779711031088592474,1779711031057136471,-31.456003,4768.547,128
6541,1779711031094075127,1779711031059066880,-35.008247,930.409,128
6542,1779711031096093069,1779711031061089560,-35.003509,1022.68,128
6543,1779711031098247297,1779711031063502476,-34.744821,1412.916,128
6544,1779711031100486036,1779711031066130621,-34.355415,1628.145,128
6545,1779711031103302305,1779711031069075949,-34.226356,1945.328,128
6546,1779711031106194194,1779711031070528360,-35.665834,452.411,128
6547,1779711031107732197,1779711031072078038,-35.654159,549.678,128
6548,1779711031109197449,1779711031074010678,-35.186771,932.64,128
6549,1779711031111204278,1779711031075712691,-35.491587,702.013,128
6550,1779711031112837085,1779711031077418950,-35.418135,706.259,128
6551,1779711031114552018,1779711031078892554,-35.659464,473.604,128
6552,1779711031116013277,1779711031080350028,-35.663249,457.474,128
6553,1779711031117566262,1779711031082105043,-35.461219,755.015,128
6554,1779711031119160790,1779711031083752641,-35.408149,647.598,128
6555,1779711031120800024,1779711031085313078,-35.486946,560.437,128
6556,1779711031122481307,1779711031087076025,-35.405282,762.947,128
6557,1779711031124263842,1779711031089954197,-34.309645,1878.172,128
6558,1779711031127059838,1779711031091834970,-35.224868,880.773,128
6559,1779711031128781512,1779711031098578606,-30.202906,5743.636,128
6560,1779711031135468546,1779711031101056777,-34.411769,1478.171,128
6561,1779711031138229458,1779711031107127713,-31.101745,5070.936,128
6562,1779711031144111074,1779711031108963064,-35.14801,835.351,128
6563,1779711031146048368,1779711031112001447,-34.046921,2038.383,128
6564,1779711031149472612,1779711031113790440,-35.682172,788.993,128
6565,1779711031150927433,1779711031115570107,-35.357326,779.667,128
6566,1779711031152673866,1779711031117288619,-35.385247,718.512,128
6567,1779711031154320972,1779711031119051756,-35.269216,763.137,128
6568,1779711031156090717,1779711031120980004,-35.110713,928.248,128
6569,1779711031157947948,1779711031122409001,-35.538947,428.997,128
6570,1779711031159515374,1779711031123315362,-36.200012,-93.639,128
6571,1779711031160431513,1779711031124277837,-36.153676,-37.525,128
6572,1779711031161379880,1779711031125281594,-36.098286,3.757,128
6573,1779711031162345335,1779711031126129042,-36.216293,-152.552,128
6574,1779711031163176266,1779711031127217685,-35.958581,88.643,128
6575,1779711031164160733,1779711031128266404,-35.894329,48.719,128
6576,1779711031165243261,1779711031129174201,-36.06906,-92.203,128
6577,1779711031166213133,1779711031130000954,-36.212179,-173.247,128
6578,1779711031167070463,1779711031131048854,-36.021609,47.9,128
6579,1779711031168096482,1779711031132053830,-36.042652,4.976,128
6580,1779711031169097919,1779711031132854183,-36.243736,-199.647,128
6581,1779711031169932563,1779711031133665427,-36.267136,-188.756,128
6582,1779711031170744032,1779711031134291445,-36.452587,-373.982,128
6583,1779711031171420382,1779711031134958721,-36.461661,-332.724,128
6584,1779711031172107816,1779711031135812741,-36.295075,-145.98,128
6585,1779711031172926184,1779711031136909057,-36.017127,96.316,128
6586,1779711031173940557,1779711031137873689,-36.066868,-35.368,128
6587,1779711031174966461,1779711031139139275,-35.827186,265.586,128
6588,1779711031176247620,1779711031140338971,-35.908649,199.696,128
6589,1779711031177425918,1779711031141567079,-35.858839,228.108,128
6590,1779711031178561580,1779711031142405614,-36.155966,-161.465,128
6591,1779711031179529221,1779711031143488192,-36.041029,82.578,128
6592,1779711031180600807,1779711031144347322,-36.253485,-140.87,128
6593,1779711031181491334,1779711031145265684,-36.22565,-81.638,128
6594,1779711031182361055,1779711031146266627,-36.094428,0.943,128
6595,1779711031183381491,1779711031146948220,-36.433271,-318.407,128
6596,1779711031184093813,1779711031147832026,-36.261787,-116.194,128
6597,1779711031184976508,1779711031148989055,-35.987453,157.029,128
6598,1779711031186103387,1779711031150068148,-36.035239,79.093,128
6599,1779711031187175672,1779711031151309881,-35.865791,241.733,128
6600,1779711031188211349,1779711031152015033,-36.196316,-294.848,128
6601,1779711031189090149,1779711031153224228,-35.865921,209.195,128
6602,1779711031190246956,1779711031154074401,-36.172555,-149.827,128
6603,1779711031191181978,1779711031154961115,-36.220863,-113.286,128
6604,1779711031192083902,1779711031155645078,-36.438824,-316.037,128
6605,1779711031192771802,1779711031156726955,-36.044847,81.877,128
6606,1779711031193816331,1779711031157552971,-36.26336,-173.984,128
6607,1779711031194683170,1779711031158686350,-35.99682,133.379,128
6608,1779711031195736966,1779711031159706640,-36.030326,20.29,128
6609,1779711031196794259,1779711031160704084,-36.090175,-2.556,128
6610,1779711031197839072,1779711031161752221,-36.086851,48.137,128
6611,1779711031198880617,1779711031162944565,-35.936052,192.344,128
6612,1779711031199922787,1779711031163766568,-36.156219,-177.997,128
6613,1779711031200807727,1779711031164703954,-36.103773,-62.614,128
6614,1779711031201831497,1779711031165540540,-36.290957,-163.414,128
6615,1779711031202669706,1779711031166497093,-36.172613,-43.447,128
6616,1779711031203572749,1779711031167518301,-36.054448,21.208,128
6617,1779711031204586513,1779711031168604865,-35.981648,86.564,128
6618,1779711031205580361,1779711031169295378,-36.284983,-309.487,128
6619,1779711031206334208,1779711031170139549,-36.194659,-155.829,128
6620,1779711031207267483,1779711031171145801,-36.121682,6.252,128
6621,1779711031208024303,1779711031171841069,-36.183234,-304.732,128
6622,1779711031208928287,1779711031172577696,-36.350591,-263.373,128
6623,1779711031209687336,1779711031173516743,-36.170593,-60.953,128
6624,1779711031210560492,1779711031316974212,106.41372,142457.469,128
6625,1779711031359158753,1779711031323629704,-35.529049,5655.492,128
6626,1779711031360613336,1779711031324382729,-36.230607,-246.975,128
6627,1779711031361490981,1779711031325266529,-36.224452,-116.2,128
6628,1779711031362386994,1779711031325948642,-36.438352,-317.887,128
6629,1779711031363053564,1779711031326667651,-36.385913,-280.991,128
6630,1779711031363750043,1779711031327457313,-36.29273,-210.338,128
6631,1779711031364560648,1779711031328501743,-36.058905,44.43,128
6632,1779711031365551747,1779711031329248106,-36.303641,-253.637,128
6633,1779711031366366169,1779711031330048860,-36.317309,-199.246,128
6634,1779711031367173342,1779711031330708000,-36.465342,-340.86,128
6635,1779711031367839804,1779711031331536499,-36.303305,-171.501,128
6636,1779711031368671972,1779711031332420233,-36.251739,-116.266,128
6637,1779711031369477530,1779711031333206907,-36.270623,-213.326,128
6638,1779711031370305918,1779711031334162502,-36.143416,-44.405,128
6639,1779711031371267697,1779711031334997105,-36.270592,-165.397,128
6640,1779711031372122046,1779711031335856640,-36.265406,-140.465,128
6641,1779711031373109230,1779711031337061863,-36.047367,205.223,128
6642,1779711031374149073,1779711031338188565,-35.960508,126.702,128
6643,1779711031375276739,1779711031339211103,-36.065636,22.538,128
6644,1779711031376275570,1779711031340119986,-36.155584,-91.117,128
6645,1779711031377220189,1779711031341170222,-36.049967,50.236,128
6646,1779711031378276520,1779711031342123133,-36.153387,-47.089,128
6647,1779711031379242937,1779711031343073036,-36.169901,-50.097,128
6648,1779711031380172055,1779711031343876624,-36.295431,-196.412,128
6649,1779711031380989601,1779711031344834873,-36.154728,-41.751,128
6650,1779711031381953764,1779711031346258764,-35.695,423.891,128
6651,1779711031383351513,1779711031347378419,-35.973094,119.655,128
6652,1779711031384502756,1779711031347999713,-36.503043,-378.706,128
6653,1779711031385120070,1779711031348667641,-36.452429,-332.072,128
6654,1779711031385790884,1779711031353049806,-32.741078,3382.165,128
6655,1779711031390022364,1779711031353961246,-36.061118,-88.56,128
6656,1779711031391255130,1779711031359666256,-31.588874,4705.01,128
6657,1779711031396938120,1779711031361044131,-35.893989,377.875,128
6658,1779711031398145355,1779711031364840304,-33.305051,2796.173,128
6659,1779711031401877362,1779711031366681597,-35.195765,841.293,128
6660,1779711031403762995,1779711031368221322,-35.541673,539.725,128
6661,1779711031405287036,1779711031369552098,-35.734938,330.776,128
6662,1779711031406612687,1779711031371341751,-35.270936,789.653,128
6663,1779711031408496645,1779711031373446607,-35.050038,1104.856,128
6664,1779711031410538157,1779711031374902171,-35.635986,455.564,128
6665,1779711031412032301,1779711031376770006,-35.262295,867.835,128
6666,1779711031413884852,1779711031378108085,-35.776767,338.079,128
6667,1779711031415246053,1779711031379412450,-35.833603,304.365,128
6668,1779711031416518536,1779711031380557584,-35.960952,145.134,128
6669,1779711031417678742,1779711031381544556,-36.134186,-13.028,128
6670,1779711031418635047,1779711031382616065,-36.018982,71.509,128
6671,1779711031419701609,1779711031383422174,-36.279435,-193.891,128
6672,1779711031420518172,1779711031384130501,-36.387671,-291.673,128
6673,1779711031421218650,1779711031385104888,-36.113762,-25.613,128
6674,1779711031422224514,1779711031386396831,-35.827683,291.943,128
6675,1779711031423355883,1779711031387340461,-36.015422,-56.37,128
6676,1779711031424414914,1779711031387987525,-36.427389,-352.936,128
6677,1779711031425124842,1779711031388839422,-36.28542,-148.103,128
6678,1779711031425965108,1779711031389647742,-36.317366,-191.68,128
6679,1779711031426778152,1779711031390488420,-36.289732,-159.322,128
6680,1779711031427643598,1779711031391370301,-36.273297,-118.119,128
6681,1779711031428477747,1779711031392447828,-36.029919,77.527,128
6682,1779711031429584674,1779711031393127529,-36.457145,-320.299,128
6683,1779711031430258902,1779711031393964287,-36.294615,-163.242,128
6684,1779711031431065750,1779711031394844547,-36.221203,-119.74,128
6685,1779711031431915147,1779711031395914552,-36.000595,70.005,128
6686,1779711031433037659,1779711031396968740,-36.068919,54.188,128
6687,1779711031434033152,1779711031398018312,-36.01484,49.572,128
6688,1779711031435085033,1779711031398932300,-36.152733,-86.012,128
6689,1779711031436032440,1779711031400023481,-36.008959,91.181,128
6690,1779711031436991461,1779711031400968220,-36.023241,-55.261,128
6691,1779711031437996721,1779711031401725204,-36.271517,-243.016,128
6692,1779711031438845000,1779711031402462443,-36.382557,-262.761,128
6693,1779711031439525914,1779711031403094362,-36.431552,-368.081,128
6694,1779711031440220968,1779711031404101588,-36.11938,7.226,128
6695,1779711031441210166,1779711031404830076,-36.38009,-271.512,128
6696,1779711031441908377,1779711031405457242,-36.451135,-372.834,128
6697,1779711031442585810,1779711031406187287,-36.398523,-269.955,128
6698,1779711031443303642,1779711031407004307,-36.299335,-182.98,128
6699,1779711031444158509,1779711031407775841,-36.382668,-228.466,128
6700,1779711031444891387,1779711031408743710,-36.147677,-32.131,128
6701,1779711031445835613,1779711031410018403,-35.81721,274.693,128
6702,1779711031447152035,1779711031412085291,-35.066744,1066.888,128
6703,1779711031448129117,1779711031412091107,-36.03801,-994.184,128
6704,1779711031449135034,1779711031412923870,-36.211164,-167.237,128
6705,1779711031449981032,1779711031413865979,-36.115053,-57.891,128
6706,1779711031450942073,1779711031414857113,-36.08496,-8.866,128
6707,1779711031451921182,1779711031415685585,-36.235597,-171.528,128
6708,1779711031452746697,1779711031416745156,-36.001541,59.571,128
6709,1779711031453748807,1779711031417367946,-36.380861,-377.21,128
6710,1779711031454429023,1779711031418375466,-36.053557,7.52,128
6711,1779711031455297958,1779711031419000616,-36.297342,-374.85,128
6712,1779711031456133891,1779711031420232551,-35.90134,231.935,128
6713,1779711031457120260,1779711031421291607,-35.828653,59.056,128
6714,1779711031458109643,1779711031421948988,-36.160655,-342.619,128
6715,1779711031459080350,1779711031422684750,-36.3956,-264.238,128
6716,1779711031459748222,1779711031423342960,-36.405262,-341.79,128
6717,1779711031460412862,1779711031424328909,-36.083953,-14.051,128
6718,1779711031461399335,1779711031425283404,-36.115931,-45.505,128
6719,1779711031462362328,1779711031425897268,-36.46506,-386.136,128
6720,1779711031463037724,1779711031426815151,-36.222573,-82.117,128
6721,1779711031463883847,1779711031427858729,-36.025118,43.578,128
6722,1779711031464850248,1779711031430084688,-34.76556,1225.959,128
6723,1779711031467324824,1779711031431931429,-35.393395,846.741,128
6724,1779711031469167131,1779711031433368150,-35.798981,436.721,128
6725,1779711031470599451,1779711031434710878,-35.888573,342.728,128
6726,1779711031471741004,1779711031435738162,-36.002842,27.284,128
6727,1779711031472775434,1779711031436787858,-35.987576,49.696,128
6728,1779711031473846697,1779711031499098042,25.251345,61310.184,128
6729,1779711031535909586,1779711031501281213,-34.628373,1183.171,128
6730,1779711031538148980,1779711031503060096,-35.088884,778.883,128
6731,1779711031539983171,1779711031504783084,-35.200087,722.988,128
6732,1779711031541760661,1779711031506097476,-35.663185,314.392,128
6733,1779711031543074070,1779711031507994172,-35.079898,896.696,128
6734,1779711031544959897,1779711031509491902,-35.467995,497.73,128
6735,1779711031546446122,1779711031511557658,-34.888464,1065.756,128
6736,1779711031548501330,1779711031513343792,-35.157538,786.134,128
6737,1779711031550299612,1779711031514858544,-35.441068,514.752,128
6738,1779711031551886278,1779711031516766983,-35.119295,908.439,128
6739,1779711031553685979,1779711031518850172,-34.835807,1083.189,128
6740,1779711031555799953,1779711031520542102,-35.257851,691.93,128
6741,1779711031557526453,1779711031522287616,-35.238837,745.514,128
6742,1779711031559188653,1779711031523974538,-35.214115,686.922,128
6743,1779711031560754408,1779711031525887718,-34.86669,913.18,128
6744,1779711031562772972,1779711031527345618,-35.427354,457.9,128
6745,1779711031564284295,1779711031529321497,-34.962798,975.879,128
6746,1779711031566275167,1779711031530934347,-35.34082,612.85,128
6747,1779711031567835922,1779711031533091631,-34.744291,1157.284,128
6748,1779711031569997317,1779711031534456045,-35.541272,364.414,128
6749,1779711031571426293,1779711031535960404,-35.465889,504.359,128
6750,1779711031572890636,1779711031537543175,-35.347461,582.771,128
6751,1779711031574492583,1779711031538993105,-35.499478,449.93,128
6752,1779711031575818377,1779711031541723178,-34.095199,1730.073,128
6753,1779711031578671059,1779711031543141596,-35.529463,418.418,128
6754,1779711031580123107,1779711031544968129,-35.154978,826.533,128
6755,1779711031581947457,1779711031546468688,-35.478769,500.559,128
6756,1779711031583505173,1779711031548740417,-34.764756,1271.729,128
6757,1779711031585748965,1779711031550512059,-35.236906,771.642,128
6758,1779711031587603553,1779711031552386050,-35.217503,873.991,128
6759,1779711031589294362,1779711031554319499,-34.974863,933.449,128
6760,1779711031591268935,1779711031556269497,-34.999438,949.998,128
6761,1779711031593223128,1779711031557890371,-35.332757,620.874,128
6762,1779711031594930588,1779711031559693452,-35.237136,803.081,128
6763,1779711031596684154,1779711031561120018,-35.564136,426.566,128
6764,1779711031598048089,1779711031562825709,-35.22238,705.691,128
6765,1779711031599858370,1779711031564410972,-35.447398,585.263,128
6766,1779711031601434618,1779711031565873564,-35.561054,462.592,128
6767,1779711031602860295,1779711031567298434,-35.561861,424.87,128
6768,1779711031604332940,1779711031569226031,-35.106909,927.597,128
6769,1779711031606229834,1779711031570537170,-35.692664,311.139,128
6770,1779711031607694434,1779711031572289273,-35.405161,752.103,128
6771,1779711031609247247,1779711031574262440,-34.984807,973.167,128
6772,1779711031611181988,1779711031575875884,-35.306104,613.444,128
6773,1779711031612880907,1779711031577488306,-35.392601,612.422,128
6774,1779711031614498334,1779711031578949317,-35.549017,461.011,128
6775,1779711031615985379,1779711031580294510,-35.690869,345.193,128
6776,1779711031617281959,1779711031582251943,-35.030016,957.433,128
6777,1779711031619238270,1779711031584182470,-35.0558,930.527,128
6778,1779711031621050884,1779711031585985206,-35.065678,802.736,128
6779,1779711031622925337,1779711031587168419,-35.756918,183.213,128
6780,1779711031624147769,1779711031589273220,-34.874549,1104.801,128
6781,1779711031626323672,1779711031591031467,-35.292205,758.247,128
6782,1779711031628072152,1779711031592727787,-35.344365,696.32,128
6783,1779711031629788705,1779711031594490315,-35.29839,762.528,128
6784,1779711031631575833,1779711031596300702,-35.275131,810.387,128
6785,1779711031633291889,1779711031597579161,-35.712728,278.459,128
6786,1779711031634637180,1779711031599054434,-35.582746,475.273,128
6787,1779711031636055381,1779711031600470610,-35.584771,416.176,128
6788,1779711031637461585,1779711031601923509,-35.538076,452.899,128
6789,1779711031638890601,1779711031605979425,-32.911176,3055.916,128
6790,1779711031642987009,1779711031607080634,-35.906375,101.209,128
6791,1779711031644101191,1779711031608356195,-35.744996,275.561,128
6792,1779711031645373849,1779711031617251958,-28.121891,7895.763,128
6793,1779711031653667172,1779711031619627604,-34.039568,1375.646,128
6794,1779711031656651566,1779711031620986783,-35.664783,359.179,128
6795,1779711031657946426,1779711031622711221,-35.235205,724.438,128
6796,1779711031659523650,1779711031624109486,-35.414164,398.265,128
6797,1779711031661059209,1779711031626138263,-34.920946,1028.777,128
6798,1779711031663260343,1779711031627999588,-35.260755,861.325,128
6799,1779711031665084156,1779711031629492786,-35.59137,493.198,128
6800,1779711031666540295,1779711031703440283,36.899988,72947.497,128
6801,1779711031740232764,1779711031708812809,-31.419955,4372.526,128
6802,1779711031745810151,1779711031709563829,-36.246322,-248.98,128
6803,1779711031746609694,1779711031710447474,-36.16222,-116.355,128
6804,1779711031747477983,1779711031711222070,-36.255913,-225.404,128
6805,1779711031748179088,1779711031711832884,-36.346204,-389.186,128
6806,1779711031748905920,1779711031712528505,-36.377415,-304.379,128
6807,1779711031749541847,1779711031713444041,-36.097806,-84.464,128
6808,1779711031750424906,1779711031714069713,-36.355193,-374.328,128
6809,1779711031751134521,1779711031714836811,-36.29771,-232.902,128
6810,1779711031751850048,1779711031715420360,-36.429688,-416.451,128
6811,1779711031752432094,1779711031716001977,-36.430117,-418.383,128
6812,1779711031753141672,1779711031716825783,-36.315889,-176.194,128
6813,1779711031753906957,1779711031717908109,-35.998848,82.326,128
6814,1779711031754765931,1779711031718614504,-36.151427,-293.605,128
6815,1779711031755515701,1779711031719475514,-36.040187,-138.99,128
6816,1779711031756355524,1779711031720488802,-35.866722,13.288,128
6817,1779711031757351072,1779711031721374544,-35.976528,-114.258,128
6818,1779711031758193741,1779711031722039056,-36.154685,-335.488,128
6819,1779711031759085979,1779711031722850495,-36.235484,-188.561,128
6820,1779711031759845791,1779711031723395202,-36.450589,-455.293,128
6821,1779711031760319011,1779711031723971191,-36.34782,-424.011,128
6822,1779711031761046875,1779711031724940275,-36.1066,-30.916,128
6823,1779711031761938933,1779711031725463500,-36.475433,-476.775,128
6824,1779711031762412575,1779711031726371752,-36.040823,-91.748,128
6825,1779711031763278248,1779711031726964830,-36.313418,-406.922,128
6826,1779711031764042943,1779711031727878531,-36.164412,-86.299,128
6827,1779711031764918925,1779711031728803138,-36.115787,-75.393,128
6828,1779711031765817030,1779711031729473425,-36.343605,-329.713,128
6829,1779711031766532222,1779711031730699441,-35.832781,226.016,128
6830,1779711031767425905,1779711031731365657,-36.060248,-333.784,128
6831,1779711031768273646,1779711031732105183,-36.168463,-260.474,128
6832,1779711031769059447,1779711031732918116,-36.141331,-187.067,128
6833,1779711031769943000,1779711031733676204,-36.266796,-241.912,128
6834,1779711031770740087,1779711031734284269,-36.455818,-391.935,128
6835,1779711031771357195,1779711031734983594,-36.373601,-300.675,128
6836,1779711031772124391,1779711031735664882,-36.459509,-318.712,128
6837,1779711031772732179,1779711031736531016,-36.201163,-133.866,128
6838,1779711031773599358,1779711031737421138,-36.17822,-109.878,128
6839,1779711031774466833,1779711031738483801,-35.983032,62.663,128
6840,1779711031775544458,1779711031739338515,-36.205943,-145.286,128
6841,1779711031776334168,1779711031740129251,-36.204917,-209.264,128
6842,1779711031777221685,1779711031741031752,-36.189933,-97.499,128
6843,1779711031778081475,1779711031741954802,-36.126673,-76.95,128
6844,1779711031778940556,1779711031742485239,-36.455317,-469.563,128
6845,1779711031779542078,1779711031743272202,-36.269876,-213.037,128
6846,1779711031780306940,1779711031743933133,-36.373807,-339.069,128
6847,1779711031781048550,1779711031744831124,-36.217426,-102.009,128
6848,1779711031781885867,1779711031745649562,-36.236305,-181.562,128
6849,1779711031782720098,1779711031746531318,-36.18878,-118.244,128
6850,1779711031783601395,1779711031747369029,-36.232366,-162.289,128
6851,1779711031784435984,1779711031748028835,-36.407149,-340.194,128
6852,1779711031785172242,1779711031748917030,-36.255212,-111.805,128
6853,1779711031786033994,1779711031749840821,-36.193173,-76.209,128
6854,1779711031786973947,1779711031750658418,-36.315529,-182.403,128
6855,1779711031787692404,1779711031751339840,-36.352564,-318.578,128
6856,1779711031788344570,1779711031752277383,-36.067187,-62.457,128
6857,1779711031789230868,1779711031753103976,-36.126892,-173.407,128
6858,1779711031790103780,1779711031753894411,-36.209369,-209.565,128
6859,1779711031790965147,1779711031754601684,-36.363463,-292.727,128
6860,1779711031791678631,1779711031755325481,-36.35315,-276.203,128
6861,1779711031792387176,1779711031756048608,-36.338568,-276.873,128
6862,1779711031793110139,1779711031756789471,-36.320668,-259.137,128
6863,1779711031793836935,1779711031757975312,-35.861623,185.841,128
6864,1779711031794685356,1779711031758343913,-36.341443,-631.399,128
6865,1779711031795396094,1779711031759426159,-35.969935,82.246,128
6866,1779711031796465184,1779711031760300190,-36.164994,-125.969,128
6867,1779711031797375760,1779711031761250592,-36.125168,-49.598,128
6868,1779711031798367032,1779711031761994664,-36.372368,-255.928,128
6869,1779711031799019619,1779711031762818424,-36.201195,-176.24,128
6870,1779711031799893871,1779711031763737309,-36.156562,-81.115,128
6871,1779711031800735909,1779711031764528717,-36.207192,-208.592,128
6872,1779711031801598361,1779711031765063633,-36.534728,-465.084,128
6873,1779711031802204140,1779711031765854859,-36.349281,-208.774,128
6874,1779711031802919028,1779711031766725842,-36.193186,-129.017,128
6875,1779711031803770757,1779711031767378254,-36.392503,-347.588,128
6876,1779711031804433235,1779711031768477506,-35.955729,99.252,128
6877,1779711031805490667,1779711031769076475,-36.414192,-401.031,128
6878,1779711031806159412,1779711031770312235,-35.847177,235.76,128
6879,1779711031807191134,1779711031771096936,-36.094198,-215.299,128
6880,1779711031808197021,1779711031772129556,-36.067465,32.62,128
6881,1779711031809015449,1779711031773047023,-35.968426,-82.533,128
6882,1779711031810072790,1779711031774288307,-35.784483,241.284,128
6883,1779711031811125748,1779711031774937349,-36.188399,-350.958,128
6884,1779711031812007192,1779711031775708410,-36.298782,-228.939,128
6885,1779711031812662566,1779711031776433981,-36.228585,-274.429,128
6886,1779711031813411229,1779711031777276077,-36.135152,-157.904,128
6887,1779711031814159454,1779711031777907432,-36.252022,-368.645,128
6888,1779711031815027505,1779711031778835595,-36.19191,-71.837,128
6889,1779711031815899594,1779711031779982273,-35.917321,146.678,128
6890,1779711031817031136,1779711031781104092,-35.927044,121.819,128
6891,1779711031817913893,1779711031781731708,-36.182185,-372.384,128
6892,1779711031818781630,1779711031782470954,-36.310676,-260.754,128
6893,1779711031819510324,1779711031783420310,-36.090014,-50.644,128
6894,1779711031820469910,1779711031784251736,-36.218174,-168.574,128
6895,1779711031821249009,1779711031784701492,-36.547517,-550.244,128
6896,1779711031821840560,1779711031785547871,-36.292689,-153.621,128
6897,1779711031822578728,1779711031786280076,-36.298652,-267.795,128
6898,1779711031823339643,1779711031786934363,-36.40528,-345.713,128
6899,1779711031823978730,1779711031787654892,-36.323838,-279.471,128
6900,1779711031824706210,1779711031874423729,49.717519,85768.837,128
6901,1779711031911782736,1779711031876177408,-35.605328,753.679,128
6902,1779711031913239479,1779711031878117734,-35.121745,940.326,128
6903,1779711031915243076,1779711031879488370,-35.754706,370.636,128
6904,1779711031916493274,1779711031881262710,-35.230564,774.34,128
6905,1779711031918035801,1779711031882866918,-35.168883,604.208,128
6906,1779711031919951989,1779711031884794885,-35.157104,927.967,128
6907,1779711031921917826,1779711031886153235,-35.764591,358.35,128
6908,1779711031923265567,1779711031887431744,-35.833823,278.509,128
6909,1779711031924629481,1779711031889018651,-35.61083,586.907,128
6910,1779711031926140266,1779711031890955093,-35.185173,936.442,128
6911,1779711031928015815,1779711031893418864,-34.596951,1463.771,128
6912,1779711031930496372,1779711031895028747,-35.467625,609.883,128
6913,1779711031932119806,1779711031897365338,-34.754468,1336.591,128
6914,1779711031934672535,1779711031899145167,-35.527368,779.829,128
6915,1779711031936249186,1779711031900880564,-35.368622,735.397,128
6916,1779711031938014015,1779711031902388982,-35.625033,508.418,128
6917,1779711031939495055,1779711031903898753,-35.596302,509.771,128
6918,1779711031941071103,1779711031905945281,-35.125822,1046.528,128
6919,1779711031943037410,1779711031908006013,-35.031397,1060.732,128
6920,1779711031945134788,1779711031910411930,-34.722858,1405.917,128
6921,1779711031947345001,1779711031912492847,-34.852154,1080.917,128
6922,1779711031949368946,1779711031914170533,-35.198413,677.686,128
6923,1779711031951263685,1779711031915999131,-35.264554,828.598,128
6924,1779711031953104771,1779711031917919203,-35.185568,920.072,128
6925,1779711031954939382,1779711031919686225,-35.253157,767.022,128
6926,1779711031956754041,1779711031922027538,-34.726503,1341.313,128
6927,1779711031959124170,1779711031923858421,-35.265749,830.883,128
6928,1779711031960944062,1779711031925457801,-35.486261,599.38,128
6929,1779711031962514897,1779711031926481962,-36.032935,24.161,128
6930,1779711031963706789,1779711031928098482,-35.608307,616.52,128
6931,1779711031965191954,1779711031929937749,-35.254205,839.267,128
6932,1779711031966914866,1779711031931666690,-35.248176,728.941,128
6933,1779711031968863685,1779711031933737904,-35.125781,1071.214,128
6934,1779711031970903308,1779711031935169318,-35.73399,431.414,128
6935,1779711031972287755,1779711031936998521,-35.289234,829.203,128
6936,1779711031974078534,1779711031938822764,-35.25577,824.243,128
6937,1779711031976000779,1779711031941036975,-34.963804,1214.211,128
6938,1779711031978084077,1779711031942884144,-35.199933,847.169,128
6939,1779711031980020464,1779711031944736100,-35.284364,851.956,128
6940,1779711031981926242,1779711031945870420,-36.055822,134.32,128
6941,1779711031982952485,1779711031946511612,-36.440873,-358.808,128
6942,1779711031983592702,1779711031948124057,-35.468645,612.445,128
6943,1779711031985223653,1779711031949357881,-35.865772,233.824,128
6944,1779711031986436039,1779711031951360117,-35.075922,1002.236,128
6945,1779711031988458888,1779711031952956534,-35.502354,596.417,128
6946,1779711031990053053,1779711031954471867,-35.581186,515.333,128
6947,1779711031991514431,1779711031956464408,-35.050023,992.541,128
6948,1779711031993630900,1779711031957567933,-36.062967,103.525,128
6949,1779711031994696222,1779711031959953140,-34.743082,1385.207,128
6950,1779711031997048279,1779711031962129194,-34.919085,1176.054,128
6951,1779711031999236339,1779711031964031765,-35.204574,902.571,128
6952,1779711032001094437,1779711031965387269,-35.707168,355.504,128
6953,1779711032002415898,1779711031968738742,-33.677156,2351.473,128
6954,1779711032004106981,1779711031968745893,-35.361088,-992.849,128
6955,1779711032005760703,1779711031970142439,-35.618264,396.546,128
6956,1779711032007195302,1779711031971781830,-35.413472,639.391,128
6957,1779711032008917155,1779711031973741238,-35.175917,959.408,128
6958,1779711032010805548,1779711031975221689,-35.583859,480.451,128
6959,1779711032012249834,1779711031977313351,-34.936483,1091.662,128
6960,1779711032014281416,1779711031979425105,-34.856311,1111.754,128
6961,1779711032015898857,1779711031980474989,-35.423868,49.884,128
6962,1779711032017644040,1779711031982085595,-35.558445,610.606,128
6963,1779711032018960604,1779711031983528503,-35.432101,442.908,128
6964,1779711032020524763,1779711031985433208,-35.091555,904.705,128
6965,1779711032022442652,1779711031986913217,-35.529435,480.009,128
6966,1779711032023953271,1779711031988338413,-35.614858,425.196,128
6967,1779711032025340637,1779711031989844221,-35.496416,505.808,128
6968,1779711032026895891,1779711031991389253,-35.506638,545.032,128
6969,1779711032028412451,1779711031993060661,-35.35179,671.408,128
6970,1779711032030026217,1779711031994523490,-35.502727,462.829,128
6971,1779711032031678033,1779711031996488115,-35.189918,964.625,128
6972,1779711032033488661,1779711031998370249,-35.118412,882.134,128
6973,1779711032035323000,1779711032000312742,-35.010258,942.493,128
6974,1779711032037328216,1779711032002446536,-34.88168,1133.794,128
6975,1779711032039452314,1779711032004105745,-35.346569,659.209,128
6976,1779711032041132259,1779711032006319194,-34.813065,1213.449,128
6977,1779711032043382398,1779711032010769847,-32.612551,3450.653,128
6978,1779711032047879146,1779711032012241151,-35.637995,471.304,128
6979,1779711032049233306,1779711032014442491,-34.790815,1201.34,128
6980,1779711032051317236,1779711032015848821,-35.468415,406.33,128
6981,1779711032052926204,1779711032017614823,-35.311381,766.002,128
6982,1779711032054858264,1779711032019378544,-35.47972,763.721,128
6983,1779711032056288714,1779711032031859984,-24.42873,11481.44,128
6984,1779711032068839022,1779711032034350089,-34.488933,1490.105,128
6985,1779711032071317397,1779711032036353561,-34.963836,1003.472,128
6986,1779711032073405070,1779711032038035122,-35.369948,681.561,128
6987,1779711032074992728,1779711032040263723,-34.729005,1228.601,128
6988,1779711032077149367,1779711032041987569,-35.161798,723.846,128
6989,1779711032078951878,1779711032044066055,-34.885823,1078.486,128
6990,1779711032081074173,1779711032045903478,-35.170695,837.423,128
6991,1779711032082901425,1779711032048254055,-34.64737,1350.577,128
6992,1779711032085192488,1779711032050293799,-34.898689,1039.744,128
6993,1779711032087093224,1779711032051807475,-35.285749,513.676,128
6994,1779711032088813040,1779711032054201244,-34.611796,1393.769,128
6995,1779711032091277279,1779711032056127215,-35.150064,925.971,128
6996,1779711032093228677,1779711032058447061,-34.781616,1319.846,128
6997,1779711032095460409,1779711032061379473,-34.080936,1932.412,128
6998,1779711032098468475,1779711032063471740,-34.996735,1092.267,128
6999,1779711032100394905,1779711032066008913,-34.385992,1537.173,128
7000,1779711032103127183,1779711032068260001,-34.867182,1251.088,128
7001,1779711032105253318,1779711032070239921,-35.013397,979.92,128
7002,1779711032107011493,1779711032072408217,-34.603276,1168.296,128
7003,1779711032109540033,1779711032074094519,-35.445514,686.302,128
7004,1779711032111141519,1779711032075883048,-35.258471,788.529,128
7005,1779711032112844427,1779711032077456282,-35.388145,573.234,128
7006,1779711032114455910,1779711032078956646,-35.499264,500.364,128
7007,1779711032116021991,1779711032081094343,-34.927648,1137.697,128
7008,1779711032117994270,1779711032082635184,-35.359086,540.841,128
7009,1779711032119664640,1779711032084675055,-34.989585,1039.871,128
7010,1779711032121601504,1779711032086514815,-35.086689,839.76,128
7011,1779711032123531051,1779711032088328188,-35.202863,813.373,128
7012,1779711032125371186,1779711032090266866,-35.10432,938.678,128
7013,1779711032127217280,1779711032092265692,-34.951588,998.826,128
7014,1779711032129318928,1779711032094385996,-34.932932,1120.304,128
7015,1779711032131445425,1779711032096476810,-34.968615,1090.814,128
7016,1779711032133543381,1779711032098375158,-35.168223,898.348,128
7017,1779711032135412037,1779711032100421351,-34.990686,1046.193,128
7018,1779711032137634554,1779711032103016305,-34.618249,1594.954,128
7019,1779711032139996335,1779711032104106766,-35.889569,90.461,128
7020,1779711032141234592,1779711032105765886,-35.468706,659.12,128
7021,1779711032142842121,1779711032107672994,-35.169127,907.108,128
7022,1779711032144955977,1779711032109572907,-35.38307,899.913,128
7023,1779711032146581520,1779711032111138514,-35.443006,565.607,128
7024,1779711032148211566,1779711032113252905,-34.958661,1114.391,128
7025,1779711032150295427,1779711032115366581,-34.928846,1113.676,128
7026,1779711032152108070,1779711032117091123,-35.016947,724.542,128
7027,1779711032154175194,1779711032119070471,-35.104723,979.348,128
7028,1779711032156142805,1779711032120755228,-35.387577,684.757,128
7029,1779711032157740489,1779711032122632080,-35.108409,876.852,128
7030,1779711032159737291,1779711032125318793,-34.418498,1686.713,128
7031,1779711032162437216,1779711032127531501,-34.905715,1212.708,128
7032,1779711032164586706,1779711032129694432,-34.892274,1162.931,128
7033,1779711032166784083,1779711032132321711,-34.462372,1627.279,128
7034,1779711032169289508,1779711032133158593,-36.130915,-163.118,128
7035,1779711032170402322,1779711032135274014,-35.128308,1115.421,128
7036,1779711032172316578,1779711032136272871,-36.043707,-1.143,128
7037,1779711032173389230,1779711032138073893,-35.315337,801.022,128
7038,1779711032175196600,1779711032139449520,-35.74708,375.627,128
7039,1779711032176571302,1779711032246795935,70.224633,106346.415,128
7040,1779711032283834942,1779711032249774716,-34.060226,1978.781,128
7041,1779711032286781654,1779711032258503148,-28.278506,7728.432,128
7042,1779711032295598722,1779711032260416398,-35.182324,913.25,128
7043,1779711032297307466,1779711032262254899,-35.052567,838.501,128
7044,1779711032299324225,1779711032263949388,-35.374837,694.489,128
7045,1779711032301254468,1779711032265715556,-35.538912,766.168,128
7046,1779711032302805130,1779711032268569779,-34.235351,1854.223,128
7047,1779711032305625038,1779711032270272052,-35.352986,702.273,128
7048,1779711032307340572,1779711032272581927,-34.758645,1309.875,128
7049,1779711032309633896,1779711032274554339,-35.079557,972.412,128
7050,1779711032311651434,1779711032276847535,-34.803899,1293.196,128
7051,1779711032314911139,1779711032279271223,-35.639916,1423.688,128
7052,1779711032316250478,1779711032280796355,-35.454123,525.132,128
7053,1779711032317747438,1779711032282473996,-35.273442,677.641,128
7054,1779711032319461522,1779711032284117479,-35.344043,643.483,128
7055,1779711032320937444,1779711032286024677,-34.912767,907.198,128
7056,1779711032322936483,1779711032287897933,-35.03855,873.256,128
7057,1779711032324882529,1779711032289587511,-35.295018,689.578,128
7058,1779711032326639576,1779711032293361001,-33.278575,2773.49,128
7059,1779711032330300022,1779711032295337392,-34.96263,976.391,128
7060,1779711032332276138,1779711032297037825,-35.238313,700.433,128
7061,1779711032333727372,1779711032299169357,-34.558015,1131.532,128
7062,1779711032335933395,1779711032301375820,-34.557575,1206.463,128
7063,1779711032338146947,1779711032305226313,-32.920634,2850.493,128
7064,1779711032340387597,1779711032305769115,-34.618482,-457.198,128
7065,1779711032342719911,1779711032307857837,-34.862074,1088.722,128
7066,1779711032344893594,1779711032309518736,-35.374858,660.899,128
7067,1779711032346456527,1779711032311288450,-35.168077,769.714,128
7068,1779711032348134031,1779711032312826508,-35.307523,538.058,128
7069,1779711032349693329,1779711032314018439,-35.67489,191.931,128
7070,1779711032350945094,1779711032315442843,-35.502251,424.404,128
7071,1779711032352259145,1779711032316947457,-35.311688,504.614,128
7072,1779711032353953912,1779711032319367135,-34.586777,1419.678,128
7073,1779711032356165428,1779711032320625743,-35.539685,258.608,128
7074,1779711032357707021,1779711032322303500,-35.403521,677.757,128
7075,1779711032359326919,1779711032323661490,-35.665429,357.99,128
7076,1779711032360673914,1779711032325284344,-35.38957,622.854,128
7077,1779711032362216226,1779711032326944951,-35.271275,660.607,128
7078,1779711032363887240,1779711032328417992,-35.469248,473.041,128
7079,1779711032365432713,1779711032330422953,-35.00976,1004.961,128
7080,1779711032367384278,1779711032331990064,-35.394214,567.111,128
7081,1779711032368968741,1779711032333926193,-35.042548,936.129,128
7082,1779711032370923667,1779711032335699794,-35.223873,773.601,128
7083,1779711032372731592,1779711032337527658,-35.203934,827.864,128
7084,1779711032374576842,1779711032339310727,-35.266115,783.069,128
7085,1779711032376340264,1779711032341264504,-35.07576,953.777,128
7086,1779711032378271039,1779711032343244877,-35.026162,980.373,128
7087,1779711032380151791,1779711032344132900,-36.018891,-111.977,128
7088,1779711032381295293,1779711032346244891,-35.050402,1111.991,128
7089,1779711032383162484,1779711032348078722,-35.083762,833.831,128
7090,1779711032385065353,1779711032350091528,-34.973825,1012.806,128
7091,1779711032387038347,1779711032351341723,-35.696624,250.195,128
7092,1779711032388409579,1779711032353643553,-34.766026,1301.83,128
7093,1779711032390655109,1779711032356034641,-34.620468,1391.088,128
7094,1779711032393004546,1779711032357797977,-35.206569,763.336,128
7095,1779711032394719422,1779711032359576193,-35.143229,778.216,128
7096,1779711032396711761,1779711032361061844,-35.649917,485.651,128
7097,1779711032398087032,1779711032362414352,-35.67268,352.508,128
7098,1779711032399404578,1779711032363846522,-35.558056,432.17,128
7099,1779711032400725886,1779711032365933192,-34.792694,1086.67,128
7100,1779711032402899174,1779711032367424344,-35.47483,491.152,128
7101,1779711032404451825,1779711032369659723,-34.792102,1235.379,128
7102,1779711032406319475,1779711032371375734,-34.943741,716.011,128
7103,1779711032408239134,1779711032372897277,-35.341857,521.543,128
7104,1779711032409902797,1779711032374439013,-35.463784,541.736,128
7105,1779711032411480425,1779711032375972130,-35.508295,533.117,128
7106,1779711032413000014,1779711032377284817,-35.715197,312.687,128
7107,1779711032414186661,1779711032378767545,-35.419116,482.728,128
7108,1779711032415733770,1779711032380284587,-35.449183,517.042,128
7109,1779711032417156314,1779711032382224418,-34.931896,939.831,128
7110,1779711032418783135,1779711032383521923,-35.261212,297.505,128
7111,1779711032420588110,1779711032385260297,-35.327813,738.374,128
7112,1779711032422249175,1779711032387002416,-35.246759,742.119,128
7113,1779711032424072944,1779711032388694355,-35.378589,691.939,128
7114,1779711032425809678,1779711032390302200,-35.507478,607.845,128
7115,1779711032427345101,1779711032392023682,-35.321419,721.482,128
7116,1779711032429100724,1779711032393610872,-35.489852,587.19,128
7117,1779711032430715268,1779711032395413197,-35.302071,802.325,128
7118,1779711032432455804,1779711032397026387,-35.429417,613.19,128
7119,1779711032433951509,1779711032398134742,-35.816767,108.355,128
7120,1779711032435184613,1779711032399811936,-35.372677,677.194,128
7121,1779711032436826350,1779711032404148469,-32.677881,3336.533,128
7122,1779711032441091965,1779711032405843873,-35.248092,695.404,128
7123,1779711032442814299,1779711032407938624,-34.875675,1094.751,128
7124,1779711032444891753,1779711032409341572,-35.550181,402.948,128
7125,1779711032446256513,1779711032410508338,-35.748175,166.766,128
7126,1779711032447563289,1779711032412257226,-35.306063,748.888,128
7127,1779711032449150837,1779711032413738607,-35.41223,481.381,128
7128,1779711032450696440,1779711032415473194,-35.223246,734.587,128
7129,1779711032452435794,1779711032417017600,-35.418194,544.406,128
7130,1779711032454053651,1779711032418859580,-35.194071,841.98,128
7131,1779711032455917521,1779711032420262704,-35.654817,403.124,128
7132,1779711032457309597,1779711032422019942,-35.289655,757.238,128
7133,1779711032459022683,1779711032423847135,-35.175548,827.193,128
7134,1779711032460888143,1779711032425934420,-34.953723,1087.285,128
7135,1779711032462986769,1779711032427326052,-35.660717,391.632,128
7136,1779711032464349791,1779711032428704372,-35.645419,378.32,128
7137,1779711032465788507,1779711032430110019,-35.678488,405.647,128
7138,1779711032467113418,1779711032431506112,-35.607306,396.093,128
7139,1779711032468509755,1779711032433525663,-34.984092,1019.551,128
7140,1779711032470531297,1779711032435336376,-35.194921,810.713,128
7141,1779711032472361810,1779711032437004207,-35.357603,667.831,128
7142,1779711032473978504,1779711032438462303,-35.516201,458.096,128
7143,1779711032475483624,1779711032440147214,-35.33641,684.911,128
7144,1779711032477242449,1779711032441821976,-35.420473,674.762,128
7145,1779711032478897976,1779711032443321150,-35.576826,499.174,128
7146,1779711032480333644,1779711032445129038,-35.204606,807.888,128
7147,1779711032482159778,1779711032447167615,-34.992163,1038.577,128
7148,1779711032484120465,1779711032450325957,-33.794508,2158.342,128
7149,1779711032487300752,1779711032452027865,-35.272887,701.908,128
7150,1779711032489100020,1779711032453914859,-35.185161,886.994,128
7151,1779711032490997278,1779711032456121321,-34.875957,1206.462,128
7152,1779711032493110197,1779711032457649629,-35.460568,528.308,128
7153,1779711032494689624,1779711032459559953,-35.129671,910.324,128
7154,1779711032496506717,1779711032461334074,-35.172643,774.121,128
7155,1779711032498317797,1779711032462753777,-35.56402,419.703,128
7156,1779711032499652408,1779711032463993650,-35.658758,239.873,128
7157,1779711032501102556,1779711032466239618,-34.862938,1245.968,128
7158,1779711032503284746,1779711032468144749,-35.139997,905.131,128
7159,1779711032505141056,1779711032470110811,-35.030245,966.062,128
7160,1779711032507049502,1779711032471825745,-35.223757,714.934,128
7161,1779711032508724162,1779711032472820719,-35.903443,-5.026,128
7162,1779711032509858220,1779711032474334077,-35.524143,513.358,128
7163,1779711032511329603,1779711032476212347,-35.117256,878.27,128
7164,1779711032513270001,1779711032477578267,-35.691734,365.92,128
7165,1779711032514623479,1779711032478959927,-35.663552,381.66,128
7166,1779711032516058857,1779711032480716345,-35.342512,756.418,128
7167,1779711032517705782,1779711032482103342,-35.60244,386.997,128
7168,1779711032519165188,1779711032483554891,-35.610297,451.549,128
7169,1779711032520609916,1779711032484437980,-36.171936,-116.911,128
7170,1779711032521512850,1779711032485970661,-35.542189,532.681,128
7171,1779711032522907021,1779711032487289381,-35.61764,318.72,128
7172,1779711032524233825,1779711032488537410,-35.696415,248.029,128
7173,1779711032525606488,1779711032490168318,-35.43817,630.908,128
7174,1779711032527292812,1779711032492122869,-35.169943,954.551,128
7175,1779711032529148383,1779711032493563261,-35.585122,440.392,128
7176,1779711032530610218,1779711032495090145,-35.520073,526.884,128
7177,1779711032532140582,1779711032496827005,-35.313577,736.86,128
7178,1779711032533891029,1779711032498129448,-35.761581,302.443,128
7179,1779711032535138063,1779711032499282644,-35.855419,153.196,128
7180,1779711032536214101,1779711032500549806,-35.664295,267.162,128
7181,1779711032537648639,1779711032501835572,-35.813067,285.766,128
7182,1779711032538905118,1779711032503314284,-35.590834,478.712,128
7183,1779711032540408741,1779711032505431065,-34.977676,1116.781,128
7184,1779711032542361491,1779711032506384588,-35.976903,-46.477,128
7185,1779711032543459540,1779711032507516547,-35.942993,131.959,128
7186,1779711032544504131,1779711032508898825,-35.605306,382.278,128
7187,1779711032545960158,1779711032510456908,-35.50325,558.083,128
7188,1779711032547461959,1779711032511876843,-35.585116,419.935,128
7189,1779711032548861033,1779711032513091884,-35.769149,215.041,128
7190,1779711032550125532,1779711032514475546,-35.649986,383.662,128
7191,1779711032551474095,1779711032515814251,-35.659844,338.705,128
7192,1779711032552823891,1779711032517914059,-34.909832,1099.808,128
7193,1779711032554970821,1779711032519610959,-35.359862,696.9,128
7194,1779711032556649611,1779711032520972105,-35.677506,361.146,128
7195,1779711032558013604,1779711032522701649,-35.311955,729.544,128
7196,1779711032559742801,1779711032523990755,-35.752046,289.106,128
7197,1779711032560972886,1779711032525450366,-35.52252,459.611,128
7198,1779711032562512559,1779711032527337990,-35.174569,887.624,128
7199,1779711032564253060,1779711032529370589,-34.882471,1032.599,128
7200,1779711032566313687,1779711032530681642,-35.632045,311.053,128
7201,1779711032567664936,1779711032532293635,-35.371301,611.993,128
7202,1779711032569283865,1779711032533280341,-36.003524,-13.294,128
7203,1779711032570327782,1779711032534685569,-35.642213,405.228,128
7204,1779711032571670450,1779711032536306693,-35.363757,621.124,128
7205,1779711032573287759,1779711032537694405,-35.593354,387.712,128
7206,1779711032574648007,1779711032538997369,-35.650638,302.964,128
7207,1779711032575938091,1779711032540371356,-35.566735,373.987,128
7208,1779711032577356806,1779711032541996097,-35.360709,624.741,128
7209,1779711032578888983,1779711032543680457,-35.208526,684.36,128
7210,1779711032580656110,1779711032545003769,-35.652341,323.312,128
7211,1779711032581984960,1779711032547147985,-34.836975,1144.216,128
7212,1779711032584040193,1779711032548407922,-35.632271,259.937,128
7213,1779711032585362834,1779711032550288557,-35.074277,880.635,128
7214,1779711032587258840,1779711032552487218,-34.771622,1198.661,128
7215,1779711032589410574,1779711032553672459,-35.738115,185.241,128
7216,1779711032590653309,1779711032555382623,-35.270686,710.164,128
7217,1779711032592381025,1779711032556632846,-35.748179,250.223,128
7218,1779711032593684974,1779711032558244510,-35.440464,611.664,128
7219,1779711032595077084,1779711032559559693,-35.517391,315.183,128
7220,1779711032596419009,1779711032561422651,-34.996358,862.958,128
7221,1779711032598308487,1779711032563013690,-35.294797,591.039,128
7222,1779711032599940697,1779711032564122088,-35.818609,108.398,128
7223,1779711032601059986,1779711032565296182,-35.763804,174.094,128
7224,1779711032602288848,1779711032566892083,-35.396765,595.901,128
7225,1779711032603848160,1779711032568330058,-35.518102,437.975,128
7226,1779711032605372846,1779711032569297155,-36.075691,-32.903,128
7227,1779711032606325072,1779711032570791053,-35.534019,493.898,128
7228,1779711032607780417,1779711032572520480,-35.259937,729.427,128
7229,1779711032609544835,1779711032573947308,-35.597527,426.828,128
7230,1779711032610928482,1779711032576025165,-34.903317,1077.857,128
7231,1779711032612974473,1779711032577463460,-35.511013,438.295,128
7232,1779711032614425576,1779711032579239585,-35.185991,776.125,128
7233,1779711032616059061,1779711032581295540,-34.763521,1055.955,128
7234,1779711032618083776,1779711032582636828,-35.446948,341.288,128
7235,1779711032619641146,1779711032584215316,-35.42583,578.488,128
7236,1779711032621115939,1779711032585865340,-35.250599,650.024,128
7237,1779711032622671145,1779711032586869006,-35.802139,3.666,128
7238,1779711032623839371,1779711032588556408,-35.282963,687.402,128
7239,1779711032625316778,1779711032589938219,-35.378559,381.811,128
7240,1779711032626828080,1779711032591023894,-35.804186,85.675,128
7241,1779711032628014091,1779711032592324338,-35.689753,300.444,128
7242,1779711032629286010,1779711032593550619,-35.735391,226.281,128
7243,1779711032630620512,1779711032594399462,-36.22105,-151.157,128
7244,1779711032631415775,1779711032596198314,-35.217461,798.852,128
7245,1779711032633015431,1779711032597590463,-35.424968,392.149,128
7246,1779711032634751068,1779711032599290720,-35.460348,700.257,128
7247,1779711032636215379,1779711032600856037,-35.359342,565.317,128
7248,1779711032637885215,1779711032602621083,-35.264132,765.046,128
7249,1779711032639674566,1779711032604513560,-35.161006,892.477,128
7250,1779711032641489322,1779711032606252698,-35.236624,739.138,128
7251,1779711032643183265,1779711032607290493,-35.892772,37.795,128
7252,1779711032644287410,1779711032608396765,-35.890645,106.272,128
7253,1779711032645429027,1779711032609865752,-35.563275,468.987,128
7254,1779711032646872853,1779711032611510954,-35.361899,645.202,128
7255,1779711032648436172,1779711032613066054,-35.370118,555.1,128
7256,1779711032649889812,1779711032614305426,-35.584386,239.372,128
7257,1779711032651276790,1779711032615867834,-35.408956,562.408,128
7258,1779711032652850977,1779711032617500558,-35.350419,632.724,128
7259,1779711032654529807,1779711032619496242,-35.033565,995.684,128
7260,1779711032656425800,1779711032621120624,-35.305176,624.382,128
7261,1779711032658127570,1779711032624115535,-34.012035,1994.911,128
7262,1779711032660119227,1779711032625309355,-34.809872,193.82,128
7263,1779711032662127079,1779711032626512207,-35.614872,202.852,128
7264,1779711032663534775,1779711032628087488,-35.447287,575.281,128
7265,1779711032665053769,1779711032631949961,-33.103808,2862.473,128
7266,1779711032668570934,1779711032632935198,-35.635736,-14.763,128
7267,1779711032669803846,1779711032634448182,-35.355664,512.984,128
7268,1779711032671368215,1779711032635855606,-35.512609,407.424,128
7269,1779711032672692533,1779711032637099864,-35.592669,244.258,128
7270,1779711032673923529,1779711032638363328,-35.560201,263.464,128
7271,1779711032675350780,1779711032656802051,-18.548729,17438.723,128
7272,1779711032692657044,1779711032659727897,-32.929147,1925.846,128
7273,1779711032694785388,1779711032659737557,-35.047831,-990.34,128
7274,1779711032696497220,1779711032661300353,-35.196867,562.796,128
7275,1779711032698236274,1779711032663874801,-34.361473,1574.448,128
7276,1779711032700841005,1779711032665496254,-35.344751,621.453,128
7277,1779711032702610424,1779711032667256975,-35.353449,760.721,128
7278,1779711032704292775,1779711032669075202,-35.217573,818.227,128
7279,1779711032705923305,1779711032670239589,-35.683716,164.387,128
7280,1779711032707218338,1779711032672193755,-35.024583,954.166,128
7281,1779711032709203304,1779711032673851557,-35.351747,657.802,128
7282,1779711032710850240,1779711032675525217,-35.325023,673.66,128
7283,1779711032712605522,1779711032677126703,-35.478819,601.486,128
7284,1779711032714086956,1779711032678266152,-35.820804,139.449,128
7285,1779711032715258063,1779711032679858793,-35.39927,592.641,128
7286,1779711032716854237,1779711032681269082,-35.585155,410.289,128
7287,1779711032718255836,1779711032683044528,-35.211308,775.446,128
7288,1779711032719998660,1779711032684141867,-35.856793,97.339,128
7289,1779711032721173190,1779711032685337086,-35.836104,195.219,128
7290,1779711032722302486,1779711032686678298,-35.624188,341.212,128
7291,1779711032723795552,1779711032696147864,-27.647688,8469.566,128
7292,1779711032733627091,1779711032699000497,-34.626594,1852.633,128
7293,1779711032735944757,1779711032701101806,-34.842951,1101.309,128
7294,1779711032738138098,1779711032702750412,-35.387686,648.606,128
7295,1779711032739785418,1779711032704567192,-35.218226,816.78,128
7296,1779711032741637709,1779711032706453228,-35.184481,886.036,128
7297,1779711032743374731,1779711032708306721,-35.06801,853.493,128
7298,1779711032745225965,1779711032709297066,-35.928899,-9.655,128
7299,1779711032746354692,1779711032774884229,28.529537,64587.163,128
7300,1779711032811780062,1779711032777101888,-34.678174,1217.659,128
7301,1779711032814025109,1779711032778846341,-35.178768,744.453,128
7302,1779711032815845603,1779711032780428589,-35.417014,582.248,128
7303,1779711032817470315,1779711032782536635,-34.93368,1108.046,128
7304,1779711032819497581,1779711032786561501,-32.93608,3024.866,128
7305,1779711032823616565,1779711032789253476,-34.363089,1691.975,128
7306,1779711032826270487,1779711032791444696,-34.825791,1191.22,128
7307,1779711032828509878,1779711032793216061,-35.293817,771.365,128
7308,1779711032830334950,1779711032795152188,-35.182762,936.127,128
7309,1779711032832162916,1779711032796875513,-35.287403,723.325,128
7310,1779711032833897360,1779711032798674622,-35.222738,799.109,128
7311,1779711032835679310,1779711032800561451,-35.117859,886.829,128
7312,1779711032837524394,1779711032802390070,-35.134324,828.619,128
7313,1779711032839395649,1779711032803957361,-35.438288,567.291,128
7314,1779711032841019572,1779711032806208598,-34.810974,1251.237,128
7315,1779711032843189871,1779711032808075848,-35.114023,867.25,128
7316,1779711032845090722,1779711032809932446,-35.158276,856.598,128
7317,1779711032846967527,1779711032812053712,-34.913815,1121.266,128
7318,1779711032849015841,1779711032814591155,-34.424686,1537.443,128
7319,1779711032851453640,1779711032816556208,-34.897432,965.053,128
7320,1779711032853526826,1779711032818379118,-35.147708,822.91,128
7321,1779711032855493703,1779711032821028347,-34.465356,1649.229,128
7322,1779711032858026499,1779711032823466040,-34.560459,1437.693,128
7323,1779711032860358903,1779711032825300397,-35.058506,834.357,128
7324,1779711032862165940,1779711032827962430,-34.20351,1662.033,128
7325,1779711032864859028,1779711032830014421,-34.844607,1051.991,128
7326,1779711032866764550,1779711032831418237,-35.346313,403.816,128
7327,1779711032868311826,1779711032833969201,-34.342625,1550.964,128
7328,1779711032870788655,1779711032835702845,-35.08581,733.644,128
7329,1779711032872635409,1779711032837446362,-35.189047,743.517,128
7330,1779711032874076179,1779711032839597999,-34.47818,1151.637,128
7331,1779711032876463200,1779711032841185553,-35.277647,587.554,128
7332,1779711032878050730,1779711032842538089,-35.512641,352.536,128
7333,1779711032879515617,1779711032844416959,-35.098658,878.87,128
7334,1779711032881384417,1779711032846535377,-34.84904,1118.418,128
7335,1779711032883142800,1779711032847947230,-35.19557,411.853,128
7336,1779711032884898585,1779711032849481914,-35.416671,534.684,128
7337,1779711032886410139,1779711032851430771,-34.979368,948.857,128
7338,1779711032888303792,1779711032853245731,-35.058061,814.96,128
7339,1779711032890026576,1779711032854408694,-35.617882,162.963,128
7340,1779711032891385404,1779711032855747522,-35.637882,338.828,128
7341,1779711032892711274,1779711032857171447,-35.539827,423.925,128
7342,1779711032894161122,1779711032858956511,-35.204611,785.064,128
7343,1779711032895885747,1779711032860892889,-34.992858,936.378,128
7344,1779711032897907584,1779711032862474441,-35.433143,581.552,128
7345,1779711032899474481,1779711032864061378,-35.413103,586.937,128
7346,1779711032900977996,1779711032865417097,-35.560899,355.719,128
7347,1779711032902459671,1779711032867082426,-35.377245,665.329,128
7348,1779711032904112628,1779711032868667134,-35.445494,584.708,128
7349,1779711032905658824,1779711032870760317,-34.898507,1093.183,128
7350,1779711032907683567,1779711032872479497,-35.20407,719.18,128
7351,1779711032909384918,1779711032873863754,-35.521164,384.257,128
7352,1779711032910774354,1779711032875485523,-35.288831,621.769,128
7353,1779711032912478378,1779711032877383471,-35.094907,897.948,128
7354,1779711032914331129,1779711032878933409,-35.39772,549.938,128
7355,1779711032915887465,1779711032879948802,-35.938663,15.393,128
7356,1779711032916917514,1779711032880732284,-36.18523,-216.518,128
7357,1779711032917714916,1779711032882703241,-35.011675,970.957,128
7358,1779711032919638944,1779711032884117208,-35.521736,413.967,128
7359,1779711032920946069,1779711032885548231,-35.397838,431.023,128
7360,1779711032922480193,1779711032886545344,-35.934849,-2.887,128
7361,1779711032923530124,1779711032887787546,-35.742578,242.202,128
7362,1779711032924805328,1779711032889274547,-35.530781,487.001,128
7363,1779711032926170708,1779711032890913142,-35.257566,638.595,128
7364,1779711032927781689,1779711032892188273,-35.593416,275.131,128
7365,1779711032929005541,1779711032893692510,-35.313031,504.237,128
7366,1779711032930636578,1779711032894771191,-35.865387,78.681,128
7367,1779711032931717003,1779711032896233837,-35.483166,462.646,128
7368,1779711032933131448,1779711032897110743,-36.020705,-123.094,128
7369,1779711032934152122,1779711032898577312,-35.57481,466.569,128
7370,1779711032935489295,1779711032900059647,-35.429648,482.335,128
7371,1779711032936898960,1779711032901391721,-35.507239,332.074,128
7372,1779711032938183310,1779711032902865886,-35.317424,474.165,128
7373,1779711032939886576,1779711032904113499,-35.773077,247.613,128
7374,1779711032941066676,1779711032905545347,-35.521329,431.848,128
7375,1779711032942619099,1779711032906820649,-35.79845,275.302,128
7376,1779711032943852975,1779711032908447640,-35.405335,626.991,128
7377,1779711032944974030,1779711032909441982,-35.532048,-5.658,128
7378,1779711032946350630,1779711032910428696,-35.921934,-13.286,128
7379,1779711032947325871,1779711032912236050,-35.089821,807.354,128
7380,1779711032949144088,1779711032913075469,-36.068619,-160.581,128
7381,1779711032949997578,1779711032914440413,-35.557165,364.944,128
7382,1779711032951311914,1779711032915811472,-35.500442,371.059,128
7383,1779711032952672694,1779711032916575517,-36.097177,-235.955,128
7384,1779711032953548689,1779711032918375887,-35.172802,800.37,128
7385,1779711032955193512,1779711032919566308,-35.627204,190.421,128
7386,1779711032956557945,1779711032921576538,-34.981407,1010.23,128
7387,1779711032958450760,1779711032923035277,-35.415483,458.739,128
7388,1779711032959968249,1779711032924298937,-35.669312,263.66,128
7389,1779711032961092560,1779711032925407119,-35.685441,108.182,128
7390,1779711032962321043,1779711032926354379,-35.966664,-52.74,128
7391,1779711032963328401,1779711032927587998,-35.740403,233.619,128
7392,1779711032964632022,1779711032929278570,-35.353452,690.572,128
7393,1779711032966263328,1779711032931258614,-35.004714,980.044,128
7394,1779711032968057446,1779711032932914248,-35.143198,655.634,128
7395,1779711032969968077,1779711032934324228,-35.643849,409.98,128
7396,1779711032971204912,1779711032935407290,-35.797622,83.062,128
7397,1779711032972391117,1779711032936624462,-35.766655,217.172,128
7398,1779711032973621447,1779711032937973021,-35.648426,348.559,128
7399,1779711032974892495,1779711032939695982,-35.196513,722.961,128
7400,1779711032976704692,1779711032941403038,-35.301654,707.056,128
7401,1779711032978263455,1779711032942820863,-35.442592,417.825,128
7402,1779711032979830458,1779711032944215682,-35.614776,394.819,128
7403,1779711032981103562,1779711032945983201,-35.120361,767.519,128
7404,1779711032982916890,1779711032947771715,-35.145175,788.514,128
7405,1779711032984646941,1779711032949577855,-35.069086,806.14,128
7406,1779711032986221486,1779711032951056226,-35.16526,478.371,128
7407,1779711032987958209,1779711032952422895,-35.535314,366.669,128
7408,1779711032989299881,1779711032953908090,-35.391791,485.195,128
7409,1779711032990849147,1779711032955652056,-35.197091,743.966,128
7410,1779711032992692241,1779711032957739388,-34.952853,1087.332,128
7411,1779711032994770501,1779711032959674466,-35.096035,935.078,128
7412,1779711032996666083,1779711032961532361,-35.133722,857.895,128
7413,1779711032998526732,1779711032963266237,-35.260495,733.876,128
7414,1779711033000236708,1779711032964755073,-35.481635,488.836,128
7415,1779711033001718007,1779711032966224189,-35.493818,469.116,128
7416,1779711033003215968,1779711032968163438,-35.05253,939.249,128
7417,1779711033005171400,1779711032969143096,-36.028304,-20.342,128
7418,1779711033006129823,1779711032971714466,-34.415357,1571.37,128
7419,1779711033008522384,1779711032972992762,-35.529622,278.296,128
7420,1779711033009942794,1779711032974508423,-35.434371,515.661,128
7421,1779711033011507521,1779711032976086194,-35.421327,577.771,128
7422,1779711033013105633,1779711032977416226,-35.689407,330.032,128
7423,1779711033014398818,1779711032978932215,-35.466603,515.989,128
7424,1779711033015912787,1779711032980435732,-35.477055,503.517,128
7425,1779711033017471227,1779711032982253808,-35.217419,818.076,128
7426,1779711033019149127,1779711032983786730,-35.362397,532.922,128
7427,1779711033020686315,1779711032985331713,-35.354602,544.983,128
7428,1779711033022217052,1779711032986391311,-35.825741,59.598,128
7429,1779711033023359566,1779711032987839537,-35.520029,448.226,128
7430,1779711033024809220,1779711032988876314,-35.932906,36.777,128
7431,1779711033025892012,1779711032990522287,-35.369725,645.973,128
7432,1779711033027460577,1779711032991749449,-35.711128,227.162,128
7433,1779711033028771889,1779711032992898849,-35.87304,149.4,128
7434,1779711033029830522,1779711032994271499,-35.559023,372.65,128
7435,1779711033031220588,1779711032995674701,-35.545887,403.202,128
7436,1779711033032708002,1779711032996747210,-35.960792,72.509,128
7437,1779711033033779307,1779711032998161140,-35.618167,413.93,128
7438,1779711033035174560,1779711033020278894,-14.895666,21117.754,128
7439,1779711033057420564,1779711033024544028,-32.876536,3265.134,128
7440,1779711033061632012,1779711033029127683,-32.504329,3583.655,128
7441,1779711033066133260,1779711033031053024,-35.080236,925.341,128
7442,1779711033067931031,1779711033032580594,-35.350437,527.57,128
7443,1779711033069701423,1779711033034413777,-35.287646,833.183,128
7444,1779711033071422226,1779711033035917783,-35.504443,504.006,128
7445,1779711033072926142,1779711033037739816,-35.186326,822.033,128
7446,1779711033074719301,1779711033039984514,-34.734787,1244.698,128
7447,1779711033076822852,1779711033041939159,-34.883693,954.645,128
7448,1779711033078810729,1779711033043611567,-35.199162,672.408,128
7449,1779711033080522094,1779711033045363752,-35.158342,752.185,128
7450,1779711033082355166,1779711033047567055,-34.788111,1203.303,128
7451,1779711033084631117,1779711033049306533,-35.324584,739.478,128
7452,1779711033086393590,1779711033051209023,-35.184567,902.49,128
7453,1779711033088076139,1779711033052695750,-35.380389,486.727,128
7454,1779711033089781980,1779711033054350802,-35.431178,655.052,128
7455,1779711033091351519,1779711033056758873,-34.592646,1408.071,128
7456,1779711033093713681,1779711033059057477,-34.656204,1298.604,128
7457,1779711033096091306,1779711033061064079,-35.027227,1006.602,128
7458,1779711033098016340,1779711033062841878,-35.174462,777.799,128
7459,1779711033099863869,1779711033064463861,-35.400008,621.983,128
7460,1779711033101476208,1779711033065905585,-35.570623,441.724,128
7461,1779711033102906793,1779711033067396797,-35.509996,491.212,128
7462,1779711033104444928,1779711033069015290,-35.429638,618.493,128
7463,1779711033106011484,1779711033070678285,-35.333199,662.995,128
7464,1779711033107689762,1779711033072777526,-34.912236,1099.241,128
7465,1779711033109750677,1779711033074514547,-35.23613,737.021,128
7466,1779711033111605749,1779711033075876599,-35.72915,362.052,128
7467,1779711033112894735,1779711033077430476,-35.464259,553.877,128
7468,1779711033114403379,1779711033078894959,-35.50842,464.483,128
7469,1779711033115872688,1779711033080350253,-35.522435,455.294,128
7470,1779711033117387866,1779711033082035429,-35.352437,685.176,128
7471,1779711033119054789,1779711033083788201,-35.266588,752.772,128
7472,1779711033120736230,1779711033085355150,-35.38108,566.949,128
7473,1779711033122281983,1779711033086711508,-35.570475,356.358,128
7474,1779711033123766197,1779711033088384940,-35.381257,673.432,128
7475,1779711033125377035,1779711033090438863,-34.938172,1053.923,128
7476,1779711033127319559,1779711033091913718,-35.405841,474.855,128
7477,1779711033128991371,1779711033095834235,-33.157136,2920.517,128
7478,1779711033132749924,1779711033100134304,-32.61562,3300.069,128
7479,1779711033134402968,1779711033100141701,-34.261267,-992.603,128
7480,1779711033137104289,1779711033102042634,-35.061655,900.933,128
7481,1779711033138830441,1779711033103278418,-35.552023,235.784,128
7482,1779711033140218962,1779711033104525013,-35.693949,246.595,128
7483,1779711033141635712,1779711033108052125,-33.583587,2527.112,128
7484,1779711033144994057,1779711033110293997,-34.70006,1241.872,128
7485,1779711033147234111,1779711033112303393,-34.930718,1009.396,128
7486,1779711033149123475,1779711033114902935,-34.22054,1599.542,128
7487,1779711033151830485,1779711033118040326,-33.790159,2137.391,128
7488,1779711033154970499,1779711033121125110,-33.845389,2084.784,128
7489,1779711033158173279,1779711033122483958,-35.689321,358.848,128
7490,1779711033159410773,1779711033124357172,-35.053601,873.214,128
7491,1779711033161395760,1779711033126443598,-34.952162,1086.426,128
7492,1779711033162993132,1779711033127688747,-35.304385,245.149,128
7493,1779711033164693990,1779711033128946018,-35.747972,257.271,128
7494,1779711033165835614,1779711033131080532,-34.755082,1134.514,128
7495,1779711033167930820,1779711033132735859,-35.194961,655.327,128
7496,1779711033174616240,1779711033140096125,-34.520115,6360.266,128
7497,1779711033177080644,1779711033141972239,-35.108405,876.114,128
7498,1779711033179007316,1779711033143839083,-35.168233,866.844,128
7499,1779711033180770023,1779711033145310470,-35.459553,471.387,128
7500,1779711033182295143,1779711033146979934,-35.315209,669.464,128
7501,1779711033184011617,1779711033149318522,-34.693095,1338.588,128
7502,1779711033186286497,1779711033258978270,72.691773,108659.748,128
7503,1779711033296054349,1779711033262860261,-33.194088,2881.991,128
7504,1779711033299760758,1779711033264806243,-34.954515,945.982,128
7505,1779711033301831480,1779711033266371033,-35.460447,564.79,128
7506,1779711033303362070,1779711033267985583,-35.376487,614.55,128
7507,1779711033304958561,1779711033269557078,-35.401483,571.495,128
7508,1779711033306584617,1779711033271580991,-35.003626,1023.913,128
7509,1779711033308613065,1779711033273550503,-35.062562,969.512,128
7510,1779711033310431795,1779711033275314100,-35.117695,763.597,128
7511,1779711033312307407,1779711033276883640,-35.423767,569.54,128
7512,1779711033313962752,1779711033278467980,-35.494772,584.34,128
7513,1779711033315446174,1779711033280204878,-35.241296,736.898,128
7514,1779711033317121788,1779711033281798123,-35.323665,593.245,128
7515,1779711033318786438,1779711033283370445,-35.415993,572.322,128
7516,1779711033320279189,1779711033284797716,-35.481473,427.271,128
7517,1779711033321813262,1779711033288879885,-32.933377,3082.169,128
7518,1779711033325785055,1779711033290285107,-35.499948,405.222,128
7519,1779711033327220519,1779711033292116299,-35.10422,831.192,128
7520,1779711033329037238,1779711033294097549,-34.939689,981.25,128
7521,1779711033331092992,1779711033295510248,-35.582744,412.699,128
7522,1779711033332491930,1779711033298803856,-33.688074,2293.608,128
7523,1779711033335842312,1779711033300255304,-35.587008,451.448,128
7524,1779711033337325563,1779711033302071415,-35.254148,816.111,128
7525,1779711033338952592,1779711033303968337,-34.984255,896.922,128
7526,1779711033340986021,1779711033305336849,-35.649172,368.512,128
7527,1779711033342280901,1779711033307265642,-35.015259,928.793,128
7528,1779711033344103144,1779711033308954544,-35.1486,688.902,128
7529,1779711033345864943,1779711033310240190,-35.624753,285.646,128
7530,1779711033347207506,1779711033311876518,-35.330988,636.328,128
7531,1779711033348952289,1779711033313530215,-35.422074,653.697,128
7532,1779711033350650037,1779711033316318259,-34.331778,1788.044,128
7533,1779711033353491895,1779711033318087703,-35.404192,769.444,128
7534,1779711033355096327,1779711033320234089,-34.862238,1146.386,128
7535,1779711033356746734,1779711033321932174,-34.81456,698.085,128
7536,1779711033358886695,1779711033323799663,-35.087032,867.489,128
7537,1779711033360693451,1779711033324921085,-35.772366,121.422,128
7538,1779711033361952814,1779711033326070532,-35.882282,149.447,128
7539,1779711033363197391,1779711033331076321,-32.12107,4005.789,128
7540,1779711033364978859,1779711033331247930,-33.730929,-828.391,128
7541,1779711033366533739,1779711033331250758,-35.282981,-997.172,128
7542,1779711033368035007,1779711033332521298,-35.513709,270.54,128
7543,1779711033369545501,1779711033334025111,-35.52039,503.813,128
7544,1779711033370989671,1779711033335331104,-35.658567,305.993,128
7545,1779711033372309478,1779711033337345286,-34.964192,1014.182,128
7546,1779711033374354015,1779711033338901004,-35.453011,555.718,128
7547,1779711033375961335,1779711033340306516,-35.654819,405.512,128
7548,1779711033377361268,1779711033341895715,-35.465553,589.199,128
7549,1779711033378855644,1779711033343009083,-35.846561,113.368,128
7550,1779711033380063191,1779711033344556950,-35.506241,547.867,128
7551,1779711033381654842,1779711033345254763,-36.400079,-302.187,128
7552,1779711033382269948,1779711033346922762,-35.347186,667.999,128
7553,1779711033383946158,1779711033348308979,-35.637179,386.217,128
7554,1779711033385279815,1779711033349445931,-35.833884,136.952,128
7555,1779711033386371173,1779711033351263602,-35.107571,817.671,128
7556,1779711033388238024,1779711033353356175,-34.881849,1092.573,128
7557,1779711033390219678,1779711033354735722,-35.483956,379.547,128
7558,1779711033391773748,1779711033356822349,-34.951399,1086.627,128
7559,1779711033393716054,1779711033358298353,-35.417701,476.004,128
7560,1779711033395297604,1779711033363102882,-32.194722,3804.529,128
7561,1779711033398004760,1779711033363415504,-34.589256,-687.378,128
7562,1779711033400272915,1779711033365532837,-34.740078,1117.333,128
7563,1779711033402670013,1779711033367613093,-35.05692,1080.256,128
7564,1779711033404517668,1779711033369348043,-35.169625,734.95,128
7565,1779711033406177421,1779711033370681066,-35.496355,333.023,128
7566,1779711033407646901,1779711033372227630,-35.419271,546.564,128
7567,1779711033409152569,1779711033374146817,-35.005752,919.187,128
7568,1779711033411388096,1779711033388278162,-23.109934,13131.345,128
7569,1779711033425034265,1779711033389752453,-35.281812,474.291,128
7570,1779711033426689076,1779711033397468407,-29.220669,6715.954,128
7571,1779711033434398504,1779711033399943195,-34.455309,1474.788,128
7572,1779711033436686775,1779711033401307733,-35.379042,364.538,128
7573,1779711033438088193,1779711033402237791,-35.850402,-69.942,128
7574,1779711033439175511,1779711033403697781,-35.47773,459.99,128
7575,1779711033440663905,1779711033405964271,-34.699634,1266.49,128
7576,1779711033443019745,1779711033407391450,-35.628295,427.179,128
7577,1779711033444448093,1779711033409222904,-35.225189,831.454,128
7578,1779711033445953775,1779711033410406560,-35.547215,183.656,128
7579,1779711033447417896,1779711033411910013,-35.507883,503.453,128
7580,1779711033448865287,1779711033413212581,-35.652706,302.568,128
7581,1779711033450129601,1779711033414184332,-35.945269,-28.249,128
7582,1779711033451152574,1779711033415774539,-35.378035,590.207,128
7583,1779711033452671734,1779711033416872299,-35.799435,97.76,128
7584,1779711033453904873,1779711033418559009,-35.345864,686.71,128
7585,1779711033455525034,1779711033419912279,-35.612755,353.27,128
7586,1779711033456881704,1779711033420910593,-35.971111,-1.686,128
7587,1779711033457870080,1779711033422594367,-35.275713,683.774,128
7588,1779711033459649061,1779711033423701322,-35.947739,106.955,128
7589,1779711033460689715,1779711033425508322,-35.181393,807.0,128
7590,1779711033462503751,1779711033427022270,-35.481481,513.948,128
7591,1779711033464100467,1779711033428728535,-35.371932,706.265,128
7592,1779711033465745297,1779711033430070783,-35.674514,342.248,128
7593,1779711033467046196,1779711033432172000,-34.874196,1101.217,128
7594,1779711033469162388,1779711033433543566,-35.618822,371.566,128
7595,1779711033474899753,1779711033439278876,-35.620877,4735.31,128
7596,1779711033476183888,1779711033441008289,-35.175599,729.413,128
7597,1779711033477935369,1779711033442320115,-35.615254,311.826,128
7598,1779711033479287399,1779711033443586993,-35.700406,266.878,128
7599,1779711033480608918,1779711033445240425,-35.368493,653.432,128
7600,1779711033482151118,1779711033446424578,-35.72654,184.153,128
7601,1779711033483350286,1779711033448308216,-35.04207,883.638,128
7602,1779711033485204814,1779711033549591623,64.386809,100283.407,128
7603,1779711033587656512,1779711033555739801,-31.916711,5148.178,128
7604,1779711033592778299,1779711033557997552,-34.780747,1257.751,128
7605,1779711033594965378,1779711033559717690,-35.247688,720.138,128
7606,1779711033596704993,1779711033561001776,-35.703217,284.086,128
7607,1779711033597968318,1779711033562825549,-35.142769,823.773,128
7608,1779711033599747432,1779711033564373694,-35.373738,548.145,128
7609,1779711033601313166,1779711033566082682,-35.230484,708.988,128
7610,1779711033602945468,1779711033567336165,-35.609303,253.483,128
7611,1779711033604330070,1779711033569028289,-35.301781,692.124,128
7612,1779711033605925176,1779711033570385645,-35.539531,357.356,128
7613,1779711033607351026,1779711033572620240,-34.730786,1234.595,128
7614,1779711033609498282,1779711033574663643,-34.834639,1043.403,128
7615,1779711033611695103,1779711033576302382,-35.392721,638.739,128
7616,1779711033613318543,1779711033577658175,-35.660368,355.793,128
7617,1779711033614633208,1779711033579496927,-35.136281,838.752,128
7618,1779711033616490087,1779711033581424655,-35.065432,927.728,128
7619,1779711033618452515,1779711033583230390,-35.222125,805.735,128
7620,1779711033620245811,1779711033584792936,-35.452875,562.546,128
7621,1779711033621806833,1779711033586025196,-35.781637,232.26,128
7622,1779711033622894243,1779711033587415702,-35.478541,390.506,128
7623,1779711033624440227,1779711033588890308,-35.549919,474.606,128
7624,1779711033625774011,1779711033590318011,-35.456,427.703,128
7625,1779711033627337419,1779711033591981654,-35.355765,663.643,128
7626,1779711033628741390,1779711033592833106,-35.908284,-148.548,128
7627,1779711033629745136,1779711033593654240,-36.090896,-178.866,128
7628,1779711033630667094,1779711033595132334,-35.53476,478.094,128
7629,1779711033632110370,1779711033596231457,-35.878913,99.123,128
7630,1779711033633226916,1779711033598279690,-34.947226,1048.233,128
7631,1779711033635262459,1779711033600217477,-35.044982,937.787,128
7632,1779711033637124821,1779711033602014084,-35.110737,796.607,128
7633,1779711033638948384,1779711033603425874,-35.52251,411.79,128
7634,1779711033640387724,1779711033605150879,-35.236845,725.005,128
7635,1779711033642216999,1779711033607005794,-35.211205,854.915,128
7636,1779711033643977094,1779711033608947084,-35.03001,941.29,128
7637,1779711033645919742,1779711033610808309,-35.111433,861.225,128
7638,1779711033647761680,1779711033613025922,-34.735758,1217.613,128
7639,1779711033649915590,1779711033614962432,-34.953158,936.51,128
7640,1779711033651965369,1779711033618896782,-33.068587,2934.35,128
7641,1779711033654245741,1779711033619074304,-35.171437,-822.478,128
7642,1779711033656182065,1779711033620884822,-35.297243,810.518,128
7643,1779711033657922137,1779711033622518854,-35.403283,634.032,128
7644,1779711033659472450,1779711033623967751,-35.504699,448.897,128
7645,1779711033661094824,1779711033626490905,-34.603919,1523.154,128
7646,1779711033663600550,1779711033627953917,-35.646633,463.012,128
7647,1779711033665065863,1779711033629591765,-35.474098,637.848,128
7648,1779711033666719723,1779711033630997644,-35.722079,405.879,128
7649,1779711033668032800,1779711033632877991,-35.154809,880.347,128
7650,1779711033669917318,1779711033634814625,-35.102693,936.634,128
7651,1779711033671864884,1779711033636791195,-35.073689,976.57,128
7652,1779711033673845217,1779711033638359675,-35.485542,568.48,128
7653,1779711033675420336,1779711033640378550,-35.041786,1018.875,128
7654,1779711033677203481,1779711033642055888,-35.147593,677.338,128
7655,1779711033679111364,1779711033643939564,-35.1718,883.676,128
7656,1779711033681056829,1779711033645696732,-35.360097,757.168,128
7657,1779711033682973598,1779711033648499953,-34.473645,1803.221,128
7658,1779711033685627854,1779711033649991469,-35.636385,491.516,128
7659,1779711033687158190,1779711033651485348,-35.672842,493.879,128
7660,1779711033688667729,1779711033653123909,-35.54382,638.561,128
7661,1779711033690111586,1779711033654435912,-35.675674,312.003,128
7662,1779711033691635528,1779711033656230988,-35.40454,795.076,128
7663,1779711033693232529,1779711033658036751,-35.195778,805.763,128
7664,1779711033695301636,1779711033660135831,-35.165805,1099.08,128
7665,1779711033697165714,1779711033662267334,-34.89838,1131.503,128
7666,1779711033699303122,1779711033664942143,-34.360979,1674.809,128
7667,1779711033702193616,1779711033667147753,-35.045863,1205.61,128
7668,1779711033704253219,1779711033669787673,-34.465546,1639.92,128
7669,1779711033706711943,1779711033671944096,-34.767847,1156.423,128
7670,1779711033708931475,1779711033673483774,-35.447701,539.678,128
7671,1779711033710585748,1779711033675359748,-35.226,875.974,128
7672,1779711033712330892,1779711033678049498,-34.281394,1689.75,128
7673,1779711033714984059,1779711033680034628,-34.949431,985.13,128
7674,1779711033716985662,1779711033682075849,-34.909813,1041.221,128
7675,1779711033719222079,1779711033684415444,-34.806635,1339.595,128
7676,1779711033721342087,1779711033686320159,-35.021928,904.715,128
7677,1779711033723221988,1779711033687893530,-35.328458,573.371,128
7678,1779711033724797492,1779711033689572801,-35.224691,679.271,128
7679,1779711033726543898,1779711033691915020,-34.628878,1342.219,128
7680,1779711033728847839,1779711033693987949,-34.85989,1072.929,128
7681,1779711033730885907,1779711033696027355,-34.858552,1039.406,128
7682,1779711033733050722,1779711033698276475,-34.774247,1249.12,128
7683,1779711033735257686,1779711033700133425,-35.124261,856.95,128
7684,1779711033736988669,1779711033702095102,-34.893567,961.677,128
7685,1779711033739050584,1779711033703748028,-35.302556,652.926,128
7686,1779711033740660477,1779711033707857620,-32.802857,3109.592,128
7687,1779711033744721471,1779711033719437627,-25.283844,10580.007,128
7688,1779711033756385005,1779711033721918146,-34.466859,1480.519,128
7689,1779711033759213571,1779711033724537453,-34.676118,1619.307,128
7690,1779711033761519609,1779711033727289411,-34.230198,1751.958,128
7691,1779711033764180935,1779711033729254971,-34.925964,965.56,128
7692,1779711033766242655,1779711033845875972,79.633317,115621.001,128
7693,1779711033881370211,1779711033850149463,-31.220748,3273.491,128
7694,1779711033887147224,1779711033853097688,-34.049536,1948.225,128
7695,1779711033890033645,1779711033854848981,-35.184664,751.293,128
7696,1779711033891904659,1779711033856957949,-34.94671,1108.968,128
7697,1779711033894003962,1779711033858520281,-35.483681,562.332,128
7698,1779711033895541212,1779711033860540696,-35.000516,1020.415,128
7699,1779711033897489431,1779711033862630756,-34.858675,1090.06,128
7700,1779711033899586454,1779711033863990827,-35.595627,360.071,128
7701,1779711033900986709,1779711033865732397,-35.254312,741.57,128
7702,1779711033902760682,1779711033867443816,-35.316866,711.419,128
7703,1779711033904470015,1779711033869076944,-35.393071,633.128,128
7704,1779711033906082068,1779711033870872312,-35.209756,795.368,128
7705,1779711033907818392,1779711033872470923,-35.347469,598.611,128
7706,1779711033909477616,1779711033873938633,-35.538983,467.71,128
7707,1779711033910946878,1779711033875328929,-35.617949,390.296,128
7708,1779711033912268260,1779711033877001325,-35.266935,672.396,128
7709,1779711033913970581,1779711033878406387,-35.564194,405.062,128
7710,1779711033915463946,1779711033880232121,-35.231825,825.734,128
7711,1779711033917210008,1779711033881599999,-35.610009,367.878,128
7712,1779711033918625768,1779711033882648232,-35.977536,48.233,128
7713,1779711033919686693,1779711033885921857,-33.764836,2273.625,128
7714,1779711033921447073,1779711033886102596,-35.344477,-819.261,128
7715,1779711033923012943,1779711033887521119,-35.491824,418.523,128
7716,1779711033924447803,1779711033890234829,-34.212974,1713.71,128
7717,1779711033927010068,1779711033891384004,-35.626064,149.175,128
7718,1779711033928228356,1779711033893531940,-34.696416,1147.936,128
7719,1779711033930409093,1779711033895334280,-35.074813,802.34,128
7720,1779711033932329837,1779711033897229582,-35.100255,895.302,128
7721,1779711033934184429,1779711033899259298,-34.925131,1029.716,128
7722,1779711033936063632,1779711033901300410,-34.763222,1041.112,128
7723,1779711033938073847,1779711033903078309,-34.995538,777.899,128
7724,1779711033940113530,1779711033905339220,-34.77431,1260.911,128
7725,1779711033942100927,1779711033906705972,-35.394955,366.752,128
7726,1779711033943671215,1779711033908315252,-35.355963,609.28,128
7727,1779711033945233355,1779711033910108483,-35.124872,793.231,128
7728,1779711033947096695,1779711033911903518,-35.193177,795.035,128
7729,1779711033948796644,1779711033912985019,-35.811625,81.501,128
7730,1779711033950295657,1779711033915025637,-35.27002,1040.618,128
7731,1779711033952051930,1779711033916489060,-35.56287,463.423,128
7732,1779711033953427770,1779711033918081130,-35.34664,592.07,128
7733,1779711033955063247,1779711033920047924,-35.015323,966.794,128
7734,1779711033956977040,1779711033921680648,-35.296392,632.724,128
7735,1779711033958644132,1779711033923601334,-35.042798,920.686,128
7736,1779711033960633515,1779711033925330716,-35.302799,729.382,128
7737,1779711033962229418,1779711033927232546,-34.996872,901.83,128
7738,1779711033964093855,1779711033928573164,-35.520691,340.618,128
7739,1779711033965669873,1779711033930402768,-35.267105,829.604,128
7740,1779711033967391490,1779711033932340868,-35.050622,938.1,128
7741,1779711033969294077,1779711033934610320,-34.683757,1269.452,128
7742,1779711033971696268,1779711033936464908,-35.23136,854.588,128
7743,1779711033973432369,1779711033938233579,-35.19879,768.671,128
7744,1779711033975169172,1779711033939898996,-35.270176,665.417,128
7745,1779711033976841810,1779711033941283806,-35.558004,384.81,128
7746,1779711033978157257,1779711033942365173,-35.792084,81.367,128
7747,1779711033979287174,1779711033944132054,-35.15512,766.881,128
7748,1779711033981023379,1779711033945560034,-35.463345,427.98,128
7749,1779711033982509331,1779711033947236571,-35.27276,676.537,128
7750,1779711033984133425,1779711033948426964,-35.706461,190.393,128
7751,1779711033985473436,1779711033949734937,-35.738499,307.973,128
7752,1779711033986680811,1779711033951299595,-35.381216,564.658,128
7753,1779711033988097739,1779711033952339728,-35.758011,40.133,128
7754,1779711033989352973,1779711033953928362,-35.424611,588.634,128
7755,1779711033990819799,1779711033955952644,-34.867155,1024.282,128
7756,1779711033992856301,1779711033957356766,-35.499535,404.122,128
7757,1779711033994212543,1779711033959044619,-35.167924,687.853,128
7758,1779711033995999854,1779711033967357689,-28.642165,7313.07,128
7759,1779711034004293563,1779711033969468121,-34.825442,1110.432,128
7760,1779711034006424877,1779711033970864501,-35.560376,396.38,128
7761,1779711034007902926,1779711033972547750,-35.355176,683.249,128
7762,1779711034009605618,1779711033974114675,-35.490943,566.925,128
7763,1779711034011042012,1779711033976094659,-34.947353,979.984,128
7764,1779711034013034805,1779711033977656612,-35.378193,561.953,128
7765,1779711034014572194,1779711033989027643,-25.544551,10371.031,128
7766,1779711034025878035,1779711033990324137,-35.553898,296.494,128
7767,1779711034027211817,1779711033991008013,-36.203804,-316.124,128
7768,1779711034028124559,1779711033992129152,-35.995407,121.139,128
7769,1779711034029113759,1779711033994109506,-35.004253,980.354,128
7770,1779711034030894758,1779711033996455204,-34.439554,1345.698,128
7771,1779711034033508485,1779711033999790688,-33.717797,2335.484,128
7772,1779711034036660567,1779711034000726285,-35.934282,-64.403,128
7773,1779711034037645565,1779711034007422691,-30.222874,5696.406,128
7774,1779711034044483831,1779711034009236029,-35.247802,813.338,128
7775,1779711034046218313,1779711034010966054,-35.252259,730.025,128
7776,1779711034047949930,1779711034012376714,-35.573216,410.66,128
7777,1779711034049456934,1779711034013480188,-35.976746,103.474,128
7778,1779711034050463794,1779711034014479794,-35.984,-0.394,128
7779,1779711034051526680,1779711034016351131,-35.175549,871.337,128
7780,1779711034053423380,1779711034018434526,-34.988854,1083.395,128
7781,1779711034055363580,1779711034020324878,-35.038702,890.352,128
7782,1779711034057245964,1779711034021928237,-35.317727,603.359,128
7783,1779711034058927383,1779711034024253959,-34.673424,1325.722,128
7784,1779711034061257483,1779711034027398193,-33.85929,2144.234,128
7785,1779711034064414115,1779711034029351439,-35.062676,953.246,128
7786,1779711034066336481,1779711034031074904,-35.261577,723.465,128
7787,1779711034068175443,1779711034033114019,-35.061424,1039.115,128
7788,1779711034070227912,1779711034034864054,-35.363858,750.035,128
7789,1779711034071982218,1779711034048346239,-23.635979,12482.185,128
7790,1779711034085351653,1779711034051972445,-33.379208,2626.206,128
7791,1779711034088765940,1779711034054301929,-34.464011,1329.484,128
7792,1779711034091298301,1779711034057124076,-34.174225,1822.147,128
7793,1779711034094107119,1779711034058961749,-35.14537,837.673,128
7794,1779711034096014323,1779711034061320971,-34.693352,1359.222,128
7795,1779711034098077364,1779711034062869018,-35.208346,548.047,128
7796,1779711034099817302,1779711034064607523,-35.209779,738.505,128
7797,1779711034101645726,1779711034066435269,-35.210457,827.746,128
7798,1779711034103509658,1779711034068384224,-35.125434,948.955,128
7799,1779711034105325090,1779711034070299361,-35.025729,915.137,128
7800,1779711034107315822,1779711034072251485,-35.064337,952.124,128
7801,1779711034109298913,1779711034074424914,-34.873999,1173.429,128
7802,1779711034111540323,1779711034076780676,-34.759647,1355.762,128
7803,1779711034113788833,1779711034079026417,-34.762416,1245.741,128
7804,1779711034116139313,1779711034081813108,-34.326205,1786.691,128
7805,1779711034118825507,1779711034083529406,-35.296101,716.298,128
7806,1779711034120570083,1779711034085812935,-34.757148,1283.529,128
7807,1779711034122787980,1779711034087976373,-34.811607,1163.438,128
7808,1779711034125078613,1779711034090205928,-34.872685,1229.555,128
7809,1779711034127277946,1779711034092322770,-34.955176,1116.842,128
7810,1779711034129389208,1779711034094877402,-34.511806,1554.632,128
7811,1779711034131951961,1779711034096746302,-35.205659,868.9,128
7812,1779711034133837003,1779711034098490066,-35.346937,743.764,128
7813,1779711034135420841,1779711034100197865,-35.222976,707.799,128
7814,1779711034137278190,1779711034102126713,-35.151477,928.848,128
7815,1779711034139209804,1779711034103929109,-35.280695,802.396,128
7816,1779711034140994160,1779711034105904835,-35.089325,975.726,128
7817,1779711034142857766,1779711034106796213,-36.061553,-108.622,128
7818,1779711034143824585,1779711034109008448,-34.816137,1212.235,128
7819,1779711034145986049,1779711034110482822,-35.503227,474.374,128
7820,1779711034147473387,1779711034112340633,-35.132754,857.811,128
7821,1779711034149324587,1779711034113949832,-35.374755,609.199,128
7822,1779711034150830664,1779711034115484133,-35.346531,534.301,128
7823,1779711034152476298,1779711034117147456,-35.328842,663.323,128
7824,1779711034154156733,1779711034118888079,-35.268654,740.623,128
7825,1779711034155899532,1779711034121022196,-34.877336,1134.117,128
7826,1779711034158049134,1779711034122739348,-35.309786,717.152,128
7827,1779711034159742692,1779711034124161965,-35.580727,422.617,128
7828,1779711034161248543,1779711034125769488,-35.479055,607.523,128
7829,1779711034162751104,1779711034127082771,-35.668333,313.283,128
7830,1779711034164202942,1779711034128945690,-35.257252,862.919,128
7831,1779711034166041422,1779711034130110789,-35.930633,165.099,128
7832,1779711034167142487,1779711034131698054,-35.444433,587.265,128
7833,1779711034168617706,1779711034133323016,-35.29469,624.962,128
7834,1779711034170393199,1779711034135108744,-35.284455,785.728,128
7835,1779711034172216243,1779711034136915937,-35.300306,807.193,128
7836,1779711034173895502,1779711034138997315,-34.898187,1081.378,128
7837,1779711034176041185,1779711034141061477,-34.979708,1064.162,128
7838,1779711034178158674,1779711034142945933,-35.212741,884.456,128
7839,1779711034180069381,1779711034145556147,-34.513234,1610.214,128
7840,1779711034182575142,1779711034148963866,-33.611276,2407.719,128
7841,1779711034185934896,1779711034151286564,-34.648332,1322.698,128
7842,1779711034188289418,1779711034153957815,-34.331603,1671.251,128
7843,1779711034190932905,1779711034155982873,-34.950032,1025.058,128
7844,1779711034193074311,1779711034158237309,-34.837002,1254.436,128
7845,1779711034195219684,1779711034159820681,-35.399003,583.372,128
7846,1779711034196836619,1779711034161848773,-34.987846,1028.092,128
7847,1779711034198948937,1779711034164355182,-34.593755,1506.409,128
7848,1779711034201240741,1779711034166418189,-34.822552,1063.007,128
7849,1779711034203460962,1779711034168319094,-35.141868,900.905,128
7850,1779711034205212678,1779711034170083638,-35.12904,764.544,128
7851,1779711034206832838,1779711034171392414,-35.440424,308.776,128
7852,1779711034208267245,1779711034173836513,-34.430732,1444.099,128
7853,1779711034210818165,1779711034175570962,-35.247203,734.449,128
7854,1779711034212531083,1779711034177333958,-35.197125,762.996,128
7855,1779711034214361102,1779711034179408662,-34.95244,1074.704,128
7856,1779711034216456664,1779711034181470830,-34.985834,1062.168,128
7857,1779711034218268796,1779711034183277387,-34.991409,806.557,128
7858,1779711034219997612,1779711034184124287,-35.873325,-153.1,128
7859,1779711034221244210,1779711034186304398,-34.939812,1180.111,128
7860,1779711034223140702,1779711034188335655,-34.805047,1031.257,128
7861,1779711034225289575,1779711034189834437,-35.455138,498.782,128
7862,1779711034226845315,1779711034191446241,-35.399074,611.804,128
7863,1779711034228272579,1779711034192967388,-35.305191,521.147,128
7864,1779711034229984167,1779711034194808301,-35.175866,840.913,128
7865,1779711034231719769,1779711034196455815,-35.263954,647.514,128
7866,1779711034233380016,1779711034198450180,-34.929836,994.365,128
7867,1779711034235486650,1779711034199873558,-35.613092,423.378,128
7868,1779711034236867982,1779711034202051356,-34.816626,1177.798,128
7869,1779711034238880618,1779711034203544986,-35.335632,493.63,128
7870,1779711034240524479,1779711034205804148,-34.720331,1259.162,128
7871,1779711034242797231,1779711034207452161,-35.34507,648.013,128
7872,1779711034244467090,1779711034209350602,-35.116488,898.441,128
7873,1779711034246231148,1779711034210977600,-35.253548,626.998,128
7874,1779711034247902302,1779711034212856717,-35.045585,879.117,128
7875,1779711034249907524,1779711034214379633,-35.527891,522.916,128
7876,1779711034251429543,1779711034216450589,-34.978954,1070.956,128
7877,1779711034253498477,1779711034218037170,-35.461307,586.581,128
7878,1779711034255004933,1779711034219313967,-35.690966,276.797,128
7879,1779711034256279908,1779711034220380247,-35.899661,66.28,128
7880,1779711034257457265,1779711034221918654,-35.538611,538.407,128
7881,1779711034258950234,1779711034223903411,-35.046823,984.757,128
7882,1779711034260934321,1779711034225322410,-35.611911,418.999,128
7883,1779711034262219277,1779711034227528504,-34.690773,1206.094,128
7884,1779711034264581960,1779711034229532124,-35.049836,1003.62,128
7885,1779711034266325381,1779711034231211302,-35.114079,679.178,128
7886,1779711034268060534,1779711034233092089,-34.968445,880.787,128
7887,1779711034270166359,1779711034235644780,-34.521579,1552.691,128
7888,1779711034272684307,1779711034237947941,-34.736366,1303.161,128
7889,1779711034274943074,1779711034240061447,-34.881627,1113.506,128
7890,1779711034277005738,1779711034241445095,-35.560643,383.648,128
7891,1779711034278377336,1779711034243314400,-35.062936,869.305,128
7892,1779711034280298737,1779711034245558142,-34.740595,1243.742,128
7893,1779711034282613238,1779711034248245383,-34.367855,1687.241,128
7894,1779711034285244458,1779711034250898689,-34.345769,1653.306,128
7895,1779711034287838854,1779711034252748624,-35.09023,849.935,128
7896,1779711034289736830,1779711034255076254,-34.660576,1327.63,128
7897,1779711034291935346,1779711034256360129,-35.575217,283.875,128
7898,1779711034293367757,1779711034258267861,-35.099896,907.732,128
7899,1779711034295155680,1779711034259606899,-35.548781,339.038,128
7900,1779711034296618247,1779711034261496606,-35.121641,889.707,128
7901,1779711034298377263,1779711034263247659,-35.129604,751.053,128
7902,1779711034300215031,1779711034264984320,-35.230711,736.661,128
7903,1779711034302121032,1779711034268580342,-33.54069,2596.022,128
7904,1779711034303824330,1779711034268726574,-35.097756,-853.768,128
7905,1779711034305696813,1779711034269956833,-35.73998,230.259,128
7906,1779711034306899299,1779711034272342149,-34.55715,1385.316,128
7907,1779711034309359387,1779711034273959478,-35.399909,617.329,128
7908,1779711034310894847,1779711034275265275,-35.629572,305.797,128
7909,1779711034312242991,1779711034276887398,-35.355593,622.123,128
7910,1779711034313892534,1779711034278411849,-35.480685,524.451,128
7911,1779711034315440269,1779711034280094626,-35.345643,682.777,128
7912,1779711034316922296,1779711034281642222,-35.280074,547.596,128
7913,1779711034318671572,1779711034283652433,-35.019139,1010.211,128
7914,1779711034320284298,1779711034286310110,-33.974188,1657.677,128
7915,1779711034323126233,1779711034288270073,-34.85616,959.963,128
7916,1779711034325240854,1779711034290588313,-34.652541,1318.24,128
7917,1779711034327443427,1779711034292539235,-34.904192,950.922,128
7918,1779711034329485050,1779711034293840071,-35.644979,300.836,128
7919,1779711034330743252,1779711034295405204,-35.338048,565.133,128
7920,1779711034332418849,1779711034296771705,-35.647144,366.501,128
7921,1779711034333801807,1779711034298376785,-35.425022,605.08,128
7922,1779711034335345089,1779711034299673110,-35.671979,296.325,128
7923,1779711034336646841,1779711034301997852,-34.648989,1324.742,128
7924,1779711034338910639,1779711034304023474,-34.887165,1025.622,128
7925,1779711034340942085,1779711034305795587,-35.146498,772.113,128
7926,1779711034342756339,1779711034307935654,-34.820685,1140.067,128
7927,1779711034344533889,1779711034309437545,-35.096344,501.891,128
7928,1779711034346306750,1779711034311197507,-35.109243,759.962,128
7929,1779711034348217228,1779711034313044078,-35.17315,846.571,128
7930,1779711034349908122,1779711034314588399,-35.319723,544.321,128
7931,1779711034351520487,1779711034315954776,-35.565711,366.377,128
7932,1779711034352986492,1779711034318030238,-34.956254,1075.462,128
7933,1779711034354980266,1779711034320464382,-34.515884,1434.144,128
7934,1779711034356751898,1779711034321583578,-35.16832,119.196,128
7935,1779711034358424878,1779711034323084106,-35.340772,500.528,128
7936,1779711034360096835,1779711034324780646,-35.316189,696.54,128
7937,1779711034361879387,1779711034326474033,-35.405354,693.387,128
7938,1779711034363496028,1779711034328300951,-35.195077,826.918,128
7939,1779711034365286544,1779711034329563260,-35.723284,262.309,128
7940,1779711034366683908,1779711034331283128,-35.40078,719.868,128
7941,1779711034368275094,1779711034332908439,-35.366655,625.311,128
7942,1779711034369902223,1779711034334436927,-35.465296,528.488,128
7943,1779711034371434259,1779711034336123622,-35.310637,686.695,128
7944,1779711034373146237,1779711034337121453,-36.024784,-2.169,128
7945,1779711034374220021,1779711034339112194,-35.107827,990.741,128
7946,1779711034376098207,1779711034340468559,-35.629648,356.365,128
7947,1779711034377420043,1779711034341786100,-35.633943,317.541,128
7948,1779711034378804470,1779711034343497651,-35.306819,711.551,128
7949,1779711034380479187,1779711034344756894,-35.722293,259.243,128
7950,1779711034381857744,1779711034346920922,-34.936822,1164.028,128
7951,1779711034384020542,1779711034348874577,-35.145965,953.655,128
7952,1779711034385877918,1779711034350589062,-35.288856,714.485,128
7953,1779711034387505307,1779711034352215303,-35.290004,626.241,128
7954,1779711034389108288,1779711034353628791,-35.479497,413.488,128
7955,1779711034390480783,1779711034355043595,-35.437188,414.804,128
7956,1779711034392034832,1779711034356717088,-35.317744,673.493,128
7957,1779711034393883630,1779711034358142818,-35.740812,425.73,128
7958,1779711034395244853,1779711034359938564,-35.306289,795.746,128
7959,1779711034396908055,1779711034361639521,-35.268534,700.957,128
7960,1779711034398681918,1779711034363395201,-35.286717,755.68,128
7961,1779711034400381213,1779711034365031224,-35.349989,636.023,128
7962,1779711034401980089,1779711034366106418,-35.873671,75.194,128
7963,1779711034403125177,1779711034367347734,-35.777443,241.316,128
7964,1779711034404361779,1779711034368681602,-35.680177,333.868,128
7965,1779711034405724369,1779711034370330316,-35.394053,648.714,128
7966,1779711034407233917,1779711034371625279,-35.608638,294.963,128
7967,1779711034408704784,1779711034373406547,-35.298237,781.268,128
7968,1779711034410381383,1779711034375013532,-35.367851,606.985,128
7969,1779711034411964128,1779711034376574573,-35.389555,561.041,128
7970,1779711034413688499,1779711034378290064,-35.398435,715.491,128
7971,1779711034415370490,1779711034380007693,-35.362797,717.629,128
7972,1779711034416933410,1779711034381687576,-35.245834,679.883,128
7973,1779711034418618133,1779711034383281041,-35.337092,593.465,128
7974,1779711034420265268,1779711034384418490,-35.846778,137.449,128
7975,1779711034421434151,1779711034385804537,-35.629614,386.047,128
7976,1779711034422793851,1779711034387642926,-35.150925,838.389,128
7977,1779711034424639150,1779711034389115221,-35.523929,472.295,128
7978,1779711034426121723,1779711034390599200,-35.522523,483.979,128
7979,1779711034427632037,1779711034392371346,-35.260691,772.146,128
7980,1779711034429324035,1779711034394414606,-34.909429,1043.26,128
7981,1779711034431469230,1779711034396223947,-35.245283,809.341,128
7982,1779711034433212196,1779711034397716812,-35.495384,492.865,128
7983,1779711034434708104,1779711034399384724,-35.32338,667.912,128
7984,1779711034436461821,1779711034400913412,-35.548409,528.688,128
7985,1779711034437826987,1779711034402602922,-35.224065,689.51,128
7986,1779711034439660787,1779711034404347612,-35.313175,744.69,128
7987,1779711034441274609,1779711034405787533,-35.487076,439.921,128
7988,1779711034442886645,1779711034407408026,-35.478619,620.493,128
7989,1779711034444503440,1779711034409414104,-35.089336,1006.078,128
7990,1779711034446336869,1779711034411078413,-35.258456,664.309,128
7991,1779711034448113496,1779711034412500731,-35.612765,422.318,128
7992,1779711034449585378,1779711034414313700,-35.271678,812.969,128
7993,1779711034451289822,1779711034415808009,-35.481813,494.309,128
7994,1779711034452774021,1779711034416767115,-36.006906,-40.894,128
7995,1779711034453833326,1779711034418140212,-35.693114,373.097,128
7996,1779711034455162292,1779711034419723067,-35.439225,582.855,128
7997,1779711034456729235,1779711034421153436,-35.575799,430.369,128
7998,1779711034458112038,1779711034422112226,-35.999812,-41.21,128
7999,1779711034459115695,1779711034423585013,-35.530682,472.787,128
8000,1779711034460677181,1779711034425052286,-35.624895,467.273,128
8001,1779711034462166866,1779711034426760193,-35.406673,707.907,128
8002,1779711034463775712,1779711034428009869,-35.765843,249.676,128
8003,1779711034465140202,1779711034429822560,-35.317642,812.691,128
8004,1779711034466803868,1779711034431618408,-35.18546,795.848,128
8005,1779711034468690038,1779711034433619304,-35.070734,1000.896,128
8006,1779711034470495367,1779711034435299766,-35.195601,680.462,128
8007,1779711034472303891,1779711034436842908,-35.460983,543.142,128
8008,1779711034473878280,1779711034438398524,-35.479756,555.616,128
8009,1779711034475499025,1779711034440141695,-35.35733,743.171,128
8010,1779711034477178508,1779711034441852127,-35.326381,710.432,128
8011,1779711034478851631,1779711034443584082,-35.267549,731.955,128
8012,1779711034480683935,1779711034445482501,-35.201434,898.419,128
8013,1779711034482464387,1779711034447080048,-35.384339,597.547,128
8014,1779711034484106460,1779711034448768308,-35.338152,688.26,128
8015,1779711034485780741,1779711034451444432,-34.336309,1676.124,128
8016,1779711034487117264,1779711034451707340,-35.409924,-737.092,128
8017,1779711034488516505,1779711034453420259,-35.096246,712.919,128
8018,1779711034490376820,1779711034454659343,-35.717477,239.084,128
8019,1779711034491689697,1779711034456078232,-35.611465,418.889,128
8020,1779711034493044282,1779711034457485642,-35.55864,407.41,128
8021,1779711034494351345,1779711034459736944,-34.614401,1251.302,128
8022,1779711034496678000,1779711034461234310,-35.44369,497.366,128
8023,1779711034498259281,1779711034462542092,-35.717189,307.782,128
8024,1779711034499657040,1779711034464237165,-35.419875,695.073,128
8025,1779711034500986771,1779711034465733754,-35.253017,496.589,128
8026,1779711034502700671,1779711034469128174,-33.572497,2394.42,128
8027,1779711034506115009,1779711034470615706,-35.499303,487.532,128
8028,1779711034507662219,1779711034472509061,-35.153158,893.355,128
8029,1779711034509356511,1779711034474330314,-35.026197,821.253,128
8030,1779711034511367280,1779711034476037119,-35.330161,706.805,128
8031,1779711034512955760,1779711034477545650,-35.41011,508.531,128
8032,1779711034514485979,1779711034479247197,-35.238782,701.547,128
8033,1779711034516135951,1779711034480779809,-35.356142,532.612,128
8034,1779711034517748455,1779711034482469430,-35.279025,689.621,128
8035,1779711034519350432,1779711034484067225,-35.283207,597.795,128
8036,1779711034521070579,1779711034485759414,-35.311165,692.189,128
8037,1779711034522690875,1779711034487351627,-35.339248,592.213,128
8038,1779711034524336046,1779711034488464737,-35.871309,113.11,128
8039,1779711034525447074,1779711034489770332,-35.676742,305.595,128
8040,1779711034526706435,1779711034491108435,-35.598,338.103,128
8041,1779711034528049099,1779711034492495792,-35.553307,387.357,128
8042,1779711034529465377,1779711034493958957,-35.50642,463.165,128
8043,1779711034530910078,1779711034495348680,-35.561398,389.723,128
8044,1779711034532261081,1779711034496669690,-35.591391,321.01,128
8045,1779711034533698296,1779711034498001049,-35.697247,331.359,128
8046,1779711034535022479,1779711034499287970,-35.734509,286.921,128
8047,1779711034536213828,1779711034500351605,-35.862223,63.635,128
8048,1779711034537397006,1779711034501916282,-35.480724,564.677,128
8049,1779711034538893254,1779711034503552317,-35.340937,636.035,128
8050,1779711034540267234,1779711034504583495,-35.683739,31.178,128
8051,1779711034541620296,1779711034506261811,-35.358485,678.316,128
8052,1779711034542979651,1779711034507673041,-35.30661,411.23,128
8053,1779711034544628583,1779711034508990885,-35.637698,317.844,128
8054,1779711034545956870,1779711034510466929,-35.489941,476.044,128
8055,1779711034547454643,1779711034512065422,-35.389221,598.493,128
8056,1779711034548953038,1779711034514495276,-34.457762,1429.854,128
8057,1779711034550810641,1779711034515651192,-35.159449,155.916,128
8058,1779711034552513550,1779711034517334573,-35.178977,683.381,128
8059,1779711034554258936,1779711034518814771,-35.444165,480.198,128
8060,1779711034555708028,1779711034520321999,-35.386029,507.228,128
8061,1779711034557211713,1779711034522009726,-35.201987,687.727,128
8062,1779711034558753148,1779711034523491463,-35.261685,481.737,128
8063,1779711034560249858,1779711034524723588,-35.52627,232.125,128
8064,1779711034561692510,1779711034525428096,-36.264414,-295.492,128
8065,1779711034562488058,1779711034527463360,-35.024698,1035.264,128
8066,1779711034564442635,1779711034528946945,-35.49569,483.585,128
8067,1779711034566014178,1779711034531122648,-34.89153,1175.703,128
8068,1779711034568176357,1779711034532904751,-35.271606,782.103,128
8069,1779711034569942144,1779711034534861680,-35.080464,956.929,128
8070,1779711034571729333,1779711034536371749,-35.357584,510.069,128
8071,1779711034573244719,1779711034537917887,-35.326832,546.138,128
8072,1779711034574721874,1779711034539456518,-35.265356,538.631,128
8073,1779711034576407583,1779711034541130436,-35.277147,673.918,128
8074,1779711034578051848,1779711034542850231,-35.201617,719.795,128
8075,1779711034579799589,1779711034546222516,-33.577073,2372.285,128
8076,1779711034581583951,1779711034546301710,-35.282241,-920.806,128
8077,1779711034583268834,1779711034548528090,-34.740744,1226.38,128
8078,1779711034585506020,1779711034550604955,-34.901065,1076.865,128
8079,1779711034587691201,1779711034552281004,-35.410197,676.049,128
8080,1779711034589208542,1779711034553860387,-35.348155,579.383,128
8081,1779711034590756392,1779711034554975824,-35.780568,115.437,128
8082,1779711034591941230,1779711034556537826,-35.403404,562.002,128
8083,1779711034593454027,1779711034558307580,-35.146447,769.754,128
8084,1779711034595195969,1779711034559897886,-35.298083,590.306,128
8085,1779711034596920873,1779711034561651465,-35.269408,753.579,128
8086,1779711034598680914,1779711034563624727,-35.056187,973.262,128
8087,1779711034600409127,1779711034565332604,-35.076523,707.877,128
8088,1779711034602373811,1779711034568323567,-34.050244,1990.963,128
8089,1779711034605328831,1779711034570320392,-35.008439,996.825,128
8090,1779711034607157358,1779711034571912689,-35.244669,592.297,128
8091,1779711034608771110,1779711034573397713,-35.373397,485.024,128
8092,1779711034610411705,1779711034575060761,-35.350944,663.048,128
8093,1779711034611994571,1779711034576700265,-35.294306,639.504,128
8094,1779711034613713662,1779711034578309315,-35.404347,609.05,128
8095,1779711034615360346,1779711034579736330,-35.624016,427.015,128
8096,1779711034616722991,1779711034580888480,-35.834511,152.15,128
8097,1779711034617953386,1779711034582800094,-35.153292,911.614,128
8098,1779711034619696485,1779711034584277456,-35.419029,477.362,128
8099,1779711034621269649,1779711034586322983,-34.946666,1045.527,128
8100,1779711034623079810,1779711034588428154,-34.651656,1105.171,128
8101,1779711034625411183,1779711034590434965,-34.976218,1006.811,128
8102,1779711034627389443,1779711034592596051,-34.793392,1161.086,128
8103,1779711034629530243,1779711034594524194,-35.006049,928.143,128
8104,1779711034631477141,1779711034596912067,-34.565074,1387.873,128
8105,1779711034633932159,1779711034599387654,-34.544505,1475.587,128
8106,1779711034636476700,1779711034601343943,-35.132757,956.289,128
8107,1779711034638231017,1779711034602378208,-35.852809,34.265,128
8108,1779711034639424289,1779711034603928724,-35.495565,550.516,128
8109,1779711034641033703,1779711034605703513,-35.33019,774.789,128
8110,1779711034642689531,1779711034607487192,-35.202339,783.679,128
8111,1779711034644603683,1779711034609454792,-35.148891,967.6,128
8112,1779711034646478462,1779711034611376759,-35.101703,921.967,128
8113,1779711034648312527,1779711034613560926,-34.751601,1184.167,128
8114,1779711034650521933,1779711034615290550,-35.231383,729.624,128
8115,1779711034652248088,1779711034616977420,-35.270668,686.87,128
8116,1779711034653991839,1779711034618652128,-35.339711,674.708,128
8117,1779711034655710425,1779711034620350408,-35.360017,698.28,128
8118,1779711034657214510,1779711034621517037,-35.697473,166.629,128
8119,1779711034658536277,1779711034623363631,-35.172646,846.594,128
8120,1779711034660290925,1779711034625465921,-34.825004,1102.29,128
8121,1779711034662395020,1779711034627687122,-34.707898,1221.201,128
8122,1779711034664733993,1779711034630330290,-34.403703,1643.168,128
8123,1779711034667291943,1779711034631938911,-35.353032,608.621,128
8124,1779711034669046780,1779711034634129879,-34.916901,1190.968,128
8125,1779711034671047854,1779711034635990101,-35.057753,860.222,128
8126,1779711034672836027,1779711034637235349,-35.600678,245.248,128
8127,1779711034674126795,1779711034638760552,-35.366243,525.203,128
8128,1779711034675733250,1779711034640341546,-35.391704,580.994,128
8129,1779711034677198238,1779711034642017703,-35.180535,676.157,128
8130,1779711034678929011,1779711034643340561,-35.58845,322.858,128
8131,1779711034680308976,1779711034645345260,-34.963716,1004.699,128
8132,1779711034682244042,1779711034646849065,-35.394977,503.805,128
8133,1779711034683852854,1779711034648627602,-35.225252,778.537,128
8134,1779711034685689195,1779711034650435517,-35.253678,807.915,128
8135,1779711034687449431,1779711034652646731,-34.8027,1211.214,128
8136,1779711034689502486,1779711034654353831,-35.148655,707.1,128
8137,1779711034691278813,1779711034655997515,-35.281298,643.684,128
8138,1779711034692948233,1779711034657835251,-35.112982,837.736,128
8139,1779711034694752358,1779711034659268831,-35.483527,433.58,128
8140,1779711034696234503,1779711034660746250,-35.488253,477.419,128
8141,1779711034697824256,1779711034662595765,-35.228491,849.515,128
8142,1779711034699683458,1779711034666600592,-33.082866,3004.827,128
8143,1779711034703624153,1779711034668324847,-35.299306,724.255,128
8144,1779711034705388545,1779711034670874054,-34.514491,1549.207,128
8145,1779711034707703320,1779711034672997623,-34.705697,1123.569,128
8146,1779711034709970328,1779711034674519673,-35.450655,522.05,128
8147,1779711034711601184,1779711034675999963,-35.601221,480.29,128
8148,1779711034712973183,1779711034677376287,-35.596896,376.324,128
8149,1779711034714356609,1779711034679322851,-35.033758,946.564,128
8150,1779711034716305059,1779711034681142519,-35.16254,819.668,128
8151,1779711034718162401,1779711034683085866,-35.076535,943.347,128
8152,1779711034719920987,1779711034684563970,-35.357017,478.104,128
8153,1779711034721625195,1779711034686432636,-35.192559,868.666,128
8154,1779711034723431067,1779711034687806469,-35.624598,373.833,128
8155,1779711034724747212,1779711034688972955,-35.774257,166.486,128
8156,1779711034726023611,1779711034690180372,-35.843239,207.417,128
8157,1779711034727187957,1779711034691674594,-35.513363,494.222,128
8158,1779711034728791532,1779711034693015553,-35.775979,340.959,128
8159,1779711034730101656,1779711034695308691,-34.792965,1293.138,128
8160,1779711034732331109,1779711034697021342,-35.309767,712.651,128
8161,1779711034733982748,1779711034698713480,-35.269268,692.138,128
8162,1779711034735713887,1779711034700710065,-35.003822,996.585,128
8163,1779711034737720896,1779711034702305442,-35.415454,595.377,128
8164,1779711034739368592,1779711034704031292,-35.3373,725.85,128
8165,1779711034741054345,1779711034705654549,-35.399796,623.257,128
8166,1779711034742657008,1779711034706735718,-35.92129,81.169,128
8167,1779711034743749188,1779711034707969120,-35.780068,233.402,128
8168,1779711034744958567,1779711034710833214,-34.125353,1864.094,128
8169,1779711034747896315,1779711034713277334,-34.618981,1444.12,128
8170,1779711034750189126,1779711034714595959,-35.593167,318.625,128
8171,1779711034751675857,1779711034716079780,-35.596077,483.821,128
8172,1779711034753117657,1779711034717634998,-35.482659,555.218,128
8173,1779711034754648973,1779711034719000563,-35.64841,365.565,128
8174,1779711034756024411,1779711034720408556,-35.615855,407.993,128
8175,1779711034757435999,1779711034721650700,-35.785299,242.144,128
8176,1779711034758742203,1779711034723332076,-35.410127,681.376,128
8177,1779711034760333491,1779711034724748721,-35.58477,416.645,128
8178,1779711034761743241,1779711034725910033,-35.833208,161.312,128
8179,1779711034762906350,1779711034727111693,-35.794657,201.66,128
8180,1779711034764093091,1779711034728186240,-35.906851,74.547,128
8181,1779711034765203824,1779711034729466553,-35.737271,280.313,128
8182,1779711034766637568,1779711034731337404,-35.300164,870.851,128
8183,1779711034768300677,1779711034734035153,-34.265524,1697.749,128
8184,1779711034770105059,1779711034734042917,-36.062142,-992.236,128
8185,1779711034771010999,1779711034736282048,-34.728951,1239.131,128
8186,1779711034773230359,1779711034738552879,-34.67748,1270.831,128
8187,1779711034775510675,1779711034739514103,-35.996572,-38.776,128
8188,1779711034776466014,1779711034741290810,-35.175204,776.707,128
8189,1779711034777992162,1779711034743097899,-34.894263,807.089,128
8190,1779711034779801201,1779711034744478624,-35.322577,380.725,128
8191,1779711034781379876,1779711034745472316,-35.90756,-6.308,128
8192,1779711034782438675,1779711034746428758,-36.009917,-43.558,128
8193,1779711034783480263,1779711034748000531,-35.479732,571.773,128
8194,1779711034784909373,1779711034749468554,-35.440819,468.023,128
8195,1779711034786462305,1779711034751516833,-34.945472,1048.279,128
8196,1779711034788419227,1779711034753358838,-35.060389,842.005,128
8197,1779711034790242281,1779711034755385269,-34.857012,1026.431,128
8198,1779711034792164268,1779711034757070066,-35.094202,684.797,128
8199,1779711034793980741,1779711034758851968,-35.128773,781.902,128
8200,1779711034795889173,1779711034760494625,-35.394548,642.657,128
8201,1779711034797429753,1779711034761799743,-35.63001,305.118,128
8202,1779711034798721793,1779711034763539858,-35.181935,740.115,128
8203,1779711034800490285,1779711034765011875,-35.47841,472.017,128
8204,1779711034801923980,1779711034765969842,-35.954138,-42.033,128
8205,1779711034802911841,1779711034767347903,-35.563938,378.061,128
8206,1779711034804380337,1779711034768864698,-35.515639,516.795,128
8207,1779711034805867258,1779711034770114211,-35.753047,249.513,128
8208,1779711034807085548,1779711034771466456,-35.619092,352.245,128
8209,1779711034808397549,1779711034772478065,-35.919484,11.609,128
8210,1779711034809628159,1779711034774288938,-35.339221,810.873,128
8211,1779711034811213395,1779711034776211682,-35.001713,922.744,128
8212,1779711034813117397,1779711034777494777,-35.62262,283.095,128
8213,1779711034814433746,1779711034778701437,-35.732309,206.66,128
8214,1779711034815722083,1779711034780409388,-35.312695,707.951,128
8215,1779711034817199692,1779711034781537086,-35.662606,127.698,128
8216,1779711034818515592,1779711034782380944,-36.134648,-156.142,128
8217,1779711034819482804,1779711034783414364,-36.06844,33.42,128
8218,1779711034820311561,1779711034784717158,-35.594403,302.794,128
8219,1779711034821682873,1779711034786221502,-35.461371,504.344,128
8220,1779711034823120968,1779711034786960691,-36.160277,-260.811,128
8221,1779711034823959231,1779711034788482198,-35.477033,521.507,128
8222,1779711034825454648,1779711034789997798,-35.45685,515.6,128
8223,1779711034827046478,1779711034791321641,-35.724837,323.843,128
8224,1779711034828248167,1779711034792407082,-35.841085,85.441,128
8225,1779711034829479161,1779711034794147629,-35.331532,740.547,128
8226,1779711034831230951,1779711034795551898,-35.679053,404.269,128
8227,1779711034832535791,1779711034797040663,-35.495128,488.765,128
8228,1779711034834019708,1779711034798386496,-35.633212,345.833,128
8229,1779711034835370802,1779711034800017494,-35.353308,630.998,128
8230,1779711034836981875,1779711034800929607,-36.052268,-87.887,128
8231,1779711034837900701,1779711034802302014,-35.598687,372.407,128
8232,1779711034839190607,1779711034804291997,-34.89861,989.983,128
8233,1779711034841324957,1779711034805798434,-35.526523,506.437,128
8234,1779711034842840782,1779711034807339179,-35.501603,540.745,128
8235,1779711034844322761,1779711034808624790,-35.697971,285.611,128
8236,1779711034845642571,1779711034809890933,-35.751638,266.143,128
8237,1779711034846873145,1779711034812561580,-34.311565,1670.647,128
8238,1779711034848161499,1779711034812717754,-35.443745,-843.826,128
8239,1779711034849682525,1779711034814352859,-35.329666,635.105,128
8240,1779711034851320583,1779711034815254422,-36.066161,-98.437,128
8241,1779711034852245057,1779711034817075120,-35.169937,820.698,128
8242,1779711034853853133,1779711034818411495,-35.441638,336.375,128
8243,1779711034855419490,1779711034820683751,-34.735739,1272.256,128
8244,1779711034857770659,1779711034822774413,-34.996246,1090.662,128
8245,1779711034859840991,1779711034825039401,-34.80159,1264.988,128
8246,1779711034862224358,1779711034827339655,-34.884703,1300.254,128
8247,1779711034864297391,1779711034829123692,-35.173699,784.037,128
8248,1779711034866113404,1779711034830895858,-35.217546,772.166,128
8249,1779711034867963241,1779711034832796700,-35.166541,900.842,128
8250,1779711034869891382,1779711034835114186,-34.777196,1317.486,128
8251,1779711034872048251,1779711034837200755,-34.847496,1086.569,128
8252,1779711034874119760,1779711034839455815,-34.663945,1255.06,128
8253,1779711034876444863,1779711034841246950,-35.197913,791.135,128
8254,1779711034878264393,1779711034842834734,-35.429659,587.784,128
8255,1779711034879897575,1779711034844450616,-35.446959,615.882,128
8256,1779711034881560528,1779711034846960569,-34.599959,1509.953,128
8257,1779711034884089684,1779711034849403334,-34.68635,1442.765,128
8258,1779711034886484530,1779711034854398994,-32.085536,3995.66,128
8259,1779711034891390061,1779711034856625620,-34.764441,1226.626,128
8260,1779711034893839756,1779711034858902771,-34.936985,1277.151,128
8261,1779711034895837405,1779711034861608675,-34.22873,1705.904,128
8262,1779711034898585840,1779711034863778892,-34.806948,1170.217,128
8263,1779711034900817606,1779711034865749540,-35.068066,970.648,128
8264,1779711034902869719,1779711034868539014,-34.330705,1789.474,128
8265,1779711034905547065,1779711034870446346,-35.100719,907.332,128
8266,1779711034907462995,1779711034872509462,-34.953533,1063.116,128
8267,1779711034909610920,1779711034874395458,-35.215462,885.996,128
8268,1779711034911554877,1779711034876278824,-35.276053,883.366,128
8269,1779711034913317050,1779711034878617293,-34.699757,1338.469,128
8270,1779711034915728563,1779711034880278918,-35.449645,661.625,128
8271,1779711034917343688,1779711034882271793,-35.071895,992.875,128
8272,1779711034919509176,1779711034884284633,-35.224543,1012.84,128
8273,1779711034921471842,1779711034886738687,-34.733155,1454.054,128
8274,1779711034923836193,1779711034889265143,-34.57105,1526.456,128
8275,1779711034926266111,1779711034891272818,-34.993293,1007.675,128
8276,1779711034928273037,1779711034893262117,-35.01092,989.299,128
8277,1779711034930349803,1779711034895243808,-35.105995,981.691,128
8278,1779711034932291769,1779711034897278582,-35.013187,1034.774,128
8279,1779711034934330094,1779711034899285120,-35.044974,1006.538,128
8280,1779711034936338124,1779711034901915519,-34.422605,1630.399,128
8281,1779711034938922795,1779711034904003976,-34.918819,1088.457,128
8282,1779711034940931807,1779711034905754461,-35.177346,750.485,128
8283,1779711034942837960,1779711034907844206,-34.993754,1089.745,128
8284,1779711034945024231,1779711034909993138,-35.031093,1148.932,128
8285,1779711034947062462,1779711034911604195,-35.458267,611.057,128
8286,1779711034948717220,1779711034913598591,-35.118629,994.396,128
8287,1779711034950718428,1779711034915352453,-35.365975,753.862,128
8288,1779711034952672310,1779711034917350236,-35.322074,997.783,128
8289,1779711034954398580,1779711034920312286,-34.086294,1962.05,128
8290,1779711034957395919,1779711034922135276,-35.260643,822.99,128
8291,1779711034959284716,1779711034924100525,-35.184191,965.249,128
8292,1779711034961195471,1779711034926074924,-35.120547,974.399,128
8293,1779711034963157670,1779711034927438152,-35.719518,363.228,128
8294,1779711034964693386,1779711034929715044,-34.978342,1276.892,128
8295,1779711034967052754,1779711034932004817,-35.047937,1289.773,128
8296,1779711034969092611,1779711034933968631,-35.12398,963.814,128
8297,1779711034971334281,1779711034936260252,-35.074029,1291.621,128
8298,1779711034973273053,1779711034938037808,-35.235245,777.556,128
8299,1779711034975135849,1779711034940397971,-34.737878,1360.163,128
8300,1779711034977524060,1779711034942269985,-35.254075,872.014,128
8301,1779711034979386384,1779711034944130799,-35.255585,860.814,128
8302,1779711034981348554,1779711034945870457,-35.478097,739.658,128
8303,1779711034983066354,1779711034947908019,-35.158335,1037.562,128
8304,1779711034984998231,1779711034950500411,-34.49782,1592.392,128
8305,1779711034987723507,1779711034952691648,-35.031859,1191.237,128
8306,1779711034989705007,1779711034954442095,-35.262912,750.447,128
8307,1779711034991600831,1779711034956657879,-34.942952,1215.784,128
8308,1779711034993776701,1779711034957922188,-35.854513,264.309,128
8309,1779711034995007485,1779711034959238128,-35.769357,315.94,128
8310,1779711034996223079,1779711034960894774,-35.328305,656.646,128
8311,1779711034997937926,1779711034963082915,-34.855011,1188.141,128
8312,1779711035000105624,1779711034964967403,-35.138221,884.488,128
8313,1779711035002150998,1779711034966705988,-35.44501,738.585,128
8314,1779711035003805017,1779711034968474187,-35.33083,768.199,128
8315,1779711035005710682,1779711034970020411,-35.690271,546.224,128
8316,1779711035007030392,1779711034971506865,-35.523527,486.454,128
8317,1779711035008631409,1779711034973094397,-35.537012,587.532,128
8318,1779711035010240931,1779711034974899461,-35.34147,805.064,128
8319,1779711035012024045,1779711034977181500,-34.842545,1282.039,128
8320,1779711035014277198,1779711034979431772,-34.845426,1250.272,128
8321,1779711035016516597,1779711034981265315,-35.251282,833.543,128
8322,1779711035018237185,1779711034982844023,-35.393162,578.708,128
8323,1779711035019947825,1779711034984425556,-35.522269,581.533,128
8324,1779711035021616259,1779711034986169023,-35.447236,743.467,128
8325,1779711035023255432,1779711034987498105,-35.757327,329.082,128
8326,1779711035024616189,1779711034989118364,-35.497825,620.259,128
8327,1779711035026087915,1779711034990299701,-35.788214,181.337,128
8328,1779711035027393722,1779711034991771755,-35.621967,472.054,128
8329,1779711035028967491,1779711034993287701,-35.67979,515.946,128
8330,1779711035030402526,1779711034994774098,-35.628428,486.397,128
8331,1779711035031971608,1779711034997149733,-34.821875,1375.635,128
8332,1779711035034209980,1779711034998445884,-35.764096,296.151,128
8333,1779711035035623597,1779711034999892632,-35.730965,446.748,128
8334,1779711035036963050,1779711035001414715,-35.548335,522.083,128
8335,1779711035038610528,1779711035003187129,-35.423399,772.414,128
8336,1779711035040180255,1779711035004148393,-36.031862,-38.736,128
8337,1779711035041254396,1779711035005809456,-35.44494,661.063,128
8338,1779711035042872006,1779711035007142191,-35.729815,332.735,128
8339,1779711035044240731,1779711035008456199,-35.784532,314.008,128
8340,1779711035045618040,1779711035009963392,-35.654648,507.193,128
8341,1779711035047062536,1779711035011259268,-35.803268,295.876,128
8342,1779711035048350958,1779711035012929747,-35.421211,670.479,128
8343,1779711035050024806,1779711035014928677,-35.096129,998.93,128
8344,1779711035052005268,1779711035016475093,-35.530175,546.416,128
8345,1779711035053635789,1779711035018499990,-35.135799,1024.897,128
8346,1779711035055459340,1779711035019795440,-35.6639,295.45,128
8347,1779711035056752122,1779711035021683121,-35.069001,887.681,128
8348,1779711035058659497,1779711035023240568,-35.418929,557.447,128
8349,1779711035060168495,1779711035025346635,-34.82186,1106.067,128
8350,1779711035062252836,1779711035027790203,-34.462633,1443.568,128
8351,1779711035064824613,1779711035029934291,-34.890322,1144.088,128
8352,1779711035066909614,1779711035032531296,-34.378318,1597.005,128
8353,1779711035069543175,1779711035035266649,-34.276526,1735.353,128
8354,1779711035072212068,1779711035037543168,-34.6689,1276.519,128
8355,1779711035074553636,1779711035039644143,-34.909493,1100.975,128
8356,1779711035076691875,1779711035042309336,-34.382539,1665.193,128
8357,1779711035079120895,1779711035044491015,-34.62988,1181.679,128
8358,1779711035081614876,1779711035046533598,-35.081278,1042.583,128
8359,1779711035083551254,1779711035048317356,-35.233898,783.758,128
8360,1779711035085394097,1779711035050132710,-35.261387,815.354,128
8361,1779711035087212948,1779711035052461585,-34.751363,1328.875,128
8362,1779711035089214026,1779711035054191708,-35.022318,730.123,128
8363,1779711035091111271,1779711035055863359,-35.247912,671.651,128
8364,1779711035092864690,1779711035057228242,-35.636448,364.883,128
8365,1779711035094225535,1779711035058809117,-35.416418,580.875,128
8366,1779711035095860577,1779711035060442801,-35.417776,633.684,128
8367,1779711035097452708,1779711035061854097,-35.598611,411.296,128
8368,1779711035098754938,1779711035063197177,-35.557761,343.08,128
8369,1779711035100180057,1779711035064971821,-35.208236,774.644,128
8370,1779711035101935675,1779711035066486509,-35.449166,514.688,128
8371,1779711035103384531,1779711035068076652,-35.307879,590.143,128
8372,1779711035105033078,1779711035069876077,-35.157001,799.425,128
8373,1779711035106830431,1779711035071469656,-35.360775,593.579,128
8374,1779711035108518275,1779711035072679255,-35.83902,209.599,128
8375,1779711035109709620,1779711035074335214,-35.374406,655.959,128
8376,1779711035111306771,1779711035076120821,-35.18595,785.607,128
8377,1779711035113153780,1779711035078235524,-34.918256,1114.703,128
8378,1779711035114910682,1779711035079585425,-35.325257,349.901,128
8379,1779711035116488533,1779711035081281111,-35.207422,695.686,128
8380,1779711035118286781,1779711035084632786,-33.653995,2351.675,128
8381,1779711035119706998,1779711035084854723,-34.852275,-778.063,128
8382,1779711035121735947,1779711035086210844,-35.525103,356.121,128
8383,1779711035123137383,1779711035088246124,-34.891259,1035.28,128
8384,1779711035124928233,1779711035089425457,-35.502776,179.333,128
8385,1779711035126419806,1779711035091207408,-35.212398,781.951,128
8386,1779711035128135245,1779711035093278034,-34.857211,1070.626,128
8387,1779711035130217414,1779711035095047600,-35.169814,769.566,128
8388,1779711035132096029,1779711035097329425,-34.766604,1281.825,128
8389,1779711035134129411,1779711035098554029,-35.575382,224.604,128
8390,1779711035135514036,1779711035099962578,-35.551458,408.549,128
8391,1779711035136821321,1779711035101425524,-35.395797,462.946,128
8392,1779711035138382561,1779711035103286423,-35.096138,860.899,128
8393,1779711035140182760,1779711035104916506,-35.266254,630.083,128
8394,1779711035141943198,1779711035106430798,-35.5124,514.292,128
8395,1779711035143341830,1779711035107797892,-35.543938,367.094,128
8396,1779711035144817553,1779711035109043031,-35.774522,245.139,128
8397,1779711035145928777,1779711035110532733,-35.396044,489.702,128
8398,1779711035147526472,1779711035112307729,-35.218743,774.996,128
8399,1779711035149262461,1779711035113639325,-35.623136,331.596,128
8400,1779711035150585860,1779711035115216786,-35.369074,577.461,128
8401,1779711035152163438,1779711035116781299,-35.382139,564.513,128
8402,1779711035153726189,1779711035118505631,-35.220558,724.332,128
8403,1779711035155392277,1779711035121067837,-34.32444,1562.206,128
8404,1779711035157746571,1779711035124309690,-33.436881,2241.853,128
8405,1779711035160845509,1779711035127980664,-32.864845,2670.974,128
8406,1779711035164912865,1779711035132056162,-32.856703,3075.498,128
8407,1779711035169495543,1779711035134996962,-34.498581,1940.8,128
8408,1779711035171942463,1779711035137112049,-34.830414,1115.087,128
8409,1779711035174202930,1779711035142054195,-32.148735,3942.146,128
8410,1779711035179223701,1779711035144571890,-34.651811,1517.695,128
8411,1779711035181713605,1779711035146986322,-34.727283,1414.432,128
8412,1779711035184002969,1779711035149250598,-34.752371,1264.276,128
8413,1779711035186197039,1779711035151301712,-34.895327,1051.114,128
8414,1779711035188360470,1779711035153356888,-35.003582,1055.176,128
8415,1779711035190459112,1779711035156473917,-33.985195,2117.029,128
8416,1779711035193490796,1779711035158716816,-34.77398,1242.899,128
8417,1779711035195817851,1779711035160680571,-35.13728,963.755,128
8418,1779711035197709972,1779711035162455827,-35.254145,775.256,128
8419,1779711035199700413,1779711035164181239,-35.519174,725.412,128
8420,1779711035201319818,1779711035166551171,-34.768647,1369.932,128
8421,1779711035203511346,1779711035168490197,-35.021149,939.026,128
8422,1779711035205414644,1779711035169977763,-35.436881,487.566,128
8423,1779711035207105660,1779711035171863718,-35.241942,885.955,128
8424,1779711035208949844,1779711035174132450,-34.817394,1268.732,128
8425,1779711035211265428,1779711035176093386,-35.172042,960.936,128
8426,1779711035213190979,1779711035178112177,-35.078802,1018.791,128
8427,1779711035215184773,1779711035179986914,-35.197859,874.737,128
8428,1779711035217056737,1779711035181492465,-35.564272,505.551,128
8429,1779711035218586965,1779711035182921403,-35.665562,428.938,128
8430,1779711035219989710,1779711035184785011,-35.204699,863.608,128
8431,1779711035221880129,1779711035186476448,-35.403681,691.437,128
8432,1779711035223605676,1779711035188457939,-35.147737,981.491,128
8433,1779711035225431151,1779711035190481188,-34.949963,1023.249,128
8434,1779711035227584550,1779711035192306534,-35.278016,825.346,128
8435,1779711035229415170,1779711035194131194,-35.283976,824.66,128
8436,1779711035231295851,1779711035195672869,-35.622982,541.675,128
8437,1779711035232746277,1779711035197872423,-34.873854,1199.554,128
8438,1779711035234969088,1779711035199975441,-34.993647,1103.018,128
8439,1779711035237082697,1779711035201529538,-35.553159,554.097,128
8440,1779711035238569303,1779711035203316933,-35.25237,787.395,128
8441,1779711035240377396,1779711035205262611,-35.114785,945.678,128
8442,1779711035242350017,1779711035207482914,-34.867103,1220.303,128
8443,1779711035244669319,1779711035210055690,-34.613629,1572.776,128
8444,1779711035247127482,1779711035211973700,-35.153782,918.01,128
8445,1779711035249243311,1779711035214010916,-35.232395,1037.216,128
8446,1779711035251111238,1779711035216058420,-35.052818,1047.504,128
8447,1779711035253131967,1779711035219507824,-33.624143,2449.404,128
8448,1779711035256442503,1779711035221486838,-34.955665,979.014,128
8449,1779711035258523283,1779711035223135006,-35.388277,648.168,128
8450,1779711035260165927,1779711035225708772,-34.457155,1573.766,128
8451,1779711035262770978,1779711035228567514,-34.203464,1858.742,128
8452,1779711035265760914,1779711035232419102,-33.341812,2851.588,128
8453,1779711035269640005,1779711035236853907,-32.786098,3434.805,128
8454,1779711035273943925,1779711035238944818,-34.999107,1090.911,128
8455,1779711035275978321,1779711035242639826,-33.338495,2695.008,128
8456,1779711035279614602,1779711035245382934,-34.231668,1743.108,128
8457,1779711035282430270,1779711035248591974,-33.838296,2209.04,128
8458,1779711035285777736,1779711035251460400,-34.317336,1868.426,128
8459,1779711035289660594,1779711035254457164,-35.20343,1996.764,128
8460,1779711035291514720,1779711035256893459,-34.621261,1436.295,128
8461,1779711035294246660,1779711035259929489,-34.317171,2036.03,128
8462,1779711035296965249,1779711035272883139,-24.08211,11953.65,128
8463,1779711035310089114,1779711035275114660,-34.974454,1231.521,128
8464,1779711035312207936,1779711035276980032,-35.227904,865.372,128
8465,1779711035314012313,1779711035278587487,-35.424826,607.455,128
8466,1779711035315821943,1779711035280876942,-34.945001,1289.455,128
8467,1779711035317622847,1779711035282941888,-34.680959,1064.946,128
8468,1779711035320015799,1779711035284853312,-35.162487,911.424,128
8469,1779711035321847677,1779711035286656345,-35.191332,803.033,128
8470,1779711035323682392,1779711035288374919,-35.307473,718.574,128
8471,1779711035325396470,1779711035289955301,-35.441169,580.382,128
8472,1779711035327026927,1779711035292379748,-34.647179,1424.447,128
8473,1779711035329193203,1779711035295552237,-33.640966,2172.489,128
8474,1779711035332721522,1779711035297946184,-34.775338,1393.947,128
8475,1779711035334904597,1779711035300474942,-34.429655,1528.758,128
8476,1779711035337285145,1779711035315098096,-22.187049,13623.154,128
8477,1779711035352046412,1779711035316768881,-35.277531,670.785,128
8478,1779711035353776459,1779711035318633486,-35.142973,864.605,128
8479,1779711035355566151,1779711035320250469,-35.315682,616.983,128
8480,1779711035357331187,1779711035325550573,-31.780614,4300.104,128
8481,1779711035358908885,1779711035325558076,-33.350809,-992.497,128
8482,1779711035360597467,1779711035325559997,-35.03747,-998.079,128
8483,1779711035362156671,1779711035328665449,-33.491222,2105.452,128
8484,1779711035363947170,1779711035328672583,-35.274587,-992.866,128
8485,1779711035365636485,1779711035330550642,-35.085843,878.059,128
8486,1779711035367522211,1779711035331789021,-35.73319,238.379,128
8487,1779711035368759032,1779711035333413286,-35.345746,624.265,128
8488,1779711035370493301,1779711035334935139,-35.558162,521.853,128
8489,1779711035371980880,1779711035337067939,-34.912941,1132.8,128
8490,1779711035374134434,1779711035338351023,-35.783411,283.084,128
8491,1779711035375490128,1779711035340082279,-35.407849,731.256,128
8492,1779711035377092140,1779711035341608510,-35.48363,526.231,128
8493,1779711035378571836,1779711035343874523,-34.697313,1266.013,128
8494,1779711035380844233,1779711035346568119,-34.276114,1693.596,128
8495,1779711035383570120,1779711035348918392,-34.651728,1350.273,128
8496,1779711035385943825,1779711035352392333,-33.551492,2473.941,128
8497,1779711035389310200,1779711035354795667,-34.514533,1403.334,128
8498,1779711035391967339,1779711035356127419,-35.83992,331.752,128
8499,1779711035393329987,1779711035357849164,-35.480823,721.745,128
8500,1779711035394868636,1779711035359474161,-35.394475,624.997,128
8501,1779711035396541379,1779711035360818405,-35.722974,344.244,128
8502,1779711035397964794,1779711035363243090,-34.721704,1424.685,128
8503,1779711035400288091,1779711035365135795,-35.152296,892.705,128
8504,1779711035402233759,1779711035367152462,-35.081297,1016.667,128
8505,1779711035404082332,1779711035368574242,-35.50809,421.78,128
8506,1779711035405561041,1779711035369845778,-35.715263,271.536,128
8507,1779711035406973388,1779711035371825290,-35.148098,979.512,128
8508,1779711035408838923,1779711035373046399,-35.792524,221.109,128
8509,1779711035410070649,1779711035375958354,-34.112295,1911.955,128
8510,1779711035411536271,1779711035375965874,-35.570397,-992.48,128
8511,1779711035413039264,1779711035377325884,-35.71338,360.01,128
8512,1779711035414382482,1779711035379061185,-35.321297,735.301,128
8513,1779711035416058539,1779711035381237253,-34.821286,1176.068,128
8514,1779711035418233379,1779711035383047272,-35.186107,810.019,128
8515,1779711035420066083,1779711035384383462,-35.682621,336.19,128
8516,1779711035421443655,1779711035385847661,-35.595994,464.199,128
8517,1779711035422891140,1779711035387329178,-35.561962,481.517,128
8518,1779711035424326098,1779711035388843951,-35.482147,514.773,128
8519,1779711035425864099,1779711035398871711,-26.992388,9027.76,128
8520,1779711035435883217,1779711035406977638,-28.905579,7105.927,128
8521,1779711035444126760,1779711035409666918,-34.459842,1689.28,128
8522,1779711035446710640,1779711035411652549,-35.058091,985.631,128
8523,1779711035448695208,1779711035413703931,-34.991277,1051.382,128
8524,1779711035450699097,1779711035415879913,-34.819184,1175.982,128
8525,1779711035452919939,1779711035418118769,-34.80117,1238.856,128
8526,1779711035455135522,1779711035420015742,-35.11978,896.973,128
8527,1779711035457058266,1779711035421855676,-35.20259,839.934,128
8528,1779711035458922805,1779711035423549384,-35.373421,693.708,128
8529,1779711035460552596,1779711035424833504,-35.719092,284.12,128
8530,1779711035461884521,1779711035426466365,-35.418156,632.861,128
8531,1779711035463515506,1779711035440070520,-23.444986,12604.155,128
8532,1779711035477041011,1779711035470635909,-6.405102,29565.389,128
8533,1779711035507467414,1779711035472846077,-34.621337,1210.168,128
8534,1779711035509851442,1779711035474335371,-35.516071,489.294,128
8535,1779711035511445017,1779711035476659648,-34.785369,1324.277,128
8536,1779711035513622425,1779711035478608818,-35.013607,949.17,128
8537,1779711035515641913,1779711035492147064,-23.494849,12538.246,128
8538,1779711035528990617,1779711035499836992,-29.153625,6689.928,128
8539,1779711035536974951,1779711035501871909,-35.103042,1034.917,128
8540,1779711035539053584,1779711035503816685,-35.236899,944.776,128
8541,1779711035540877832,1779711035505736909,-35.140923,920.224,128
8542,1779711035542847654,1779711035510110564,-32.73709,3373.655,128
8543,1779711035547573848,1779711035512284963,-35.288885,1174.399,128
8544,1779711035549348642,1779711035513936995,-35.411647,652.032,128
8545,1779711035551068700,1779711035515391335,-35.677365,454.34,128
8546,1779711035552488632,1779711035516980659,-35.507973,589.324,128
8547,1779711035554014048,1779711035518812209,-35.201839,831.55,128
8548,1779711035555918661,1779711035520579061,-35.3396,766.852,128
8549,1779711035557603813,1779711035522288791,-35.315022,709.73,128
8550,1779711035559322858,1779711035527872143,-31.450715,4583.352,128
8551,1779711035565091424,1779711035530277290,-34.814134,1405.147,128
8552,1779711035567310925,1779711035531940110,-35.370815,662.82,128
8553,1779711035569055798,1779711035533456352,-35.599446,516.242,128
8554,1779711035570660136,1779711035535254332,-35.405804,797.98,128
8555,1779711035572332279,1779711035537444102,-34.888177,1189.77,128
8556,1779711035574527225,1779711035539122211,-35.405014,678.109,128
8557,1779711035576274203,1779711035543212830,-33.061373,3090.619,128
8558,1779711035580340411,1779711035545317445,-35.022966,1104.615,128
8559,1779711035582416992,1779711035546981637,-35.435355,664.192,128
8560,1779711035584079550,1779711035548771541,-35.308009,789.904,128
8561,1779711035585863068,1779711035550743858,-35.11921,972.317,128
8562,1779711035587772532,1779711035552402702,-35.36983,658.844,128
8563,1779711035589503184,1779711035554000839,-35.502345,598.137,128
8564,1779711035591083624,1779711035555716911,-35.366713,716.072,128
8565,1779711035592831711,1779711035557523160,-35.308551,806.249,128
8566,1779711035594701430,1779711035558730765,-35.970665,207.605,128
8567,1779711035595838805,1779711035560796582,-35.042223,1065.817,128
8568,1779711035597910179,1779711035562582109,-35.32807,785.527,128
8569,1779711035599748940,1779711035564437263,-35.311677,855.154,128
8570,1779711035601500555,1779711035566079903,-35.420652,642.64,128
8571,1779711035603175591,1779711035567898065,-35.277526,818.162,128
8572,1779711035605072660,1779711035569783193,-35.289467,885.128,128
8573,1779711035606899169,1779711035571588470,-35.310699,805.277,128
8574,1779711035608854419,1779711035573653551,-35.200868,1065.081,128
8575,1779711035610760817,1779711035575560527,-35.20029,906.976,128
8576,1779711035614150847,1779711035578432458,-35.718389,1871.931,128
8577,1779711035615600292,1779711035579897163,-35.703129,464.705,128
8578,1779711035617037557,1779711035581455750,-35.581807,558.587,128
8579,1779711035618507444,1779711035584835481,-33.671963,2379.731,128
8580,1779711035621994273,1779711035586779903,-35.21437,944.422,128
8581,1779711035623744853,1779711035588088131,-35.656722,308.228,128
8582,1779711035625197929,1779711035589501942,-35.695987,413.811,128
8583,1779711035626703892,1779711035591488591,-35.215301,986.649,128
8584,1779711035628634740,1779711035593222649,-35.412091,734.058,128
8585,1779711035630243008,1779711035594871212,-35.371796,648.563,128
8586,1779711035631974858,1779711035596715374,-35.259484,844.162,128
8587,1779711035633812896,1779711035598248178,-35.564718,532.804,128
8588,1779711035635334352,1779711035599713606,-35.620746,465.428,128
8589,1779711035636788996,1779711035641271838,4.482842,40558.232,128
8590,1779711035678199218,1779711035643537885,-34.661333,1266.047,128
8591,1779711035680095356,1779711035644636913,-35.458443,99.028,128
8592,1779711035681715585,1779711035646103924,-35.611661,467.011,128
8593,1779711035683133023,1779711035647858884,-35.274139,754.96,128
8594,1779711035684944953,1779711035649406133,-35.53882,547.249,128
8595,1779711035686492792,1779711035651056424,-35.436368,650.291,128
8596,1779711035688130916,1779711035652967278,-35.163638,910.854,128
8597,1779711035692143346,1779711035657304317,-34.839029,3337.039,128
8598,1779711035694350048,1779711035659395395,-34.954653,1091.078,128
8599,1779711035696488979,1779711035660977506,-35.511473,582.111,128
8600,1779711035698459527,1779711035663024878,-35.434649,1047.372,128
8601,1779711035700062044,1779711035664854477,-35.207567,829.599,128
8602,1779711035701946217,1779711035667461382,-34.484835,1606.905,128
8603,1779711035704475311,1779711035669219093,-35.256218,757.711,128
8604,1779711035706153057,1779711035671234936,-34.918121,1015.843,128
8605,1779711035708435207,1779711035673466074,-34.969133,1231.138,128
8606,1779711035710164665,1779711035674851817,-35.312848,385.743,128
8607,1779711035711946154,1779711035677036693,-34.909461,1184.876,128
8608,1779711035714054171,1779711035678517371,-35.5368,480.678,128
8609,1779711035715670781,1779711035680344302,-35.326479,826.931,128
8610,1779711035717336159,1779711035682144721,-35.191438,800.419,128
8611,1779711035719066397,1779711035683292944,-35.773453,148.223,128
8612,1779711035720252761,1779711035685142653,-35.110108,849.709,128
8613,1779711035722249506,1779711035686654255,-35.595251,511.602,128
8614,1779711035723685853,1779711035688345100,-35.340753,690.845,128
8615,1779711035725400268,1779711035690127926,-35.272342,782.826,128
8616,1779711035727241356,1779711035691962653,-35.278703,834.727,128
8617,1779711035728940919,1779711035693294849,-35.64607,332.196,128
8618,1779711035730212878,1779711035695316668,-34.89621,1021.819,128
8619,1779711035732410243,1779711035697032633,-35.37761,715.965,128
8620,1779711035734097310,1779711035699356184,-34.741126,1323.551,128
8621,1779711035736415219,1779711035701073818,-35.341401,717.634,128
8622,1779711035737968717,1779711035704012094,-33.956623,1938.276,128
8623,1779711035740943805,1779711035706447111,-34.496694,1435.017,128
8624,1779711035743474072,1779711035708354754,-35.119318,907.643,128
8625,1779711035745430110,1779711035710387444,-35.042666,1032.69,128
8626,1779711035747352989,1779711035713409271,-33.943718,2021.827,128
8627,1779711035750460821,1779711035715485489,-34.975332,1076.218,128
8628,1779711035752722972,1779711035718123297,-34.599675,1637.808,128
8629,1779711035755111961,1779711035720144512,-34.967449,1021.215,128
8630,1779711035757106273,1779711035721924441,-35.181832,779.929,128
8631,1779711035758835063,1779711035723346351,-35.488712,421.91,128
8632,1779711035760432392,1779711035725099986,-35.332406,753.635,128
8633,1779711035762251626,1779711035726646320,-35.605306,546.334,128
8634,1779711035763810021,1779711035729041059,-34.768962,1394.739,128
8635,1779711035766030020,1779711035730870798,-35.159222,829.739,128
8636,1779711035767902391,1779711035732923976,-34.978415,1053.178,128
8637,1779711035769836905,1779711035734648902,-35.188003,724.926,128
8638,1779711035771769939,1779711035738479526,-33.290413,2830.624,128
8639,1779711035775534269,1779711035741289916,-34.244353,1810.39,128
8640,1779711035778226059,1779711035743992332,-34.233727,1702.416,128
8641,1779711035781053804,1779711035745567133,-35.486671,574.801,128
8642,1779711035783031786,1779711035747613146,-35.41864,1046.013,128
8643,1779711035784665844,1779711035750371794,-34.29405,1758.648,128
8644,1779711035787609761,1779711035752309086,-35.300675,937.292,128
8645,1779711035789213444,1779711035754566976,-34.646468,1257.89,128
8646,1779711035791692105,1779711035756090500,-35.601605,523.524,128
8647,1779711035793144512,1779711035757604813,-35.539699,514.313,128
8648,1779711035794762609,1779711035759641173,-35.121436,1036.36,128
8649,1779711035796681245,1779711035761061943,-35.619302,420.77,128
8650,1779711035798046085,1779711035762811388,-35.234697,749.445,128
8651,1779711035799877649,1779711035764658302,-35.219347,846.914,128
8652,1779711035801748318,1779711035765769989,-35.978329,111.687,128
8653,1779711035802816695,1779711035767009245,-35.80745,239.256,128
8654,1779711035804102002,1779711035768589801,-35.512201,580.556,128
8655,1779711035805761060,1779711035770523217,-35.237843,933.416,128
8656,1779711035807650121,1779711035772830949,-34.819172,1307.732,128
8657,1779711035810033316,1779711035774432698,-35.600618,601.749,128
8658,1779711035811492330,1779711035776003383,-35.488947,570.685,128
8659,1779711035813007010,1779711035777736086,-35.270924,732.703,128
8660,1779711035814613635,1779711035779380962,-35.232673,644.876,128
8661,1779711035816422622,1779711035780752735,-35.669887,371.773,128
8662,1779711035817832134,1779711035782018877,-35.813257,266.142,128
8663,1779711035819183542,1779711035784129515,-35.054027,1110.638,128
8664,1779711035820795137,1779711035785458490,-35.336647,328.975,128
8665,1779711035822355016,1779711035787098498,-35.256518,640.008,128
8666,1779711035824112135,1779711035788448446,-35.663689,349.948,128
8667,1779711035825517721,1779711035789954422,-35.563299,505.976,128
8668,1779711035827029978,1779711035791385542,-35.644436,431.12,128
8669,1779711035828410927,1779711035792873284,-35.537643,487.742,128
8670,1779711035829823769,1779711035794338035,-35.485734,464.751,128
8671,1779711035831444307,1779711035796209319,-35.234988,871.284,128
8672,1779711035833238472,1779711035797740652,-35.49782,531.333,128
8673,1779711035834805094,1779711035799340732,-35.464362,600.08,128
8674,1779711035836386696,1779711035800648594,-35.738102,307.862,128
8675,1779711035837797057,1779711035802259559,-35.537498,610.965,128
8676,1779711035839372549,1779711035804017927,-35.354622,758.368,128
8677,1779711035841113329,1779711035805606004,-35.507325,588.077,128
8678,1779711035842759808,1779711035807117111,-35.642697,511.107,128
8679,1779711035844205089,1779711035808835444,-35.369645,718.333,128
8680,1779711035845952739,1779711035810281148,-35.671591,445.704,128
8681,1779711035847382771,1779711035812039231,-35.34354,758.083,128
8682,1779711035849164685,1779711035813620104,-35.544581,580.873,128
8683,1779711035850715328,1779711035815698524,-35.016804,1078.42,128
8684,1779711035852750556,1779711035817609496,-35.14106,910.972,128
8685,1779711035854657076,1779711035819141372,-35.515704,531.876,128
8686,1779711035856010120,1779711035821029903,-34.980217,888.531,128
8687,1779711035858135193,1779711035822806569,-35.328624,776.666,128
8688,1779711035859885913,1779711035824680931,-35.204982,874.362,128
8689,1779711035861800145,1779711035826072876,-35.727269,391.945,128
8690,1779711035863162793,1779711035827843572,-35.319221,770.696,128
8691,1779711035864949879,1779711035829773227,-35.176652,929.655,128
8692,1779711035866859097,1779711035831548636,-35.310461,775.409,128
8693,1779711035868657213,1779711035833670649,-34.986564,1122.013,128
8694,1779711035870695855,1779711035835344923,-35.350932,674.274,128
8695,1779711035872433517,1779711035836953848,-35.479669,608.925,128
8696,1779711035874053929,1779711035842736742,-31.317187,4782.894,128
8697,1779711035879837528,1779711035845020830,-34.816698,1284.088,128
8698,1779711035882005967,1779711035846416970,-35.588997,396.14,128
8699,1779711035883434350,1779711035847711072,-35.723278,294.102,128
8700,1779711035884895705,1779711035849514369,-35.381336,803.297,128
8701,1779711035886562789,1779711035851657844,-34.904945,1143.475,128
8702,1779711035888873674,1779711035854295263,-34.578411,1637.419,128
8703,1779711035891376179,1779711035855912752,-35.463427,617.489,128
8704,1779711035892922738,1779711035857287064,-35.635674,374.312,128
8705,1779711035894144637,1779711035858603172,-35.541465,316.108,128
8706,1779711035895685641,1779711035859644348,-36.041293,41.176,128
8707,1779711035896687089,1779711035861070075,-35.617014,425.727,128
8708,1779711035898131156,1779711035862969833,-35.161323,899.758,128
8709,1779711035899756227,1779711035864351106,-35.405121,381.273,128
8710,1779711035901362387,1779711035865608034,-35.754353,256.928,128
8711,1779711035902636477,1779711035868545074,-34.091403,1937.04,128
8712,1779711035905463153,1779711035870373585,-35.089568,828.511,128
8713,1779711035907284291,1779711035871735158,-35.549133,361.573,128
8714,1779711035908779725,1779711035872810106,-35.969619,74.948,128
8715,1779711035909873157,1779711035874171687,-35.70147,361.581,128
8716,1779711035911080402,1779711035875436417,-35.643985,264.73,128
8717,1779711035912455537,1779711035877230497,-35.22504,794.08,128
8718,1779711035914205831,1779711035878440541,-35.76529,210.044,128
8719,1779711035915730649,1779711035880802338,-34.928311,1361.797,128
8720,1779711035917669370,1779711035882351825,-35.317545,549.487,128
8721,1779711035919332882,1779711035884077028,-35.255854,725.203,128
8722,1779711035921064539,1779711035885851862,-35.212677,774.834,128
8723,1779711035922734843,1779711035886734201,-36.000642,-117.661,128
8724,1779711035923771178,1779711035887714776,-36.056402,-19.425,128
8725,1779711035924823236,1779711035889003941,-35.819295,289.165,128
8726,1779711035926001223,1779711035890326061,-35.675162,322.12,128
8727,1779711035927230584,1779711035891468380,-35.762204,142.319,128
8728,1779711035928436064,1779711035892852572,-35.583492,384.192,128
8729,1779711035929920054,1779711035894188006,-35.732048,335.434,128
8730,1779711035931246846,1779711035895265981,-35.980865,77.975,128
8731,1779711035932258466,1779711035896444122,-35.814344,178.141,128
8732,1779711035933493397,1779711035897427062,-36.066335,-17.06,128
8733,1779711035934473404,1779711035898608126,-35.865278,181.064,128
8734,1779711035935633885,1779711035900254760,-35.379125,646.634,128
8735,1779711035936877651,1779711035901153016,-35.724635,-101.744,128
8736,1779711035938042118,1779711035902467230,-35.574888,314.214,128
8737,1779711035939392557,1779711035903710260,-35.682297,243.03,128
8738,1779711035940677757,1779711035905350859,-35.326898,640.599,128
8739,1779711035942219648,1779711035907502502,-34.717146,1151.643,128
8740,1779711035943394406,1779711035907509018,-35.885388,-993.484,128
8741,1779711035944473359,1779711035908958061,-35.515298,449.043,128
8742,1779711035945810990,1779711035910041198,-35.769792,83.137,128
8743,1779711035947132668,1779711035911641451,-35.491217,600.253,128
8744,1779711035948610114,1779711035913228454,-35.38166,587.003,128
8745,1779711035950177674,1779711035914942871,-35.234803,714.417,128
8746,1779711035951947323,1779711035916531598,-35.415725,588.727,128
8747,1779711035953484026,1779711035918137535,-35.346491,605.937,128
8748,1779711035955009839,1779711035920244836,-34.765003,1107.301,128
8749,1779711035957255273,1779711035921522739,-35.732534,277.903,128
8750,1779711035958536057,1779711035922900081,-35.635976,377.342,128
8751,1779711035959934475,1779711035924350820,-35.583655,450.739,128
8752,1779711035961319615,1779711035925973222,-35.346393,622.402,128
8753,1779711035962907368,1779711035927472298,-35.43507,499.076,128
8754,1779711035964416505,1779711035928549556,-35.866949,77.258,128
8755,1779711035965594016,1779711035930093272,-35.500744,543.716,128
8756,1779711035967065668,1779711035931347499,-35.718169,254.227,128
8757,1779711035968209797,1779711035932389486,-35.820311,41.987,128
8758,1779711035969351246,1779711035933800024,-35.551222,410.538,128
8759,1779711035970723580,1779711035935400362,-35.323218,600.338,128
8760,1779711035972300706,1779711035937131452,-35.169254,731.09,128
8761,1779711035974066120,1779711035939276697,-34.789423,1145.245,128
8762,1779711035976161040,1779711035941259696,-34.901344,982.999,128
8763,1779711035978197687,1779711035942580110,-35.617577,320.414,128
8764,1779711035979566443,1779711035944228638,-35.337805,648.528,128
8765,1779711035981047352,1779711035946024945,-35.022407,796.307,128
8766,1779711035983024737,1779711035947363598,-35.661139,338.653,128
8767,1779711035992600232,1779711035957312492,-35.28774,8948.894,128
8768,1779711035994137559,1779711035958755527,-35.382032,443.035,128
8769,1779711035995720284,1779711035960435000,-35.285284,679.473,128
8770,1779711035997388839,1779711035961978050,-35.410789,543.05,128
8771,1779711035998813033,1779711035963279047,-35.533986,300.997,128
8772,1779711036000170039,1779711035964726358,-35.443681,447.311,128
8773,1779711036001510131,1779711035966044508,-35.465623,318.15,128
8774,1779711036002972704,1779711035968039462,-34.933242,994.954,128
8775,1779711036004940709,1779711035969468928,-35.471781,429.466,128
8776,1779711036006377594,1779711035971524230,-34.853364,1055.302,128
8777,1779711036008224246,1779711035973292893,-34.931353,768.663,128
8778,1779711036010174962,1779711035977100351,-33.074611,2807.458,128
8779,1779711036013712625,1779711035987386280,-26.326345,9285.929,128
8780,1779711036024235097,1779711035989385640,-34.849457,999.36,128
8781,1779711036026292289,1779711035991051512,-35.240777,665.872,128
8782,1779711036027940889,1779711035992339043,-35.601846,287.531,128
8783,1779711036029262413,1779711035993660432,-35.601981,321.389,128
8784,1779711036030646640,1779711035996268361,-34.378279,1607.929,128
8785,1779711036033218201,1779711035997320853,-35.897348,52.492,128
8786,1779711036034293020,1779711035999005996,-35.287024,685.143,128
8787,1779711036035981065,1779711036000409167,-35.571898,403.171,128
8788,1779711036037394910,1779711036001883698,-35.511212,474.531,128
8789,1779711036038789689,1779711036003320325,-35.469364,436.627,128
8790,1779711036040254188,1779711036004442649,-35.811539,122.324,128
8791,1779711036041397161,1779711036005774663,-35.622498,332.014,128
8792,1779711036042830646,1779711036007266824,-35.563822,492.161,128
8793,1779711036044259740,1779711036008873737,-35.386003,606.913,128
8794,1779711036045845927,1779711036010135394,-35.710533,261.657,128
8795,1779711036046964663,1779711036012059273,-34.90539,923.879,128
8796,1779711036048944775,1779711036013460357,-35.484418,401.084,128
8797,1779711036050377078,1779711036015085255,-35.291823,624.898,128
8798,1779711036051932281,1779711036016268426,-35.663855,183.171,128
8799,1779711036053166110,1779711036028264870,-24.90124,10996.444,128
8800,1779711036065179476,1779711036029608494,-35.570982,343.624,128
8801,1779711036066597437,1779711036030338328,-36.259109,-270.166,128
8802,1779711036067316377,1779711036031449004,-35.867373,110.676,128
8803,1779711036068406910,1779711036032366675,-36.040235,-82.329,128
8804,1779711036069401667,1779711036034455964,-34.945703,1089.289,128
8805,1779711036071425673,1779711036036071413,-35.35426,615.449,128
8806,1779711036072766916,1779711036037251124,-35.515792,179.711,128
8807,1779711036074143416,1779711036038517089,-35.626327,265.965,128
8808,1779711036075479206,1779711036039825902,-35.653304,308.813,128
8809,1779711036076807487,1779711036041256298,-35.551189,430.396,128
8810,1779711036078131487,1779711036042040799,-36.090688,-215.499,128
8811,1779711036079082123,1779711036043160337,-35.921786,119.538,128
8812,1779711036080105472,1779711036044063775,-36.041697,-96.562,128
8813,1779711036081038223,1779711036044657597,-36.380626,-406.178,128
8814,1779711036081643940,1779711036045830244,-35.813696,172.647,128
8815,1779711036082745888,1779711036047249798,-35.49609,419.554,128
8816,1779711036084163652,1779711036048326001,-35.837651,76.203,128
8817,1779711036085403340,1779711036049457954,-35.945386,131.953,128
8818,1779711036086453453,1779711036050516974,-35.936479,59.02,128
8819,1779711036087513692,1779711036051795288,-35.718404,278.314,128
8820,1779711036088802522,1779711036052691777,-36.110745,-103.511,128
8821,1779711036089702614,1779711036053970808,-35.731806,279.031,128
8822,1779711036090951019,1779711036055068821,-35.882198,98.013,128
8823,1779711036092010331,1779711036055993416,-36.016915,-75.405,128
8824,1779711036092998775,1779711036057711729,-35.287046,718.313,128
8825,1779711036094748236,1779711036059948362,-34.799874,1236.633,128
8826,1779711036096900752,1779711036061213416,-35.687336,265.054,128
8827,1779711036098209916,1779711036062079112,-36.130804,-134.304,128
8828,1779711036099138831,1779711036063471678,-35.667153,392.566,128
8829,1779711036100473975,1779711036064426128,-36.047847,-45.55,128
8830,1779711036101451874,1779711036065487754,-35.96412,61.626,128
8831,1779711036102582122,1779711036066436633,-36.145489,-51.121,128
8832,1779711036103480310,1779711036067725183,-35.755127,288.55,128
8833,1779711036104719003,1779711036068492996,-36.226007,-232.187,128
8834,1779711036105593479,1779711036069536788,-36.056691,43.792,128
8835,1779711036106651703,1779711036070268022,-36.383681,-268.766,128
8836,1779711036107244814,1779711036071386621,-35.858193,118.599,128
8837,1779711036108425110,1779711036072872363,-35.552747,485.742,128
8838,1779711036109864673,1779711036074193898,-35.670775,321.535,128
8839,1779711036111113089,1779711036075253393,-35.859696,59.495,128
8840,1779711036112221357,1779711036076583752,-35.637605,330.359,128
8841,1779711036113570037,1779711036077992226,-35.577811,408.474,128
8842,1779711036114943620,1779711036079226882,-35.716738,234.656,128
8843,1779711036116188868,1779711036080304733,-35.884135,77.851,128
8844,1779711036117331282,1779711036081653227,-35.678055,348.494,128
8845,1779711036118532122,1779711036082492981,-36.039141,-160.246,128
8846,1779711036119497860,1779711036083493649,-36.004211,0.668,128
8847,1779711036120557443,1779711036084510627,-36.046816,16.978,128
8848,1779711036121474816,1779711036085501060,-35.973756,-9.567,128
8849,1779711036122513507,1779711036086579108,-35.934399,78.048,128
8850,1779711036123622499,1779711036087967379,-35.65512,388.271,128
8851,1779711036124928734,1779711036089036923,-35.891811,69.544,128
8852,1779711036126092451,1779711036090041295,-36.051156,4.372,128
8853,1779711036126908391,1779711036091530555,-35.377836,489.26,128
8854,1779711036128262932,1779711036092472552,-35.79038,-58.003,128
8855,1779711036129478367,1779711036093376362,-36.102005,-96.19,128
8856,1779711036130358630,1779711036094144208,-36.214422,-232.154,128
8857,1779711036131166945,1779711036095319583,-35.847362,175.375,128
8858,1779711036132264406,1779711036096186495,-36.077911,-133.088,128
8859,1779711036133208529,1779711036097296868,-35.911661,110.373,128
8860,1779711036134259518,1779711036098169984,-36.089534,-126.884,128
8861,1779711036135184742,1779711036099521453,-35.663289,351.469,128
8862,1779711036136414649,1779711036100892894,-35.521755,371.441,128
8863,1779711036137882089,1779711036102056595,-35.825494,163.701,128
8864,1779711036138990764,1779711036102993393,-35.997371,-63.202,128
8865,1779711036139958075,1779711036103937673,-36.020402,-55.72,128
8866,1779711036140959486,1779711036104992156,-35.96733,54.483,128
8867,1779711036141993937,1779711036105776271,-36.217666,-215.885,128
8868,1779711036142809133,1779711036106730896,-36.078237,-45.375,128
8869,1779711036143761394,1779711036107843659,-35.917735,112.763,128
8870,1779711036144822196,1779711036109253110,-35.569086,409.451,128
8871,1779711036146158489,1779711036110346141,-35.812348,93.031,128
8872,1779711036147283815,1779711036111117649,-36.166166,-228.492,128
8873,1779711036148089998,1779711036112022749,-36.067249,-94.9,128
8874,1779711036149026429,1779711036113095083,-35.931346,72.334,128
8875,1779711036150067632,1779711036114108161,-35.959471,13.078,128
8876,1779711036151114072,1779711036114926087,-36.187985,-182.074,128
8877,1779711036151950113,1779711036116166448,-35.783665,240.361,128
8878,1779711036153184609,1779711036117328973,-35.855636,162.525,128
8879,1779711036154360364,1779711036118304170,-36.056194,-24.803,128
8880,1779711036155321219,1779711036119495228,-35.825991,191.058,128
8881,1779711036156403282,1779711036120534689,-35.868593,39.461,128
8882,1779711036157441508,1779711036121951726,-35.489782,417.037,128
8883,1779711036158850515,1779711036122732583,-36.117932,-219.143,128
8884,1779711036159815423,1779711036123778335,-36.037088,45.752,128
8885,1779711036160756111,1779711036124842583,-35.913528,64.248,128
8886,1779711036161868679,1779711036125908880,-35.959799,66.297,128
8887,1779711036162938044,1779711036127343481,-35.594563,434.601,128
8888,1779711036164268896,1779711036128481796,-35.7871,138.315,128
8889,1779711036165475774,1779711036129427828,-36.047946,-53.968,128
8890,1779711036166424943,1779711036130685719,-35.739224,257.891,128
8891,1779711036167648686,1779711036131403140,-36.245546,-282.579,128
8892,1779711036168437398,1779711036132876014,-35.561384,472.874,128
8893,1779711036169894798,1779711036134030013,-35.864785,153.999,128
8894,1779711036171027778,1779711036135228583,-35.799195,198.57,128
8895,1779711036172196177,1779711036136173269,-36.022908,-55.314,128
8896,1779711036173183425,1779711036137252302,-35.931123,79.033,128
8897,1779711036174128700,1779711036138121629,-36.007071,-130.673,128
8898,1779711036175164636,1779711036139254626,-35.91001,132.997,128
8899,1779711036176261010,1779711036140288742,-35.972268,34.116,128
8900,1779711036177314021,1779711036141391905,-35.922116,103.163,128
8901,1779711036178341492,1779711036142285166,-36.056326,-106.739,128
8902,1779711036179271081,1779711036143250963,-36.020118,-34.203,128
8903,1779711036180322447,1779711036144308086,-36.014361,57.123,128
8904,1779711036181313943,1779711036145322722,-35.991221,14.636,128
8905,1779711036182352859,1779711036146060338,-36.292521,-262.384,128
8906,1779711036183074494,1779711036147053401,-36.021093,-6.937,128
8907,1779711036184051539,1779711036148240265,-35.811274,186.864,128
8908,1779711036185244277,1779711036149251491,-35.992786,11.226,128
8909,1779711036186235998,1779711036150308934,-35.927064,57.443,128
8910,1779711036187307473,1779711036151637087,-35.670386,328.153,128
8911,1779711036188660393,1779711036152802353,-35.85804,165.266,128
8912,1779711036189737640,1779711036153988034,-35.749606,185.681,128
8913,1779711036190654830,1779711036155241305,-35.413525,253.271,128
8914,1779711036192208428,1779711036156337132,-35.871296,95.827,128
8915,1779711036193282599,1779711036157648893,-35.633706,311.761,128
8916,1779711036194677846,1779711036159597603,-35.080243,948.71,128
8917,1779711036196498178,1779711036161141648,-35.35653,544.045,128
8918,1779711036198035560,1779711036162560233,-35.475327,418.585,128
8919,1779711036199477577,1779711036163820494,-35.657083,260.261,128
8920,1779711036200815873,1779711036164979091,-35.836782,158.597,128
8921,1779711036202038505,1779711036166233731,-35.804774,254.64,128
8922,1779711036203221127,1779711036167147873,-36.073254,-85.858,128
8923,1779711036204185865,1779711036168105217,-36.080648,-42.656,128
8924,1779711036205097420,1779711036169299617,-35.797803,194.4,128
8925,1779711036206217000,1779711036169857977,-36.359023,-441.64,128
8926,1779711036206872634,1779711036171276681,-35.595953,418.704,128
8927,1779711036208181827,1779711036172363041,-35.818786,86.36,128
8928,1779711036209342600,1779711036173160950,-36.18165,-202.091,128
8929,1779711036210187594,1779711036174078474,-36.10912,-82.476,128
8930,1779711036211104628,1779711036175699284,-35.405344,620.81,128
8931,1779711036212699221,1779711036176927460,-35.771761,228.176,128
8932,1779711036213916741,1779711036178483580,-35.433161,556.12,128
8933,1779711036215372388,1779711036179504422,-35.867966,20.842,128
8934,1779711036216473673,1779711036180313661,-36.160012,-190.761,128
8935,1779711036217267183,1779711036181420161,-35.847022,106.5,128
8936,1779711036218343805,1779711036182314066,-36.029739,-106.095,128
8937,1779711036219317116,1779711036183446287,-35.870829,132.221,128
8938,1779711036220514517,1779711036184607248,-35.907269,160.961,128
8939,1779711036221626878,1779711036186117480,-35.509398,510.232,128
8940,1779711036223070338,1779711036187596945,-35.473393,479.465,128
8941,1779711036224554979,1779711036188565031,-35.989948,-31.914,128
8942,1779711036225461661,1779711036189534181,-35.92748,-30.85,128
8943,1779711036226504061,1779711036191924435,-34.579626,1390.254,128
8944,1779711036227811278,1779711036191930539,-35.880739,-993.896,128
8945,1779711036228869138,1779711036192796944,-36.072194,-133.595,128
8946,1779711036229758131,1779711036193966526,-35.791605,169.582,128
8947,1779711036230841254,1779711036195024328,-35.816926,57.802,128
8948,1779711036231975129,1779711036195929977,-36.045152,-94.351,128
8949,1779711036232879225,1779711036196769973,-36.109252,-160.004,128
8950,1779711036233752659,1779711036197411020,-36.341639,-358.953,128
8951,1779711036234389676,1779711036198571708,-35.817968,160.688,128
8952,1779711036235549890,1779711036199958965,-35.590925,387.257,128
8953,1779711036236925545,1779711036200720335,-36.20521,-238.63,128
8954,1779711036237768939,1779711036202441663,-35.327276,721.328,128
8955,1779711036239291206,1779711036203633150,-35.658056,191.487,128
8956,1779711036240534383,1779711036204774240,-35.760143,141.09,128
8957,1779711036241745454,1779711036205977206,-35.768248,202.966,128
8958,1779711036242890335,1779711036206992124,-35.898211,14.918,128
8959,1779711036243935100,1779711036208085172,-35.849928,93.048,128
8960,1779711036245057165,1779711036209464742,-35.592423,379.57,128
8961,1779711036246425362,1779711036210962667,-35.462695,497.925,128
8962,1779711036248002360,1779711036212119446,-35.882914,156.779,128
8963,1779711036249156423,1779711036213348085,-35.808338,228.639,128
8964,1779711036250193250,1779711036214734367,-35.458883,386.282,128
8965,1779711036251678272,1779711036215937584,-35.740688,203.217,128
8966,1779711036252778967,1779711036216628604,-36.150363,-308.98,128
8967,1779711036253659802,1779711036217820078,-35.839724,191.474,128
8968,1779711036254632463,1779711036220076355,-34.556108,1256.277,128
8969,1779711036256496764,1779711036221286661,-35.210103,210.306,128
8970,1779711036258036546,1779711036222966616,-35.06993,679.955,128
8971,1779711036259942358,1779711036224373124,-35.569234,406.508,128
8972,1779711036261058639,1779711036225279276,-35.779363,-93.848,128
8973,1779711036262252886,1779711036226336771,-35.916115,57.495,128
8974,1779711036263224346,1779711036227281773,-35.942573,-54.998,128
8975,1779711036264176188,1779711036228042783,-36.133405,-238.99,128
8976,1779711036265036728,1779711036229568562,-35.468166,525.779,128
8977,1779711036266408795,1779711036230580270,-35.828525,11.708,128
8978,1779711036267597889,1779711036231908897,-35.688992,328.627,128
8979,1779711036268810338,1779711036233105236,-35.705102,196.339,128
8980,1779711036270111739,1779711036234280474,-35.831265,175.238,128
8981,1779711036271198328,1779711036235491849,-35.706479,211.375,128
8982,1779711036272460303,1779711036236562694,-35.897609,70.845,128
8983,1779711036273480888,1779711036237521132,-35.959756,-41.562,128
8984,1779711036274505565,1779711036238779259,-35.726306,258.127,128
8985,1779711036275749906,1779711036239881722,-35.868184,102.463,128
8986,1779711036276825811,1779711036240929144,-35.896667,47.422,128
8987,1779711036277834056,1779711036242021383,-35.812673,92.239,128
8988,1779711036278849203,1779711036242804888,-36.044315,-216.495,128
8989,1779711036279809969,1779711036244067166,-35.742803,262.278,128
8990,1779711036281005009,1779711036245364949,-35.64006,297.783,128
8991,1779711036282299848,1779711036246721443,-35.578405,356.494,128
8992,1779711036283623907,1779711036247560890,-36.063017,-160.553,128
8993,1779711036284529687,1779711036248751106,-35.778581,190.216,128
8994,1779711036285731961,1779711036249835605,-35.896356,84.499,128
8995,1779711036286781010,1779711036251067487,-35.713523,231.882,128
8996,1779711036287954477,1779711036252265589,-35.688888,198.102,128
8997,1779711036289144216,1779711036253414141,-35.730075,148.552,128
8998,1779711036290335627,1779711036254347469,-35.988158,-66.672,128
8999,1779711036291310826,1779711036255350443,-35.960383,2.974,128
9000,1779711036292230335,1779711036256531978,-35.698357,181.535,128
9001,1779711036293499128,1779711036257855772,-35.643356,323.794,128
9002,1779711036294796723,1779711036259287763,-35.50896,431.991,128
9003,1779711036296164161,1779711036260318673,-35.845488,30.91,128
9004,1779711036297238550,1779711036261532835,-35.705715,214.162,128
9005,1779711036298452751,1779711036263026835,-35.425916,494.0,128
9006,1779711036299934838,1779711036264139114,-35.795724,112.279,128
9007,1779711036301065285,1779711036264874395,-36.19089,-264.719,128
9008,1779711036301916719,1779711036266144298,-35.772421,269.903,128
9009,1779711036303023504,1779711036267325413,-35.698091,181.115,128
9010,1779711036304231976,1779711036268280604,-35.951372,-44.809,128
9011,1779711036305178445,1779711036269256814,-35.921631,-23.79,128
9012,1779711036306202688,1779711036270218979,-35.983709,-37.835,128
9013,1779711036307133480,1779711036271318531,-35.814949,99.552,128
9014,1779711036308093020,1779711036272464670,-35.62835,146.139,128
9015,1779711036309469014,1779711036273822571,-35.646443,357.901,128
9016,1779711036310648609,1779711036275247804,-35.400805,425.233,128
9017,1779711036312088827,1779711036276132817,-35.95601,-114.987,128
9018,1779711036313073849,1779711036277281393,-35.792456,148.576,128
9019,1779711036314235678,1779711036278364725,-35.870953,83.332,128
9020,1779711036315289085,1779711036279549671,-35.739414,184.946,128
9021,1779711036316432240,1779711036280529230,-35.90301,-20.441,128
9022,1779711036317425088,1779711036281620211,-35.804877,90.981,128
9023,1779711036318529630,1779711036282907880,-35.62175,287.669,128
9024,1779711036319812272,1779711036284102741,-35.709531,194.861,128
9025,1779711036320895124,1779711036285262066,-35.633058,159.325,128
9026,1779711036322073703,1779711036286404108,-35.669595,142.042,128
9027,1779711036323328928,1779711036287323941,-36.004987,-80.167,128
9028,1779711036324410484,1779711036288652251,-35.758233,328.31,128
9029,1779711036325619217,1779711036289957661,-35.661556,305.41,128
9030,1779711036326778499,1779711036291257741,-35.520758,300.08,128
9031,1779711036327897348,1779711036291841592,-36.055756,-416.149,128
9032,1779711036328797944,1779711036292715662,-36.082282,-125.93,128
9033,1779711036329750765,1779711036293991113,-35.759652,275.451,128
9034,1779711036330927333,1779711036294770700,-36.156633,-220.413,128
9035,1779711036331795383,1779711036295590993,-36.20439,-179.707,128
9036,1779711036332639270,1779711036296622622,-36.016648,31.629,128
9037,1779711036333661018,1779711036297817356,-35.843662,194.734,128
9038,1779711036334769458,1779711036299028190,-35.741268,210.834,128
9039,1779711036335907485,1779711036300075446,-35.832039,47.256,128
9040,1779711036336899081,1779711036300950349,-35.948732,-125.097,128
9041,1779711036337848364,1779711036301945203,-35.903161,-5.146,128
9042,1779711036338870974,1779711036302554919,-36.316055,-390.284,128
9043,1779711036339541829,1779711036303522929,-36.0189,-31.99,128
9044,1779711036340509538,1779711036304938866,-35.570672,415.937,128
9045,1779711036341775741,1779711036306108056,-35.667685,169.19,128
9046,1779711036343050967,1779711036307078067,-35.9729,-29.989,128
9047,1779711036344010348,1779711036308220316,-35.790032,142.249,128
9048,1779711036345105673,1779711036309283084,-35.822589,62.768,128
9049,1779711036346104551,1779711036310032046,-36.072505,-251.038,128
9050,1779711036347065180,1779711036311167872,-35.897308,135.826,128
9051,1779711036348080479,1779711036311933083,-36.147396,-234.789,128
9052,1779711036348973646,1779711036313247960,-35.725686,314.877,128
9053,1779711036350132893,1779711036314245600,-35.887293,-2.36,128
9054,1779711036351205313,1779711036315525331,-35.679982,279.731,128
9055,1779711036352136510,1779711036316263389,-35.873121,-261.942,128
9056,1779711036353093639,1779711036317297109,-35.79653,33.72,128
9057,1779711036354201013,1779711036318319301,-35.881712,22.192,128
9058,1779711036355267927,1779711036319436553,-35.831374,117.252,128
9059,1779711036356430439,1779711036320491116,-35.939323,54.563,128
9060,1779711036357553927,1779711036321808709,-35.745218,317.593,128
9061,1779711036358700301,1779711036322393133,-36.307168,-415.576,128
9062,1779711036359368999,1779711036323614689,-35.75431,221.556,128
9063,1779711036360658537,1779711036324773787,-35.88475,159.098,128
9064,1779711036361771197,1779711036325801379,-35.969818,27.592,128
9065,1779711036362680849,1779711036326505786,-36.175063,-295.593,128
9066,1779711036363477913,1779711036327521237,-35.956676,15.451,128
9067,1779711036364500434,1779711036328723638,-35.776796,202.401,128
9068,1779711036365683669,1779711036329854034,-35.829635,130.396,128
9069,1779711036366847973,1779711036332146969,-34.701004,1292.935,128
9070,1779711036368874132,1779711036333537219,-35.336913,390.25,128
9071,1779711036370497652,1779711036335252791,-35.244861,715.572,128
9072,1779711036371973627,1779711036336736026,-35.237601,483.235,128
9073,1779711036373685137,1779711036338445973,-35.239164,709.947,128
9074,1779711036375274182,1779711036340394911,-34.879271,948.938,128
9075,1779711036377217767,1779711036341640521,-35.577246,245.61,128
9076,1779711036378482548,1779711036343230437,-35.252111,589.916,128
9077,1779711036380013920,1779711036344241895,-35.772025,11.458,128
9078,1779711036381201065,1779711036345352925,-35.84814,111.03,128
9079,1779711036382336156,1779711036346562563,-35.773593,209.638,128
9080,1779711036383581506,1779711036347808372,-35.773134,245.809,128
9081,1779711036384713165,1779711036350207300,-34.505865,1398.928,128
9082,1779711036385803512,1779711036350282128,-35.521384,-925.172,128
9083,1779711036387227790,1779711036351330638,-35.897152,48.51,128
9084,1779711036388283081,1779711036352215199,-36.067882,-115.439,128
9085,1779711036389175111,1779711036353209684,-35.965427,-5.515,128
9086,1779711036390091458,1779711036354122880,-35.968578,-86.804,128
9087,1779711036391135042,1779711036354802090,-36.332952,-320.79,128
9088,1779711036391856387,1779711036355532771,-36.323616,-269.319,128
9089,1779711036392585244,1779711036356820889,-35.764355,288.118,128
9090,1779711036393832801,1779711036357602680,-36.230121,-218.209,128
9091,1779711036394483866,1779711036358616121,-35.867745,13.441,128
9092,1779711036395614180,1779711036359794750,-35.81943,178.629,128
9093,1779711036396840840,1779711036360940027,-35.900813,145.277,128
9094,1779711036397918988,1779711036361914300,-36.004688,-25.727,128
9095,1779711036398925957,1779711036362982122,-35.943835,67.822,128
9096,1779711036399966820,1779711036363778382,-36.188438,-203.74,128
9097,1779711036400783599,1779711036364787402,-35.996197,9.02,128
9098,1779711036401811042,1779711036365752603,-36.058439,-34.799,128
9099,1779711036402788421,1779711036366876351,-35.91207,123.748,128
9100,1779711036403867178,1779711036367686075,-36.181103,-190.276,128
9101,1779711036404897570,1779711036368655461,-36.242109,-30.614,128
9102,1779711036405647080,1779711036369518677,-36.128403,-136.784,128
9103,1779711036406531747,1779711036370419541,-36.112206,-99.136,128
9104,1779711036407428725,1779711036371389770,-36.038955,-29.771,128
9105,1779711036408413171,1779711036372429218,-35.983953,39.448,128
9106,1779711036409437205,1779711036373923466,-35.513739,494.248,128
9107,1779711036410894761,1779711036375127069,-35.767692,203.603,128
9108,1779711036412107388,1779711036376206216,-35.901172,79.147,128
9109,1779711036413171386,1779711036377550947,-35.620439,344.731,128
9110,1779711036414521201,1779711036378913661,-35.60754,362.714,128
9111,1779711036415885475,1779711036379975134,-35.910341,61.473,128
9112,1779711036416925275,1779711036380935254,-35.990021,-39.88,128
9113,1779711036417920858,1779711036382047291,-35.873567,112.037,128
9114,1779711036419082799,1779711036382996950,-36.085849,-50.341,128
9115,1779711036419980530,1779711036384105302,-35.875228,108.352,128
9116,1779711036421092906,1779711036385292417,-35.800489,187.115,128
9117,1779711036422241543,1779711036386420593,-35.82095,128.176,128
9118,1779711036423443465,1779711036387420152,-36.023313,-0.441,128
9119,1779711036424422088,1779711036388486323,-35.935765,66.171,128
9120,1779711036425493238,1779711036389686909,-35.806329,200.586,128
9121,1779711036426684348,1779711036391082705,-35.601643,395.796,128
9122,1779711036427994647,1779711036392277400,-35.717247,194.695,128
9123,1779711036429140533,1779711036393441906,-35.698627,164.506,128
9124,1779711036430338329,1779711036394363211,-35.975118,-78.695,128
9125,1779711036431394679,1779711036395651140,-35.743539,287.929,128
9126,1779711036432687846,1779711036396650737,-36.037109,-0.403,128
9127,1779711036433750275,1779711036398075823,-35.674452,425.086,128
9128,1779711036435080492,1779711036398955932,-36.12456,-119.891,128
9129,1779711036435977276,1779711036399942303,-36.034973,-13.629,128
9130,1779711036436999057,1779711036401423619,-35.575438,481.316,128
9131,1779711036438330641,1779711036402453895,-35.876746,30.276,128
9132,1779711036439484311,1779711036403550287,-35.934024,96.392,128
9133,1779711036440649592,1779711036404940955,-35.708637,390.668,128
9134,1779711036441961662,1779711036406321958,-35.639704,381.003,128
9135,1779711036443321993,1779711036407597750,-35.724243,275.792,128
9136,1779711036444642637,1779711036408765548,-35.877089,167.798,128
9137,1779711036445778658,1779711036409693365,-36.085293,-72.183,128
9138,1779711036446703631,1779711036410694394,-36.009237,1.029,128
9139,1779711036447651724,1779711036411856289,-35.795435,161.895,128
9140,1779711036448790315,1779711036413025958,-35.764357,169.669,128
9141,1779711036449988354,1779711036413671331,-36.317023,-354.627,128
9142,1779711036450691150,1779711036414812375,-35.878775,141.044,128
9143,1779711036451815015,1779711036415934594,-35.880421,122.219,128
9144,1779711036452892785,1779711036416763511,-36.129274,-171.083,128
9145,1779711036453783422,1779711036417805675,-35.977747,42.164,128
9146,1779711036454769917,1779711036418624595,-36.145322,-181.08,128
9147,1779711036455631970,1779711036419999868,-35.632102,375.273,128
9148,1779711036456978313,1779711036420718497,-36.259816,-281.371,128
9149,1779711036457747421,1779711036421551976,-36.195445,-166.521,128
9150,1779711036458531548,1779711036422629077,-35.902471,77.101,128
9151,1779711036459642627,1779711036423796786,-35.845841,167.709,128
9152,1779711036460789103,1779711036424529077,-36.260026,-267.709,128
9153,1779711036461525563,1779711036425319833,-36.20573,-209.244,128
9154,1779711036462405156,1779711036426436883,-35.968273,117.05,128
9155,1779711036463455268,1779711036427111945,-36.343323,-324.938,128
9156,1779711036464151203,1779711036428337931,-35.813272,225.986,128
9157,1779711036465344984,1779711036429531821,-35.813163,193.89,128
9158,1779711036466526794,1779711036430512488,-36.014306,-19.333,128
9159,1779711036467482455,1779711036431933022,-35.549433,420.534,128
9160,1779711036468838206,1779711036432749513,-36.088693,-183.509,128
9161,1779711036469824341,1779711036433729987,-36.094354,-19.526,128
9162,1779711036470751391,1779711036434602963,-36.148428,-127.024,128
9163,1779711036471697054,1779711036435960096,-35.736958,357.133,128
9164,1779711036472939661,1779711036436726982,-36.212679,-233.114,128
9165,1779711036473751827,1779711036437762109,-35.989718,35.127,128
9166,1779711036474741916,1779711036438735302,-36.006614,-26.807,128
9167,1779711036475754527,1779711036439956800,-35.797727,221.498,128
9168,1779711036476933159,1779711036441168161,-35.764998,211.361,128
9169,1779711036478077744,1779711036442469296,-35.608448,301.135,128
9170,1779711036479462476,1779711036443577048,-35.885428,107.752,128
9171,1779711036480649085,1779711036444839731,-35.809354,262.683,128
9172,1779711036481839129,1779711036445981726,-35.857403,141.995,128
9173,1779711036482938141,1779711036447041421,-35.89672,59.695,128
9174,1779711036483988328,1779711036448081691,-35.906637,40.27,128
9175,1779711036485026475,1779711036449087549,-35.938926,5.858,128
9176,1779711036486109166,1779711036450570929,-35.538237,483.38,128
9177,1779711036487448790,1779711036452038001,-35.410789,467.072,128
9178,1779711036488747460,1779711036452672315,-36.075145,-365.686,128
9179,1779711036489647364,1779711036454126997,-35.520367,454.682,128
9180,1779711036491119482,1779711036455309517,-35.809965,182.52,128
9181,1779711036492278363,1779711036456229561,-36.048802,-79.956,128
9182,1779711036493165826,1779711036457264835,-35.900991,35.274,128
9183,1779711036494274260,1779711036458351433,-35.922827,86.598,128
9184,1779711036495286720,1779711036459398012,-35.888708,46.579,128
9185,1779711036496345710,1779711036460719069,-35.626641,321.057,128
9186,1779711036497647305,1779711036462207154,-35.440151,488.085,128
9187,1779711036499136323,1779711036463144604,-35.991719,-62.55,128
9188,1779711036500171942,1779711036464587900,-35.584042,443.296,128
9189,1779711036501640386,1779711036465533683,-36.106703,-54.217,128
9190,1779711036502634710,1779711036466417128,-36.217582,-116.555,128
9191,1779711036503395384,1779711036467646751,-35.748633,229.623,128
9192,1779711036504552898,1779711036468704363,-35.848535,57.612,128
9193,1779711036505676197,1779711036469785769,-35.890428,81.406,128
9194,1779711036506819088,1779711036470668090,-36.150998,-117.679,128
9195,1779711036507705718,1779711036471888936,-35.816782,220.846,128
9196,1779711036508886295,1779711036472953449,-35.932846,64.513,128
9197,1779711036509967751,1779711036474066592,-35.901159,113.143,128
9198,1779711036511054703,1779711036475210139,-35.844564,143.547,128
9199,1779711036512142857,1779711036476535524,-35.607333,325.385,128
9200,1779711036513549715,1779711036483000953,-30.548762,5465.429,128
9201,1779711036519886682,1779711036484679780,-35.206902,678.827,128
9202,1779711036521680395,1779711036485482763,-36.197632,-197.017,128
9203,1779711036522491909,1779711036486457309,-36.0346,-25.454,128
9204,1779711036523466358,1779711036487464702,-36.001656,7.393,128
9205,1779711036524443497,1779711036488674419,-35.769078,209.717,128
9206,1779711036525682645,1779711036489787197,-35.895448,112.778,128
9207,1779711036526781231,1779711036490652696,-36.128535,-134.501,128
9208,1779711036527692833,1779711036492074878,-35.617955,422.182,128
9209,1779711036529007581,1779711036493298634,-35.708947,223.756,128
9210,1779711036530275683,1779711036494316662,-35.959021,18.028,128
9211,1779711036531325137,1779711036495500525,-35.824612,183.863,128
9212,1779711036532518818,1779711036496789086,-35.729732,288.561,128
9213,1779711036533811388,1779711036497876265,-35.935123,87.179,128
9214,1779711036534887328,1779711036498984985,-35.902343,108.72,128
9215,1779711036535997042,1779711036500151892,-35.84515,166.907,128
9216,1779711036537166733,1779711036501532542,-35.634191,380.65,128
9217,1779711036538521874,1779711036502718571,-35.803303,186.029,128
9218,1779711036539684335,1779711036503904034,-35.780301,185.463,128
9219,1779711036540906676,1779711036504960378,-35.946298,56.344,128
9220,1779711036541929386,1779711036506123468,-35.805918,163.09,128
9221,1779711036543131426,1779711036507037154,-36.094272,-86.314,128
9222,1779711036544103014,1779711036508440563,-35.662451,403.409,128
9223,1779711036545458784,1779711036509357545,-36.101239,-83.018,128
9224,1779711036546397745,1779711036510415875,-35.98187,58.33,128
9225,1779711036547439143,1779711036511263047,-36.176096,-152.828,128
9226,1779711036548195706,1779711036512334701,-35.861005,71.654,128
9227,1779711036549369433,1779711036513419982,-35.949451,85.281,128
9228,1779711036550466722,1779711036514843114,-35.623608,423.132,128
9229,1779711036551880566,1779711036515745553,-36.135013,-97.561,128
9230,1779711036552789896,1779711036516526712,-36.263184,-218.841,128
9231,1779711036553569155,1779711036517584125,-35.98503,57.413,128
9232,1779711036554643533,1779711036520262439,-34.381094,1678.314,128
9233,1779711036555883228,1779711036520270993,-35.612235,-991.446,128
9234,1779711036557260531,1779711036521245103,-36.015428,-25.89,128
9235,1779711036558143537,1779711036522777891,-35.365646,532.788,128
9236,1779711036559786793,1779711036523952958,-35.833835,175.067,128
9237,1779711036560913888,1779711036524976095,-35.937793,23.137,128
9238,1779711036561913005,1779711036526086040,-35.826965,109.945,128
9239,1779711036562954982,1779711036527209383,-35.745599,123.343,128
9240,1779711036564112392,1779711036528480663,-35.631729,271.28,128
9241,1779711036565450771,1779711036529662443,-35.788328,181.78,128
9242,1779711036566632201,1779711036530632299,-35.999902,-30.144,128
9243,1779711036567652846,1779711036531523971,-36.128875,-108.328,128
9244,1779711036568477303,1779711036532414707,-36.062596,-109.264,128
9245,1779711036569399228,1779711036533333046,-36.066182,-81.661,128
9246,1779711036570225762,1779711036534560787,-35.664975,227.741,128
9247,1779711036571479102,1779711036535629612,-35.84949,68.825,128
9248,1779711036572647824,1779711036536960348,-35.687476,330.736,128
9249,1779711036573904367,1779711036537811702,-36.092665,-148.646,128
9250,1779711036574776691,1779711036538631502,-36.145189,-180.2,128
9251,1779711036575612353,1779711036539811651,-35.800702,180.149,128
9252,1779711036576745189,1779711036541011606,-35.733583,199.955,128
9253,1779711036577975785,1779711036542266783,-35.709002,255.177,128
9254,1779711036579179162,1779711036543256737,-35.922425,-10.046,128
9255,1779711036580202270,1779711036544250625,-35.951645,-6.112,128
9256,1779711036581251216,1779711036545372203,-35.879013,121.578,128
9257,1779711036582338629,1779711036546329023,-36.009606,-43.18,128
9258,1779711036583314803,1779711036547245036,-36.069767,-83.987,128
9259,1779711036584242509,1779711036548851459,-35.39105,606.423,128
9260,1779711036585788535,1779711036549661176,-36.127359,-190.283,128
9261,1779711036586567821,1779711036550732808,-35.835013,71.632,128
9262,1779711036587690846,1779711036552033581,-35.657265,300.773,128
9263,1779711036588905998,1779711036552979449,-35.926549,-54.132,128
9264,1779711036589961787,1779711036554133396,-35.828391,153.947,128
9265,1779711036591054902,1779711036555075775,-35.979127,-57.621,128
9266,1779711036591872470,1779711036556226521,-35.645949,150.746,128
9267,1779711036593080289,1779711036557218983,-35.861306,-7.538,128
9268,1779711036594161353,1779711036558304514,-35.856839,85.531,128
9269,1779711036595184838,1779711036559381903,-35.802935,77.389,128
9270,1779711036596280393,1779711036560516906,-35.763487,135.003,128
9271,1779711036597515401,1779711036561638891,-35.87651,121.985,128
9272,1779711036598558386,1779711036562880362,-35.678024,241.471,128
9273,1779711036599859786,1779711036564274719,-35.585067,394.357,128
9274,1779711036601117295,1779711036565364670,-35.752625,89.951,128
9275,1779711036602317015,1779711036566428162,-35.888853,63.492,128
9276,1779711036603391530,1779711036567773545,-35.617985,345.383,128
9277,1779711036604735420,1779711036568987988,-35.747432,214.443,128
9278,1779711036605948267,1779711036570522371,-35.425896,534.383,128
9279,1779711036606978427,1779711036571376443,-35.601984,-145.928,128
9280,1779711036608128169,1779711036572191285,-35.936884,-185.158,128
9281,1779711036609153421,1779711036573336835,-35.816586,145.55,128
9282,1779711036610282520,1779711036574896069,-35.386451,559.234,128
9283,1779711036611880239,1779711036576344424,-35.535815,448.355,128
9284,1779711036613136966,1779711036577654407,-35.482559,309.983,128
9285,1779711036614722580,1779711036579803378,-34.919202,1148.971,128
9286,1779711036616702062,1779711036581644795,-35.057267,841.417,128
9287,1779711036618263838,1779711036582761230,-35.502608,116.435,128
9288,1779711036619681274,1779711036584459732,-35.221542,698.502,128
9289,1779711036621367036,1779711036585694252,-35.672784,234.52,128
9290,1779711036622630090,1779711036587224827,-35.405263,530.575,128
9291,1779711036623978723,1779711036588492550,-35.486173,267.723,128
9292,1779711036625313530,1779711036589579794,-35.733736,87.244,128
9293,1779711036626584227,1779711036591300684,-35.283543,720.89,128
9294,1779711036628090202,1779711036592481616,-35.608586,180.932,128
9295,1779711036629477135,1779711036594428887,-35.048248,947.271,128
9296,1779711036631093899,1779711036595634814,-35.459085,205.927,128
9297,1779711036632605800,1779711036597384500,-35.2213,749.686,128
9298,1779711036634170257,1779711036598408179,-35.762078,23.679,128
9299,1779711036635402591,1779711036599521667,-35.880924,113.488,128
9300,1779711036636462091,1779711036601156035,-35.306056,634.368,128
9301,1779711036637966441,1779711036602414284,-35.552157,258.249,128
9302,1779711036639205815,1779711036603258915,-35.9469,-155.369,128
9303,1779711036640002782,1779711036604123811,-35.878971,-135.104,128
9304,1779711036641140495,1779711036605559512,-35.580983,435.701,128
9305,1779711036642496159,1779711036606848043,-35.648116,288.531,128
9306,1779711036643863252,1779711036608383107,-35.480145,535.064,128
9307,1779711036645263563,1779711036609453549,-35.810014,70.442,128
9308,1779711036646339041,1779711036610314979,-36.024062,-138.57,128
9309,1779711036647261866,1779711036611286658,-35.975208,-28.321,128
9310,1779711036648242471,1779711036612057704,-36.184767,-228.954,128
9311,1779711036649089933,1779711036612837167,-36.252766,-220.537,128
9312,1779711036649820580,1779711036614108911,-35.711669,271.744,128
9313,1779711036650912659,1779711036615125449,-35.78721,16.538,128
9314,1779711036652117856,1779711036616432032,-35.685824,306.583,128
9315,1779711036653356036,1779711036618297742,-35.058294,865.71,128
9316,1779711036655122102,1779711036619482785,-35.639317,185.043,128
9317,1779711036656431209,1779711036620909626,-35.521583,426.841,128
9318,1779711036657844274,1779711036622266350,-35.577924,356.724,128
9319,1779711036659199431,1779711036623600132,-35.599299,333.782,128
9320,1779711036660561605,1779711036626392385,-34.16922,1792.253,128
9321,1779711036661702516,1779711036626407090,-35.295426,-985.295,128
9322,1779711036662796134,1779711036626524957,-36.271177,-882.133,128
9323,1779711036663479301,1779711036627630339,-35.848962,105.382,128
9324,1779711036664654818,1779711036628972030,-35.682788,341.691,128
9325,1779711036665867710,1779711036630069895,-35.797815,97.865,128
9326,1779711036667030029,1779711036631808141,-35.221888,738.246,128
9327,1779711036668836676,1779711036633003755,-35.832921,195.614,128
9328,1779711036669951209,1779711036634437154,-35.514055,433.399,128
9329,1779711036671330591,1779711036635484584,-35.846007,47.43,128
9330,1779711036672297753,1779711036636847848,-35.449905,363.264,128
9331,1779711036673757583,1779711036638259074,-35.498509,411.226,128
9332,1779711036675130994,1779711036639344479,-35.786515,85.405,128
9333,1779711036676269230,1779711036640698511,-35.570719,354.032,128
9334,1779711036677596126,1779711036642243992,-35.352134,545.481,128
9335,1779711036679053037,1779711036643082437,-35.9706,-161.555,128
9336,1779711036680132068,1779711036644533208,-35.59886,450.771,128
9337,1779711036681495000,1779711036645299138,-36.195862,-234.07,128
9338,1779711036682277171,1779711036646642000,-35.635171,342.862,128
9339,1779711036683677503,1779711036648289901,-35.387602,647.901,128
9340,1779711036685191720,1779711036648956824,-36.234896,-333.077,128
9341,1779711036686007752,1779711036650274419,-35.733333,317.595,128
9342,1779711036687129073,1779711036651225566,-35.903507,-48.853,128
9343,1779711036688239874,1779711036651994899,-36.244975,-230.667,128
9344,1779711036689000627,1779711036653031754,-35.968873,36.855,128
9345,1779711036689943781,1779711036654341551,-35.60223,309.797,128
9346,1779711036691296344,1779711036655258710,-36.037634,-82.841,128
9347,1779711036692216215,1779711036656269809,-35.946406,11.099,128
9348,1779711036693208556,1779711036657046803,-36.161753,-223.006,128
9349,1779711036694103197,1779711036659533399,-34.569798,1486.596,128
9350,1779711036695829193,1779711036660131746,-35.697447,-401.653,128
9351,1779711036696916417,1779711036661255705,-35.660712,123.959,128
9352,1779711036698017349,1779711036664559050,-33.458299,2303.345,128
9353,1779711036701596810,1779711036666615262,-34.981548,1056.212,128
9354,1779711036703390299,1779711036668881239,-34.50906,1265.977,128
9355,1779711036705354011,1779711036669682125,-35.671886,-199.114,128
9356,1779711036706529059,1779711036670521841,-36.007218,-160.284,128
9357,1779711036707448059,1779711036671710468,-35.737591,188.627,128
9358,1779711036708655213,1779711036672657732,-35.997481,-52.736,128
9359,1779711036709655490,1779711036673648993,-36.006497,-8.739,128
9360,1779711036710585636,1779711036674854394,-35.731242,205.401,128
9361,1779711036711786690,1779711036676107286,-35.679404,252.892,128
9362,1779711036712958817,1779711036677285010,-35.673807,177.724,128
9363,1779711036714242305,1779711036678221658,-36.020647,-63.352,128
9364,1779711036715028313,1779711036679112103,-35.91621,-109.555,128
9365,1779711036716240464,1779711036682261406,-33.979058,2149.303,128
9366,1779711036719003166,1779711036683818145,-35.185021,556.739,128
9367,1779711036720757060,1779711036685300058,-35.457002,481.913,128
9368,1779711036722217278,1779711036686499850,-35.717428,199.792,128
9369,1779711036723561627,1779711036689202680,-34.358947,1702.83,128
9370,1779711036726088040,1779711036690741158,-35.346882,538.478,128
9371,1779711036727671246,1779711036692291433,-35.379813,550.275,128
9372,1779711036729259701,1779711036693284428,-35.975273,-7.005,128
9373,1779711036730375600,1779711036695082410,-35.29319,797.982,128
9374,1779711036732040509,1779711036696634361,-35.406148,551.951,128
9375,1779711036733658834,1779711036698231996,-35.426838,597.635,128
9376,1779711036735105143,1779711036700009233,-35.09591,777.237,128
9377,1779711036736953416,1779711036701390409,-35.563007,381.176,128
9378,1779711036738151973,1779711036702276987,-35.874986,-113.422,128
9379,1779711036739228498,1779711036704277399,-34.951099,1000.412,128
9380,1779711036741119786,1779711036706011827,-35.107959,734.428,128
9381,1779711036743017555,1779711036707114730,-35.902825,102.903,128
9382,1779711036744215249,1779711036708354777,-35.860472,240.047,128
9383,1779711036745373754,1779711036710328141,-35.045613,973.364,128
9384,1779711036747025285,1779711036711416418,-35.608867,88.277,128
9385,1779711036748310747,1779711036713164838,-35.145909,748.42,128
9386,1779711036750218521,1779711036714612751,-35.60577,447.913,128
9387,1779711036751611108,1779711036716465111,-35.145997,852.36,128
9388,1779711036753531876,1779711036717937384,-35.594492,472.273,128
9389,1779711036754909564,1779711036719897266,-35.012298,959.882,128
9390,1779711036756771694,1779711036721510813,-35.260881,613.547,128
9391,1779711036758522787,1779711036723221017,-35.30177,710.204,128
9392,1779711036760248923,1779711036725011022,-35.237901,790.005,128
9393,1779711036762077847,1779711036727055094,-35.022753,1044.072,128
9394,1779711036763822859,1779711036728154128,-35.668731,99.034,128
9395,1779711036765102894,1779711036729594448,-35.508446,440.32,128
9396,1779711036766643732,1779711036732030888,-34.612844,1436.44,128
9397,1779711036768269108,1779711036732772216,-35.496892,-258.672,128
9398,1779711036769537423,1779711036734603448,-34.933975,831.232,128
9399,1779711036771218206,1779711036737057286,-34.16092,1453.838,128
9400,1779711036773641614,1779711036739611815,-34.029799,1554.529,128
9401,1779711036776096550,1779711036741581348,-34.515202,969.533,128
9402,1779711036777905328,1779711036742322460,-35.582868,-258.888,128
9403,1779711036779022800,1779711036743655666,-35.367134,333.206,128
9404,1779711036780501144,1779711036745370547,-35.130597,714.881,128
9405,1779711036782082382,1779711036746199401,-35.882981,-171.146,128
9406,1779711036783060556,1779711036748442629,-34.617927,1243.228,128
9407,1779711036785167952,1779711036750035027,-35.132925,592.398,128
9408,1779711036786951240,1779711036752000656,-34.950584,965.629,128
9409,1779711036788276098,1779711036752398286,-35.877812,-602.37,128
9410,1779711036789349222,1779711036754040469,-35.308753,642.183,128
9411,1779711036790837013,1779711036755495994,-35.341019,455.525,128
9412,1779711036792186225,1779711036756773654,-35.412571,277.66,128
9413,1779711036793613525,1779711036758994356,-34.619169,1220.702,128
9414,1779711036795324229,1779711036759607545,-35.716684,-386.811,128
9415,1779711036796428140,1779711036761238655,-35.189485,631.11,128
9416,1779711036798126592,1779711036762345355,-35.781237,106.7,128
9417,1779711036799306561,1779711036764302414,-35.004147,957.059,128
9418,1779711036800877903,1779711036765757961,-35.119942,455.547,128
9419,1779711036802589225,1779711036767756033,-34.833192,998.072,128
9420,1779711036804340133,1779711036769389949,-34.950184,633.916,128
9421,1779711036805943109,1779711036770460245,-35.482864,70.296,128
9422,1779711036807211219,1779711036772101723,-35.109496,641.478,128
9423,1779711036808783516,1779711036773681211,-35.102305,579.488,128
9424,1779711036810306218,1779711036774897341,-35.408877,216.13,128
9425,1779711036811888758,1779711036776323790,-35.564968,426.449,128
9426,1779711036813283876,1779711036777533740,-35.750136,209.95,128
9427,1779711036814618359,1779711036778961775,-35.656584,428.035,128
9428,1779711036815975707,1779711036780584449,-35.391258,622.674,128
9429,1779711036817539912,1779711036782030956,-35.508956,446.507,128
9430,1779711036819057525,1779711036784617583,-34.439942,1586.627,128
9431,1779711036820235432,1779711036784630720,-35.604712,-986.863,128
9432,1779711036821167683,1779711036785560589,-35.607094,-70.131,128
9433,1779711036822514703,1779711036786776916,-35.737787,216.327,128
9434,1779711036823807456,1779711036788163060,-35.644396,386.144,128
9435,1779711036825211409,1779711036789323388,-35.888021,160.328,128
9436,1779711036826351649,1779711036790316785,-36.034864,-6.603,128
9437,1779711036827283554,1779711036791617605,-35.665949,300.82,128
9438,1779711036828690939,1779711036793663550,-35.027389,1045.945,128
9439,1779711036830209013,1779711036794317764,-35.891249,-345.786,128
9440,1779711036831301348,1779711036795247630,-36.053718,-70.134,128
9441,1779711036832260911,1779711036796364887,-35.896024,117.257,128
9442,1779711036833396939,1779711036797228171,-36.168768,-136.716,128
9443,1779711036834251643,1779711036798288717,-35.962926,60.546,128
9444,1779711036835316430,1779711036799743463,-35.572967,454.746,128
9445,1779711036836681049,1779711036801033144,-35.647905,289.681,128
9446,1779711036838006382,1779711036802341094,-35.665288,307.95,128
9447,1779711036839403310,1779711036804344603,-35.058707,1003.509,128
9448,1779711036841374858,1779711036805679393,-35.695465,334.79,128
9449,1779711036842780316,1779711036807767407,-35.012909,1088.014,128
9450,1779711036844272444,1779711036808495920,-35.776524,-271.487,128
9451,1779711036845512775,1779711036809932000,-35.580775,436.08,128
9452,1779711036846877219,1779711036811107945,-35.769274,175.945,128
9453,1779711036848020663,1779711036812529416,-35.491247,421.471,128
9454,1779711036849450711,1779711036813904236,-35.546475,374.82,128
9455,1779711036850906560,1779711036815267292,-35.639268,363.056,128
9456,1779711036852166789,1779711036817147909,-35.01888,880.617,128
9457,1779711036854150919,1779711036818367732,-35.783187,219.823,128
9458,1779711036855255381,1779711036819531141,-35.72424,163.409,128
9459,1779711036856578582,1779711036821139709,-35.438873,608.568,128
9460,1779711036858148224,1779711036822747226,-35.400998,607.517,128
9461,1779711036859731268,1779711036824129892,-35.601376,382.666,128
9462,1779711036861097095,1779711036825576410,-35.520685,446.518,128
9463,1779711036862597472,1779711036826927708,-35.669764,351.298,128
9464,1779711036863918783,1779711036828169552,-35.749231,241.844,128
9465,1779711036865192832,1779711036829677067,-35.515765,507.515,128
9466,1779711036866718205,1779711036831146200,-35.572005,469.133,128
9467,1779711036868054220,1779711036831947849,-36.106371,-198.351,128
9468,1779711036869034345,1779711036833445613,-35.588732,497.764,128
9469,1779711036870461606,1779711036835026256,-35.43535,580.643,128
9470,1779711036872027502,1779711036836247294,-35.780208,221.038,128
9471,1779711036873237595,1779711036837561888,-35.675707,314.594,128
9472,1779711036874525412,1779711036838752917,-35.772495,191.029,128
9473,1779711036875795672,1779711036840269506,-35.526166,516.589,128
9474,1779711036877227191,1779711036841295979,-35.931212,26.473,128
9475,1779711036878230918,1779711036842253287,-35.977631,-42.692,128
9476,1779711036879264441,1779711036843582652,-35.681789,329.365,128
9477,1779711036880520960,1779711036845020926,-35.500034,438.274,128
9478,1779711036882030401,1779711036846248142,-35.782259,227.216,128
9479,1779711036883183370,1779711036847586836,-35.596534,338.694,128
9480,1779711036884602681,1779711036848834644,-35.768037,247.808,128
9481,1779711036885790290,1779711036849909460,-35.88083,74.816,128
9482,1779711036886881468,1779711036851540682,-35.340786,631.222,128
9483,1779711036888460077,1779711036852557322,-35.902755,16.64,128
9484,1779711036889519884,1779711036853958527,-35.561357,401.205,128
9485,1779711036890908347,1779711036855403925,-35.504422,445.398,128
9486,1779711036892372517,1779711036856788285,-35.584232,384.36,128
9487,1779711036893671529,1779711036858236200,-35.435329,447.915,128
9488,1779711036895130822,1779711036858966860,-36.163962,-269.34,128
9489,1779711036896009196,1779711036860323255,-35.685941,356.395,128
9490,1779711036897248738,1779711036861848592,-35.400146,525.337,128
9491,1779711036898796636,1779711036862898646,-35.89799,50.054,128
9492,1779711036899898802,1779711036864198161,-35.700641,299.515,128
9493,1779711036901100668,1779711036864877254,-36.223414,-320.907,128
9494,1779711036901972398,1779711036866293341,-35.679057,416.087,128
9495,1779711036903171043,1779711036867526309,-35.644734,232.968,128
9496,1779711036904579970,1779711036869061589,-35.518381,535.28,128
9497,1779711036906059062,1779711036870334500,-35.724562,272.911,128
9498,1779711036907313641,1779711036871498182,-35.815459,163.682,128
9499,1779711036908488323,1779711036872902140,-35.586183,403.958,128
9500,1779711036909867407,1779711036874254871,-35.612536,352.731,128
9501,1779711036911259261,1779711036875660827,-35.598434,405.956,128
9502,1779711036912738894,1779711036876909035,-35.829859,248.208,128
9503,1779711036913855653,1779711036878041857,-35.813796,132.822,128
9504,1779711036915013346,1779711036879370760,-35.642586,328.903,128
9505,1779711036916184310,1779711036880118325,-36.065985,-252.435,128
9506,1779711036917097958,1779711036881627223,-35.470735,508.898,128
9507,1779711036918469253,1779711036882843234,-35.626019,216.011,128
9508,1779711036919771899,1779711036884487235,-35.284664,644.001,128
9509,1779711036922014279,1779711036887042435,-34.971844,1555.2,128
9510,1779711036924005156,1779711036888270541,-35.734615,228.106,128
9511,1779711036925186041,1779711036889282485,-35.903556,11.944,128
9512,1779711036926263445,1779711036890349758,-35.913687,67.273,128
9513,1779711036927337285,1779711036891891667,-35.445618,541.909,128
9514,1779711036928762625,1779711036892920023,-35.842602,28.356,128
9515,1779711036929895698,1779711036894545328,-35.35037,625.305,128
9516,1779711036931104839,1779711036895371347,-35.733492,-173.981,128
9517,1779711036932342008,1779711036896501318,-35.84069,129.971,128
9518,1779711036933460128,1779711036897906574,-35.553554,405.256,128
9519,1779711036934719245,1779711036898773646,-35.945599,-132.928,128
9520,1779711036935745237,1779711036899961447,-35.78379,187.801,128
9521,1779711036936890849,1779711036901222255,-35.668594,260.808,128
9522,1779711036938067119,1779711036902151847,-35.915272,-70.408,128
9523,1779711036939113915,1779711036903272195,-35.84172,120.348,128
9524,1779711036940260067,1779711036904716353,-35.543714,444.158,128
9525,1779711036941356944,1779711036905593030,-35.763914,-123.323,128
9526,1779711036942446353,1779711036906314792,-36.131561,-278.238,128
9527,1779711036943290613,1779711036907768891,-35.521722,454.099,128
9528,1779711036944720960,1779711036909227315,-35.493645,458.424,128
9529,1779711036946070925,1779711036910139684,-35.931241,-87.631,128
9530,1779711036947093152,1779711036911235441,-35.857711,95.757,128
9531,1779711036948221672,1779711036912458209,-35.763463,222.768,128
9532,1779711036949361060,1779711036913958234,-35.402826,500.025,128
9533,1779711036950612434,1779711036914941907,-35.670527,-16.327,128
9534,1779711036951876038,1779711036916126682,-35.749356,184.775,128
9535,1779711036953029672,1779711036917615356,-35.414316,488.674,128
9536,1779711036954543048,1779711036919499284,-35.043764,883.928,128
9537,1779711036956440369,1779711036920116585,-36.323784,-382.699,128
9538,1779711036957140012,1779711036921337105,-35.802907,220.52,128
9539,1779711036958296877,1779711036922379590,-35.917287,42.485,128
9540,1779711036959434383,1779711036923536768,-35.897615,157.178,128
9541,1779711036960475379,1779711036926210104,-34.265275,1673.336,128
9542,1779711036961843448,1779711036926310737,-35.532711,-899.367,128
9543,1779711036963162710,1779711036927782353,-35.380357,471.616,128
9544,1779711036964735807,1779711036929044940,-35.690867,262.587,128
9545,1779711036965974248,1779711036930331584,-35.642664,286.644,128
9546,1779711036967323314,1779711036931623313,-35.700001,291.729,128
9547,1779711036968510899,1779711036932678003,-35.832896,54.69,128
9548,1779711036969588740,1779711036934010705,-35.578035,332.702,128
9549,1779711036970870375,1779711036935118713,-35.751662,108.008,128
9550,1779711036972137035,1779711036937072785,-35.06425,954.072,128
9551,1779711036973941166,1779711036938595659,-35.345507,522.874,128
9552,1779711036975468174,1779711036940225693,-35.242481,630.034,128
9553,1779711036976999039,1779711036941269734,-35.729305,44.041,128
9554,1779711036978221762,1779711036942384944,-35.836818,115.21,128
9555,1779711036979333846,1779711036943539050,-35.794796,154.106,128
9556,1779711036980516541,1779711036944700013,-35.816528,160.963,128
9557,1779711036981679464,1779711036945965230,-35.714234,265.217,128
9558,1779711036982988686,1779711036947189270,-35.799416,224.04,128
9559,1779711036984183891,1779711036948916014,-35.267877,726.744,128
9560,1779711036985846258,1779711036949793954,-36.052304,-122.06,128
9561,1779711036986775998,1779711036950585816,-36.190182,-208.138,128
9562,1779711036987608017,1779711036952111134,-35.496883,525.318,128
9563,1779711036988983991,1779711036953097299,-35.886692,-13.835,128
9564,1779711036990084321,1779711036954434953,-35.649368,337.654,128
9565,1779711036991411113,1779711036955412294,-35.998819,-22.659,128
9566,1779711036992411481,1779711036956078393,-36.333088,-333.901,128
9567,1779711036993182297,1779711036957400585,-35.781712,322.192,128
9568,1779711036994373315,1779711036958278739,-36.094576,-121.846,128
9569,1779711036995290038,1779711036959479588,-35.81045,200.849,128
9570,1779711036996374540,1779711036960053897,-36.320643,-425.691,128
9571,1779711036997075902,1779711036961419439,-35.656463,365.542,128
9572,1779711036998365680,1779711036962392333,-35.973347,-27.106,128
9573,1779711036999350870,1779711036963410026,-35.940844,17.693,128
9574,1779711037000387994,1779711036964762314,-35.62568,352.288,128
9575,1779711037001759454,1779711036966022788,-35.736666,260.474,128
9576,1779711037003001706,1779711036967273475,-35.728231,250.687,128
9577,1779711037004117251,1779711036968310639,-35.806612,37.164,128
9578,1779711037005272141,1779711036969777887,-35.494254,467.248,128
9579,1779711037006788719,1779711036971243539,-35.54518,465.652,128
9580,1779711037008105325,1779711036972341962,-35.763363,98.423,128
9581,1779711037009392003,1779711036974067841,-35.324162,725.879,128
9582,1779711037010990426,1779711036975650722,-35.339704,582.881,128
9583,1779711037012628420,1779711036977045049,-35.583371,394.327,128
9584,1779711037014092867,1779711036979368008,-34.724859,1322.959,128
9585,1779711037015990399,1779711036980937849,-35.05255,569.841,128
9586,1779711037017841559,1779711036982340154,-35.501405,402.305,128
9587,1779711037019229077,1779711036983352878,-35.876199,12.724,128
9588,1779711037020393021,1779711036984963593,-35.429428,610.715,128
9589,1779711037021670593,1779711036986262560,-35.408033,298.967,128
9590,1779711037023061720,1779711036987584542,-35.477178,321.982,128
9591,1779711037024517404,1779711036989079941,-35.437463,495.399,128
9592,1779711037025944005,1779711036990537093,-35.406912,457.152,128
9593,1779711037027499272,1779711036992258129,-35.241143,721.036,128
9594,1779711037029193086,1779711036994100240,-35.092846,842.111,128
9595,1779711037031039068,1779711036995674709,-35.364359,574.469,128
9596,1779711037032527656,1779711036996880107,-35.647549,205.398,128
9597,1779711037033882287,1779711036998347094,-35.535193,466.987,128
9598,1779711037035413696,1779711036999889882,-35.523814,542.788,128
9599,1779711037036876571,1779711037001224519,-35.652052,334.637,128
9600,1779711037038160144,1779711037002295666,-35.864478,71.147,128
9601,1779711037039374975,1779711037003792612,-35.582363,496.946,128
9602,1779711037040785675,1779711037005136802,-35.648873,344.19,128
9603,1779711037042132885,1779711037006247823,-35.885062,111.021,128
9604,1779711037043265069,1779711037007770853,-35.494216,523.03,128
9605,1779711037044793466,1779711037008245729,-36.547737,-525.124,128
9606,1779711037045255227,1779711037009419884,-35.835343,174.155,128
9607,1779711037046480433,1779711037011013419,-35.467014,593.535,128
9608,1779711037047941781,1779711037012632433,-35.309348,619.014,128
9609,1779711037049660766,1779711037014205218,-35.455548,572.785,128
9610,1779711037051302021,1779711037017217453,-34.084568,2012.235,128
9611,1779711037054220887,1779711037018654521,-35.566366,437.068,128
9612,1779711037055552475,1779711037020277117,-35.275358,622.596,128
9613,1779711037057230586,1779711037022225568,-35.005018,948.451,128
9614,1779711037059146092,1779711037023471148,-35.674944,245.58,128
9615,1779711037060360750,1779711037025780990,-34.57976,1309.842,128
9616,1779711037062719367,1779711037026944901,-35.774466,163.911,128
9617,1779711037064001840,1779711037028801102,-35.200738,856.201,128
9618,1779711037065866215,1779711037029770329,-36.095886,-30.773,128
9619,1779711037066766922,1779711037031004902,-35.76202,234.573,128
9620,1779711037067896081,1779711037032847621,-35.04846,842.719,128
9621,1779711037069781060,1779711037036062333,-33.718727,2214.712,128
9622,1779711037073093297,1779711037037818133,-35.275164,755.8,128
9623,1779711037074878563,1779711037039903852,-34.974711,1085.719,128
9624,1779711037076715048,1779711037041508368,-35.20668,604.516,128
9625,1779711037078449500,1779711037042914683,-35.534817,406.315,128
9626,1779711037079882739,1779711037044474176,-35.408563,559.493,128
9627,1779711037081464721,1779711037046224163,-35.240558,749.987,128
9628,1779711037083167439,1779711037047538974,-35.628465,314.811,128
9629,1779711037084552449,1779711037048895782,-35.656667,356.808,128
9630,1779711037085950582,1779711037050836644,-35.113938,940.862,128
9631,1779711037087848006,1779711037052832344,-35.015662,995.7,128
9632,1779711037089910039,1779711037054553760,-35.356279,721.416,128
9633,1779711037091620313,1779711037056250095,-35.370218,696.335,128
9634,1779711037093316545,1779711037057212396,-36.104149,-37.699,128
9635,1779711037094157103,1779711037058317613,-35.83949,105.217,128
9636,1779711037095304961,1779711037059779459,-35.525502,461.846,128
9637,1779711037096724775,1779711037061422467,-35.302308,643.008,128
9638,1779711037098306830,1779711037063059696,-35.247134,637.229,128
9639,1779711037100024161,1779711037064400616,-35.623545,340.92,128
9640,1779711037101415568,1779711037065724344,-35.691224,323.728,128
9641,1779711037102717610,1779711037067517997,-35.199613,793.653,128
9642,1779711037104594016,1779711037069376196,-35.21782,858.199,128
9643,1779711037106307840,1779711037070596878,-35.710962,220.682,128
9644,1779711037107610343,1779711037072021423,-35.58892,424.545,128
9645,1779711037109036802,1779711037073813153,-35.223649,791.73,128
9646,1779711037110834312,1779711037075035649,-35.798663,222.496,128
9647,1779711037112039781,1779711037076423868,-35.615913,388.219,128
9648,1779711037113454212,1779711037077846822,-35.60739,422.954,128
9649,1779711037114833719,1779711037080133233,-34.700486,1286.411,128
9650,1779711037116979182,1779711037082092788,-34.886394,959.555,128
9651,1779711037119063614,1779711037083674637,-35.388977,581.849,128
9652,1779711037120677388,1779711037085291478,-35.38591,616.841,128
9653,1779711037122155995,1779711037086987803,-35.168192,696.325,128
9654,1779711037123906777,1779711037087968475,-35.938302,-19.328,128
9655,1779711037124999727,1779711037089274678,-35.725049,306.203,128
9656,1779711037126203913,1779711037090608849,-35.595064,334.171,128
9657,1779711037127633876,1779711037091839665,-35.794211,230.816,128
9658,1779711037128924753,1779711037092722862,-36.201891,-116.803,128
9659,1779711037129775030,1779711037095018900,-34.75613,1296.038,128
9660,1779711037132083915,1779711037096795961,-35.287954,777.061,128
9661,1779711037133790392,1779711037098353303,-35.437089,557.342,128
9662,1779711037135387890,1779711037099947768,-35.440122,594.465,128
9663,1779711037136999244,1779711037101746575,-35.252669,798.807,128
9664,1779711037138718791,1779711037103408995,-35.309796,662.42,128
9665,1779711037140416688,1779711037104800364,-35.616324,391.369,128
9666,1779711037141824765,1779711037106643202,-35.181563,842.838,128
9667,1779711037143273980,1779711037108489559,-34.784421,846.357,128
9668,1779711037145371237,1779711037109733931,-35.637306,244.372,128
9669,1779711037146619147,1779711037111218694,-35.400453,484.763,128
9670,1779711037148114000,1779711037112494729,-35.619271,276.035,128
9671,1779711037149187496,1779711037114009730,-35.177766,515.001,128
9672,1779711037151044467,1779711037115815751,-35.228716,806.021,128
9673,1779711037152832467,1779711037118039238,-34.793229,1223.487,128
9674,1779711037155126541,1779711037119649354,-35.477187,610.116,128
9675,1779711037156643184,1779711037120895257,-35.747927,245.903,128
9676,1779711037157969873,1779711037122780021,-35.189852,884.764,128
9677,1779711037159866810,1779711037124116117,-35.750693,336.096,128
9678,1779711037161050330,1779711037125559882,-35.490448,443.765,128
9679,1779711037162695925,1779711037127577498,-35.118427,1017.616,128
9680,1779711037164603594,1779711037129402715,-35.200879,825.217,128
9681,1779711037165989294,1779711037130532508,-35.456786,129.793,128
9682,1779711037167535060,1779711037132783285,-34.751775,1250.777,128
9683,1779711037169826029,1779711037135068211,-34.757818,1284.926,128
9684,1779711037172077471,1779711037137512497,-34.564974,1444.286,128
9685,1779711037174640687,1779711037145119031,-29.521656,6606.534,128
9686,1779711037182022907,1779711037155844858,-26.178049,9725.827,128
9687,1779711037192806359,1779711037157070704,-35.735655,225.846,128
9688,1779711037194100509,1779711037158514311,-35.586198,443.607,128
9689,1779711037195475671,1779711037159570890,-35.904781,56.579,128
9690,1779711037196476023,1779711037160361643,-36.11438,-209.247,128
9691,1779711037197392864,1779711037161443252,-35.949612,81.609,128
9692,1779711037198346745,1779711037162605844,-35.740901,162.592,128
9693,1779711037199459066,1779711037163639562,-35.819504,33.718,128
9694,1779711037200643506,1779711037165018914,-35.624592,379.352,128
9695,1779711037201974046,1779711037166035427,-35.938619,16.513,128
9696,1779711037202985318,1779711037167068326,-35.916992,32.899,128
9697,1779711037204035139,1779711037168235392,-35.799747,167.066,128
9698,1779711037205108652,1779711037169375994,-35.732658,140.602,128
9699,1779711037206209583,1779711037170446021,-35.763562,70.027,128
9700,1779711037207454040,1779711037172326928,-35.127112,880.907,128
9701,1779711037208853965,1779711037173664724,-35.189241,337.796,128
9702,1779711037210661765,1779711037175222988,-35.438777,558.264,128
9703,1779711037212143540,1779711037176365792,-35.777748,142.804,128
9704,1779711037213335759,1779711037177312975,-36.022784,-52.817,128
9705,1779711037214309457,1779711037178407108,-35.902349,94.133,128
9706,1779711037215444363,1779711037179305625,-36.138738,-101.483,128
9707,1779711037216305662,1779711037180308944,-35.996718,3.319,128
9708,1779711037217303146,1779711037181378645,-35.924501,69.701,128
9709,1779711037218294281,1779711037182492802,-35.801479,114.157,128
9710,1779711037219402020,1779711037183466624,-35.935396,-26.178,128
9711,1779711037220451556,1779711037186294114,-34.157442,1827.49,128
9712,1779711037223173230,1779711037187316539,-35.856691,22.425,128
9713,1779711037224181103,1779711037188445110,-35.735993,128.571,128
9714,1779711037225529974,1779711037189389504,-36.14047,-55.606,128
9715,1779711037226431233,1779711037190442277,-35.988956,52.773,128
9716,1779711037227390270,1779711037191464675,-35.925595,22.398,128
9717,1779711037228384850,1779711037192439225,-35.945625,-25.45,128
9718,1779711037229372395,1779711037193255011,-36.117384,-184.214,128
9719,1779711037230148588,1779711037194350327,-35.798261,95.316,128
9720,1779711037231371451,1779711037195456596,-35.914855,106.269,128
9721,1779711037232414157,1779711037196533174,-35.880983,76.578,128
9722,1779711037233532662,1779711037198197826,-35.334836,664.652,128
9723,1779711037235136814,1779711037203328079,-31.808735,4130.253,128
9724,1779711037238218189,1779711037203336115,-34.882074,-991.964,128
9725,1779711037239414115,1779711037203485537,-35.928578,-850.578,128
9726,1779711037240403895,1779711037204683804,-35.720091,198.267,128
9727,1779711037241535713,1779711037205292737,-36.242976,-391.067,128
9728,1779711037242136402,1779711037206373447,-35.762955,80.71,128
9729,1779711037243284165,1779711037207461969,-35.822196,88.522,128
9730,1779711037244430796,1779711037209085245,-35.345551,623.276,128
9731,1779711037246056795,1779711037210131522,-35.925273,46.277,128
9732,1779711037247094508,1779711037211286104,-35.808404,154.582,128
9733,1779711037248176764,1779711037212287461,-35.889303,1.357,128
9734,1779711037249182360,1779711037213491877,-35.690483,204.416,128
9735,1779711037250389654,1779711037214498670,-35.890984,6.793,128
9736,1779711037251433634,1779711037215623782,-35.809852,125.112,128
9737,1779711037252649365,1779711037217096000,-35.553365,472.218,128
9738,1779711037253927971,1779711037218226339,-35.701632,130.339,128
9739,1779711037255104878,1779711037218840694,-36.264184,-385.645,128
9740,1779711037255774670,1779711037219842967,-35.931703,2.273,128
9741,1779711037256794837,1779711037220784290,-36.010547,-58.677,128
9742,1779711037257758083,1779711037221936633,-35.82145,152.343,128
9743,1779711037258802471,1779711037222607870,-36.194601,-328.763,128
9744,1779711037259637447,1779711037223424329,-36.213118,-183.541,128
9745,1779711037260408893,1779711037224288034,-36.120859,-136.295,128
9746,1779711037261240113,1779711037224858444,-36.381669,-429.59,128
9747,1779711037261911389,1779711037225773603,-36.137786,-84.841,128
9748,1779711037262750771,1779711037226772750,-35.978021,-0.853,128
9749,1779711037263749018,1779711037227327570,-36.421448,-445.18,128
9750,1779711037264294267,1779711037228062600,-36.231667,-264.97,128
9751,1779711037265116823,1779711037229340807,-35.776016,278.207,128
9752,1779711037266285635,1779711037230332919,-35.952716,-7.888,128
9753,1779711037267224241,1779711037231691517,-35.532724,358.598,128
9754,1779711037268597567,1779711037232911802,-35.685765,220.285,128
9755,1779711037269864261,1779711037234755960,-35.108301,844.158,128
9756,1779711037271715925,1779711037235531405,-36.18452,-224.555,128
9757,1779711037272486875,1779711037236753652,-35.733223,222.247,128
9758,1779711037273780321,1779711037237927384,-35.852937,173.732,128
9759,1779711037274864971,1779711037238815239,-36.049732,-112.145,128
9760,1779711037275760946,1779711037240028115,-35.732831,212.876,128
9761,1779711037276921786,1779711037241274535,-35.647251,246.42,128
9762,1779711037278166559,1779711037242347191,-35.819368,72.656,128
9763,1779711037279299552,1779711037243249034,-36.050518,-98.157,128
9764,1779711037280164239,1779711037244622355,-35.541884,373.321,128
9765,1779711037281661706,1779711037245529807,-36.131899,-92.548,128
9766,1779711037282603774,1779711037246761817,-35.841957,232.01,128
9767,1779711037283708500,1779711037247836443,-35.872057,74.626,128
9768,1779711037284769119,1779711037248585580,-36.183539,-250.863,128
9769,1779711037285535718,1779711037249747797,-35.787921,162.217,128
9770,1779711037286670974,1779711037250948791,-35.722183,200.994,128
9771,1779711037287821577,1779711037252321652,-35.499925,372.861,128
9772,1779711037289227178,1779711037253168404,-36.058774,-153.248,128
9773,1779711037290054634,1779711037254027452,-36.027182,-140.952,128
9774,1779711037291062302,1779711037255011470,-36.050832,-15.982,128
9775,1779711037291977723,1779711037256289950,-35.687773,278.48,128
9776,1779711037293130253,1779711037257032743,-36.09751,-257.207,128
9777,1779711037294002282,1779711037258376219,-35.626063,343.476,128
9778,1779711037295216059,1779711037259433218,-35.782841,56.999,128
9779,1779711037296233745,1779711037260312982,-35.920763,-120.236,128
9780,1779711037297164881,1779711037261541724,-35.623157,228.742,128
9781,1779711037298472487,1779711037262553128,-35.919359,11.404,128
9782,1779711037299448100,1779711037263709949,-35.738151,156.821,128
9783,1779711037300642321,1779711037264730769,-35.911552,20.82,128
9784,1779711037301706791,1779711037265882958,-35.823833,152.189,128
9785,1779711037302819884,1779711037267027771,-35.792113,144.813,128
9786,1779711037303967116,1779711037268525478,-35.441638,497.707,128
9787,1779711037305447308,1779711037270383871,-35.063437,858.393,128
9788,1779711037307070344,1779711037271302005,-35.768339,-81.866,128
9789,1779711037308241045,1779711037272539272,-35.701773,237.267,128
9790,1779711037309624207,1779711037273736734,-35.887473,197.462,128
9791,1779711037310628256,1779711037274731738,-35.896518,-4.996,128
9792,1779711037311746542,1779711037275906497,-35.840045,174.759,128
9793,1779711037312625066,1779711037277102322,-35.522744,195.825,128
9794,1779711037314037289,1779711037278240427,-35.796862,138.105,128
9795,1779711037315176391,1779711037279697655,-35.478736,457.228,128
9796,1779711037316579110,1779711037281116952,-35.462158,419.297,128
9797,1779711037317936787,1779711037282248522,-35.688265,131.57,128
9798,1779711037319108016,1779711037283130770,-35.977246,-117.752,128
9799,1779711037320057990,1779711037284269548,-35.788442,138.778,128
9800,1779711037321134706,1779711037285035193,-36.099513,-234.355,128
9801,1779711037322057935,1779711037286716519,-35.341416,681.326,128
9802,1779711037323524322,1779711037287505802,-36.01852,-210.717,128
9803,1779711037324407447,1779711037288572176,-35.835271,66.374,128
9804,1779711037325657420,1779711037289891845,-35.765575,319.669,128
9805,1779711037326810946,1779711037290973772,-35.837174,81.927,128
9806,1779711037327955127,1779711037292306204,-35.648923,332.432,128
9807,1779711037329199850,1779711037293269639,-35.930211,-36.565,128
9808,1779711037330234290,1779711037294248697,-35.985593,-20.942,128
9809,1779711037331241495,1779711037295219332,-36.022163,-29.365,128
9810,1779711037332189516,1779711037295928144,-36.261372,-291.188,128
9811,1779711037332946152,1779711037296963748,-35.982404,35.604,128
9812,1779711037333910141,1779711037298115497,-35.794644,151.749,128
9813,1779711037335071968,1779711037299269809,-35.802159,154.312,128
9814,1779711037336315082,1779711037300833439,-35.481643,563.63,128
9815,1779711037337857613,1779711037302122247,-35.735366,288.808,128
9816,1779711037339140275,1779711037303293069,-35.847206,170.822,128
9817,1779711037340167339,1779711037304120406,-36.046933,-172.663,128
9818,1779711037341152823,1779711037305338519,-35.814304,218.113,128
9819,1779711037342312115,1779711037306330697,-35.981418,-7.822,128
9820,1779711037343352789,1779711037307258336,-36.094453,-72.361,128
9821,1779711037344269292,1779711037308260485,-36.008807,2.149,128
9822,1779711037345201672,1779711037308955673,-36.245999,-304.812,128
9823,1779711037345992370,1779711037310274317,-35.718053,318.644,128
9824,1779711037347296801,1779711037311340836,-35.955965,66.519,128
9825,1779711037348358292,1779711037312473734,-35.884558,132.898,128
9826,1779711037349578169,1779711037313495113,-36.083056,21.379,128
9827,1779711037350604827,1779711037314474617,-36.13021,-20.496,128
9828,1779711037351522962,1779711037316276114,-35.246848,801.497,128
9829,1779711037353249411,1779711037317666654,-35.582757,390.54,128
9830,1779711037354248820,1779711037318411178,-35.837642,-255.476,128
9831,1779711037355356673,1779711037319529050,-35.827623,117.872,128
9832,1779711037356473675,1779711037320675240,-35.798435,146.19,128
9833,1779711037357620496,1779711037321970661,-35.649835,295.421,128
9834,1779711037358834561,1779711037322608141,-36.22642,-362.52,128
9835,1779711037359530275,1779711037324043210,-35.487065,435.069,128
9836,1779711037360948667,1779711037325114980,-35.833687,71.77,128
9837,1779711037362084483,1779711037325580666,-36.503817,-534.314,128
9838,1779711037362634329,1779711037326915936,-35.718393,335.27,128
9839,1779711037363893588,1779711037327920976,-35.972612,5.04,128
9840,1779711037364844352,1779711037328622502,-36.22185,-298.474,128
9841,1779711037365595081,1779711037330092531,-35.50255,470.029,128
9842,1779711037367045933,1779711037331051794,-35.994139,-40.737,128
9843,1779711037368031760,1779711037332378844,-35.652916,327.05,128
9844,1779711037369351205,1779711037333293530,-36.057675,-85.314,128
9845,1779711037370283836,1779711037334344657,-35.939179,51.127,128
9846,1779711037371318167,1779711037335552126,-35.766041,207.469,128
9847,1779711037372528888,1779711037336909282,-35.619606,357.156,128
9848,1779711037373877446,1779711037338263278,-35.614168,353.996,128
9849,1779711037374900583,1779711037338957403,-35.94318,-305.875,128
9850,1779711037376000821,1779711037340450955,-35.549866,493.552,128
9851,1779711037377424175,1779711037342206966,-35.217209,756.011,128
9852,1779711037379065458,1779711037343274766,-35.790692,67.8,128
9853,1779711037380214555,1779711037344257205,-35.95735,-17.561,128
9854,1779711037381241576,1779711037345039985,-36.201591,-217.22,128
9855,1779711037382096234,1779711037346061937,-36.034297,21.952,128
9856,1779711037383037718,1779711037346981840,-36.055878,-80.097,128
9857,1779711037383933550,1779711037348294559,-35.638991,312.719,128
9858,1779711037385194065,1779711037349244942,-35.949123,-49.617,128
9859,1779711037386224037,1779711037350144220,-36.079817,-100.722,128
9860,1779711037387183096,1779711037351562670,-35.620426,418.45,128
9861,1779711037388533699,1779711037352735266,-35.798433,172.596,128
9862,1779711037389760303,1779711037353846580,-35.913723,111.314,128
9863,1779711037390834334,1779711037354302440,-36.531894,-544.14,128
9864,1779711037391371398,1779711037355452923,-35.918475,150.483,128
9865,1779711037392420530,1779711037356458886,-35.961644,5.963,128
9866,1779711037393493373,1779711037357464749,-36.028624,5.863,128
9867,1779711037394517557,1779711037358416885,-36.100672,-47.864,128
9868,1779711037395464746,1779711037359449990,-36.014756,33.105,128
9869,1779711037396467634,1779711037360666072,-35.801562,216.082,128
9870,1779711037397730666,1779711037361727781,-36.002885,61.709,128
9871,1779711037398780054,1779711037362816780,-35.963274,88.999,128
9872,1779711037399856287,1779711037363957682,-35.898605,140.902,128
9873,1779711037400964142,1779711037364951439,-36.012703,-6.243,128
9874,1779711037402018662,1779711037365929865,-36.088797,-21.574,128
9875,1779711037402926164,1779711037366746428,-36.179736,-183.437,128
9876,1779711037403779215,1779711037367922411,-35.856804,175.983,128
9877,1779711037404790978,1779711037368803629,-35.987349,-118.782,128
9878,1779711037405853804,1779711037369923451,-35.930353,119.822,128
9879,1779711037406968116,1779711037371349863,-35.618253,426.412,128
9880,1779711037408222403,1779711037372029604,-36.192799,-320.259,128
9881,1779711037409061629,1779711037372924991,-36.136638,-104.613,128
9882,1779711037409967852,1779711037374332670,-35.635182,407.679,128
9883,1779711037411394391,1779711037375452079,-35.942312,119.409,128
9884,1779711037412447227,1779711037376500712,-35.946515,48.633,128
9885,1779711037413433333,1779711037377565982,-35.867351,65.27,128
9886,1779711037414593037,1779711037378628554,-35.964483,62.572,128
9887,1779711037415675811,1779711037379670892,-36.004919,42.338,128
9888,1779711037416765894,1779711037380800490,-35.965404,129.598,128
9889,1779711037417807029,1779711037381973028,-35.834001,172.538,128
9890,1779711037418998895,1779711037382641342,-36.357553,-331.686,128
9891,1779711037419704090,1779711037383739460,-35.96463,98.118,128
9892,1779711037420749286,1779711037384812792,-35.936494,73.332,128
9893,1779711037421820317,1779711037386030082,-35.790235,217.29,128
9894,1779711037422938698,1779711037386900053,-36.038645,-130.029,128
9895,1779711037423852068,1779711037387998073,-35.853995,98.02,128
9896,1779711037424957270,1779711037389004343,-35.952927,6.27,128
9897,1779711037426038973,1779711037390006258,-36.032715,1.915,128
9898,1779711037426929081,1779711037390876098,-36.052983,-130.16,128
9899,1779711037427862124,1779711037392222409,-35.639715,346.311,128
9900,1779711037429087849,1779711037393306870,-35.780979,84.461,128
9901,1779711037430246511,1779711037394471267,-35.775244,164.397,128
9902,1779711037431404487,1779711037395305191,-36.099296,-166.076,128
9903,1779711037432359514,1779711037396322506,-36.037008,17.315,128
9904,1779711037433364021,1779711037397304452,-36.059569,-18.054,128
9905,1779711037434277103,1779711037398279758,-35.997345,-24.694,128
9906,1779711037435243239,1779711037399071033,-36.172206,-208.725,128
9907,1779711037436104506,1779711037400486456,-35.61805,415.423,128
9908,1779711037437514062,1779711037401787587,-35.726475,301.131,128
9909,1779711037438868660,1779711037403480137,-35.388523,692.55,128
9910,1779711037440371132,1779711037404368529,-36.002603,-111.608,128
9911,1779711037441391890,1779711037405522745,-35.869145,154.216,128
9912,1779711037442510115,1779711037406492834,-36.017281,-29.911,128
9913,1779711037443603763,1779711037407571352,-36.032411,78.518,128
9914,1779711037444566936,1779711037408769006,-35.79793,197.654,128
9915,1779711037445885968,1779711037410121561,-35.764407,352.555,128
9916,1779711037447139712,1779711037411205286,-35.934426,83.725,128
9917,1779711037448181381,1779711037412139238,-36.042143,-66.048,128
9918,1779711037449169068,1779711037413498884,-35.670184,359.646,128
9919,1779711037450511692,1779711037415270599,-35.241093,771.715,128
9920,1779711037452241024,1779711037416262926,-35.978098,-7.673,128
9921,1779711037453205248,1779711037417273981,-35.931267,11.055,128
9922,1779711037454236692,1779711037418552717,-35.683975,278.736,128
9923,1779711037455662327,1779711037420322077,-35.34025,769.36,128
9924,1779711037457295732,1779711037421042741,-36.252991,-279.336,128
9925,1779711037458093009,1779711037422231504,-35.861505,188.763,128
9926,1779711037459279082,1779711037423462688,-35.816394,231.184,128
9927,1779711037460559942,1779711037424395667,-36.164275,-67.021,128
9928,1779711037461395872,1779711037425672843,-35.723029,277.176,128
9929,1779711037462682593,1779711037426916777,-35.765816,243.934,128
9930,1779711037463933407,1779711037428072267,-35.86114,155.49,128
9931,1779711037464877120,1779711037429478944,-35.398176,406.677,128
9932,1779711037466463464,1779711037430269647,-36.193817,-209.297,128
9933,1779711037467224933,1779711037431377297,-35.847636,107.65,128
9934,1779711037468374912,1779711037432464648,-35.910264,87.351,128
9935,1779711037469471545,1779711037434424873,-35.046672,960.225,128
9936,1779711037471006304,1779711037435239083,-35.767221,-185.79,128
9937,1779711037472177198,1779711037436124461,-36.052737,-114.622,128
9938,1779711037473112612,1779711037436941639,-36.170973,-182.822,128
9939,1779711037473983159,1779711037437972900,-36.010259,31.261,128
9940,1779711037474982897,1779711037438561467,-36.42143,-411.433,128
9941,1779711037475587444,1779711037439984803,-35.602641,423.336,128
9942,1779711037477005251,1779711037441271221,-35.73403,286.418,128
9943,1779711037478247217,1779711037442297861,-35.949356,26.64,128
9944,1779711037479307524,1779711037443146358,-36.161166,-151.503,128
9945,1779711037480205164,1779711037444247983,-35.957181,101.625,128
9946,1779711037481268471,1779711037445463136,-35.805335,215.153,128
9947,1779711037482179666,1779711037446281049,-35.898617,-182.087,128
9948,1779711037483235085,1779711037447086430,-36.148655,-194.619,128
9949,1779711037484138157,1779711037447991587,-36.14657,-94.843,128
9950,1779711037484966165,1779711037449051262,-35.914903,59.675,128
9951,1779711037485979235,1779711037450136439,-35.842796,85.177,128
9952,1779711037486917295,1779711037451360047,-35.557248,223.608,128
9953,1779711037488491616,1779711037452689056,-35.80256,329.009,128
9954,1779711037489926972,1779711037454552980,-35.373992,863.924,128
9955,1779711037491084986,1779711037455006630,-36.078356,-546.35,128
9956,1779711037492033940,1779711037456085721,-35.948219,79.091,128
9957,1779711037492965830,1779711037457034277,-35.931553,-51.444,128
9958,1779711037494014961,1779711037457818154,-36.196807,-216.123,128
9959,1779711037494767456,1779711037458849595,-35.917861,31.441,128
9960,1779711037495827020,1779711037460252616,-35.574404,403.021,128
9961,1779711037497078940,1779711037461364773,-35.714167,112.157,128
9962,1779711037498267636,1779711037462328898,-35.938738,-35.875,128
9963,1779711037499269305,1779711037463576263,-35.693042,247.365,128
9964,1779711037500469954,1779711037464875126,-35.594828,298.863,128
9965,1779711037501875660,1779711037466257235,-35.618425,382.109,128
9966,1779711037503096793,1779711037467405432,-35.691361,148.197,128
9967,1779711037504267944,1779711037468499854,-35.76809,94.422,128
9968,1779711037505515589,1779711037470072003,-35.443586,572.149,128
9969,1779711037506834796,1779711037471325514,-35.509282,253.511,128
9970,1779711037508182169,1779711037472315319,-35.86685,-10.195,128
9971,1779711037509160072,1779711037472936302,-36.22377,-379.017,128
9972,1779711037509906806,1779711037474107618,-35.799188,171.316,128
9973,1779711037510802643,1779711037474581301,-36.221342,-526.317,128
9974,1779711037511490717,1779711037475978811,-35.511906,397.51,128
9975,1779711037512856368,1779711037476724145,-36.132223,-254.666,128
9976,1779711037513689071,1779711037478021527,-35.667544,297.382,128
9977,1779711037514806939,1779711037478939409,-35.86753,-82.118,128
9978,1779711037515928919,1779711037480372634,-35.556285,433.225,128
9979,1779711037517242060,1779711037481439709,-35.802351,67.075,128
9980,1779711037518433877,1779711037482659282,-35.774595,219.573,128
9981,1779711037519584225,1779711037483383933,-36.200292,-275.349,128
9982,1779711037520341952,1779711037484520060,-35.821892,136.127,128
9983,1779711037521431497,1779711037485812053,-35.619444,291.993,128
9984,1779711037522717844,1779711037486977344,-35.7405,165.291,128
9985,1779711037523835739,1779711037488027037,-35.808702,49.693,128
9986,1779711037524978961,1779711037489376891,-35.60207,349.854,128
9987,1779711037526196098,1779711037490419862,-35.776236,42.971,128
9988,1779711037527398575,1779711037490781524,-36.617051,-638.338,128
9989,1779711037527828970,1779711037491982693,-35.846277,201.169,128
9990,1779711037528883687,1779711037492999825,-35.883862,17.132,128
9991,1779711037529980228,1779711037494265159,-35.715069,265.334,128
9992,1779711037531172407,1779711037495132690,-36.039717,-132.469,128
9993,1779711037532163849,1779711037496463795,-35.700054,331.105,128
9994,1779711037533402640,1779711037497585323,-35.817317,121.528,128
9995,1779711037534609785,1779711037499222844,-35.386941,637.521,128
9996,1779711037535619731,1779711037499235658,-36.384073,-987.186,128
9997,1779711037536324271,1779711037500523712,-35.800559,288.054,128
9998,1779711037537454554,1779711037502110799,-35.343755,587.087,128
9999,1779711037539102467,1779711037503330414,-35.772053,219.615,128
