seq,send_ns,recv_ns,latency_ms,jitter_us,pkt_size
0,1000000000000,1000004630943,4.630944,-112.75,128
1,1000001000000,1000006135802,5.135802,55.83,128
2,1000002000000,1000006737154,4.737155,-134.68,128
3,1000003000000,1000008100072,5.100073,-19.44,128
4,1000004000000,1000009326097,5.326097,-157.88,128
5,1000005000000,1000010819821,5.819821,59.42,128
6,1000006000000,1000010837358,4.837358,-189.62,128
7,1000007000000,1000012272215,5.272215,62.54,128
8,1000008000000,1000013117098,5.117098,-59.9,128
9,1000009000000,1000013749514,4.749514,9.13,128
10,1000010000000,1000014978459,4.978459,40.93,128
11,1000011000000,1000016140659,5.140659,75.25,128
12,1000012000000,1000017359018,5.359019,76.52,128
13,1000013000000,1000017185684,4.185684,-77.45,128
14,1000014000000,1000019159863,5.159864,-190.52,128
15,1000015000000,1000020787557,5.787557,100.24,128
16,1000016000000,1000020628502,4.628502,101.73,128
17,1000017000000,1000021337535,4.337535,48.42,128
18,1000018000000,1000023128252,5.128252,-9.48,128
19,1000019000000,1000024063856,5.063857,-84.43,128
20,1000020000000,1000025497773,5.497773,21.97,128
21,1000021000000,1000026378762,5.378762,85.84,128
22,1000022000000,1000027311634,5.311634,78.92,128
23,1000023000000,1000028113485,5.113485,153.05,128
24,1000024000000,1000029602987,5.602988,63.35,128
25,1000025000000,1000030808854,5.808854,-145.95,128
26,1000026000000,1000030796734,4.796735,101.25,128
27,1000027000000,1000031680845,4.680846,6.45,128
28,1000028000000,1000032524143,4.524144,-79.81,128
29,1000029000000,1000033370573,4.370574,-32.52,128
30,1000030000000,1000035563528,5.563529,-37.06,128
31,1000031000000,1000036375967,5.375967,143.12,128
32,1000032000000,1000037319344,5.319344,-83.37,128
33,1000033000000,1000037466061,4.466062,-108.81,128
34,1000034000000,1000038800511,4.800512,68.15,128
35,1000035000000,1000040936690,5.936691,-119.87,128
36,1000036000000,1000040880425,4.880426,-45.12,128
37,1000037000000,1000041680669,4.68067,-122.42,128
38,1000038000000,1000043195928,5.195929,-34.92,128
39,1000039000000,1000043546936,4.546936,135.95,128
40,1000040000000,1000045076160,5.076161,-53.8,128
41,1000041000000,1000046563941,5.563941,-8.32,128
42,1000042000000,1000047147642,5.147642,-20.0,128
43,1000043000000,1000048992337,5.992338,-63.31,128
44,1000044000000,1000049046811,5.046812,-27.27,128
45,1000045000000,1000050801567,5.801568,-37.5,128
46,1000046000000,1000050430177,4.430178,101.92,128
47,1000047000000,1000051668007,4.668007,67.13,128
48,1000048000000,1000053873687,5.873688,145.36,128
49,1000049000000,1000053394671,4.394672,87.49,128
50,1000050000000,1000054518905,4.518905,-11.5,128
51,1000051000000,1000056179629,5.179629,177.0,128
52,1000052000000,1000058025802,6.025803,-112.39,128
53,1000053000000,1000058936286,5.936287,1.03,128
54,1000054000000,1000059255110,5.25511,78.73,128
55,1000055000000,1000060522531,5.522532,197.78,128
56,1000056000000,1000061085443,5.085443,56.28,128
57,1000057000000,1000061794587,4.794588,16.19,128
58,1000058000000,1000062909849,4.909849,-39.76,128
59,1000059000000,1000064451032,5.451032,-77.22,128
60,1000060000000,1000065355130,5.35513,128.55,128
61,1000061000000,1000065881179,4.881179,-116.7,128
62,1000062000000,1000067539010,5.539011,-189.4,128
63,1000063000000,1000069558781,6.558781,90.89,128
64,1000064000000,1000068742547,4.742547,-3.62,128
65,1000065000000,1000070227603,5.227603,-62.89,128
66,1000066000000,1000071408457,5.408458,63.73,128
67,1000067000000,1000072870438,5.870438,29.0,128
68,1000068000000,1000073811321,5.811321,-80.0,128
69,1000069000000,1000072988143,3.988143,-23.96,128
70,1000070000000,1000075553197,5.553198,-86.17,128
71,1000071000000,1000075934427,4.934427,-13.35,128
72,1000072000000,1000077681380,5.68138,18.68,128
73,1000073000000,1000078109554,5.109554,80.22,128
74,1000074000000,1000079824747,5.824748,-0.54,128
75,1000075000000,1000079525382,4.525383,-46.6,128
76,1000076000000,1000080459687,4.459687,-108.48,128
77,1000077000000,1000082095116,5.095116,-125.09,128
78,1000078000000,1000083534027,5.534027,-161.86,128
79,1000079000000,1000084106755,5.106756,39.66,128
80,1000080000000,1000086670733,6.670733,82.01,128
81,1000081000000,1000085802051,4.802051,117.33,128
82,1000082000000,1000086771599,4.771599,-44.53,128
83,1000083000000,1000087320593,4.320594,105.86,128
84,1000084000000,1000088932162,4.932162,35.68,128
85,1000085000000,1000089793757,4.793757,-58.41,128
86,1000086000000,1000091917039,5.917039,-58.32,128
87,1000087000000,1000091204754,4.204755,3.79,128
88,1000088000000,1000092398290,4.39829,35.53,128
89,1000089000000,1000094248675,5.248676,-8.29,128
90,1000090000000,1000095049820,5.04982,-129.38,128
91,1000091000000,1000095760621,4.760622,5.12,128
92,1000092000000,1000097922888,5.922889,112.66,128
93,1000093000000,1000098033784,5.033785,-170.83,128
94,1000094000000,1000099614078,5.614079,127.41,128
95,1000095000000,1000100411061,5.411062,-51.25,128
96,1000096000000,1000101507498,5.507499,-93.81,128
97,1000097000000,1000102562659,5.562659,16.95,128
98,1000098000000,1000102393548,4.393549,-25.74,128
99,1000099000000,1000104098034,5.098034,-6.01,128
100,1000100000000,1000105573758,5.573758,-17.02,128
101,1000101000000,1000105775655,4.775655,-55.37,128
102,1000102000000,1000107438955,5.438955,5.43,128
103,1000103000000,1000107861857,4.861857,-7.31,128
104,1000104000000,1000109283462,5.283462,-76.31,128
105,1000105000000,1000110208196,5.208197,-75.57,128
106,1000106000000,1000111866554,5.866554,-33.75,128
107,1000107000000,1000111978255,4.978256,6.22,128
108,1000108000000,1000113224552,5.224552,33.72,128
109,1000109000000,1000114126482,5.126482,29.36,128
110,1000110000000,1000115028037,5.028037,-42.53,128
111,1000111000000,1000116005920,5.00592,27.97,128
112,1000112000000,1000116975093,4.975093,130.64,128
113,1000113000000,1000118653501,5.653502,94.6,128
114,1000114000000,1000119169083,5.169084,-29.36,128
115,1000115000000,1000119931505,4.931505,-80.46,128
116,1000116000000,1000121654829,5.654829,-92.93,128
117,1000117000000,1000121867124,4.867125,26.61,128
118,1000118000000,1000123386679,5.38668,260.77,128
119,1000119000000,1000123839564,4.839565,-3.36,128
120,1000120000000,1000125252964,5.252965,27.11,128
121,1000121000000,1000126345281,5.345282,23.2,128
122,1000122000000,1000127303853,5.303853,33.18,128
123,1000123000000,1000127330546,4.330547,-69.7,128
124,1000124000000,1000129044624,5.044624,20.78,128
125,1000125000000,1000130474338,5.474339,-86.27,128
126,1000126000000,1000130437016,4.437016,73.38,128
127,1000127000000,1000132621381,5.621381,-28.72,128
128,1000128000000,1000133115868,5.115868,59.42,128
129,1000129000000,1000133554678,4.554679,-10.28,128
130,1000130000000,1000134441452,4.441452,-76.16,128
131,1000131000000,1000136115512,5.115512,-2.45,128
132,1000132000000,1000137307993,5.307994,101.01,128
133,1000133000000,1000138021073,5.021074,169.52,128
134,1000134000000,1000139528397,5.528398,-197.14,128
135,1000135000000,1000139905370,4.90537,118.69,128
136,1000136000000,1000140990518,4.990518,-120.21,128
137,1000137000000,1000141425000,4.425,-6.81,128
138,1000138000000,1000142317423,4.317424,66.9,128
139,1000139000000,1000143689137,4.689137,-185.37,128
140,1000140000000,1000145180666,5.180666,64.92,128
141,1000141000000,1000146568639,5.56864,127.35,128
142,1000142000000,1000147114577,5.114577,124.59,128
143,1000143000000,1000148409293,5.409294,-146.25,128
144,1000144000000,1000150035194,6.035194,92.57,128
145,1000145000000,1000150160579,5.16058,83.07,128
146,1000146000000,1000149759094,3.759095,-15.42,128
147,1000147000000,1000151072091,4.072092,-136.53,128
148,1000148000000,1000152464447,4.464447,-92.29,128
149,1000149000000,1000154116715,5.116715,93.91,128
150,1000150000000,1000154162477,4.162478,-59.77,128
151,1000151000000,1000156560804,5.560805,-158.69,128
152,1000152000000,1000157212332,5.212332,88.22,128
153,1000153000000,1000158175432,5.175432,128.74,128
154,1000154000000,1000158397272,4.397272,-35.17,128
155,1000155000000,1000159322689,4.32269,-108.4,128
156,1000156000000,1000160244346,4.244347,30.29,128
157,1000157000000,1000161510629,4.51063,-86.1,128
158,1000158000000,1000163318518,5.318519,-65.9,128
159,1000159000000,1000164044541,5.044542,59.9,128
160,1000160000000,1000165036079,5.036079,-51.47,128
161,1000161000000,1000164985894,3.985894,-9.08,128
162,1000162000000,1000166898015,4.898016,-43.71,128
163,1000163000000,1000167090404,4.090405,17.26,128
164,1000164000000,1000168091533,4.091533,-208.84,128
165,1000165000000,1000170165618,5.165619,9.53,128
166,1000166000000,1000170436145,4.436145,5.41,128
167,1000167000000,1000171895864,4.895864,86.89,128
168,1000168000000,1000173226351,5.226352,106.5,128
169,1000169000000,1000174662522,5.662523,12.51,128
170,1000170000000,1000174403654,4.403655,155.73,128
171,1000171000000,1000175841068,4.841068,24.3,128
172,1000172000000,1000176754076,4.754076,153.51,128
173,1000173000000,1000177996707,4.996708,61.19,128
174,1000174000000,1000179393136,5.393136,166.52,128
175,1000175000000,1000179569856,4.569857,-46.28,128
176,1000176000000,1000181109678,5.109678,12.48,128
177,1000177000000,1000182436924,5.436925,-84.4,128
178,1000178000000,1000182754812,4.754812,-239.59,128
179,1000179000000,1000184009625,5.009626,-29.2,128
180,1000180000000,1000185557897,5.557897,-119.65,128
181,1000181000000,1000185788116,4.788117,-189.84,128
182,1000182000000,1000187435384,5.435384,110.74,128
183,1000183000000,1000187842422,4.842422,82.61,128
184,1000184000000,1000190165789,6.16579,-124.67,128
185,1000185000000,1000190639419,5.639419,-41.37,128
186,1000186000000,1000190590385,4.590385,65.41,128
187,1000187000000,1000191467352,4.467353,10.07,128
188,1000188000000,1000192925025,4.925026,-51.68,128
189,1000189000000,1000194126822,5.126823,-123.22,128
190,1000190000000,1000194655294,4.655294,31.89,128
191,1000191000000,1000195981349,4.98135,-62.62,128
192,1000192000000,1000197342920,5.34292,63.71,128
193,1000193000000,1000197990961,4.990961,210.51,128
194,1000194000000,1000198510533,4.510533,-150.89,128
195,1000195000000,1000200518583,5.518584,-105.95,128
196,1000196000000,1000201223644,5.223644,87.43,128
197,1000197000000,1000201807691,4.807691,145.28,128
198,1000198000000,1000203059245,5.059245,-90.33,128
199,1000199000000,1000204326400,5.326401,-71.65,128
200,1000200000000,1000204401716,4.401716,123.67,128
201,1000201000000,1000205891458,4.891459,69.75,128
202,1000202000000,1000207633786,5.633787,115.93,128
203,1000203000000,1000207559715,4.559715,51.29,128
204,1000204000000,1000209009169,5.00917,216.09,128
205,1000205000000,1000209371207,4.371207,110.89,128
206,1000206000000,1000210277309,4.277309,-7.34,128
207,1000207000000,1000212327671,5.327672,-28.43,128
208,1000208000000,1000213943799,5.943799,17.84,128
209,1000209000000,1000214389579,5.38958,-81.08,128
210,1000210000000,1000214811834,4.811834,-14.74,128
211,1000211000000,1000216318209,5.31821,121.19,128
212,1000212000000,1000217539495,5.539496,40.29,128
213,1000213000000,1000218109472,5.109472,79.98,128
214,1000214000000,1000219792163,5.792163,-57.71,128
215,1000215000000,1000220487683,5.487683,101.94,128
216,1000216000000,1000220977648,4.977648,-42.33,128
217,1000217000000,1000221861641,4.861642,-45.81,128
218,1000218000000,1000222336802,4.336803,-35.29,128
219,1000219000000,1000224012426,5.012427,63.27,128
220,1000220000000,1000224715228,4.715228,-4.28,128
221,1000221000000,1000226005851,5.005851,74.14,128
222,1000222000000,1000226240966,4.240967,-24.93,128
223,1000223000000,1000227433112,4.433113,87.74,128
224,1000224000000,1000228458793,4.458794,49.29,128
225,1000225000000,1000230262516,5.262517,-211.52,128
226,1000226000000,1000230428806,4.428806,-131.89,128
227,1000227000000,1000231731746,4.731746,-6.78,128
228,1000228000000,1000233222447,5.222447,-35.12,128
229,1000229000000,1000233383481,4.383482,34.94,128
230,1000230000000,1000235665614,5.665614,48.88,128
231,1000231000000,1000236175961,5.175961,44.48,128
232,1000232000000,1000237388628,5.388628,-128.94,128
233,1000233000000,1000237724998,4.724999,-96.49,128
234,1000234000000,1000239396166,5.396166,30.22,128
235,1000235000000,1000239747286,4.747287,-90.42,128
236,1000236000000,1000240809724,4.809724,84.06,128
237,1000237000000,1000242273581,5.273582,112.42,128
238,1000238000000,1000243528771,5.528772,2.97,128
239,1000239000000,1000243938068,4.938069,-185.27,128
240,1000240000000,1000244433863,4.433864,-44.49,128
241,1000241000000,1000245339996,4.339997,171.36,128
242,1000242000000,1000247173734,5.173734,-103.27,128
243,1000243000000,1000247801341,4.801341,34.81,128
244,1000244000000,1000248338443,4.338443,-65.93,128
245,1000245000000,1000249522184,4.522185,144.1,128
246,1000246000000,1000251897904,5.897905,78.45,128
247,1000247000000,1000252451398,5.451398,259.75,128
248,1000248000000,1000253304054,5.304055,-84.95,128
249,1000249000000,1000253442148,4.442149,-43.8,128
250,1000250000000,1000255391207,5.391207,-76.09,128
251,1000251000000,1000256222346,5.222346,-122.3,128
252,1000252000000,1000256426712,4.426713,-17.94,128
253,1000253000000,1000257314244,4.314245,-65.59,128
254,1000254000000,1000259623860,5.62386,-172.01,128
255,1000255000000,1000260696871,5.696872,-25.79,128
256,1000256000000,1000261093502,5.093502,197.36,128
257,1000257000000,1000261406630,4.406631,30.54,128
258,1000258000000,1000263360433,5.360434,-128.86,128
259,1000259000000,1000264480511,5.480512,-179.74,128
260,1000260000000,1000264739722,4.739722,55.06,128
261,1000261000000,1000265409237,4.409238,7.1,128
262,1000262000000,1000266808199,4.8082,-5.87,128
263,1000263000000,1000268242858,5.242858,73.16,128
264,1000264000000,1000268758855,4.758855,24.31,128
265,1000265000000,1000269532980,4.53298,107.21,128
266,1000266000000,1000271661308,5.661308,135.07,128
267,1000267000000,1000271958968,4.958969,-113.44,128
268,1000268000000,1000273354746,5.354746,96.61,128
269,1000269000000,1000273968125,4.968125,149.61,128
270,1000270000000,1000275502217,5.502217,-55.2,128
271,1000271000000,1000276225008,5.225009,-63.5,128
272,1000272000000,1000277390477,5.390477,200.65,128
273,1000273000000,1000278523562,5.523563,-170.04,128
274,1000274000000,1000279566102,5.566102,-121.8,128
275,1000275000000,1000280821071,5.821072,-50.92,128
276,1000276000000,1000280010015,4.010016,-125.32,128
277,1000277000000,1000282730793,5.730793,-171.8,128
278,1000278000000,1000282004777,4.004778,-48.59,128
279,1000279000000,1000284320148,5.320149,-14.03,128
280,1000280000000,1000285735964,5.735964,40.23,128
281,1000281000000,1000285943829,4.943829,189.51,128
282,1000282000000,1000286361255,4.361255,-98.36,128
283,1000283000000,1000288483458,5.483459,-66.22,128
284,1000284000000,1000289415657,5.415658,42.38,128
285,1000285000000,1000290971048,5.971049,-17.3,128
286,1000286000000,1000290791358,4.791358,-46.25,128
287,1000287000000,1000292277343,5.277344,-17.1,128
288,1000288000000,1000292653267,4.653268,-41.01,128
289,1000289000000,1000293813222,4.813222,-92.32,128
290,1000290000000,1000294070659,4.070659,34.5,128
291,1000291000000,1000295950041,4.950042,-55.9,128
292,1000292000000,1000297583337,5.583337,-101.35,128
293,1000293000000,1000297590143,4.590143,62.88,128
294,1000294000000,1000298950246,4.950246,50.04,128
295,1000295000000,1000299982039,4.982039,4.43,128
296,1000296000000,1000300287693,4.287694,3.04,128
297,1000297000000,1000302306264,5.306265,-47.2,128
298,1000298000000,1000303149906,5.149907,-114.49,128
299,1000299000000,1000304789180,5.78918,-101.76,128
300,1000300000000,1000304798670,4.79867,-118.63,128
301,1000301000000,1000305795180,4.795181,-43.45,128
302,1000302000000,1000306853263,4.853264,56.72,128
303,1000303000000,1000308347686,5.347686,71.65,128
304,1000304000000,1000308178771,4.178771,-128.12,128
305,1000305000000,1000309785381,4.785382,17.51,128
306,1000306000000,1000310514035,4.514035,-191.92,128
307,1000307000000,1000312054657,5.054657,-41.3,128
308,1000308000000,1000313814959,5.814959,-185.35,128
309,1000309000000,1000313470016,4.470016,55.58,128
310,1000310000000,1000314161951,4.161951,80.73,128
311,1000311000000,1000316044429,5.04443,7.27,128
312,1000312000000,1000316487548,4.487548,-28.62,128
313,1000313000000,1000317521329,4.52133,-90.03,128
314,1000314000000,1000319252919,5.252919,-231.54,128
315,1000315000000,1000319112899,4.1129,-6.55,128
316,1000316000000,1000321259335,5.259335,-116.15,128
317,1000317000000,1000322539881,5.539882,79.16,128
318,1000318000000,1000323883102,5.883102,75.63,128
319,1000319000000,1000324478473,5.478474,45.21,128
320,1000320000000,1000324150558,4.150558,107.91,128
321,1000321000000,1000326110421,5.110422,-48.27,128
322,1000322000000,1000326887122,4.887123,126.22,128
323,1000323000000,1000328137289,5.13729,79.45,128
324,1000324000000,1000328492473,4.492473,32.82,128
325,1000325000000,1000329716926,4.716927,-49.23,128
326,1000326000000,1000331047656,5.047657,39.28,128
327,1000327000000,1000332651813,5.651814,-157.09,128
328,1000328000000,1000332607207,4.607208,-140.48,128
329,1000329000000,1000334422509,5.42251,8.64,128
330,1000330000000,1000334706282,4.706282,-116.69,128
331,1000331000000,1000335735362,4.735362,-49.91,128
332,1000332000000,1000336656274,4.656274,89.75,128
333,1000333000000,1000337906468,4.906468,56.1,128
334,1000334000000,1000339125208,5.125209,109.08,128
335,1000335000000,1000340312990,5.312991,209.86,128
336,1000336000000,1000342257458,6.257459,-39.55,128
337,1000337000000,1000341544314,4.544314,-29.78,128
338,1000338000000,1000342977980,4.97798,123.04,128
339,1000339000000,1000344183421,5.183421,29.17,128
340,1000340000000,1000344705708,4.705708,136.94,128
341,1000341000000,1000347271042,6.271042,-151.9,128
342,1000342000000,1000347144200,5.144201,-83.35,128
343,1000343000000,1000348522398,5.522398,-97.06,128
344,1000344000000,1000349885258,5.885259,170.76,128
345,1000345000000,1000349407288,4.407289,115.3,128
346,1000346000000,1000351475371,5.475371,-115.98,128
347,1000347000000,1000352306367,5.306367,-158.76,128
348,1000348000000,1000353231774,5.231775,3.68,128
349,1000349000000,1000354434468,5.434468,-27.56,128
350,1000350000000,1000354828678,4.828679,-226.36,128
351,1000351000000,1000355808677,4.808678,141.83,128
352,1000352000000,1000356651965,4.651965,-64.74,128
353,1000353000000,1000357358752,4.358753,-31.0,128
354,1000354000000,1000359044437,5.044438,59.88,128
355,1000355000000,1000360166350,5.166351,27.71,128
356,1000356000000,1000361542564,5.542564,45.64,128
357,1000357000000,1000362613322,5.613322,220.77,128
358,1000358000000,1000362867938,4.867939,-160.42,128
359,1000359000000,1000363588355,4.588356,5.26,128
360,1000360000000,1000363876532,3.876532,-22.4,128
361,1000361000000,1000365735316,4.735316,133.46,128
362,1000362000000,1000367200254,5.200255,79.24,128
363,1000363000000,1000367976030,4.97603,-140.2,128
364,1000364000000,1000368978471,4.978472,38.72,128
365,1000365000000,1000369200147,4.200148,23.72,128
366,1000366000000,1000370757454,4.757455,-115.76,128
367,1000367000000,1000371629962,4.629962,185.0,128
368,1000368000000,1000372953912,4.953913,176.71,128
369,1000369000000,1000374845528,5.845529,-12.91,128
370,1000370000000,1000374751597,4.751597,-52.77,128
371,1000371000000,1000375970143,4.970143,-119.17,128
372,1000372000000,1000377655809,5.655809,124.26,128
373,1000373000000,1000377364366,4.364367,93.82,128
374,1000374000000,1000378824198,4.824199,112.74,128
375,1000375000000,1000381124646,6.124647,64.49,128
376,1000376000000,1000380357504,4.357504,-142.48,128
377,1000377000000,1000382841449,5.841449,37.88,128
378,1000378000000,1000383221493,5.221493,60.94,128
379,1000379000000,1000384025253,5.025253,-24.26,128
380,1000380000000,1000385280363,5.280364,56.51,128
381,1000381000000,1000386834571,5.834571,-64.39,128
382,1000382000000,1000387758217,5.758217,-113.93,128
383,1000383000000,1000388051063,5.051064,-108.69,128
384,1000384000000,1000389876318,5.876318,-157.85,128
385,1000385000000,1000389410926,4.410927,39.65,128
386,1000386000000,1000391068712,5.068712,-41.58,128
387,1000387000000,1000391530888,4.530889,-27.12,128
388,1000388000000,1000393153700,5.153701,-96.83,128
389,1000389000000,1000394852382,5.852383,83.43,128
390,1000390000000,1000396449894,6.449894,-42.73,128
391,1000391000000,1000395781004,4.781004,-93.54,128
392,1000392000000,1000396129256,4.129256,27.49,128
393,1000393000000,1000398383495,5.383496,164.8,128
394,1000394000000,1000398847181,4.847181,46.97,128
395,1000395000000,1000399841584,4.841584,45.36,128
396,1000396000000,1000400821792,4.821792,-67.11,128
397,1000397000000,1000402337805,5.337806,6.79,128
398,1000398000000,1000402577174,4.577175,93.74,128
399,1000399000000,1000403668092,4.668092,11.85,128
400,1000400000000,1000404628151,4.628151,-54.7,128
401,1000401000000,1000406256862,5.256862,-144.9,128
402,1000402000000,1000406630708,4.630709,71.0,128
403,1000403000000,1000408223658,5.223658,-19.88,128
404,1000404000000,1000408871511,4.871512,-34.98,128
405,1000405000000,1000409930831,4.930832,81.39,128
406,1000406000000,1000411040341,5.040342,-115.82,128
407,1000407000000,1000412649156,5.649157,67.36,128
408,1000408000000,1000413159920,5.15992,65.13,128
409,1000409000000,1000413972549,4.972549,-158.22,128
410,1000410000000,1000415256083,5.256084,-15.73,128
411,1000411000000,1000415587228,4.587228,35.28,128
412,1000412000000,1000415836498,3.836498,-110.84,128
413,1000413000000,1000417040324,4.040324,123.46,128
414,1000414000000,1000419630977,5.630977,6.43,128
415,1000415000000,1000419484056,4.484057,-161.15,128
416,1000416000000,1000420412124,4.412124,25.95,128
417,1000417000000,1000422116362,5.116363,-113.2,128
418,1000418000000,1000422809392,4.809392,-99.03,128
419,1000419000000,1000423971298,4.971298,-3.27,128
420,1000420000000,1000425021552,5.021553,73.83,128
421,1000421000000,1000426075566,5.075567,-128.81,128
422,1000422000000,1000427110114,5.110114,26.08,128
423,1000423000000,1000427456815,4.456815,-140.71,128
424,1000424000000,1000428993659,4.99366,168.65,128
425,1000425000000,1000430702493,5.702493,4.77,128
426,1000426000000,1000430420977,4.420978,-49.12,128
427,1000427000000,1000433576803,6.576803,-53.82,128
428,1000428000000,1000433918934,5.918934,-27.77,128
429,1000429000000,1000434385271,5.385271,69.23,128
430,1000430000000,1000434842583,4.842583,-59.57,128
431,1000431000000,1000435347001,4.347001,114.13,128
432,1000432000000,1000437243371,5.243371,90.84,128
433,1000433000000,1000437278452,4.278453,-37.87,128
434,1000434000000,1000439094716,5.094717,-20.53,128
435,1000435000000,1000441195493,6.195493,-24.59,128
436,1000436000000,1000440831058,4.831059,-113.3,128
437,1000437000000,1000441920624,4.920625,-122.56,128
438,1000438000000,1000443584927,5.584927,61.4,128
439,1000439000000,1000443786859,4.78686,-107.61,128
440,1000440000000,1000445859960,5.859961,-125.98,128
441,1000441000000,1000445502921,4.502921,33.18,128
442,1000442000000,1000446278221,4.278222,-123.63,128
443,1000443000000,1000448726779,5.72678,-63.79,128
444,1000444000000,1000449002219,5.00222,125.41,128
445,1000445000000,1000449535012,4.535012,90.58,128
446,1000446000000,1000450928689,4.92869,98.35,128
447,1000447000000,1000451572815,4.572816,-88.74,128
448,1000448000000,1000453709652,5.709653,190.6,128
449,1000449000000,1000454196808,5.196808,-27.4,128
450,1000450000000,1000455097852,5.097852,137.42,128
451,1000451000000,1000456719815,5.719815,-57.33,128
452,1000452000000,1000457678623,5.678624,66.56,128
453,1000453000000,1000457886568,4.886569,134.57,128
454,1000454000000,1000458736155,4.736156,58.35,128
455,1000455000000,1000459918883,4.918884,-95.44,128
456,1000456000000,1000460696214,4.696214,9.95,128
457,1000457000000,1000460636608,3.636609,8.13,128
458,1000458000000,1000463393610,5.39361,113.53,128
459,1000459000000,1000464198118,5.198119,-46.88,128
460,1000460000000,1000466520225,6.520225,72.99,128
461,1000461000000,1000465884216,4.884216,-299.59,128
462,1000462000000,1000467071665,5.071665,134.2,128
463,1000463000000,1000467878780,4.87878,-4.46,128
464,1000464000000,1000469881388,5.881388,-134.2,128
465,1000465000000,1000469880256,4.880256,-102.25,128
466,1000466000000,1000470052065,4.052066,-21.69,128
467,1000467000000,1000471892097,4.892098,-95.71,128
468,1000468000000,1000472835393,4.835394,70.18,128
469,1000469000000,1000473946036,4.946036,-64.02,128
470,1000470000000,1000474814921,4.814922,167.31,128
471,1000471000000,1000475529832,4.529832,127.41,128
472,1000472000000,1000477242645,5.242645,-53.96,128
473,1000473000000,1000478370183,5.370183,-36.24,128
474,1000474000000,1000478410483,4.410484,95.78,128
475,1000475000000,1000481441425,6.441425,160.87,128
476,1000476000000,1000482030022,6.030023,99.38,128
477,1000477000000,1000482181566,5.181567,-125.13,128
478,1000478000000,1000483462756,5.462757,150.34,128
479,1000479000000,1000485128283,6.128284,42.79,128
480,1000480000000,1000484579233,4.579234,103.29,128
481,1000481000000,1000485902665,4.902665,-196.22,128
482,1000482000000,1000487074366,5.074367,-66.79,128
483,1000483000000,1000489317293,6.317294,-11.35,128
484,1000484000000,1000488490651,4.490651,-39.52,128
485,1000485000000,1000489925620,4.92562,37.56,128
486,1000486000000,1000491673387,5.673388,-151.73,128
487,1000487000000,1000492086339,5.08634,-57.14,128
488,1000488000000,1000493519502,5.519502,98.27,128
489,1000489000000,1000494158854,5.158854,50.99,128
490,1000490000000,1000494885259,4.88526,41.1,128
491,1000491000000,1000496190870,5.19087,-29.62,128
492,1000492000000,1000497207971,5.207972,-42.46,128
493,1000493000000,1000497270726,4.270726,-31.78,128
494,1000494000000,1000499288909,5.288909,85.5,128
495,1000495000000,1000500408365,5.408366,2.08,128
496,1000496000000,1000500767874,4.767875,-49.15,128
497,1000497000000,1000502007182,5.007183,-28.05,128
498,1000498000000,1000503177122,5.177123,-3.62,128
499,1000499000000,1000504296336,5.296336,23.48,128
500,1000500000000,1000504941787,4.941787,94.41,128
501,1000501000000,1000505794287,4.794287,39.77,128
502,1000502000000,1000507359325,5.359325,20.11,128
503,1000503000000,1000508090942,5.090943,89.16,128
504,1000504000000,1000508990233,4.990233,-48.68,128
505,1000505000000,1000509803112,4.803113,-100.49,128
506,1000506000000,1000511625504,5.625504,240.15,128
507,1000507000000,1000512507384,5.507385,37.8,128
508,1000508000000,1000513207975,5.207975,104.93,128
509,1000509000000,1000513713134,4.713134,-125.14,128
510,1000510000000,1000514881446,4.881446,-106.92,128
511,1000511000000,1000515006261,4.006262,-100.67,128
512,1000512000000,1000516709165,4.709166,-68.29,128
513,1000513000000,1000518088072,5.088072,-2.43,128
514,1000514000000,1000518132833,4.132833,87.92,128
515,1000515000000,1000519404539,4.404539,55.4,128
516,1000516000000,1000521241454,5.241454,65.74,128
517,1000517000000,1000522465840,5.465841,-28.7,128
518,1000518000000,1000522912282,4.912282,140.38,128
519,1000519000000,1000523796303,4.796304,-44.34,128
520,1000520000000,1000525226675,5.226675,-216.3,128
521,1000521000000,1000526653630,5.653631,83.74,128
522,1000522000000,1000526884812,4.884812,-71.72,128
523,1000523000000,1000527411296,4.411296,63.87,128
524,1000524000000,1000528056636,4.056637,127.42,128
525,1000525000000,1000529488910,4.48891,28.35,128
526,1000526000000,1000530515769,4.515769,-179.24,128
527,1000527000000,1000531847308,4.847308,26.81,128
528,1000528000000,1000533523081,5.523081,-86.82,128
529,1000529000000,1000533832178,4.832179,-296.51,128
530,1000530000000,1000535283198,5.283198,110.66,128
531,1000531000000,1000535959106,4.959106,-208.82,128
532,1000532000000,1000538005554,6.005555,34.43,128
533,1000533000000,1000538054327,5.054328,5.98,128
534,1000534000000,1000539678663,5.678664,-307.54,128
535,1000535000000,1000539204030,4.204031,-89.5,128
536,1000536000000,1000540917744,4.917744,-101.73,128
537,1000537000000,1000541692700,4.692701,-14.34,128
538,1000538000000,1000543109216,5.109217,-129.6,128
539,1000539000000,1000544392871,5.392871,-6.78,128
540,1000540000000,1000544610814,4.610815,17.21,128
541,1000541000000,1000546202491,5.202491,-77.7,128
542,1000542000000,1000547012304,5.012304,107.84,128
543,1000543000000,1000548192176,5.192176,30.97,128
544,1000544000000,1000548335041,4.335041,17.61,128
545,1000545000000,1000549596811,4.596811,99.63,128
546,1000546000000,1000551112654,5.112654,106.48,128
547,1000547000000,1000552175764,5.175765,116.6,128
548,1000548000000,1000553663165,5.663165,-24.9,128
549,1000549000000,1000554933671,5.933672,-14.51,128
550,1000550000000,1000555896104,5.896104,64.7,128
551,1000551000000,1000555658275,4.658276,-127.07,128
552,1000552000000,1000556316261,4.316262,30.66,128
553,1000553000000,1000558651589,5.65159,-30.12,128
554,1000554000000,1000558619438,4.619438,-72.54,128
555,1000555000000,1000560044687,5.044688,52.05,128
556,1000556000000,1000560846306,4.846307,-60.12,128
557,1000557000000,1000562828949,5.828949,-217.26,128
558,1000558000000,1000562526839,4.52684,9.5,128
559,1000559000000,1000564524576,5.524577,95.95,128
560,1000560000000,1000564110892,4.110893,42.63,128
561,1000561000000,1000566438804,5.438804,81.1,128
562,1000562000000,1000568362442,6.362442,47.48,128
563,1000563000000,1000567630680,4.630681,-129.29,128
564,1000564000000,1000570341971,6.341971,-9.18,128
565,1000565000000,1000570406587,5.406588,0.79,128
566,1000566000000,1000571188979,5.188979,-80.7,128
567,1000567000000,1000570791870,3.791871,10.97,128
568,1000568000000,1000572294501,4.294501,112.0,128
569,1000569000000,1000573540311,4.540312,43.45,128
570,1000570000000,1000575738136,5.738136,49.64,128
571,1000571000000,1000577052929,6.052929,-74.56,128
572,1000572000000,1000577225137,5.225137,48.92,128
573,1000573000000,1000578881591,5.881592,37.99,128
574,1000574000000,1000578943541,4.943542,32.74,128
575,1000575000000,1000580206030,5.206031,140.72,128
576,1000576000000,1000579910061,3.910062,-132.04,128
577,1000577000000,1000581861599,4.8616,-64.15,128
578,1000578000000,1000582166117,4.166117,-14.61,128
579,1000579000000,1000583557058,4.557059,-40.36,128
580,1000580000000,1000584685124,4.685125,148.08,128
581,1000581000000,1000586037874,5.037874,90.06,128
582,1000582000000,1000586447572,4.447572,28.66,128
583,1000583000000,1000587467983,4.467983,-52.11,128
584,1000584000000,1000589924052,5.924052,-201.37,128
585,1000585000000,1000590194367,5.194367,40.94,128
586,1000586000000,1000591132896,5.132897,115.74,128
587,1000587000000,1000591731552,4.731552,171.99,128
588,1000588000000,1000593252944,5.252945,-9.84,128
589,1000589000000,1000593842242,4.842243,31.69,128
590,1000590000000,1000593869413,3.869414,60.63,128
591,1000591000000,1000596216169,5.21617,106.23,128
592,1000592000000,1000596646306,4.646306,-26.39,128
593,1000593000000,1000597406257,4.406258,-78.83,128
594,1000594000000,1000599304165,5.304166,-156.45,128
595,1000595000000,1000599665640,4.66564,-21.33,128
596,1000596000000,1000600971871,4.971872,28.77,128
597,1000597000000,1000602240368,5.240368,8.58,128
598,1000598000000,1000603214204,5.214204,-174.12,128
599,1000599000000,1000603655827,4.655827,-92.12,128
600,1000600000000,1000606464394,6.464395,-7.06,128
601,1000601000000,1000605529207,4.529208,-16.9,128
602,1000602000000,1000607268668,5.268668,23.01,128
603,1000603000000,1000607811726,4.811726,-8.3,128
604,1000604000000,1000608622293,4.622294,9.04,128
605,1000605000000,1000610566616,5.566617,-12.07,128
606,1000606000000,1000611692344,5.692345,151.32,128
607,1000607000000,1000611988414,4.988415,-3.16,128
608,1000608000000,1000612542181,4.542181,96.82,128
609,1000609000000,1000613961910,4.96191,-72.76,128
610,1000610000000,1000615478565,5.478565,27.12,128
611,1000611000000,1000615740632,4.740632,18.42,128
612,1000612000000,1000616376755,4.376756,7.2,128
613,1000613000000,1000618417584,5.417584,78.96,128
614,1000614000000,1000619393461,5.393462,-29.21,128
615,1000615000000,1000620092768,5.092769,1.95,128
616,1000616000000,1000620329708,4.329709,-82.84,128
617,1000617000000,1000621979325,4.979326,70.52,128
618,1000618000000,1000623276209,5.27621,98.73,128
619,1000619000000,1000623640493,4.640494,64.31,128
620,1000620000000,1000624040388,4.040389,-80.29,128
621,1000621000000,1000625898015,4.898015,22.05,128
622,1000622000000,1000626805278,4.805278,-56.72,128
623,1000623000000,1000628176913,5.176913,171.18,128
624,1000624000000,1000629035876,5.035877,103.65,128
625,1000625000000,1000630173974,5.173974,-238.31,128
626,1000626000000,1000630670259,4.67026,56.35,128
627,1000627000000,1000632300779,5.300779,161.01,128
628,1000628000000,1000632933656,4.933656,198.73,128
629,1000629000000,1000635497306,6.497307,103.0,128
630,1000630000000,1000635605651,5.605651,113.69,128
631,1000631000000,1000635307784,4.307784,-111.17,128
632,1000632000000,1000636558773,4.558774,-11.15,128
633,1000633000000,1000638451639,5.451639,-242.57,128
634,1000634000000,1000639354120,5.354121,18.19,128
635,1000635000000,1000639756453,4.756453,55.47,128
636,1000636000000,1000641668707,5.668707,68.42,128
637,1000637000000,1000641800642,4.800642,-23.99,128
638,1000638000000,1000643158387,5.158388,83.04,128
639,1000639000000,1000643689098,4.689099,42.27,128
640,1000640000000,1000644589199,4.5892,11.46,128
641,1000641000000,1000646268543,5.268544,86.73,128
642,1000642000000,1000647279050,5.27905,21.9,128
643,1000643000000,1000647954273,4.954274,-92.8,128
644,1000644000000,1000649369621,5.369622,56.32,128
645,1000645000000,1000650088795,5.088796,-58.27,128
646,1000646000000,1000650607566,4.607567,-40.82,128
647,1000647000000,1000651793195,4.793196,-188.17,128
648,1000648000000,1000653028943,5.028944,21.94,128
649,1000649000000,1000653604688,4.604688,72.54,128
650,1000650000000,1000655605830,5.60583,155.14,128
651,1000651000000,1000656197861,5.197862,-84.95,128
652,1000652000000,1000656220489,4.22049,-71.84,128
653,1000653000000,1000657143692,4.143692,43.89,128
654,1000654000000,1000659076749,5.07675,56.34,128
655,1000655000000,1000660198099,5.198099,-115.29,128
656,1000656000000,1000661047635,5.047635,-29.99,128
657,1000657000000,1000662323221,5.323221,-52.34,128
658,1000658000000,1000662940944,4.940944,220.19,128
659,1000659000000,1000663419154,4.419155,119.35,128
660,1000660000000,1000665378868,5.378868,-143.28,128
661,1000661000000,1000665558936,4.558936,26.62,128
662,1000662000000,1000666855460,4.85546,118.16,128
663,1000663000000,1000667805469,4.80547,88.96,128
664,1000664000000,1000669118777,5.118778,65.98,128
665,1000665000000,1000669810874,4.810874,-42.62,128
666,1000666000000,1000671535896,5.535896,-94.95,128
667,1000667000000,1000672872989,5.87299,-110.09,128
668,1000668000000,1000672841698,4.841698,-56.94,128
669,1000669000000,1000674190932,5.190932,-11.5,128
670,1000670000000,1000675058131,5.058132,-124.63,128
671,1000671000000,1000675710286,4.710287,-54.9,128
672,1000672000000,1000677512843,5.512844,100.07,128
673,1000673000000,1000678028236,5.028236,-97.42,128
674,1000674000000,1000678278419,4.278419,33.17,128
675,1000675000000,1000679603995,4.603995,-65.93,128
676,1000676000000,1000681316932,5.316932,-134.91,128
677,1000677000000,1000681455731,4.455732,46.77,128
678,1000678000000,1000683549579,5.54958,1.67,128
679,1000679000000,1000683813225,4.813226,59.48,128
680,1000680000000,1000685005185,5.005186,27.38,128
681,1000681000000,1000685638318,4.638319,3.2,128
682,1000682000000,1000686578274,4.578274,-148.57,128
683,1000683000000,1000688239819,5.23982,80.36,128
684,1000684000000,1000688923386,4.923387,-209.44,128
685,1000685000000,1000691064027,6.064027,-96.35,128
686,1000686000000,1000690749705,4.749705,28.35,128
687,1000687000000,1000691805826,4.805827,1.01,128
688,1000688000000,1000692645008,4.645008,172.05,128
689,1000689000000,1000693915025,4.915025,-31.38,128
690,1000690000000,1000694519546,4.519547,-126.8,128
691,1000691000000,1000695879884,4.879885,78.52,128
692,1000692000000,1000696325559,4.325559,91.25,128
693,1000693000000,1000698040334,5.040335,37.39,128
694,1000694000000,1000698872527,4.872527,-18.26,128
695,1000695000000,1000699574576,4.574576,-88.23,128
696,1000696000000,1000700486932,4.486933,63.76,128
697,1000697000000,1000702333088,5.333088,117.37,128
698,1000698000000,1000703340392,5.340393,155.46,128
699,1000699000000,1000703272006,4.272007,125.02,128
700,1000700000000,1000704326107,4.326107,82.07,128
701,1000701000000,1000706689036,5.689036,-64.17,128
702,1000702000000,1000706630109,4.63011,83.28,128
703,1000703000000,1000707259340,4.25934,45.22,128
704,1000704000000,1000709030109,5.03011,-23.47,128
705,1000705000000,1000710730339,5.730339,149.28,128
706,1000706000000,1000710610117,4.610118,45.9,128
707,1000707000000,1000712609444,5.609445,16.58,128
708,1000708000000,1000712555262,4.555263,122.47,128
709,1000709000000,1000713823709,4.823709,-138.05,128
710,1000710000000,1000715034038,5.034038,113.37,128
711,1000711000000,1000716460783,5.460784,56.15,128
712,1000712000000,1000716529170,4.52917,155.31,128
713,1000713000000,1000718627290,5.627291,169.87,128
714,1000714000000,1000718815342,4.815343,-99.56,128
715,1000715000000,1000719202959,4.202959,-76.85,128
716,1000716000000,1000720445248,4.445248,-107.71,128
717,1000717000000,1000721098970,4.098971,39.07,128
718,1000718000000,1000722476967,4.476968,-18.08,128
719,1000719000000,1000724412277,5.412278,-5.83,128
720,1000720000000,1000725437085,5.437086,2.67,128
721,1000721000000,1000726628012,5.628012,169.35,128
722,1000722000000,1000728240895,6.240895,-44.32,128
723,1000723000000,1000727887497,4.887497,38.29,128
724,1000724000000,1000729577407,5.577408,100.48,128
725,1000725000000,1000729590575,4.590576,-108.97,128
726,1000726000000,1000730380073,4.380074,-82.53,128
727,1000727000000,1000731572060,4.572061,17.12,128
728,1000728000000,1000732403123,4.403124,85.2,128
729,1000729000000,1000734089556,5.089557,-1.98,128
730,1000730000000,1000735468061,5.468061,116.71,128
731,1000731000000,1000735615034,4.615034,121.6,128
732,1000732000000,1000737413910,5.413911,59.74,128
733,1000733000000,1000738606932,5.606932,30.53,128
734,1000734000000,1000739044684,5.044684,124.95,128
735,1000735000000,1000739846017,4.846018,91.0,128
736,1000736000000,1000740979070,4.979071,64.08,128
737,1000737000000,1000742119503,5.119503,-21.09,128
738,1000738000000,1000743039539,5.039539,66.68,128
739,1000739000000,1000743677416,4.677417,80.75,128
740,1000740000000,1000745050545,5.050545,-72.94,128
741,1000741000000,1000746587691,5.587691,-119.29,128
742,1000742000000,1000748071973,6.071974,91.48,128
743,1000743000000,1000748400193,5.400194,-71.66,128
744,1000744000000,1000748642640,4.64264,25.67,128
745,1000745000000,1000750562292,5.562292,34.85,128
746,1000746000000,1000752057345,6.057345,-27.26,128
747,1000747000000,1000753159308,6.159308,-88.68,128
748,1000748000000,1000753646660,5.64666,-26.05,128
749,1000749000000,1000753555888,4.555889,-72.56,128
750,1000750000000,1000755993165,5.993166,-49.28,128
751,1000751000000,1000755285319,4.28532,-79.82,128
752,1000752000000,1000756630301,4.630302,-22.69,128
753,1000753000000,1000758069595,5.069595,-56.17,128
754,1000754000000,1000759837011,5.837011,-82.0,128
755,1000755000000,1000759840040,4.84004,-298.8,128
756,1000756000000,1000761041082,5.041083,-20.52,128
757,1000757000000,1000761958254,4.958254,-209.89,128
758,1000758000000,1000764198170,6.198171,-48.74,128
759,1000759000000,1000763512297,4.512298,47.4,128
760,1000760000000,1000764937388,4.937389,116.49,128
761,1000761000000,1000765955386,4.955387,120.63,128
762,1000762000000,1000767053389,5.053389,113.18,128
763,1000763000000,1000767702671,4.702671,-21.85,128
764,1000764000000,1000768814035,4.814036,-5.45,128
765,1000765000000,1000770755045,5.755045,118.26,128
766,1000766000000,1000770168907,4.168908,48.41,128
767,1000767000000,1000771426303,4.426304,59.44,128
768,1000768000000,1000773701623,5.701623,-106.51,128
769,1000769000000,1000773586581,4.586581,-98.58,128
770,1000770000000,1000775621644,5.621644,90.92,128
771,1000771000000,1000776687464,5.687465,16.01,128
772,1000772000000,1000777148070,5.148071,48.95,128
773,1000773000000,1000777889892,4.889892,8.67,128
774,1000774000000,1000778842492,4.842493,-42.1,128
775,1000775000000,1000780993826,5.993826,171.27,128
776,1000776000000,1000781210878,5.210878,14.07,128
777,1000777000000,1000781469386,4.469387,-88.2,128
778,1000778000000,1000783021566,5.021566,-7.03,128
779,1000779000000,1000784248543,5.248543,-20.17,128
780,1000780000000,1000784565578,4.565578,72.1,128
781,1000781000000,1000786208352,5.208353,9.24,128
782,1000782000000,1000787535904,5.535904,-79.74,128
783,1000783000000,1000788128725,5.128726,-50.6,128
784,1000784000000,1000788784853,4.784854,33.54,128
785,1000785000000,1000790713278,5.713279,55.53,128
786,1000786000000,1000791080426,5.080426,192.97,128
787,1000787000000,1000792477860,5.47786,-151.59,128
788,1000788000000,1000792671262,4.671263,-10.8,128
789,1000789000000,1000794397633,5.397634,22.36,128
790,1000790000000,1000794872761,4.872762,83.67,128
791,1000791000000,1000796136413,5.136414,-172.95,128
792,1000792000000,1000797256905,5.256905,-84.66,128
793,1000793000000,1000797896474,4.896475,-133.81,128
794,1000794000000,1000799024392,5.024393,109.11,128
795,1000795000000,1000800005139,5.005139,-57.36,128
796,1000796000000,1000800848455,4.848455,32.87,128
797,1000797000000,1000802448862,5.448863,-70.75,128
798,1000798000000,1000802697562,4.697563,33.0,128
799,1000799000000,1000803576282,4.576282,-89.53,128
800,1000800000000,1000805139945,5.139946,-60.27,128
801,1000801000000,1000805555790,4.55579,-59.2,128
802,1000802000000,1000805953684,3.953684,-49.38,128
803,1000803000000,1000808603754,5.603754,-92.66,128
804,1000804000000,1000809157845,5.157846,-49.85,128
805,1000805000000,1000810187667,5.187667,50.97,128
806,1000806000000,1000810724425,4.724426,86.46,128
807,1000807000000,1000811565751,4.565752,-6.4,128
808,1000808000000,1000812951770,4.951771,88.99,128
809,1000809000000,1000813316740,4.316741,-90.77,128
810,1000810000000,1000814435794,4.435795,-98.9,128
811,1000811000000,1000815702783,4.702784,-128.65,128
812,1000812000000,1000816694603,4.694604,-139.34,128
813,1000813000000,1000818598309,5.59831,-133.63,128
814,1000814000000,1000818645372,4.645372,-62.67,128
815,1000815000000,1000820047326,5.047327,-130.6,128
816,1000816000000,1000821031444,5.031444,161.13,128
817,1000817000000,1000821361929,4.361929,63.97,128
818,1000818000000,1000823285865,5.285866,247.79,128
819,1000819000000,1000824042337,5.042338,20.27,128
820,1000820000000,1000825207504,5.207505,71.11,128
821,1000821000000,1000825859458,4.859458,13.54,128
822,1000822000000,1000826830605,4.830605,53.33,128
823,1000823000000,1000827899317,4.899317,47.19,128
824,1000824000000,1000830349303,6.349304,86.92,128
825,1000825000000,1000829282692,4.282693,-25.82,128
826,1000826000000,1000830855033,4.855034,-44.45,128
827,1000827000000,1000832675235,5.675235,-80.97,128
828,1000828000000,1000832499343,4.499344,-28.08,128
829,1000829000000,1000833910204,4.910204,112.1,128
830,1000830000000,1000834970237,4.970238,-28.2,128
831,1000831000000,1000836032762,5.032762,-36.69,128
832,1000832000000,1000837984937,5.984937,3.13,128
833,1000833000000,1000838047557,5.047558,7.19,128
834,1000834000000,1000838748026,4.748026,-106.68,128
835,1000835000000,1000840660900,5.660901,170.39,128
836,1000836000000,1000841633767,5.633767,-167.75,128
837,1000837000000,1000841696854,4.696854,-35.67,128
838,1000838000000,1000842716809,4.71681,-231.05,128
839,1000839000000,1000843866316,4.866317,115.58,128
840,1000840000000,1000844959671,4.959671,47.76,128
841,1000841000000,1000846625024,5.625024,23.44,128
842,1000842000000,1000847153890,5.153891,-6.01,128
843,1000843000000,1000849094885,6.094885,54.77,128
844,1000844000000,1000849526922,5.526922,-66.81,128
845,1000845000000,1000850985035,5.985035,-89.1,128
846,1000846000000,1000850724916,4.724917,91.34,128
847,1000847000000,1000851137220,4.137221,-42.61,128
848,1000848000000,1000853060335,5.060336,-51.12,128
849,1000849000000,1000853841418,4.841418,41.62,128
850,1000850000000,1000854847207,4.847207,-182.66,128
851,1000851000000,1000857241002,6.241003,11.25,128
852,1000852000000,1000857198010,5.19801,-37.17,128
853,1000853000000,1000857579371,4.579372,-100.05,128
854,1000854000000,1000858182029,4.18203,61.54,128
855,1000855000000,1000859806841,4.806841,61.95,128
856,1000856000000,1000861014072,5.014072,77.97,128
857,1000857000000,1000861475598,4.475599,-80.68,128
858,1000858000000,1000862296573,4.296574,-7.34,128
859,1000859000000,1000865314674,6.314675,-4.83,128
860,1000860000000,1000864410170,4.41017,-5.42,128
861,1000861000000,1000866073571,5.073572,137.88,128
862,1000862000000,1000867602586,5.602587,46.9,128
863,1000863000000,1000868334482,5.334482,59.17,128
864,1000864000000,1000868434244,4.434244,13.82,128
865,1000865000000,1000869875680,4.87568,51.61,128
866,1000866000000,1000870826718,4.826719,171.89,128
867,1000867000000,1000871920370,4.92037,-85.04,128
868,1000868000000,1000872865672,4.865673,17.7,128
869,1000869000000,1000874524149,5.524149,110.77,128
870,1000870000000,1000875486438,5.486438,142.69,128
871,1000871000000,1000876318031,5.318031,-125.72,128
872,1000872000000,1000877435425,5.435426,49.88,128
873,1000873000000,1000877748012,4.748013,-19.19,128
874,1000874000000,1000878908581,4.908582,62.31,128
875,1000875000000,1000880367974,5.367974,15.86,128
876,1000876000000,1000881199565,5.199566,22.42,128
877,1000877000000,1000881875780,4.87578,-114.53,128
878,1000878000000,1000883359181,5.359182,83.72,128
879,1000879000000,1000884095003,5.095003,-60.05,128
880,1000880000000,1000884961895,4.961896,59.28,128
881,1000881000000,1000885476436,4.476437,-7.25,128
882,1000882000000,1000886811465,4.811465,179.15,128
883,1000883000000,1000888155437,5.155438,-118.92,128
884,1000884000000,1000889870801,5.870801,-54.09,128
885,1000885000000,1000889923589,4.92359,-33.33,128
886,1000886000000,1000890611792,4.611793,60.19,128
887,1000887000000,1000892220135,5.220136,-16.5,128
888,1000888000000,1000893062896,5.062897,-168.11,128
889,1000889000000,1000893583889,4.583889,-229.22,128
890,1000890000000,1000894120334,4.120335,41.87,128
891,1000891000000,1000896109436,5.109436,-114.6,128
892,1000892000000,1000897297928,5.297929,122.59,128
893,1000893000000,1000898426441,5.426441,-132.31,128
894,1000894000000,1000900249873,6.249873,110.07,128
895,1000895000000,1000900061157,5.061158,27.19,128
896,1000896000000,1000901463591,5.463591,68.52,128
897,1000897000000,1000901670103,4.670104,45.81,128
898,1000898000000,1000903297594,5.297594,138.55,128
899,1000899000000,1000903160229,4.16023,-71.86,128
900,1000900000000,1000904736934,4.736935,98.94,128
901,1000901000000,1000906386360,5.38636,4.66,128
902,1000902000000,1000908012469,6.01247,-162.58,128
903,1000903000000,1000907267298,4.267299,-188.95,128
904,1000904000000,1000908916913,4.916913,-41.34,128
905,1000905000000,1000909853704,4.853705,72.83,128
906,1000906000000,1000909714276,3.714277,-74.86,128
907,1000907000000,1000912662056,5.662057,96.46,128
908,1000908000000,1000913186988,5.186988,-140.8,128
909,1000909000000,1000914694759,5.694759,32.39,128
910,1000910000000,1000914631501,4.631502,-87.65,128
911,1000911000000,1000915139029,4.139029,-22.16,128
912,1000912000000,1000916702638,4.702638,55.92,128
913,1000913000000,1000917601698,4.601698,-98.99,128
914,1000914000000,1000918632573,4.632574,52.54,128
915,1000915000000,1000920621761,5.621761,16.24,128
916,1000916000000,1000920677740,4.67774,-102.24,128
917,1000917000000,1000920907908,3.907909,-23.94,128
918,1000918000000,1000922880628,4.880629,-105.53,128
919,1000919000000,1000923648110,4.648111,97.08,128
920,1000920000000,1000924560642,4.560643,172.9,128
921,1000921000000,1000926356920,5.35692,145.44,128
922,1000922000000,1000926117113,4.117113,-18.8,128
923,1000923000000,1000927387699,4.387699,66.36,128
924,1000924000000,1000928639370,4.639371,-62.1,128
925,1000925000000,1000929432917,4.432918,101.66,128
926,1000926000000,1000931435929,5.435929,56.03,128
927,1000927000000,1000931783089,4.783089,-3.02,128
928,1000928000000,1000932611164,4.611165,37.71,128
929,1000929000000,1000933985753,4.985754,3.24,128
930,1000930000000,1000934885799,4.8858,-82.45,128
931,1000931000000,1000936271794,5.271794,76.34,128
932,1000932000000,1000936756814,4.756815,121.94,128
933,1000933000000,1000938230104,5.230104,54.49,128
934,1000934000000,1000938824376,4.824377,-10.81,128
935,1000935000000,1000939770062,4.770062,163.93,128
936,1000936000000,1000940239334,4.239334,126.67,128
937,1000937000000,1000941745051,4.745052,221.8,128
938,1000938000000,1000944602161,6.602162,231.48,128
939,1000939000000,1000943732308,4.732309,-117.57,128
940,1000940000000,1000945225996,5.225997,-1.58,128
941,1000941000000,1000946136238,5.136239,226.65,128
942,1000942000000,1000946690336,4.690336,44.07,128
943,1000943000000,1000948256948,5.256949,90.99,128
944,1000944000000,1000948837350,4.837351,107.43,128
945,1000945000000,1000950452461,5.452461,58.26,128
946,1000946000000,1000950543921,4.543921,-21.4,128
947,1000947000000,1000952320994,5.320994,82.62,128
948,1000948000000,1000953606491,5.606491,244.93,128
949,1000949000000,1000953573973,4.573973,25.97,128
950,1000950000000,1000954795145,4.795146,41.21,128
951,1000951000000,1000955993533,4.993534,138.31,128
952,1000952000000,1000957258809,5.25881,-70.97,128
953,1000953000000,1000958218138,5.218138,-70.17,128
954,1000954000000,1000959351167,5.351168,-13.16,128
955,1000955000000,1000959687527,4.687528,-3.81,128
956,1000956000000,1000961701743,5.701744,130.14,128
957,1000957000000,1000962060905,5.060905,-76.49,128
958,1000958000000,1000963280330,5.28033,-25.28,128
959,1000959000000,1000963362782,4.362783,-85.01,128
960,1000960000000,1000965047462,5.047463,57.29,128
961,1000961000000,1000966016131,5.016131,60.11,128
962,1000962000000,1000967338090,5.33809,74.71,128
963,1000963000000,1000968493924,5.493925,-54.25,128
964,1000964000000,1000968818507,4.818507,57.45,128
965,1000965000000,1000969746730,4.74673,-2.01,128
966,1000966000000,1000971223110,5.22311,10.89,128
967,1000967000000,1000971498542,4.498543,156.08,128
968,1000968000000,1000972663716,4.663716,32.07,128
969,1000969000000,1000973935571,4.935571,-4.36,128
970,1000970000000,1000975538272,5.538272,77.64,128
971,1000971000000,1000975599471,4.599472,-121.32,128
972,1000972000000,1000976816144,4.816145,-33.21,128
973,1000973000000,1000978817332,5.817332,-74.98,128
974,1000974000000,1000978875698,4.875698,-25.62,128
975,1000975000000,1000980504462,5.504463,149.57,128
976,1000976000000,1000979788944,3.788944,-86.61,128
977,1000977000000,1000981373796,4.373796,132.68,128
978,1000978000000,1000982938514,4.938514,107.78,128
979,1000979000000,1000984535192,5.535193,141.84,128
980,1000980000000,1000985937842,5.937842,15.72,128
981,1000981000000,1000986502321,5.502322,149.21,128
982,1000982000000,1000987566083,5.566084,-75.7,128
983,1000983000000,1000987856225,4.856226,143.84,128
984,1000984000000,1000988424797,4.424797,-4.97,128
985,1000985000000,1000989333727,4.333727,24.19,128
986,1000986000000,1000991199643,5.199643,-32.08,128
987,1000987000000,1000992277810,5.27781,68.11,128
988,1000988000000,1000992599294,4.599294,48.0,128
989,1000989000000,1000993496330,4.496331,14.25,128
990,1000990000000,1000994954178,4.954178,212.93,128
991,1000991000000,1000995837395,4.837396,-188.25,128
992,1000992000000,1000998054153,6.054154,14.71,128
993,1000993000000,1000997962223,4.962223,78.04,128
994,1000994000000,1000998319672,4.319673,101.45,128
995,1000995000000,1001000887188,5.887188,-33.83,128
996,1000996000000,1001001195892,5.195893,-154.56,128
997,1000997000000,1001001169284,4.169285,-122.76,128
998,1000998000000,1001002559301,4.559301,-64.74,128
999,1000999000000,1001003607189,4.607189,-96.84,128
1000,1001000000000,1001005112141,5.112141,-17.93,128
1001,1001001000000,1001005267190,4.26719,40.56,128
1002,1001002000000,1001007463935,5.463936,-18.03,128
1003,1001003000000,1001008803796,5.803796,-115.69,128
1004,1001004000000,1001008559155,4.559155,75.69,128
1005,1001005000000,1001010235323,5.235323,-26.56,128
1006,1001006000000,1001012173826,6.173826,43.75,128
1007,1001007000000,1001011884433,4.884434,13.07,128
1008,1001008000000,1001013484371,5.484372,55.68,128
1009,1001009000000,1001014435247,5.435248,-65.96,128
1010,1001010000000,1001014033716,4.033716,9.34,128
1011,1001011000000,1001014879981,3.879982,-3.87,128
1012,1001012000000,1001017147268,5.147269,-79.08,128
1013,1001013000000,1001017377537,4.377537,125.91,128
1014,1001014000000,1001019334446,5.334447,-24.24,128
1015,1001015000000,1001020457528,5.457528,-193.95,128
1016,1001016000000,1001020907278,4.907279,-37.9,128
1017,1001017000000,1001021610131,4.610132,-72.0,128
1018,1001018000000,1001022039749,4.039749,45.81,128
1019,1001019000000,1001023499321,4.499321,-20.27,128
1020,1001020000000,1001025070210,5.07021,180.9,128
1021,1001021000000,1001025985565,4.985565,85.43,128
1022,1001022000000,1001027046732,5.046732,51.01,128
1023,1001023000000,1001028343735,5.343735,-44.71,128
1024,1001024000000,1001028165721,4.165721,143.36,128
1025,1001025000000,1001029929361,4.929362,114.58,128
1026,1001026000000,1001030898155,4.898155,75.91,128
1027,1001027000000,1001032542241,5.542241,218.91,128
1028,1001028000000,1001032967771,4.967772,-203.5,128
1029,1001029000000,1001033900217,4.900218,-25.24,128
1030,1001030000000,1001035094620,5.09462,130.09,128
1031,1001031000000,1001036092826,5.092827,-207.74,128
1032,1001032000000,1001036774616,4.774616,31.94,128
1033,1001033000000,1001038632382,5.632383,-15.79,128
1034,1001034000000,1001038912178,4.912179,-123.12,128
1035,1001035000000,1001038693841,3.693841,-6.13,128
1036,1001036000000,1001041295824,5.295825,0.79,128
1037,1001037000000,1001042385837,5.385837,-3.49,128
1038,1001038000000,1001042960278,4.960279,-34.55,128
1039,1001039000000,1001044302577,5.302577,-35.76,128
1040,1001040000000,1001045009503,5.009503,1.47,128
1041,1001041000000,1001045896481,4.896481,41.16,128
1042,1001042000000,1001046740643,4.740644,-60.7,128
1043,1001043000000,1001048744682,5.744682,245.52,128
1044,1001044000000,1001049328578,5.328578,8.14,128
1045,1001045000000,1001049358556,4.358556,-50.21,128
1046,1001046000000,1001050982953,4.982953,-55.96,128
1047,1001047000000,1001051700276,4.700277,-67.83,128
1048,1001048000000,1001052614382,4.614383,-198.75,128
1049,1001049000000,1001053975484,4.975485,-4.2,128
1050,1001050000000,1001054932739,4.932739,4.28,128
1051,1001051000000,1001056160177,5.160178,71.42,128
1052,1001052000000,1001056640385,4.640386,-46.39,128
1053,1001053000000,1001058107058,5.107059,-50.86,128
1054,1001054000000,1001058410015,4.410016,104.1,128
1055,1001055000000,1001060158031,5.158031,44.52,128
1056,1001056000000,1001060869178,4.869178,116.56,128
1057,1001057000000,1001062052498,5.052499,38.07,128
1058,1001058000000,1001062936541,4.936541,-21.09,128
1059,1001059000000,1001063294644,4.294645,-83.02,128
1060,1001060000000,1001064334389,4.334389,-100.51,128
1061,1001061000000,1001065791661,4.791661,-42.47,128
1062,1001062000000,1001067312980,5.312981,-85.36,128
1063,1001063000000,1001068323257,5.323257,-69.56,128
1064,1001064000000,1001068480829,4.480829,-5.16,128
1065,1001065000000,1001069479154,4.479154,156.62,128
1066,1001066000000,1001071649026,5.649026,-18.64,128
1067,1001067000000,1001071782518,4.782518,-80.88,128
1068,1001068000000,1001073044582,5.044582,-117.58,128
1069,1001069000000,1001074148977,5.148977,152.63,128
1070,1001070000000,1001074396362,4.396363,-71.51,128
1071,1001071000000,1001075966536,4.966536,68.88,128
1072,1001072000000,1001077497229,5.497229,-48.69,128
1073,1001073000000,1001077951811,4.951812,-109.64,128
1074,1001074000000,1001078910117,4.910117,15.4,128
1075,1001075000000,1001079577805,4.577806,155.02,128
1076,1001076000000,1001081309117,5.309117,-109.45,128
1077,1001077000000,1001082318389,5.318389,-88.96,128
1078,1001078000000,1001083729145,5.729146,83.21,128
1079,1001079000000,1001084318089,5.31809,-193.49,128
1080,1001080000000,1001084658757,4.658757,-0.49,128
1081,1001081000000,1001085734452,4.734452,-255.42,128
1082,1001082000000,1001086574344,4.574344,1.47,128
1083,1001083000000,1001087302040,4.302041,70.76,128
1084,1001084000000,1001089238856,5.238857,-30.72,128
1085,1001085000000,1001090337803,5.337803,-36.48,128
1086,1001086000000,1001091058800,5.0588,8.19,128
1087,1001087000000,1001092114749,5.11475,-139.01,128
1088,1001088000000,1001093466989,5.46699,164.89,128
1089,1001089000000,1001093992829,4.99283,61.55,128
1090,1001090000000,1001094975505,4.975505,29.25,128
1091,1001091000000,1001096239392,5.239393,-104.83,128
1092,1001092000000,1001097901443,5.901443,48.55,128
1093,1001093000000,1001097873585,4.873586,-57.03,128
1094,1001094000000,1001098559721,4.559721,-126.39,128
1095,1001095000000,1001100191099,5.1911,-132.93,128
1096,1001096000000,1001101118094,5.118094,-100.76,128
1097,1001097000000,1001101454605,4.454605,-52.43,128
1098,1001098000000,1001102568294,4.568295,42.67,128
1099,1001099000000,1001103877326,4.877326,142.05,128
1100,1001100000000,1001105022471,5.022471,-25.13,128
1101,1001101000000,1001106516185,5.516185,-45.88,128
1102,1001102000000,1001107320433,5.320434,31.19,128
1103,1001103000000,1001108389005,5.389005,34.34,128
1104,1001104000000,1001108941359,4.941359,9.25,128
1105,1001105000000,1001109789706,4.789707,89.94,128
1106,1001106000000,1001110481809,4.48181,-100.56,128
1107,1001107000000,1001112356357,5.356358,100.41,128
1108,1001108000000,1001112827867,4.827868,-63.5,128
1109,1001109000000,1001114586498,5.586498,112.15,128
1110,1001110000000,1001114623192,4.623192,-0.31,128
1111,1001111000000,1001116332157,5.332158,-106.59,128
1112,1001112000000,1001116754698,4.754698,-70.85,128
1113,1001113000000,1001117244812,4.244813,-117.22,128
1114,1001114000000,1001118812466,4.812467,-17.33,128
1115,1001115000000,1001120129346,5.129346,161.89,128
1116,1001116000000,1001121104712,5.104712,125.4,128
1117,1001117000000,1001120810281,3.810281,-40.1,128
1118,1001118000000,1001122621350,4.62135,21.62,128
1119,1001119000000,1001124437584,5.437584,131.43,128
1120,1001120000000,1001125745628,5.745628,30.85,128
1121,1001121000000,1001125322266,4.322267,22.07,128
1122,1001122000000,1001127498022,5.498022,-198.71,128
1123,1001123000000,1001128126815,5.126815,-19.18,128
1124,1001124000000,1001128887196,4.887197,46.7,128
1125,1001125000000,1001130120346,5.120346,-52.68,128
1126,1001126000000,1001131767696,5.767697,-65.4,128
1127,1001127000000,1001131789010,4.78901,-9.02,128
1128,1001128000000,1001132949019,4.94902,38.01,128
1129,1001129000000,1001133725649,4.725649,149.94,128
1130,1001130000000,1001136102892,6.102892,-43.92,128
1131,1001131000000,1001135906973,4.906973,-86.07,128
1132,1001132000000,1001137194425,5.194426,-177.47,128
1133,1001133000000,1001137820930,4.82093,-218.13,128
1134,1001134000000,1001138390546,4.390547,-111.28,128
1135,1001135000000,1001139574051,4.574051,-101.32,128
1136,1001136000000,1001140168250,4.16825,70.85,128
1137,1001137000000,1001142785309,5.785309,69.16,128
1138,1001138000000,1001143085660,5.085661,-77.91,128
1139,1001139000000,1001144258013,5.258014,-115.31,128
1140,1001140000000,1001144894518,4.894519,-121.88,128
1141,1001141000000,1001144821651,3.821652,46.38,128
1142,1001142000000,1001146888612,4.888613,148.99,128
1143,1001143000000,1001147668338,4.668339,-66.84,128
1144,1001144000000,1001148584661,4.584662,-131.76,128
1145,1001145000000,1001150137386,5.137387,126.92,128
1146,1001146000000,1001151138780,5.13878,-121.85,128
1147,1001147000000,1001151748201,4.748202,52.02,128
1148,1001148000000,1001153427615,5.427615,15.15,128
1149,1001149000000,1001153376043,4.376044,136.06,128
1150,1001150000000,1001153933767,3.933768,11.58,128
1151,1001151000000,1001156085852,5.085853,-165.86,128
1152,1001152000000,1001157005439,5.00544,106.96,128
1153,1001153000000,1001157856269,4.856269,-160.64,128
1154,1001154000000,1001158757405,4.757406,14.04,128
1155,1001155000000,1001160407330,5.407331,205.77,128
1156,1001156000000,1001161370452,5.370453,-56.75,128
1157,1001157000000,1001162239344,5.239345,-30.25,128
1158,1001158000000,1001162889931,4.889932,-118.34,128
1159,1001159000000,1001163456635,4.456636,3.18,128
1160,1001160000000,1001164776852,4.776853,104.14,128
1161,1001161000000,1001166099756,5.099757,50.46,128
1162,1001162000000,1001166774484,4.774484,122.51,128
1163,1001163000000,1001168255935,5.255935,-2.55,128
1164,1001164000000,1001168328922,4.328923,72.14,128
1165,1001165000000,1001170028520,5.028521,-69.75,128
1166,1001166000000,1001171080682,5.080683,208.92,128
1167,1001167000000,1001171991951,4.991951,-96.88,128
1168,1001168000000,1001173354069,5.354069,-232.65,128
1169,1001169000000,1001174085391,5.085391,-57.93,128
1170,1001170000000,1001174456255,4.456255,100.5,128
1171,1001171000000,1001175331459,4.33146,126.43,128
1172,1001172000000,1001177481490,5.481491,142.25,128
1173,1001173000000,1001179054370,6.054371,-26.9,128
1174,1001174000000,1001178397760,4.39776,38.54,128
1175,1001175000000,1001179782040,4.782041,-66.22,128
1176,1001176000000,1001180944303,4.944303,47.55,128
1177,1001177000000,1001181861112,4.861113,75.64,128
1178,1001178000000,1001183284130,5.284131,-55.7,128
1179,1001179000000,1001184224272,5.224272,-56.06,128
1180,1001180000000,1001184963262,4.963263,79.34,128
1181,1001181000000,1001186067869,5.06787,62.13,128
1182,1001182000000,1001186539522,4.539523,-1.7,128
1183,1001183000000,1001187999803,4.999803,-176.26,128
1184,1001184000000,1001189286071,5.286072,-171.41,128
1185,1001185000000,1001189614410,4.61441,-26.97,128
1186,1001186000000,1001190956606,4.956607,63.29,128
1187,1001187000000,1001192958084,5.958085,52.72,128
1188,1001188000000,1001193551060,5.55106,135.46,128
1189,1001189000000,1001193734774,4.734774,192.28,128
1190,1001190000000,1001195630020,5.630021,-162.05,128
1191,1001191000000,1001196025261,5.025261,30.1,128
1192,1001192000000,1001196588848,4.588849,50.78,128
1193,1001193000000,1001198101352,5.101353,4.42,128
1194,1001194000000,1001198728153,4.728153,68.5,128
1195,1001195000000,1001200482640,5.48264,88.51,128
1196,1001196000000,1001200900584,4.900585,-64.1,128
1197,1001197000000,1001201828700,4.828701,-6.16,128
1198,1001198000000,1001202977765,4.977766,14.43,128
1199,1001199000000,1001203815489,4.81549,199.32,128
1200,1001200000000,1001204475490,4.475491,-37.17,128
1201,1001201000000,1001205671268,4.671269,-13.45,128
1202,1001202000000,1001206764954,4.764954,126.05,128
1203,1001203000000,1001208295313,5.295313,-163.22,128
1204,1001204000000,1001208437157,4.437158,-14.34,128
1205,1001205000000,1001210187228,5.187228,82.15,128
1206,1001206000000,1001210490509,4.49051,79.83,128
1207,1001207000000,1001212500788,5.500789,-29.96,128
1208,1001208000000,1001212942180,4.94218,-134.27,128
1209,1001209000000,1001214099303,5.099304,96.86,128
1210,1001210000000,1001214829524,4.829524,55.61,128
1211,1001211000000,1001216450971,5.450972,-24.78,128
1212,1001212000000,1001216532262,4.532262,163.84,128
1213,1001213000000,1001218772333,5.772333,25.67,128
1214,1001214000000,1001219754988,5.754989,26.59,128
1215,1001215000000,1001219597854,4.597855,70.8,128
1216,1001216000000,1001221740763,5.740763,-36.86,128
1217,1001217000000,1001222267902,5.267902,-122.83,128
1218,1001218000000,1001222538101,4.538101,-94.59,128
1219,1001219000000,1001223759071,4.759071,62.89,128
1220,1001220000000,1001224646484,4.646485,176.0,128
1221,1001221000000,1001226657428,5.657428,48.12,128
1222,1001222000000,1001226712540,4.712541,63.08,128
1223,1001223000000,1001228586670,5.58667,-30.61,128
1224,1001224000000,1001228701744,4.701744,127.22,128
1225,1001225000000,1001229363381,4.363382,-69.72,128
1226,1001226000000,1001230825439,4.82544,-15.99,128
1227,1001227000000,1001232689478,5.689479,-95.14,128
1228,1001228000000,1001232914650,4.914651,29.88,128
1229,1001229000000,1001234770400,5.7704,-168.58,128
1230,1001230000000,1001235359339,5.35934,18.21,128
1231,1001231000000,1001236075376,5.075377,166.75,128
1232,1001232000000,1001236383107,4.383107,207.29,128
1233,1001233000000,1001238758239,5.758239,112.82,128
1234,1001234000000,1001239075264,5.075265,-181.71,128
1235,1001235000000,1001239499012,4.499013,-9.42,128
1236,1001236000000,1001240685948,4.685949,192.72,128
1237,1001237000000,1001242849223,5.849223,-76.62,128
1238,1001238000000,1001243407980,5.40798,36.12,128
1239,1001239000000,1001243871358,4.871359,190.38,128
1240,1001240000000,1001245519178,5.519178,-74.76,128
1241,1001241000000,1001247161210,6.16121,18.23,128
1242,1001242000000,1001246883239,4.883239,-20.38,128
1243,1001243000000,1001248370719,5.370719,-55.62,128
1244,1001244000000,1001249158221,5.158222,-103.26,128
1245,1001245000000,1001250186663,5.186663,-40.35,128
1246,1001246000000,1001251999753,5.999753,-180.91,128
1247,1001247000000,1001251773549,4.77355,16.26,128
1248,1001248000000,1001253515440,5.51544,-61.72,128
1249,1001249000000,1001253808220,4.80822,-12.31,128
1250,1001250000000,1001255398591,5.398591,-46.86,128
1251,1001251000000,1001255113532,4.113532,154.12,128
1252,1001252000000,1001256667665,4.667666,48.64,128
1253,1001253000000,1001258401374,5.401374,58.48,128
1254,1001254000000,1001258684893,4.684893,79.72,128
1255,1001255000000,1001259516928,4.516928,-187.86,128
1256,1001256000000,1001260685999,4.686,-113.82,128
1257,1001257000000,1001261615056,4.615056,-241.7,128
1258,1001258000000,1001262761767,4.761767,169.81,128
1259,1001259000000,1001263252841,4.252841,189.48,128
1260,1001260000000,1001265344540,5.34454,126.52,128
1261,1001261000000,1001266093089,5.093089,27.36,128
1262,1001262000000,1001268008314,6.008315,-10.96,128
1263,1001263000000,1001268473960,5.473961,9.7,128
1264,1001264000000,1001269721296,5.721296,-23.96,128
1265,1001265000000,1001270655143,5.655144,73.22,128
1266,1001266000000,1001271643915,5.643915,-88.98,128
1267,1001267000000,1001271966037,4.966038,154.57,128
1268,1001268000000,1001273296597,5.296597,-12.8,128
1269,1001269000000,1001273340490,4.340491,232.91,128
1270,1001270000000,1001274921242,4.921242,6.96,128
1271,1001271000000,1001275639424,4.639425,77.95,128
1272,1001272000000,1001276530021,4.530021,-66.99,128
1273,1001273000000,1001278223932,5.223932,-57.73,128
1274,1001274000000,1001278580071,4.580072,123.25,128
1275,1001275000000,1001280851404,5.851405,76.85,128
1276,1001276000000,1001281627111,5.627112,-15.06,128
1277,1001277000000,1001281934803,4.934803,-55.18,128
1278,1001278000000,1001282479033,4.479034,-143.94,128
1279,1001279000000,1001284059474,5.059474,27.19,128
1280,1001280000000,1001285519975,5.519976,-46.94,128
1281,1001281000000,1001285324337,4.324337,92.69,128
1282,1001282000000,1001286867054,4.867054,-28.86,128
1283,1001283000000,1001288123592,5.123593,-88.01,128
1284,1001284000000,1001288978943,4.978943,120.82,128
1285,1001285000000,1001290499233,5.499233,-54.05,128
1286,1001286000000,1001290539899,4.5399,-72.12,128
1287,1001287000000,1001291251736,4.251736,16.61,128
1288,1001288000000,1001293031693,5.031694,-27.9,128
1289,1001289000000,1001294407439,5.407439,143.63,128
1290,1001290000000,1001295942452,5.942452,95.19,128
1291,1001291000000,1001296177806,5.177807,-116.52,128
1292,1001292000000,1001297366401,5.366401,-159.75,128
1293,1001293000000,1001298789203,5.789203,72.54,128
1294,1001294000000,1001299247766,5.247767,-96.08,128
1295,1001295000000,1001300513188,5.513188,-11.26,128
1296,1001296000000,1001301349905,5.349905,-38.84,128
1297,1001297000000,1001302713121,5.713122,21.4,128
1298,1001298000000,1001302324221,4.324222,-121.35,128
1299,1001299000000,1001304271102,5.271102,95.37,128
1300,1001300000000,1001304364993,4.364994,-168.85,128
1301,1001301000000,1001306704888,5.704889,91.99,128
1302,1001302000000,1001306834054,4.834055,46.83,128
1303,1001303000000,1001307296804,4.296805,78.54,128
1304,1001304000000,1001307912939,3.912939,49.24,128
1305,1001305000000,1001309443163,4.443163,-7.0,128
1306,1001306000000,1001311074896,5.074896,68.0,128
1307,1001307000000,1001312976145,5.976145,43.53,128
1308,1001308000000,1001312473248,4.473248,13.55,128
1309,1001309000000,1001313292553,4.292553,-9.28,128
1310,1001310000000,1001314132748,4.132748,-113.19,128
1311,1001311000000,1001315884680,4.884681,72.45,128
1312,1001312000000,1001317569520,5.569521,108.44,128
1313,1001313000000,1001317878177,4.878177,-70.65,128
1314,1001314000000,1001319070627,5.070628,37.27,128
1315,1001315000000,1001319723364,4.723365,-17.18,128
1316,1001316000000,1001321283685,5.283685,141.45,128
1317,1001317000000,1001321738954,4.738954,-66.17,128
1318,1001318000000,1001323851620,5.851621,53.28,128
1319,1001319000000,1001323829435,4.829435,-94.39,128
1320,1001320000000,1001324738476,4.738477,-22.15,128
1321,1001321000000,1001325909818,4.909818,103.19,128
1322,1001322000000,1001327214263,5.214264,162.44,128
1323,1001323000000,1001327766488,4.766489,185.71,128
1324,1001324000000,1001329858926,5.858927,72.12,128
1325,1001325000000,1001329841749,4.84175,-67.45,128
1326,1001326000000,1001330364778,4.364778,82.37,128
1327,1001327000000,1001332031502,5.031503,12.04,128
1328,1001328000000,1001332464414,4.464415,152.85,128
1329,1001329000000,1001334645793,5.645794,8.31,128
1330,1001330000000,1001335278275,5.278275,108.64,128
1331,1001331000000,1001336533253,5.533253,92.23,128
1332,1001332000000,1001337325835,5.325835,-4.39,128
1333,1001333000000,1001338321967,5.321967,89.99,128
1334,1001334000000,1001338645017,4.645017,32.49,128
1335,1001335000000,1001340226485,5.226485,-171.06,128
1336,1001336000000,1001340766821,4.766821,-118.1,128
1337,1001337000000,1001341238389,4.23839,4.76,128
1338,1001338000000,1001342261839,4.261839,59.07,128
1339,1001339000000,1001343760857,4.760857,-206.18,128
1340,1001340000000,1001345513550,5.51355,-105.07,128
1341,1001341000000,1001345567713,4.567714,30.7,128
1342,1001342000000,1001346809456,4.809457,79.22,128
1343,1001343000000,1001347420760,4.420761,136.61,128
1344,1001344000000,1001348457931,4.457931,108.3,128
1345,1001345000000,1001350075873,5.075873,-12.05,128
1346,1001346000000,1001350460266,4.460267,-146.69,128
1347,1001347000000,1001352155390,5.155391,-15.42,128
1348,1001348000000,1001352810206,4.810207,326.82,128
1349,1001349000000,1001353951157,4.951158,242.2,128
1350,1001350000000,1001354958902,4.958903,46.97,128
1351,1001351000000,1001355724959,4.724959,-209.41,128
1352,1001352000000,1001357070982,5.070982,-119.38,128
1353,1001353000000,1001358521456,5.521456,-116.87,128
1354,1001354000000,1001359605354,5.605355,-42.85,128
1355,1001355000000,1001359673346,4.673347,-36.37,128
1356,1001356000000,1001361282214,5.282215,-109.45,128
1357,1001357000000,1001361375049,4.37505,44.34,128
1358,1001358000000,1001362700216,4.700216,-135.71,128
1359,1001359000000,1001365182892,6.182892,63.38,128
1360,1001360000000,1001364052502,4.052503,43.46,128
1361,1001361000000,1001365598026,4.598027,11.96,128
1362,1001362000000,1001366300570,4.30057,110.67,128
1363,1001363000000,1001367829613,4.829614,24.53,128
1364,1001364000000,1001369470555,5.470556,7.9,128
1365,1001365000000,1001370351024,5.351024,99.19,128
1366,1001366000000,1001371079934,5.079934,-30.93,128
1367,1001367000000,1001372819959,5.81996,18.36,128
1368,1001368000000,1001372972021,4.972022,-59.08,128
1369,1001369000000,1001373783639,4.783639,-17.08,128
1370,1001370000000,1001375002057,5.002058,-258.1,128
1371,1001371000000,1001375664051,4.664052,-56.81,128
1372,1001372000000,1001377218954,5.218954,164.9,128
1373,1001373000000,1001377820515,4.820515,69.33,128
1374,1001374000000,1001379243255,5.243255,74.11,128
1375,1001375000000,1001379232006,4.232006,108.39,128
1376,1001376000000,1001381870761,5.870761,202.02,128
1377,1001377000000,1001381325270,4.32527,33.32,128
1378,1001378000000,1001382845943,4.845944,-43.1,128
1379,1001379000000,1001383757782,4.757783,-12.43,128
1380,1001380000000,1001386324337,6.324337,55.45,128
1381,1001381000000,1001385768999,4.769,83.45,128
1382,1001382000000,1001387042180,5.04218,79.53,128
1383,1001383000000,1001387479307,4.479308,151.56,128
1384,1001384000000,1001388324810,4.324811,138.81,128
1385,1001385000000,1001389889514,4.889514,-36.27,128
1386,1001386000000,1001391609748,5.609748,85.16,128
1387,1001387000000,1001391805548,4.805549,130.35,128
1388,1001388000000,1001393208836,5.208836,-13.75,128
1389,1001389000000,1001394317410,5.317411,13.04,128
1390,1001390000000,1001394764224,4.764224,117.21,128
1391,1001391000000,1001395603828,4.603829,61.12,128
1392,1001392000000,1001397608889,5.608889,-86.96,128
1393,1001393000000,1001397883518,4.883518,-45.57,128
1394,1001394000000,1001399537186,5.537186,63.68,128
1395,1001395000000,1001399538817,4.538818,-84.43,128
1396,1001396000000,1001401381501,5.381502,127.15,128
1397,1001397000000,1001401659347,4.659347,-26.64,128
1398,1001398000000,1001403444500,5.4445,69.19,128
1399,1001399000000,1001403200627,4.200627,-49.98,128
1400,1001400000000,1001404527793,4.527793,-5.79,128
1401,1001401000000,1001405419827,4.419828,91.74,128
1402,1001402000000,1001407300609,5.300609,95.0,128
1403,1001403000000,1001407612995,4.612996,-262.13,128
1404,1001404000000,1001409622129,5.62213,-244.85,128
1405,1001405000000,1001409927962,4.927963,127.08,128
1406,1001406000000,1001410506598,4.506598,-60.61,128
1407,1001407000000,1001411647782,4.647782,75.18,128
1408,1001408000000,1001412642728,4.642728,-31.86,128
1409,1001409000000,1001414337337,5.337337,32.35,128
1410,1001410000000,1001415217265,5.217265,-163.33,128
1411,1001411000000,1001415434703,4.434703,102.36,128
1412,1001412000000,1001416966616,4.966617,79.26,128
1413,1001413000000,1001417592878,4.592878,6.5,128
1414,1001414000000,1001418888674,4.888674,-2.17,128
1415,1001415000000,1001419327011,4.327012,16.29,128
1416,1001416000000,1001421787607,5.787608,181.01,128
1417,1001417000000,1001421694394,4.694395,-65.76,128
1418,1001418000000,1001422212881,4.212882,-104.83,128
1419,1001419000000,1001423445171,4.445171,-246.39,128
1420,1001420000000,1001424606463,4.606463,-158.3,128
1421,1001421000000,1001426093233,5.093233,42.57,128
1422,1001422000000,1001427470759,5.470759,-6.73,128
1423,1001423000000,1001427628582,4.628582,-39.01,128
1424,1001424000000,1001429746344,5.746344,-47.18,128
1425,1001425000000,1001430369065,5.369065,-66.25,128
1426,1001426000000,1001431579815,5.579815,8.92,128
1427,1001427000000,1001432196126,5.196126,20.6,128
1428,1001428000000,1001433407621,5.407621,318.42,128
1429,1001429000000,1001433854395,4.854395,126.73,128
1430,1001430000000,1001434545456,4.545457,-74.61,128
1431,1001431000000,1001436606868,5.606869,-115.18,128
1432,1001432000000,1001436983923,4.983923,24.48,128
1433,1001433000000,1001437249042,4.249043,80.21,128
1434,1001434000000,1001438388629,4.38863,-146.28,128
1435,1001435000000,1001440030922,5.030922,291.19,128
1436,1001436000000,1001441265650,5.265651,127.66,128
1437,1001437000000,1001441015069,4.015069,18.15,128
1438,1001438000000,1001442030581,4.030582,37.37,128
1439,1001439000000,1001443538317,4.538318,147.46,128
1440,1001440000000,1001444660197,4.660198,-179.39,128
1441,1001441000000,1001445249996,4.249996,-46.07,128
1442,1001442000000,1001446860902,4.860902,-241.24,128
1443,1001443000000,1001447711892,4.711893,-10.63,128
1444,1001444000000,1001448600406,4.600407,55.77,128
1445,1001445000000,1001450345022,5.345023,-24.5,128
1446,1001446000000,1001451046250,5.046251,-92.81,128
1447,1001447000000,1001451736113,4.736114,0.12,128
1448,1001448000000,1001453346474,5.346474,104.23,128
1449,1001449000000,1001454495769,5.49577,55.83,128
1450,1001450000000,1001455370488,5.370489,-50.61,128
1451,1001451000000,1001456470821,5.470821,174.57,128
1452,1001452000000,1001457009956,5.009957,24.29,128
1453,1001453000000,1001457533341,4.533342,-8.42,128
1454,1001454000000,1001458913382,4.913382,87.15,128
1455,1001455000000,1001459961697,4.961697,-104.28,128
1456,1001456000000,1001460908335,4.908336,21.28,128
1457,1001457000000,1001461618305,4.618306,-125.38,128
1458,1001458000000,1001463925103,5.925104,57.15,128
1459,1001459000000,1001465401573,6.401573,64.98,128
1460,1001460000000,1001464811106,4.811107,98.7,128
1461,1001461000000,1001466144776,5.144777,9.3,128
1462,1001462000000,1001466899493,4.899493,-97.82,128
1463,1001463000000,1001467775936,4.775936,-20.32,128
1464,1001464000000,1001468744103,4.744104,214.12,128
1465,1001465000000,1001469710520,4.710521,21.08,128
1466,1001466000000,1001470825850,4.825851,85.15,128
1467,1001467000000,1001471541426,4.541426,135.74,128
1468,1001468000000,1001473823559,5.823559,36.14,128
1469,1001469000000,1001474424610,5.42461,62.39,128
1470,1001470000000,1001475426842,5.426843,60.45,128
1471,1001471000000,1001475703537,4.703538,95.27,128
1472,1001472000000,1001476650249,4.65025,35.17,128
1473,1001473000000,1001479125246,6.125247,-26.17,128
1474,1001474000000,1001479104974,5.104974,118.53,128
1475,1001475000000,1001480586892,5.586893,-76.59,128
1476,1001476000000,1001480934767,4.934768,-134.7,128
1477,1001477000000,1001482954301,5.954301,16.22,128
1478,1001478000000,1001483053101,5.053102,-13.6,128
1479,1001479000000,1001483919638,4.919638,-3.28,128
1480,1001480000000,1001485737210,5.737211,92.46,128
1481,1001481000000,1001485520305,4.520305,9.47,128
1482,1001482000000,1001487685584,5.685584,-220.68,128
1483,1001483000000,1001488761326,5.761326,80.24,128
1484,1001484000000,1001488214833,4.214834,-200.78,128
1485,1001485000000,1001490541082,5.541083,55.86,128
1486,1001486000000,1001490268201,4.268201,-35.46,128
1487,1001487000000,1001492104664,5.104664,-77.59,128
1488,1001488000000,1001493079156,5.079157,-56.89,128
1489,1001489000000,1001493916693,4.916694,-122.57,128
1490,1001490000000,1001494393923,4.393923,8.34,128
1491,1001491000000,1001495420220,4.42022,39.13,128
1492,1001492000000,1001497430296,5.430296,-16.28,128
1493,1001493000000,1001498186618,5.186618,173.09,128
1494,1001494000000,1001499418629,5.41863,-24.34,128
1495,1001495000000,1001499662258,4.662259,-49.45,128
1496,1001496000000,1001499861220,3.86122,-175.0,128
1497,1001497000000,1001501916668,4.916669,81.15,128
1498,1001498000000,1001503828557,5.828557,3.65,128
1499,1001499000000,1001504422164,5.422165,-99.72,128
1500,1001500000000,1001504360408,4.360408,2.02,128
1501,1001501000000,1001505910893,4.910894,142.29,128
1502,1001502000000,1001507716323,5.716324,-216.92,128
1503,1001503000000,1001508394625,5.394626,1.46,128
1504,1001504000000,1001508717802,4.717802,-180.4,128
1505,1001505000000,1001510397052,5.397052,-101.45,128
1506,1001506000000,1001511438006,5.438006,28.6,128
1507,1001507000000,1001511884227,4.884228,-237.38,128
1508,1001508000000,1001513039840,5.039841,70.78,128
1509,1001509000000,1001513761249,4.76125,-190.91,128
1510,1001510000000,1001514836371,4.836372,-33.48,128
1511,1001511000000,1001515834564,4.834565,125.9,128
1512,1001512000000,1001516402605,4.402605,-24.41,128
1513,1001513000000,1001518023038,5.023038,56.73,128
1514,1001514000000,1001518993012,4.993012,-164.89,128
1515,1001515000000,1001519854454,4.854454,-38.65,128
1516,1001516000000,1001521921750,5.921751,-29.26,128
1517,1001517000000,1001522830521,5.830521,-118.76,128
1518,1001518000000,1001522804169,4.804169,-42.24,128
1519,1001519000000,1001523759413,4.759413,-19.13,128
1520,1001520000000,1001525266365,5.266365,-48.54,128
1521,1001521000000,1001525831586,4.831586,86.9,128
1522,1001522000000,1001526704870,4.70487,-25.78,128
1523,1001523000000,1001527553476,4.553476,-64.93,128
1524,1001524000000,1001529489536,5.489536,19.02,128
1525,1001525000000,1001529857334,4.857334,59.65,128
1526,1001526000000,1001531571014,5.571015,-17.52,128
1527,1001527000000,1001532264591,5.264592,-106.93,128
1528,1001528000000,1001532961216,4.961216,-32.93,128
1529,1001529000000,1001534563270,5.563271,-21.82,128
1530,1001530000000,1001535343203,5.343204,-65.32,128
1531,1001531000000,1001535218337,4.218338,29.67,128
1532,1001532000000,1001536866668,4.866668,-1.1,128
1533,1001533000000,1001538301497,5.301498,65.22,128
1534,1001534000000,1001539156674,5.156674,84.96,128
1535,1001535000000,1001540221007,5.221007,199.86,128
1536,1001536000000,1001541085328,5.085328,59.96,128
1537,1001537000000,1001542513674,5.513675,-29.09,128
1538,1001538000000,1001542701525,4.701525,-48.63,128
1539,1001539000000,1001544045955,5.045956,-95.4,128
1540,1001540000000,1001546149568,6.149568,-24.48,128
1541,1001541000000,1001545796021,4.796021,-36.21,128
1542,1001542000000,1001546458476,4.458477,111.55,128
1543,1001543000000,1001548508654,5.508655,-75.19,128
1544,1001544000000,1001547699532,3.699532,24.74,128
1545,1001545000000,1001549634387,4.634387,-65.14,128
1546,1001546000000,1001550586711,4.586711,-68.47,128
1547,1001547000000,1001552907327,5.907327,-89.27,128
1548,1001548000000,1001553538694,5.538695,-23.74,128
1549,1001549000000,1001554107848,5.107849,12.06,128
1550,1001550000000,1001554800575,4.800575,92.76,128
1551,1001551000000,1001555936871,4.936871,79.75,128
1552,1001552000000,1001556842745,4.842746,21.31,128
1553,1001553000000,1001558121959,5.12196,-52.47,128
1554,1001554000000,1001560350474,6.350474,10.43,128
1555,1001555000000,1001558959594,3.959595,-116.89,128
1556,1001556000000,1001560867837,4.867838,166.67,128
1557,1001557000000,1001562303521,5.303521,-105.64,128
1558,1001558000000,1001561861834,3.861835,7.54,128
1559,1001559000000,1001564226069,5.226069,-228.21,128
1560,1001560000000,1001565117267,5.117268,4.06,128
1561,1001561000000,1001564638113,3.638113,-320.6,128
1562,1001562000000,1001566304564,4.304564,66.36,128
1563,1001563000000,1001569370567,6.370567,3.13,128
1564,1001564000000,1001568837174,4.837175,35.09,128
1565,1001565000000,1001571458879,6.458879,-187.7,128
1566,1001566000000,1001571217097,5.217097,54.44,128
1567,1001567000000,1001572242958,5.242958,79.76,128
1568,1001568000000,1001572592048,4.592049,-100.99,128
1569,1001569000000,1001573330331,4.330331,-162.76,128
1570,1001570000000,1001574098378,4.098378,37.93,128
1571,1001571000000,1001576465254,5.465254,-132.39,128
1572,1001572000000,1001578268435,6.268436,-164.51,128
1573,1001573000000,1001578007294,5.007294,143.2,128
1574,1001574000000,1001579764258,5.764258,-21.12,128
1575,1001575000000,1001580562745,5.562745,-221.13,128
1576,1001576000000,1001581250002,5.250003,91.56,128
1577,1001577000000,1001581414390,4.41439,35.12,128
1578,1001578000000,1001583603050,5.60305,-0.25,128
1579,1001579000000,1001584946277,5.946277,-81.64,128
1580,1001580000000,1001585168547,5.168548,26.11,128
1581,1001581000000,1001586076443,5.076443,23.55,128
1582,1001582000000,1001586809034,4.809034,13.08,128
1583,1001583000000,1001588193479,5.193479,-99.19,128
1584,1001584000000,1001588448844,4.448844,-1.0,128
1585,1001585000000,1001590404945,5.404945,-15.17,128
1586,1001586000000,1001592123597,6.123597,133.49,128
1587,1001587000000,1001592260290,5.26029,86.86,128
1588,1001588000000,1001592244882,4.244882,37.64,128
1589,1001589000000,1001594019504,5.019505,-35.42,128
1590,1001590000000,1001595298820,5.29882,69.89,128
1591,1001591000000,1001595282747,4.282747,-265.0,128
1592,1001592000000,1001596884310,4.88431,39.35,128
1593,1001593000000,1001597534339,4.534339,-179.84,128
1594,1001594000000,1001599073997,5.073998,32.43,128
1595,1001595000000,1001600297493,5.297494,-84.44,128
1596,1001596000000,1001601324035,5.324036,41.64,128
1597,1001597000000,1001602683468,5.683469,37.72,128
1598,1001598000000,1001603166707,5.166707,-183.82,128
1599,1001599000000,1001604028430,5.028431,-100.83,128
1600,1001600000000,1001604778382,4.778383,-60.48,128
1601,1001601000000,1001606264344,5.264345,-45.97,128
1602,1001602000000,1001607643300,5.643301,-211.62,128
1603,1001603000000,1001607307238,4.307239,153.89,128
1604,1001604000000,1001608336481,4.336482,4.0,128
1605,1001605000000,1001609308389,4.30839,-47.63,128
1606,1001606000000,1001610812751,4.812752,115.41,128
1607,1001607000000,1001612176135,5.176135,-35.87,128
1608,1001608000000,1001612636593,4.636593,-23.79,128
1609,1001609000000,1001613685056,4.685057,-56.22,128
1610,1001610000000,1001614875658,4.875658,73.37,128
1611,1001611000000,1001616292257,5.292258,78.67,128
1612,1001612000000,1001617673464,5.673465,-67.21,128
1613,1001613000000,1001617614484,4.614484,149.88,128
1614,1001614000000,1001618772907,4.772907,-90.8,128
1615,1001615000000,1001619777808,4.777808,24.04,128
1616,1001616000000,1001621141138,5.141139,54.62,128
1617,1001617000000,1001622071020,5.07102,-43.32,128
1618,1001618000000,1001622945970,4.94597,31.14,128
1619,1001619000000,1001624145044,5.145045,-63.02,128
1620,1001620000000,1001624205391,4.205391,65.89,128
1621,1001621000000,1001625788115,4.788116,63.69,128
1622,1001622000000,1001627349198,5.349199,-186.79,128
1623,1001623000000,1001627900147,4.900147,109.69,128
1624,1001624000000,1001629471331,5.471331,-69.74,128
1625,1001625000000,1001631288350,6.288351,-105.5,128
1626,1001626000000,1001630148957,4.148957,-174.41,128
1627,1001627000000,1001632535197,5.535198,63.46,128
1628,1001628000000,1001632473880,4.47388,103.59,128
1629,1001629000000,1001633968845,4.968845,-114.79,128
1630,1001630000000,1001635045335,5.045335,153.3,128
1631,1001631000000,1001635062443,4.062443,-26.1,128
1632,1001632000000,1001637317536,5.317536,-35.99,128
1633,1001633000000,1001637522593,4.522594,46.09,128
1634,1001634000000,1001639260323,5.260323,22.83,128
1635,1001635000000,1001640105516,5.105517,129.99,128
1636,1001636000000,1001640905126,4.905126,33.8,128
1637,1001637000000,1001641603304,4.603304,16.95,128
1638,1001638000000,1001643034119,5.03412,95.34,128
1639,1001639000000,1001645101353,6.101354,152.77,128
1640,1001640000000,1001645801109,5.80111,45.17,128
1641,1001641000000,1001646269914,5.269914,47.97,128
1642,1001642000000,1001647090862,5.090863,-32.59,128
1643,1001643000000,1001647960721,4.960722,-257.33,128
1644,1001644000000,1001649132154,5.132154,-244.09,128
1645,1001645000000,1001649777846,4.777847,94.42,128
1646,1001646000000,1001650922064,4.922065,-69.37,128
1647,1001647000000,1001652505499,5.505499,15.64,128
1648,1001648000000,1001653057769,5.05777,-5.19,128
1649,1001649000000,1001653721569,4.72157,24.67,128
1650,1001650000000,1001655621411,5.621412,150.71,128
1651,1001651000000,1001656002709,5.00271,181.56,128
1652,1001652000000,1001656685975,4.685975,-101.32,128
1653,1001653000000,1001658188088,5.188088,-117.41,128
1654,1001654000000,1001658588280,4.588281,-197.44,128
1655,1001655000000,1001660101571,5.101571,15.28,128
1656,1001656000000,1001661160895,5.160895,-84.18,128
1657,1001657000000,1001661846402,4.846403,45.37,128
1658,1001658000000,1001663792550,5.79255,-186.56,128
1659,1001659000000,1001664525413,5.525414,65.58,128
1660,1001660000000,1001665706956,5.706956,-212.92,128
1661,1001661000000,1001666127371,5.127372,-24.4,128
1662,1001662000000,1001667216076,5.216077,-55.26,128
1663,1001663000000,1001667748718,4.748718,-48.08,128
1664,1001664000000,1001669214425,5.214426,-56.22,128
1665,1001665000000,1001670278861,5.278861,-63.21,128
1666,1001666000000,1001671050097,5.050098,-8.49,128
1667,1001667000000,1001672191505,5.191506,-29.41,128
1668,1001668000000,1001673511856,5.511857,-7.49,128
1669,1001669000000,1001674041160,5.041161,-334.46,128
1670,1001670000000,1001674837446,4.837446,157.83,128
1671,1001671000000,1001675767254,4.767255,92.03,128
1672,1001672000000,1001677613510,5.613511,-38.73,128
1673,1001673000000,1001678642164,5.642165,71.12,128
1674,1001674000000,1001679116396,5.116397,-178.79,128
1675,1001675000000,1001680210458,5.210459,-11.14,128
1676,1001676000000,1001681484265,5.484265,0.5,128
1677,1001677000000,1001681595112,4.595112,116.77,128
1678,1001678000000,1001683635369,5.635369,-75.86,128
1679,1001679000000,1001684445554,5.445554,126.71,128
1680,1001680000000,1001684894419,4.89442,68.43,128
1681,1001681000000,1001685936070,4.93607,-121.16,128
1682,1001682000000,1001686817542,4.817543,32.07,128
1683,1001683000000,1001687930491,4.930491,-65.04,128
1684,1001684000000,1001688689780,4.68978,-14.05,128
1685,1001685000000,1001689700888,4.700889,124.14,128
1686,1001686000000,1001691645609,5.645609,20.16,128
1687,1001687000000,1001691681675,4.681676,-26.34,128
1688,1001688000000,1001694701454,6.701454,-42.96,128
1689,1001689000000,1001693420750,4.42075,-118.75,128
1690,1001690000000,1001695061056,5.061056,210.57,128
1691,1001691000000,1001696254557,5.254557,5.43,128
1692,1001692000000,1001697003958,5.003958,-77.3,128
1693,1001693000000,1001697574999,4.574999,85.43,128
1694,1001694000000,1001698761872,4.761873,-135.67,128
1695,1001695000000,1001699925444,4.925444,-137.65,128
1696,1001696000000,1001701333341,5.333342,-15.42,128
1697,1001697000000,1001701598628,4.598628,-137.42,128
1698,1001698000000,1001702798073,4.798074,-36.61,128
1699,1001699000000,1001703589292,4.589293,253.12,128
1700,1001700000000,1001705266328,5.266329,0.9,128
1701,1001701000000,1001706024511,5.024511,-50.46,128
1702,1001702000000,1001706843729,4.843729,94.87,128
1703,1001703000000,1001707954476,4.954476,-157.98,128
1704,1001704000000,1001708591386,4.591386,12.16,128
1705,1001705000000,1001709908170,4.90817,-56.36,128
1706,1001706000000,1001711940025,5.940025,47.98,128
1707,1001707000000,1001712177727,5.177728,144.08,128
1708,1001708000000,1001713561476,5.561477,-113.9,128
1709,1001709000000,1001713155228,4.155228,78.24,128
1710,1001710000000,1001715371218,5.371219,32.59,128
1711,1001711000000,1001715292473,4.292473,-58.17,128
1712,1001712000000,1001716862124,4.862125,-132.55,128
1713,1001713000000,1001717884400,4.8844,-235.83,128
1714,1001714000000,1001718832764,4.832765,202.47,128
1715,1001715000000,1001720159748,5.159749,48.65,128
1716,1001716000000,1001721013731,5.013731,-11.31,128
1717,1001717000000,1001722329842,5.329843,-144.79,128
1718,1001718000000,1001722937350,4.937351,30.38,128
1719,1001719000000,1001724314425,5.314426,-59.49,128
1720,1001720000000,1001724532775,4.532776,-98.7,128
1721,1001721000000,1001726586078,5.586078,9.29,128
1722,1001722000000,1001727034164,5.034165,-150.05,128
1723,1001723000000,1001728046009,5.04601,199.31,128
1724,1001724000000,1001728794492,4.794493,23.27,128
1725,1001725000000,1001729497785,4.497786,43.87,128
1726,1001726000000,1001730949425,4.949426,-188.56,128
1727,1001727000000,1001731718221,4.718221,-1.77,128
1728,1001728000000,1001733303710,5.30371,58.53,128
1729,1001729000000,1001735532270,6.53227,-2.43,128
1730,1001730000000,1001734951809,4.951809,76.55,128
1731,1001731000000,1001735848410,4.848411,50.31,128
1732,1001732000000,1001736897630,4.89763,90.31,128
1733,1001733000000,1001737720731,4.720732,25.91,128
1734,1001734000000,1001738208917,4.208917,-112.76,128
1735,1001735000000,1001740863157,5.863157,-79.89,128
1736,1001736000000,1001740463949,4.463949,-57.34,128
1737,1001737000000,1001741347733,4.347733,60.94,128
1738,1001738000000,1001744161514,6.161514,76.07,128
1739,1001739000000,1001743600030,4.600031,36.81,128
1740,1001740000000,1001744628161,4.628162,82.17,128
1741,1001741000000,1001745754068,4.754068,-4.89,128
1742,1001742000000,1001746221355,4.221355,113.69,128
1743,1001743000000,1001747855921,4.855921,24.12,128
1744,1001744000000,1001749530685,5.530685,-13.16,128
1745,1001745000000,1001750472395,5.472396,10.5,128
1746,1001746000000,1001750452611,4.452611,-43.51,128
1747,1001747000000,1001751891598,4.891599,-83.95,128
1748,1001748000000,1001752731191,4.731192,82.54,128
1749,1001749000000,1001754053363,5.053364,-30.57,128
1750,1001750000000,1001754749764,4.749764,52.39,128
1751,1001751000000,1001756298572,5.298572,-94.86,128
1752,1001752000000,1001757451290,5.45129,-96.69,128
1753,1001753000000,1001757952427,4.952428,-152.89,128
1754,1001754000000,1001758058808,4.058809,84.43,128
1755,1001755000000,1001760174380,5.17438,22.48,128
1756,1001756000000,1001760756197,4.756197,-193.54,128
1757,1001757000000,1001762563842,5.563843,-43.62,128
1758,1001758000000,1001762982618,4.982619,185.8,128
1759,1001759000000,1001763850335,4.850336,66.24,128
1760,1001760000000,1001766282853,6.282854,209.57,128
1761,1001761000000,1001766176487,5.176488,-97.18,128
1762,1001762000000,1001766433008,4.433008,-12.6,128
1763,1001763000000,1001767465871,4.465871,54.44,128
1764,1001764000000,1001769038861,5.038862,-166.71,128
1765,1001765000000,1001769794894,4.794895,-21.92,128
1766,1001766000000,1001770553150,4.55315,161.5,128
1767,1001767000000,1001772538392,5.538392,78.6,128
1768,1001768000000,1001772706975,4.706975,71.78,128
1769,1001769000000,1001774226638,5.226639,-92.49,128
1770,1001770000000,1001774895110,4.89511,7.39,128
1771,1001771000000,1001776056439,5.05644,-179.6,128
1772,1001772000000,1001776577292,4.577293,-13.28,128
1773,1001773000000,1001778220599,5.220599,172.63,128
1774,1001774000000,1001778782461,4.782462,20.03,128
1775,1001775000000,1001779386323,4.386324,24.19,128
1776,1001776000000,1001781219234,5.219234,57.5,128
1777,1001777000000,1001782617806,5.617806,34.68,128
1778,1001778000000,1001782166677,4.166678,51.35,128
1779,1001779000000,1001784637428,5.637429,-20.41,128
1780,1001780000000,1001785150072,5.150073,-49.37,128
1781,1001781000000,1001785932669,4.93267,13.52,128
1782,1001782000000,1001787299481,5.299481,188.84,128
1783,1001783000000,1001787147754,4.147755,56.62,128
1784,1001784000000,1001788772242,4.772243,-16.12,128
1785,1001785000000,1001790094518,5.094518,-121.5,128
1786,1001786000000,1001791288616,5.288617,-91.95,128
1787,1001787000000,1001791855101,4.855102,-236.35,128
1788,1001788000000,1001794098762,6.098763,-10.71,128
1789,1001789000000,1001793116913,4.116913,93.2,128
1790,1001790000000,1001795490609,5.49061,-74.45,128
1791,1001791000000,1001796163668,5.163668,-50.03,128
1792,1001792000000,1001797027158,5.027159,-17.7,128
1793,1001793000000,1001797479024,4.479024,141.47,128
1794,1001794000000,1001798859924,4.859924,-34.42,128
1795,1001795000000,1001800635812,5.635813,-133.79,128
1796,1001796000000,1001801135303,5.135304,68.61,128
1797,1001797000000,1001801719390,4.71939,8.89,128
1798,1001798000000,1001802647155,4.647156,-49.3,128
1799,1001799000000,1001804158857,5.158858,-2.12,128
1800,1001800000000,1001804755893,4.755894,-67.11,128
1801,1001801000000,1001806041210,5.041211,-245.96,128
1802,1001802000000,1001806183309,4.183309,-95.1,128
1803,1001803000000,1001808152040,5.15204,-20.03,128
1804,1001804000000,1001808432237,4.432237,-21.23,128
1805,1001805000000,1001809514490,4.51449,2.81,128
1806,1001806000000,1001810888815,4.888816,-54.34,128
1807,1001807000000,1001812141488,5.141488,4.82,128
1808,1001808000000,1001812420540,4.42054,88.29,128
1809,1001809000000,1001814007318,5.007318,-103.49,128
1810,1001810000000,1001815705141,5.705141,-4.71,128
1811,1001811000000,1001815008841,4.008841,-91.3,128
1812,1001812000000,1001816835033,4.835033,-58.26,128
1813,1001813000000,1001817561198,4.561199,-184.39,128
1814,1001814000000,1001818947206,4.947206,25.46,128
1815,1001815000000,1001821212481,6.212482,8.14,128
1816,1001816000000,1001821224058,5.224059,-26.25,128
1817,1001817000000,1001822875841,5.875842,78.11,128
1818,1001818000000,1001823192863,5.192864,-19.3,128
1819,1001819000000,1001824058380,5.05838,31.04,128
1820,1001820000000,1001824831523,4.831524,-107.67,128
1821,1001821000000,1001826820697,5.820698,125.85,128
1822,1001822000000,1001826999534,4.999534,-122.78,128
1823,1001823000000,1001828428212,5.428213,21.74,128
1824,1001824000000,1001829688671,5.688672,160.42,128
1825,1001825000000,1001830084940,5.08494,-42.85,128
1826,1001826000000,1001830546560,4.54656,-32.41,128
1827,1001827000000,1001832208186,5.208186,42.61,128
1828,1001828000000,1001832412817,4.412817,-115.36,128
1829,1001829000000,1001834098275,5.098276,-72.54,128
1830,1001830000000,1001835012582,5.012582,65.85,128
1831,1001831000000,1001836218045,5.218046,73.48,128
1832,1001832000000,1001836961277,4.961277,105.63,128
1833,1001833000000,1001839258353,6.258353,-80.08,128
1834,1001834000000,1001840082808,6.082809,-75.08,128
1835,1001835000000,1001840122075,5.122076,-4.9,128
1836,1001836000000,1001841027940,5.02794,41.33,128
1837,1001837000000,1001842649036,5.649036,-106.08,128
1838,1001838000000,1001842807177,4.807177,66.94,128
1839,1001839000000,1001843078885,4.078886,42.35,128
1840,1001840000000,1001845017318,5.017318,-174.36,128
1841,1001841000000,1001845703672,4.703672,56.97,128
1842,1001842000000,1001846411130,4.411131,-50.93,128
1843,1001843000000,1001848447321,5.447322,58.75,128
1844,1001844000000,1001848093266,4.093266,-35.42,128
1845,1001845000000,1001849714142,4.714142,119.62,128
1846,1001846000000,1001851003583,5.003584,68.64,128
1847,1001847000000,1001851598947,4.598947,-26.62,128
1848,1001848000000,1001852795469,4.795469,37.21,128
1849,1001849000000,1001853688873,4.688874,2.84,128
1850,1001850000000,1001854935683,4.935683,-119.32,128
1851,1001851000000,1001856193113,5.193113,-53.82,128
1852,1001852000000,1001856754708,4.754709,-9.81,128
1853,1001853000000,1001858010580,5.01058,-43.53,128
1854,1001854000000,1001858827920,4.82792,105.27,128
1855,1001855000000,1001860444123,5.444123,66.16,128
1856,1001856000000,1001860392598,4.392598,-122.04,128
1857,1001857000000,1001862059422,5.059423,19.57,128
1858,1001858000000,1001863180716,5.180716,112.9,128
1859,1001859000000,1001864286107,5.286107,71.47,128
1860,1001860000000,1001864453950,4.453951,101.43,128
1861,1001861000000,1001866564172,5.564172,-182.94,128
1862,1001862000000,1001866991704,4.991704,-24.49,128
1863,1001863000000,1001868398551,5.398552,-0.59,128
1864,1001864000000,1001869284564,5.284564,-97.54,128
1865,1001865000000,1001869849433,4.849433,-37.76,128
1866,1001866000000,1001871423432,5.423433,71.12,128
1867,1001867000000,1001872191457,5.191457,-30.03,128
1868,1001868000000,1001872641162,4.641162,77.01,128
1869,1001869000000,1001873639213,4.639213,232.38,128
1870,1001870000000,1001874917593,4.917594,-152.95,128
1871,1001871000000,1001876009536,5.009537,184.29,128
1872,1001872000000,1001877555251,5.555251,-39.32,128
1873,1001873000000,1001877699445,4.699446,1.84,128
1874,1001874000000,1001878619639,4.619639,65.02,128
1875,1001875000000,1001880097378,5.097379,54.54,128
1876,1001876000000,1001881192533,5.192534,-10.46,128
1877,1001877000000,1001882214068,5.214068,-8.64,128
1878,1001878000000,1001883274138,5.274138,-108.02,128
1879,1001879000000,1001883469684,4.469685,-10.88,128
1880,1001880000000,1001885630758,5.630758,35.16,128
1881,1001881000000,1001885871640,4.871641,-72.13,128
1882,1001882000000,1001886517436,4.517436,-17.29,128
1883,1001883000000,1001887876071,4.876071,85.92,128
1884,1001884000000,1001889838128,5.838129,-42.15,128
1885,1001885000000,1001890733843,5.733844,-3.2,128
1886,1001886000000,1001890373074,4.373074,52.95,128
1887,1001887000000,1001891745549,4.74555,28.09,128
1888,1001888000000,1001892434208,4.434209,-98.84,128
1889,1001889000000,1001893799085,4.799086,-39.43,128
1890,1001890000000,1001895536506,5.536506,42.95,128
1891,1001891000000,1001896349181,5.349181,54.16,128
1892,1001892000000,1001897244498,5.244499,-0.47,128
1893,1001893000000,1001898665741,5.665742,25.96,128
1894,1001894000000,1001898783961,4.783961,-12.28,128
1895,1001895000000,1001899842408,4.842409,-83.83,128
1896,1001896000000,1001900670938,4.670939,72.98,128
1897,1001897000000,1001901434649,4.434649,141.56,128
1898,1001898000000,1001902864365,4.864366,-49.46,128
1899,1001899000000,1001903513500,4.513501,88.6,128
1900,1001900000000,1001905070832,5.070833,-52.52,128
1901,1001901000000,1001905398355,4.398355,-97.92,128
1902,1001902000000,1001906972297,4.972298,97.94,128
1903,1001903000000,1001908105657,5.105658,-157.19,128
1904,1001904000000,1001908297198,4.297199,-38.98,128
1905,1001905000000,1001909982483,4.982483,27.77,128
1906,1001906000000,1001911089135,5.089135,-153.15,128
1907,1001907000000,1001911713899,4.7139,-89.15,128
1908,1001908000000,1001912734613,4.734614,138.69,128
1909,1001909000000,1001914137165,5.137165,33.08,128
1910,1001910000000,1001914366982,4.366983,187.47,128
1911,1001911000000,1001916575508,5.575508,101.65,128
1912,1001912000000,1001916665356,4.665356,57.59,128
1913,1001913000000,1001918497600,5.4976,71.67,128
1914,1001914000000,1001918760460,4.76046,6.12,128
1915,1001915000000,1001919927420,4.927421,3.26,128
1916,1001916000000,1001920452197,4.452198,-23.38,128
1917,1001917000000,1001922310422,5.310422,-52.48,128
1918,1001918000000,1001922673460,4.673461,-180.45,128
1919,1001919000000,1001923202519,4.20252,45.31,128
1920,1001920000000,1001924839737,4.839738,32.19,128
1921,1001921000000,1001925763294,4.763294,-105.36,128
1922,1001922000000,1001927243311,5.243311,-183.22,128
1923,1001923000000,1001928440259,5.440259,127.4,128
1924,1001924000000,1001929251599,5.251599,25.4,128
1925,1001925000000,1001928978384,3.978384,69.58,128
1926,1001926000000,1001930683507,4.683507,51.27,128
1927,1001927000000,1001931277750,4.27775,-145.96,128
1928,1001928000000,1001932914571,4.914571,-22.18,128
1929,1001929000000,1001934501785,5.501786,87.62,128
1930,1001930000000,1001935387311,5.387311,22.19,128
1931,1001931000000,1001936199276,5.199277,3.45,128
1932,1001932000000,1001937122883,5.122883,71.38,128
1933,1001933000000,1001938915387,5.915388,12.22,128
1934,1001934000000,1001939073915,5.073916,95.87,128
1935,1001935000000,1001939729311,4.729312,87.33,128
1936,1001936000000,1001940979964,4.979965,98.14,128
1937,1001937000000,1001942771508,5.771509,-18.78,128
1938,1001938000000,1001943580619,5.580619,15.32,128
1939,1001939000000,1001943505300,4.5053,39.3,128
1940,1001940000000,1001944770529,4.77053,7.33,128
1941,1001941000000,1001946101758,5.101759,231.7,128
1942,1001942000000,1001946063191,4.063192,-48.15,128
1943,1001943000000,1001948071171,5.071171,71.26,128
1944,1001944000000,1001949873712,5.873713,-39.08,128
1945,1001945000000,1001949436206,4.436207,114.48,128
1946,1001946000000,1001950200036,4.200037,-74.21,128
1947,1001947000000,1001952227597,5.227597,29.26,128
1948,1001948000000,1001952294281,4.294281,151.25,128
1949,1001949000000,1001954403061,5.403061,42.06,128
1950,1001950000000,1001954764425,4.764426,-27.96,128
1951,1001951000000,1001956386648,5.386649,173.95,128
1952,1001952000000,1001956556108,4.556108,146.36,128
1953,1001953000000,1001957763560,4.763561,96.29,128
1954,1001954000000,1001958949821,4.949821,130.96,128
1955,1001955000000,1001959500603,4.500604,128.2,128
1956,1001956000000,1001961847838,5.847838,-150.9,128
1957,1001957000000,1001961841478,4.841478,86.27,128
1958,1001958000000,1001962380474,4.380474,-149.79,128
1959,1001959000000,1001963360171,4.360172,74.32,128
1960,1001960000000,1001965238955,5.238956,24.38,128
1961,1001961000000,1001966151366,5.151366,28.09,128
1962,1001962000000,1001967362340,5.362341,152.24,128
1963,1001963000000,1001968465452,5.465452,-103.45,128
1964,1001964000000,1001969410323,5.410323,-137.47,128
1965,1001965000000,1001971608572,6.608573,-147.89,128
1966,1001966000000,1001970812204,4.812205,-85.94,128
1967,1001967000000,1001972070518,5.070518,-21.12,128
1968,1001968000000,1001973102040,5.102041,-137.55,128
1969,1001969000000,1001974004236,5.004236,-20.49,128
1970,1001970000000,1001976067357,6.067357,161.03,128
1971,1001971000000,1001976458353,5.458354,-125.73,128
1972,1001972000000,1001976914142,4.914143,-13.66,128
1973,1001973000000,1001978137267,5.137268,95.0,128
1974,1001974000000,1001978010285,4.010286,-75.62,128
1975,1001975000000,1001980428664,5.428665,-201.21,128
1976,1001976000000,1001980248590,4.24859,-36.59,128
1977,1001977000000,1001981722839,4.72284,45.25,128
1978,1001978000000,1001984382638,6.382638,-168.75,128
1979,1001979000000,1001983478695,4.478695,31.69,128
1980,1001980000000,1001984884495,4.884496,-60.18,128
1981,1001981000000,1001985551807,4.551808,90.71,128
1982,1001982000000,1001986330897,4.330897,76.65,128
1983,1001983000000,1001987652732,4.652732,-5.26,128
1984,1001984000000,1001989296874,5.296874,127.04,128
1985,1001985000000,1001990170263,5.170263,106.07,128
1986,1001986000000,1001991523926,5.523927,143.79,128
1987,1001987000000,1001991846735,4.846736,23.21,128
1988,1001988000000,1001992864256,4.864256,137.49,128
1989,1001989000000,1001993742111,4.742111,36.21,128
1990,1001990000000,1001995574238,5.574238,-111.01,128
1991,1001991000000,1001998074285,7.074286,213.11,128
1992,1001992000000,1001998451700,6.451701,-31.17,128
1993,1001993000000,1001997983631,4.983632,20.79,128
1994,1001994000000,1001997973783,3.973783,25.65,128
1995,1001995000000,1002000675084,5.675085,-149.75,128
1996,1001996000000,1002000959846,4.959847,41.5,128
1997,1001997000000,1002002387923,5.387923,-93.01,128
1998,1001998000000,1002003231411,5.231412,-159.07,128
1999,1001999000000,1002003267766,4.267767,90.12,128
2000,1002000000000,1002005009075,5.009075,-72.55,128
2001,1002001000000,1002006388081,5.388082,-109.9,128
2002,1002002000000,1002007107928,5.107929,3.6,128
2003,1002003000000,1002008999926,5.999927,173.07,128
2004,1002004000000,1002008714329,4.71433,-133.57,128
2005,1002005000000,1002009786773,4.786773,-59.23,128
2006,1002006000000,1002010753032,4.753033,126.9,128
2007,1002007000000,1002013224857,6.224858,-145.5,128
2008,1002008000000,1002012979583,4.979583,-223.76,128
2009,1002009000000,1002014404664,5.404665,-11.32,128
2010,1002010000000,1002015130214,5.130215,-18.1,128
2011,1002011000000,1002015597185,4.597186,24.17,128
2012,1002012000000,1002016733104,4.733104,63.54,128
2013,1002013000000,1002017585204,4.585204,-150.92,128
2014,1002014000000,1002018368424,4.368424,-22.24,128
2015,1002015000000,1002019378671,4.378671,112.48,128
2016,1002016000000,1002022405349,6.405349,9.91,128
2017,1002017000000,1002022168085,5.168086,-81.44,128
2018,1002018000000,1002022581239,4.58124,-75.85,128
2019,1002019000000,1002024561579,5.56158,84.13,128
2020,1002020000000,1002024221826,4.221827,-50.87,128
2021,1002021000000,1002025671606,4.671606,28.46,128
2022,1002022000000,1002026922273,4.922273,114.78,128
2023,1002023000000,1002028523422,5.523422,73.93,128
2024,1002024000000,1002029036352,5.036352,-26.43,128
2025,1002025000000,1002029279895,4.279895,-44.88,128
2026,1002026000000,1002031187019,5.18702,121.19,128
2027,1002027000000,1002031346913,4.346914,116.1,128
2028,1002028000000,1002032803251,4.803251,-92.26,128
2029,1002029000000,1002034830827,5.830827,-32.11,128
2030,1002030000000,1002034807594,4.807594,-123.31,128
2031,1002031000000,1002036075728,5.075729,70.63,128
2032,1002032000000,1002036143169,4.143169,102.69,128
2033,1002033000000,1002037800023,4.800023,1.88,128
2034,1002034000000,1002039268984,5.268984,55.41,128
2035,1002035000000,1002040384889,5.384889,-95.51,128
2036,1002036000000,1002040503303,4.503304,173.93,128
2037,1002037000000,1002041695288,4.695288,62.64,128
2038,1002038000000,1002043119069,5.11907,-113.02,128
2039,1002039000000,1002043661681,4.661681,145.68,128
2040,1002040000000,1002044510134,4.510134,-98.55,128
2041,1002041000000,1002046104964,5.104965,3.94,128
2042,1002042000000,1002047568240,5.568241,-98.41,128
2043,1002043000000,1002047902556,4.902556,62.52,128
2044,1002044000000,1002049364985,5.364986,-61.13,128
2045,1002045000000,1002049310974,4.310974,-7.36,128
2046,1002046000000,1002051052694,5.052694,-3.75,128
2047,1002047000000,1002051854729,4.854729,-33.13,128
2048,1002048000000,1002053417789,5.41779,-23.27,128
2049,1002049000000,1002054385741,5.385741,182.08,128
2050,1002050000000,1002054376907,4.376907,139.07,128
2051,1002051000000,1002056009394,5.009395,-84.91,128
2052,1002052000000,1002056881478,4.881478,57.46,128
2053,1002053000000,1002057495026,4.495026,-89.32,128
2054,1002054000000,1002059026088,5.026089,-61.95,128
2055,1002055000000,1002059287388,4.287389,125.51,128
2056,1002056000000,1002060031561,4.031562,46.57,128
2057,1002057000000,1002062853569,5.853569,-201.74,128
2058,1002058000000,1002062490330,4.49033,36.88,128
2059,1002059000000,1002063778529,4.77853,48.19,128
2060,1002060000000,1002064655577,4.655578,13.28,128
2061,1002061000000,1002065191493,4.191494,94.38,128
2062,1002062000000,1002067270870,5.270871,-10.73,128
2063,1002063000000,1002068492467,5.492468,-114.18,128
2064,1002064000000,1002068654359,4.65436,-120.09,128
2065,1002065000000,1002069456643,4.456644,-4.64,128
2066,1002066000000,1002070505137,4.505138,-39.3,128
2067,1002067000000,1002071803239,4.80324,128.88,128
2068,1002068000000,1002073145774,5.145774,117.07,128
2069,1002069000000,1002073730430,4.73043,-154.11,128
2070,1002070000000,1002074445837,4.445838,16.12,128
2071,1002071000000,1002076042183,5.042183,-152.76,128
2072,1002072000000,1002076828788,4.828788,-47.5,128
2073,1002073000000,1002078283309,5.28331,13.31,128
2074,1002074000000,1002078368030,4.368031,-30.89,128
2075,1002075000000,1002080082607,5.082607,-177.54,128
2076,1002076000000,1002080614420,4.614421,10.8,128
2077,1002077000000,1002081818962,4.818963,-47.73,128
2078,1002078000000,1002082910028,4.910028,45.18,128
2079,1002079000000,1002084520303,5.520303,-116.27,128
2080,1002080000000,1002085355147,5.355148,112.96,128
2081,1002081000000,1002085907839,4.907839,145.9,128
2082,1002082000000,1002087506067,5.506068,-51.79,128
2083,1002083000000,1002087534910,4.53491,-305.02,128
2084,1002084000000,1002088935211,4.935211,9.07,128
2085,1002085000000,1002090074365,5.074365,156.75,128
2086,1002086000000,1002091322775,5.322775,-64.04,128
2087,1002087000000,1002092046248,5.046248,58.69,128
2088,1002088000000,1002093346245,5.346246,-141.11,128
2089,1002089000000,1002093996318,4.996319,3.41,128
2090,1002090000000,1002094566989,4.56699,190.02,128
2091,1002091000000,1002096611194,5.611194,85.4,128
2092,1002092000000,1002096293634,4.293635,-48.85,128
2093,1002093000000,1002098177938,5.177939,-98.96,128
2094,1002094000000,1002099081038,5.081039,16.8,128
2095,1002095000000,1002100547719,5.54772,48.13,128
2096,1002096000000,1002101443773,5.443774,108.04,128
2097,1002097000000,1002102080429,5.080429,-41.16,128
2098,1002098000000,1002102595342,4.595342,-0.05,128
2099,1002099000000,1002104374647,5.374648,-27.55,128
2100,1002100000000,1002104934850,4.93485,19.88,128
2101,1002101000000,1002106102841,5.102842,-21.0,128
2102,1002102000000,1002106238197,4.238198,138.22,128
2103,1002103000000,1002108287995,5.287995,27.83,128
2104,1002104000000,1002108965091,4.965092,-54.62,128
2105,1002105000000,1002110482921,5.482921,-144.85,128
2106,1002106000000,1002110773486,4.773487,21.25,128
2107,1002107000000,1002112611759,5.611759,95.06,128
2108,1002108000000,1002112353419,4.35342,14.93,128
2109,1002109000000,1002114608377,5.608378,101.59,128
2110,1002110000000,1002115386604,5.386605,3.65,128
2111,1002111000000,1002116615472,5.615472,80.69,128
2112,1002112000000,1002116746667,4.746667,72.08,128
2113,1002113000000,1002117252399,4.252399,102.99,128
2114,1002114000000,1002119247699,5.2477,278.76,128
2115,1002115000000,1002119808663,4.808664,-52.74,128
2116,1002116000000,1002121655437,5.655438,-111.66,128
2117,1002117000000,1002121572174,4.572174,116.56,128
2118,1002118000000,1002123501329,5.501329,123.11,128
2119,1002119000000,1002124496713,5.496714,88.27,128
2120,1002120000000,1002124487428,4.487428,65.84,128
2121,1002121000000,1002125440248,4.440248,-38.08,128
2122,1002122000000,1002127156153,5.156154,-56.63,128
2123,1002123000000,1002128038481,5.038482,-158.32,128
2124,1002124000000,1002128780631,4.780631,87.25,128
2125,1002125000000,1002131168690,6.16869,-52.05,128
2126,1002126000000,1002130701631,4.701632,178.12,128
2127,1002127000000,1002132137819,5.137819,-221.12,128
2128,1002128000000,1002132211036,4.211036,-40.97,128
2129,1002129000000,1002134441752,5.441753,-61.24,128
2130,1002130000000,1002135146171,5.146172,-110.28,128
2131,1002131000000,1002136493372,5.493372,-59.2,128
2132,1002132000000,1002137456977,5.456977,142.27,128
2133,1002133000000,1002138712713,5.712714,-2.76,128
2134,1002134000000,1002138415385,4.415386,-19.38,128
2135,1002135000000,1002139733568,4.733569,-159.51,128
2136,1002136000000,1002141575240,5.575241,-44.2,128
2137,1002137000000,1002141498405,4.498405,-139.96,128
2138,1002138000000,1002142518302,4.518302,-102.24,128
2139,1002139000000,1002143253371,4.253371,65.6,128
2140,1002140000000,1002144818073,4.818074,30.33,128
2141,1002141000000,1002146438469,5.438469,-63.35,128
2142,1002142000000,1002147419532,5.419533,84.71,128
2143,1002143000000,1002148457173,5.457173,-62.53,128
2144,1002144000000,1002149714386,5.714387,-50.8,128
2145,1002145000000,1002150067123,5.067124,11.72,128
2146,1002146000000,1002150880337,4.880338,-22.84,128
2147,1002147000000,1002151980279,4.980279,32.45,128
2148,1002148000000,1002153069917,5.069918,-50.22,128
2149,1002149000000,1002153457582,4.457583,101.78,128
2150,1002150000000,1002154730213,4.730213,-217.68,128
2151,1002151000000,1002155534376,4.534376,-11.3,128
2152,1002152000000,1002157215728,5.215729,-72.8,128
2153,1002153000000,1002158790840,5.790841,164.8,128
2154,1002154000000,1002158786496,4.786496,23.16,128
2155,1002155000000,1002159829780,4.829781,138.85,128
2156,1002156000000,1002161855814,5.855814,86.88,128
2157,1002157000000,1002162071640,5.071641,147.49,128
2158,1002158000000,1002162609052,4.609052,-83.49,128
2159,1002159000000,1002164829863,5.829863,-20.27,128
2160,1002160000000,1002164792729,4.792729,44.12,128
2161,1002161000000,1002166676462,5.676462,15.27,128
2162,1002162000000,1002167667700,5.6677,-128.66,128
2163,1002163000000,1002168620553,5.620553,46.08,128
2164,1002164000000,1002169052777,5.052777,291.97,128
2165,1002165000000,1002170169755,5.169755,-35.51,128
2166,1002166000000,1002171140406,5.140407,171.97,128
2167,1002167000000,1002171392900,4.3929,-137.46,128
2168,1002168000000,1002172391963,4.391964,-36.95,128
2169,1002169000000,1002173979955,4.979955,19.94,128
2170,1002170000000,1002176096654,6.096654,71.31,128
2171,1002171000000,1002175591919,4.59192,-16.98,128
2172,1002172000000,1002177085276,5.085276,-5.91,128
2173,1002173000000,1002177907886,4.907887,24.88,128
2174,1002174000000,1002178784296,4.784297,-118.57,128
2175,1002175000000,1002180210798,5.210799,-15.44,128
2176,1002176000000,1002181181915,5.181916,-24.47,128
2177,1002177000000,1002182021488,5.021488,-307.03,128
2178,1002178000000,1002183005555,5.005555,-78.01,128
2179,1002179000000,1002184016216,5.016217,-64.56,128
2180,1002180000000,1002184831138,4.831139,50.95,128
2181,1002181000000,1002185662961,4.662962,-29.31,128
2182,1002182000000,1002186873295,4.873295,-24.72,128
2183,1002183000000,1002187857220,4.857221,170.19,128
2184,1002184000000,1002188576114,4.576114,-10.81,128
2185,1002185000000,1002190499787,5.499787,1.25,128
2186,1002186000000,1002191265290,5.265291,-16.56,128
2187,1002187000000,1002191406930,4.40693,-136.05,128
2188,1002188000000,1002193091071,5.091071,-11.31,128
2189,1002189000000,1002193840250,4.84025,132.99,128
2190,1002190000000,1002195053927,5.053927,48.94,128
2191,1002191000000,1002196550539,5.55054,-259.34,128
2192,1002192000000,1002197796354,5.796354,-202.37,128
2193,1002193000000,1002198113022,5.113022,49.48,128
2194,1002194000000,1002199353297,5.353298,82.51,128
2195,1002195000000,1002200747496,5.747497,220.43,128
2196,1002196000000,1002200570926,4.570926,-244.27,128
2197,1002197000000,1002203265510,6.26551,87.42,128
2198,1002198000000,1002202696123,4.696123,67.16,128
2199,1002199000000,1002203680955,4.680955,-126.04,128
2200,1002200000000,1002204805343,4.805344,107.05,128
2201,1002201000000,1002206905333,5.905334,-34.07,128
2202,1002202000000,1002206968425,4.968426,57.55,128
2203,1002203000000,1002208765480,5.765481,34.0,128
2204,1002204000000,1002209443578,5.443579,-161.24,128
2205,1002205000000,1002210400846,5.400847,-86.12,128
2206,1002206000000,1002211165285,5.165286,29.42,128
2207,1002207000000,1002213054557,6.054557,48.82,128
2208,1002208000000,1002212587331,4.587331,-124.87,128
2209,1002209000000,1002213577284,4.577285,36.88,128
2210,1002210000000,1002214675470,4.67547,25.59,128
2211,1002211000000,1002216138992,5.138992,173.41,128
2212,1002212000000,1002216466546,4.466547,-103.73,128
2213,1002213000000,1002218059628,5.059628,5.4,128
2214,1002214000000,1002219437648,5.437648,-2.81,128
2215,1002215000000,1002220289635,5.289636,-61.77,128
2216,1002216000000,1002220482134,4.482134,130.12,128
2217,1002217000000,1002222545319,5.545319,18.31,128
2218,1002218000000,1002222895131,4.895132,152.01,128
2219,1002219000000,1002224023428,5.023428,-33.18,128
2220,1002220000000,1002224461723,4.461724,107.47,128
2221,1002221000000,1002224825095,3.825095,44.82,128
2222,1002222000000,1002226648718,4.648718,37.34,128
2223,1002223000000,1002228210179,5.21018,18.04,128
2224,1002224000000,1002230148421,6.148421,-114.5,128
2225,1002225000000,1002229290015,4.290015,20.28,128
2226,1002226000000,1002230926325,4.926325,40.08,128
2227,1002227000000,1002231470576,4.470576,-37.5,128
2228,1002228000000,1002232632584,4.632584,-8.65,128
2229,1002229000000,1002234160700,5.1607,27.14,128
2230,1002230000000,1002235020225,5.020226,-170.67,128
2231,1002231000000,1002237113893,6.113894,126.5,128
2232,1002232000000,1002237231706,5.231707,44.93,128
2233,1002233000000,1002237667576,4.667577,-37.57,128
2234,1002234000000,1002239251252,5.251253,43.28,128
2235,1002235000000,1002239851937,4.851937,141.34,128
2236,1002236000000,1002241318463,5.318464,327.62,128
2237,1002237000000,1002242394414,5.394414,-5.45,128
2238,1002238000000,1002243177539,5.177539,-5.3,128
2239,1002239000000,1002243359080,4.359081,-128.17,128
2240,1002240000000,1002244572150,4.572151,-125.19,128
2241,1002241000000,1002246615903,5.615904,76.74,128
2242,1002242000000,1002246850526,4.850526,-4.37,128
2243,1002243000000,1002247992852,4.992853,-47.26,128
2244,1002244000000,1002249109267,5.109268,58.1,128
2245,1002245000000,1002250702988,5.702988,-25.73,128
2246,1002246000000,1002251207498,5.207498,166.95,128
2247,1002247000000,1002252385605,5.385605,-124.67,128
2248,1002248000000,1002253007786,5.007787,129.23,128
2249,1002249000000,1002254641954,5.641955,167.4,128
2250,1002250000000,1002255045902,5.045902,39.67,128
2251,1002251000000,1002256491221,5.491221,-1.67,128
2252,1002252000000,1002257581840,5.581841,6.37,128
2253,1002253000000,1002258618479,5.61848,13.52,128
2254,1002254000000,1002259183179,5.18318,39.3,128
2255,1002255000000,1002259695112,4.695112,-52.54,128
2256,1002256000000,1002260932348,4.932349,10.78,128
2257,1002257000000,1002262413823,5.413823,45.38,128
2258,1002258000000,1002262679552,4.679552,41.37,128
2259,1002259000000,1002264034355,5.034356,17.26,128
2260,1002260000000,1002266160604,6.160604,-2.1,128
2261,1002261000000,1002266088536,5.088537,151.66,128
2262,1002262000000,1002267231725,5.231726,-34.67,128
2263,1002263000000,1002268487680,5.48768,-31.09,128
2264,1002264000000,1002269384583,5.384584,32.73,128
2265,1002265000000,1002269147909,4.14791,126.49,128
2266,1002266000000,1002270711624,4.711625,39.27,128
2267,1002267000000,1002272082798,5.082799,169.22,128
2268,1002268000000,1002272939124,4.939125,-84.21,128
2269,1002269000000,1002274682082,5.682083,92.2,128
2270,1002270000000,1002274402689,4.402689,-7.08,128
2271,1002271000000,1002276043895,5.043895,48.41,128
2272,1002272000000,1002277112676,5.112677,25.8,128
2273,1002273000000,1002279183761,6.183761,271.11,128
2274,1002274000000,1002279082901,5.082901,46.94,128
2275,1002275000000,1002280719770,5.71977,-123.16,128
2276,1002276000000,1002281201390,5.201391,108.1,128
2277,1002277000000,1002282437267,5.437268,-53.31,128
2278,1002278000000,1002282989785,4.989785,-43.63,128
2279,1002279000000,1002284666887,5.666887,25.42,128
2280,1002280000000,1002286058633,6.058634,-92.7,128
2281,1002281000000,1002286042391,5.042391,-20.33,128
2282,1002282000000,1002286985254,4.985255,45.97,128
2283,1002283000000,1002287658657,4.658657,108.42,128
2284,1002284000000,1002289085036,5.085036,-60.29,128
2285,1002285000000,1002290290531,5.290532,173.0,128
2286,1002286000000,1002291526656,5.526657,-87.51,128
2287,1002287000000,1002291731342,4.731343,-15.66,128
2288,1002288000000,1002293150216,5.150217,37.94,128
2289,1002289000000,1002293986258,4.986258,84.4,128
2290,1002290000000,1002294495262,4.495262,237.85,128
2291,1002291000000,1002296892440,5.89244,32.28,128
2292,1002292000000,1002296564985,4.564986,21.23,128
2293,1002293000000,1002297453826,4.453827,-5.39,128
2294,1002294000000,1002298593405,4.593405,-146.54,128
2295,1002295000000,1002300291949,5.29195,-116.17,128
2296,1002296000000,1002302322518,6.322518,79.51,128
2297,1002297000000,1002302572069,5.57207,-249.58,128
2298,1002298000000,1002303652123,5.652123,52.99,128
2299,1002299000000,1002303601456,4.601457,-154.22,128
2300,1002300000000,1002304979797,4.979798,74.33,128
2301,1002301000000,1002306705257,5.705258,-6.39,128
2302,1002302000000,1002306647862,4.647863,255.6,128
2303,1002303000000,1002307598913,4.598913,-7.44,128
2304,1002304000000,1002308367190,4.367191,159.92,128
2305,1002305000000,1002309846796,4.846797,-199.34,128
2306,1002306000000,1002311148677,5.148678,174.74,128
2307,1002307000000,1002311959015,4.959015,68.01,128
2308,1002308000000,1002313406931,5.406932,-12.69,128
2309,1002309000000,1002313698651,4.698652,159.15,128
2310,1002310000000,1002314568776,4.568777,22.14,128
2311,1002311000000,1002315409154,4.409155,-110.96,128
2312,1002312000000,1002316949895,4.949895,30.33,128
2313,1002313000000,1002319449736,6.449737,72.35,128
2314,1002314000000,1002319973458,5.973458,-80.51,128
2315,1002315000000,1002321093836,6.093837,-62.85,128
2316,1002316000000,1002321254844,5.254844,160.39,128
2317,1002317000000,1002321887799,4.8878,-33.18,128
2318,1002318000000,1002322441078,4.441078,-48.14,128
2319,1002319000000,1002324511896,5.511896,79.14,128
2320,1002320000000,1002325123628,5.123629,102.96,128
2321,1002321000000,1002326040037,5.040037,-34.44,128
2322,1002322000000,1002326809257,4.809257,46.72,128
2323,1002323000000,1002328241208,5.241209,8.84,128
2324,1002324000000,1002329628375,5.628376,1.19,128
2325,1002325000000,1002329579541,4.579541,-88.02,128
2326,1002326000000,1002330412806,4.412806,10.08,128
2327,1002327000000,1002332118689,5.118689,198.74,128
2328,1002328000000,1002333286688,5.286689,-169.69,128
2329,1002329000000,1002333726292,4.726292,-31.29,128
2330,1002330000000,1002334965864,4.965864,59.68,128
2331,1002331000000,1002336549127,5.549127,-24.7,128
2332,1002332000000,1002338502548,6.502549,-27.31,128
2333,1002333000000,1002338014905,5.014905,-39.28,128
2334,1002334000000,1002339899107,5.899107,-40.75,128
2335,1002335000000,1002339833392,4.833392,34.98,128
2336,1002336000000,1002340913734,4.913734,-7.69,128
2337,1002337000000,1002342003964,5.003964,104.35,128
2338,1002338000000,1002343434732,5.434732,118.11,128
2339,1002339000000,1002344411243,5.411243,-92.01,128
2340,1002340000000,1002344711079,4.711079,78.91,128
2341,1002341000000,1002345989061,4.989061,-30.68,128
2342,1002342000000,1002346455486,4.455486,-63.68,128
2343,1002343000000,1002348114399,5.1144,24.77,128
2344,1002344000000,1002349565667,5.565667,-133.51,128
2345,1002345000000,1002350577763,5.577764,21.43,128
2346,1002346000000,1002350321320,4.32132,-99.18,128
2347,1002347000000,1002352129112,5.129113,36.99,128
2348,1002348000000,1002353448680,5.44868,75.07,128
2349,1002349000000,1002354154868,5.154869,-35.93,128
2350,1002350000000,1002355860224,5.860224,17.67,128
2351,1002351000000,1002356138182,5.138182,-75.89,128
2352,1002352000000,1002357148790,5.14879,-52.75,128
2353,1002353000000,1002357400539,4.400539,-148.15,128
2354,1002354000000,1002359784414,5.784415,-39.36,128
2355,1002355000000,1002360035460,5.03546,-150.18,128
2356,1002356000000,1002361051059,5.051059,-37.26,128
2357,1002357000000,1002361379263,4.379264,-43.5,128
2358,1002358000000,1002362198749,4.19875,-46.8,128
2359,1002359000000,1002363274829,4.27483,97.68,128
2360,1002360000000,1002364840444,4.840445,3.79,128
2361,1002361000000,1002366119790,5.119791,-150.02,128
2362,1002362000000,1002367384653,5.384653,41.35,128
2363,1002363000000,1002367154822,4.154823,-71.1,128
2364,1002364000000,1002368496306,4.496307,-71.07,128
2365,1002365000000,1002370694525,5.694525,-203.44,128
2366,1002366000000,1002371782756,5.782757,-68.12,128
2367,1002367000000,1002371301951,4.301952,-70.23,128
2368,1002368000000,1002372736831,4.736831,94.09,128
2369,1002369000000,1002374353236,5.353236,173.79,128
2370,1002370000000,1002374734029,4.734029,-73.46,128
2371,1002371000000,1002375773689,4.77369,178.48,128
2372,1002372000000,1002377645885,5.645886,38.82,128
2373,1002373000000,1002377872756,4.872757,41.9,128
2374,1002374000000,1002378641962,4.641963,-24.52,128
2375,1002375000000,1002380863019,5.86302,-62.69,128
2376,1002376000000,1002380959757,4.959757,-98.88,128
2377,1002377000000,1002381111149,4.111149,140.78,128
2378,1002378000000,1002383886418,5.886418,109.99,128
2379,1002379000000,1002383549628,4.549628,-258.54,128
2380,1002380000000,1002385246851,5.246851,-14.73,128
2381,1002381000000,1002386204061,5.204062,17.96,128
2382,1002382000000,1002386688521,4.688521,40.9,128
2383,1002383000000,1002387735638,4.735638,-85.2,128
2384,1002384000000,1002389586168,5.586169,19.7,128
2385,1002385000000,1002389962254,4.962255,-51.31,128
2386,1002386000000,1002390919312,4.919313,52.48,128
2387,1002387000000,1002391894317,4.894317,15.02,128
2388,1002388000000,1002392492559,4.492559,39.31,128
2389,1002389000000,1002394518819,5.518819,53.14,128
2390,1002390000000,1002394477027,4.477028,-51.89,128
2391,1002391000000,1002396554842,5.554843,189.39,128
2392,1002392000000,1002397091699,5.091699,138.1,128
2393,1002393000000,1002398107174,5.107175,-7.39,128
2394,1002394000000,1002399457887,5.457888,-142.99,128
2395,1002395000000,1002400227468,5.227468,55.42,128
2396,1002396000000,1002401085582,5.085582,-77.21,128
2397,1002397000000,1002402325798,5.325799,27.66,128
2398,1002398000000,1002402545057,4.545057,-147.74,128
2399,1002399000000,1002403990798,4.990799,77.75,128
2400,1002400000000,1002405687888,5.687888,-4.65,128
2401,1002401000000,1002405623100,4.623101,-0.41,128
2402,1002402000000,1002407974829,5.97483,145.47,128
2403,1002403000000,1002407956733,4.956734,11.18,128
2404,1002404000000,1002408675372,4.675373,24.97,128
2405,1002405000000,1002409815220,4.81522,78.77,128
2406,1002406000000,1002410661167,4.661168,41.34,128
2407,1002407000000,1002412334137,5.334138,-85.29,128
2408,1002408000000,1002412519622,4.519622,210.0,128
2409,1002409000000,1002414211778,5.211779,-58.59,128
2410,1002410000000,1002415096866,5.096866,104.05,128
2411,1002411000000,1002415908395,4.908396,125.5,128
2412,1002412000000,1002416719295,4.719296,244.66,128
2413,1002413000000,1002417917226,4.917226,40.28,128
2414,1002414000000,1002419070265,5.070265,-44.27,128
2415,1002415000000,1002419669909,4.669909,264.09,128
2416,1002416000000,1002421001019,5.00102,-68.9,128
2417,1002417000000,1002423326014,6.326015,189.35,128
2418,1002418000000,1002423712165,5.712165,-11.48,128
2419,1002419000000,1002424113456,5.113457,-25.12,128
2420,1002420000000,1002424627558,4.627559,78.04,128
2421,1002421000000,1002426833546,5.833546,51.71,128
2422,1002422000000,1002427248636,5.248637,43.4,128
2423,1002423000000,1002427936802,4.936803,77.63,128
2424,1002424000000,1002429046626,5.046627,-16.97,128
2425,1002425000000,1002430540787,5.540788,-14.25,128
2426,1002426000000,1002430153023,4.153023,156.82,128
2427,1002427000000,1002431947827,4.947828,33.52,128
2428,1002428000000,1002432505630,4.505631,-56.54,128
2429,1002429000000,1002433635223,4.635223,146.84,128
2430,1002430000000,1002435554814,5.554815,78.89,128
2431,1002431000000,1002436421644,5.421645,-32.84,128
2432,1002432000000,1002437800071,5.800071,-114.13,128
2433,1002433000000,1002438425850,5.42585,-101.54,128
2434,1002434000000,1002439570512,5.570512,-39.68,128
2435,1002435000000,1002439700138,4.700139,-16.29,128
2436,1002436000000,1002441136710,5.13671,-86.87,128
2437,1002437000000,1002442423108,5.423109,-212.04,128
2438,1002438000000,1002442873654,4.873655,-52.37,128
2439,1002439000000,1002444279833,5.279833,101.45,128
2440,1002440000000,1002443829810,3.82981,47.54,128
2441,1002441000000,1002445550473,4.550474,3.84,128
2442,1002442000000,1002447104434,5.104435,58.44,128
2443,1002443000000,1002448307790,5.307791,-126.86,128
2444,1002444000000,1002448691294,4.691294,-147.09,128
2445,1002445000000,1002450640144,5.640144,3.29,128
2446,1002446000000,1002450329787,4.329787,13.04,128
2447,1002447000000,1002451615944,4.615944,-110.81,128
2448,1002448000000,1002452812919,4.812919,154.05,128
2449,1002449000000,1002453433713,4.433713,89.06,128
2450,1002450000000,1002454765528,4.765528,77.9,128
2451,1002451000000,1002457183026,6.183027,134.04,128
2452,1002452000000,1002457630768,5.630769,-193.55,128
2453,1002453000000,1002458152506,5.152506,144.27,128
2454,1002454000000,1002457860844,3.860844,-65.43,128
2455,1002455000000,1002460291784,5.291785,24.59,128
2456,1002456000000,1002461300848,5.300848,-72.9,128
2457,1002457000000,1002461349286,4.349286,-23.42,128
2458,1002458000000,1002462394344,4.394344,-42.45,128
2459,1002459000000,1002463913175,4.913175,3.58,128
2460,1002460000000,1002464405750,4.405751,37.57,128
2461,1002461000000,1002466361978,5.361978,87.59,128
2462,1002462000000,1002466389868,4.389869,-151.19,128
2463,1002463000000,1002467545780,4.545781,-7.03,128
2464,1002464000000,1002468387839,4.38784,-67.48,128
2465,1002465000000,1002470477588,5.477589,-147.59,128
2466,1002466000000,1002470819719,4.819719,-22.49,128
2467,1002467000000,1002471859790,4.85979,-31.29,128
2468,1002468000000,1002473989438,5.989438,38.22,128
2469,1002469000000,1002474433600,5.433601,72.28,128
2470,1002470000000,1002475307116,5.307117,-198.92,128
2471,1002471000000,1002475863389,4.863389,-56.31,128
2472,1002472000000,1002477987250,5.98725,14.08,128
2473,1002473000000,1002478240505,5.240505,132.77,128
2474,1002474000000,1002479254537,5.254537,36.69,128
2475,1002475000000,1002480664119,5.66412,-131.58,128
2476,1002476000000,1002480974097,4.974098,-24.94,128
2477,1002477000000,1002481832126,4.832127,-104.19,128
2478,1002478000000,1002483552654,5.552655,26.96,128
2479,1002479000000,1002483612323,4.612323,-19.91,128
2480,1002480000000,1002484967204,4.967205,-116.22,128
2481,1002481000000,1002486606604,5.606605,-65.05,128
2482,1002482000000,1002486241246,4.241247,46.46,128
2483,1002483000000,1002487973313,4.973313,103.74,128
2484,1002484000000,1002488913502,4.913502,113.15,128
2485,1002485000000,1002489721932,4.721932,-175.99,128
2486,1002486000000,1002490964107,4.964107,-93.69,128
2487,1002487000000,1002491066658,4.066658,-131.7,128
2488,1002488000000,1002492674181,4.674182,85.48,128
2489,1002489000000,1002493897018,4.897019,8.61,128
2490,1002490000000,1002495110696,5.110696,-23.76,128
2491,1002491000000,1002496269037,5.269038,-46.26,128
2492,1002492000000,1002497091596,5.091597,-124.3,128
2493,1002493000000,1002497751364,4.751365,-39.74,128
2494,1002494000000,1002498995473,4.995473,74.23,128
2495,1002495000000,1002499275698,4.275698,193.09,128
2496,1002496000000,1002501289561,5.289562,-126.57,128
2497,1002497000000,1002501346792,4.346792,31.37,128
2498,1002498000000,1002503681993,5.681993,-7.31,128
2499,1002499000000,1002503746683,4.746684,46.42,128
2500,1002500000000,1002504960636,4.960637,-18.52,128
2501,1002501000000,1002505424847,4.424847,62.9,128
2502,1002502000000,1002507104639,5.104639,18.81,128
2503,1002503000000,1002508116592,5.116592,64.43,128
2504,1002504000000,1002509106558,5.106559,-32.87,128
2505,1002505000000,1002509860145,4.860145,98.02,128
2506,1002506000000,1002511171153,5.171154,-37.67,128
2507,1002507000000,1002511869815,4.869815,61.72,128
2508,1002508000000,1002513339366,5.339366,52.41,128
2509,1002509000000,1002513269126,4.269127,9.69,128
2510,1002510000000,1002515083311,5.083311,3.48,128
2511,1002511000000,1002516410361,5.410361,-50.27,128
2512,1002512000000,1002517663283,5.663284,-63.98,128
2513,1002513000000,1002517971317,4.971317,120.49,128
2514,1002514000000,1002519117087,5.117087,-32.28,128
2515,1002515000000,1002519719664,4.719665,18.21,128
2516,1002516000000,1002520806174,4.806175,-223.8,128
2517,1002517000000,1002521507254,4.507254,73.27,128
2518,1002518000000,1002523339088,5.339089,180.79,128
2519,1002519000000,1002524408337,5.408338,83.56,128
2520,1002520000000,1002524731881,4.731881,57.43,128
2521,1002521000000,1002525722825,4.722826,126.2,128
2522,1002522000000,1002526309077,4.309077,225.89,128
2523,1002523000000,1002528904654,5.904655,-70.18,128
2524,1002524000000,1002528316174,4.316175,184.36,128
2525,1002525000000,1002529206014,4.206014,-85.07,128
2526,1002526000000,1002531076058,5.076059,-79.67,128
2527,1002527000000,1002532706630,5.706631,41.16,128
2528,1002528000000,1002532447942,4.447942,-94.66,128
2529,1002529000000,1002534130340,5.13034,149.38,128
2530,1002530000000,1002534997973,4.997973,175.43,128
2531,1002531000000,1002535655035,4.655035,188.15,128
2532,1002532000000,1002537083854,5.083854,-3.67,128
2533,1002533000000,1002538136365,5.136366,94.67,128
2534,1002534000000,1002538779941,4.779942,-46.25,128
2535,1002535000000,1002539311399,4.3114,-150.03,128
2536,1002536000000,1002540132877,4.132878,145.36,128
2537,1002537000000,1002541563535,4.563536,86.37,128
2538,1002538000000,1002542681827,4.681828,-26.63,128
2539,1002539000000,1002543379126,4.379126,-60.67,128
2540,1002540000000,1002545325914,5.325914,5.33,128
2541,1002541000000,1002545141300,4.1413,-40.2,128
2542,1002542000000,1002546846998,4.846998,189.54,128
2543,1002543000000,1002548121751,5.121752,-17.59,128
2544,1002544000000,1002547978364,3.978365,-199.96,128
2545,1002545000000,1002549966283,4.966284,-92.71,128
2546,1002546000000,1002551369085,5.369086,174.21,128
2547,1002547000000,1002553372903,6.372903,-28.53,128
2548,1002548000000,1002552381512,4.381513,168.56,128
2549,1002549000000,1002554098858,5.098858,-101.91,128
2550,1002550000000,1002555528832,5.528833,-79.26,128
2551,1002551000000,1002556307558,5.307558,45.0,128
2552,1002552000000,1002557279082,5.279083,13.83,128
2553,1002553000000,1002559037679,6.037679,76.87,128
2554,1002554000000,1002558980324,4.980325,-22.89,128
2555,1002555000000,1002560180071,5.180071,-12.83,128
2556,1002556000000,1002560472640,4.47264,50.72,128
2557,1002557000000,1002562655575,5.655576,166.61,128
2558,1002558000000,1002562682022,4.682022,-23.24,128
2559,1002559000000,1002563962720,4.962721,-182.26,128
2560,1002560000000,1002564600823,4.600824,49.2,128
2561,1002561000000,1002566176185,5.176185,-13.76,128
2562,1002562000000,1002567435087,5.435088,165.73,128
2563,1002563000000,1002568000084,5.000085,-62.51,128
2564,1002564000000,1002569369563,5.369564,-124.16,128
2565,1002565000000,1002569748038,4.748039,41.6,128
2566,1002566000000,1002570889001,4.889001,-112.08,128
2567,1002567000000,1002572152803,5.152804,-99.62,128
2568,1002568000000,1002573148157,5.148157,144.36,128
2569,1002569000000,1002573926624,4.926624,-41.47,128
2570,1002570000000,1002575205394,5.205395,96.7,128
2571,1002571000000,1002576419957,5.419958,-91.48,128
2572,1002572000000,1002577930758,5.930758,-20.1,128
2573,1002573000000,1002578478231,5.478231,-10.77,128
2574,1002574000000,1002578001098,4.001098,53.63,128
2575,1002575000000,1002579571097,4.571097,1.59,128
2576,1002576000000,1002580620618,4.620619,99.91,128
2577,1002577000000,1002582128390,5.128391,36.9,128
2578,1002578000000,1002582788223,4.788223,-36.98,128
2579,1002579000000,1002584865354,5.865354,-72.2,128
2580,1002580000000,1002585291652,5.291652,-2.82,128
2581,1002581000000,1002586773568,5.773568,-81.41,128
2582,1002582000000,1002586533428,4.533428,16.5,128
2583,1002583000000,1002587848202,4.848202,235.48,128
2584,1002584000000,1002589284541,5.284542,-120.32,128
2585,1002585000000,1002589778583,4.778583,31.24,128
2586,1002586000000,1002591134946,5.134946,-200.8,128
2587,1002587000000,1002592028737,5.028737,-42.53,128
2588,1002588000000,1002592140406,4.140407,-141.98,128
2589,1002589000000,1002594696580,5.69658,-73.33,128
2590,1002590000000,1002595254079,5.25408,31.22,128
2591,1002591000000,1002595551840,4.551841,-58.43,128
2592,1002592000000,1002596633035,4.633036,-14.37,128
2593,1002593000000,1002598498626,5.498627,-146.44,128
2594,1002594000000,1002598782457,4.782458,23.76,128
2595,1002595000000,1002600032439,5.03244,-4.59,128
2596,1002596000000,1002601595475,5.595475,42.47,128
2597,1002597000000,1002601900055,4.900055,36.77,128
2598,1002598000000,1002602976802,4.976802,46.35,128
2599,1002599000000,1002603730814,4.730814,125.29,128
2600,1002600000000,1002604564823,4.564824,-42.46,128
2601,1002601000000,1002604728549,3.728549,47.39,128
2602,1002602000000,1002606655158,4.655159,-29.76,128
2603,1002603000000,1002608564494,5.564494,62.05,128
2604,1002604000000,1002609202015,5.202015,-32.9,128
2605,1002605000000,1002610106068,5.106069,-101.3,128
2606,1002606000000,1002611212495,5.212496,34.04,128
2607,1002607000000,1002611167495,4.167495,132.21,128
2608,1002608000000,1002613831291,5.831292,6.01,128
2609,1002609000000,1002613073667,4.073667,101.26,128
2610,1002610000000,1002614982433,4.982433,21.86,128
2611,1002611000000,1002615602755,4.602756,45.34,128
2612,1002612000000,1002616681317,4.681317,49.68,128
2613,1002613000000,1002617643189,4.643189,30.23,128
2614,1002614000000,1002619127355,5.127355,90.3,128
2615,1002615000000,1002620160406,5.160407,-189.26,128
2616,1002616000000,1002621690785,5.690785,132.04,128
2617,1002617000000,1002622532035,5.532036,47.76,128
2618,1002618000000,1002623004123,5.004124,-71.42,128
2619,1002619000000,1002624294705,5.294706,-19.89,128
2620,1002620000000,1002625189598,5.189598,67.07,128
2621,1002621000000,1002626307484,5.307485,-23.49,128
2622,1002622000000,1002628210786,6.210787,-47.2,128
2623,1002623000000,1002628745722,5.745723,-62.68,128
2624,1002624000000,1002628098148,4.098149,-31.81,128
2625,1002625000000,1002629326378,4.326379,-17.15,128
2626,1002626000000,1002631580985,5.580986,69.19,128
2627,1002627000000,1002631518358,4.518359,23.13,128
2628,1002628000000,1002632108117,4.108117,-126.78,128
2629,1002629000000,1002634355564,5.355565,37.0,128
2630,1002630000000,1002635703218,5.703218,-43.74,128
2631,1002631000000,1002636878507,5.878507,-6.26,128
2632,1002632000000,1002636160455,4.160456,-83.92,128
2633,1002633000000,1002638546255,5.546255,-141.0,128
2634,1002634000000,1002639128735,5.128736,-42.85,128
2635,1002635000000,1002639379112,4.379113,-136.65,128
2636,1002636000000,1002640826348,4.826349,65.1,128
2637,1002637000000,1002641536591,4.536592,78.71,128
2638,1002638000000,1002643153904,5.153905,-59.82,128
2639,1002639000000,1002644353428,5.353428,131.04,128
2640,1002640000000,1002644784446,4.784447,-118.83,128
2641,1002641000000,1002646434986,5.434987,74.15,128
2642,1002642000000,1002646152589,4.15259,-132.86,128
2643,1002643000000,1002648441644,5.441645,58.77,128
2644,1002644000000,1002648961989,4.961989,37.87,128
2645,1002645000000,1002650586511,5.586511,-83.26,128
2646,1002646000000,1002650984722,4.984722,-61.12,128
2647,1002647000000,1002652143530,5.143531,-64.36,128
2648,1002648000000,1002652901377,4.901378,-287.9,128
2649,1002649000000,1002653607441,4.607442,-121.33,128
2650,1002650000000,1002654848376,4.848376,79.46,128
2651,1002651000000,1002655277701,4.277701,-127.31,128
2652,1002652000000,1002656764074,4.764075,69.05,128
2653,1002653000000,1002657831612,4.831612,-21.62,128
2654,1002654000000,1002659201453,5.201454,-63.88,128
2655,1002655000000,1002660570585,5.570585,14.87,128
2656,1002656000000,1002660880475,4.880476,-139.3,128
2657,1002657000000,1002661601336,4.601336,-108.7,128
2658,1002658000000,1002662293591,4.293591,112.31,128
2659,1002659000000,1002664350141,5.350142,-59.29,128
2660,1002660000000,1002665033491,5.033492,24.89,128
2661,1002661000000,1002665714887,4.714888,-103.15,128
2662,1002662000000,1002666619883,4.619884,16.32,128
2663,1002663000000,1002667576383,4.576383,-51.7,128
2664,1002664000000,1002668883078,4.883079,-63.97,128
2665,1002665000000,1002669155057,4.155057,-74.76,128
2666,1002666000000,1002671424132,5.424132,74.75,128
2667,1002667000000,1002671648266,4.648267,-71.71,128
2668,1002668000000,1002674301220,6.301221,39.44,128
2669,1002669000000,1002674247190,5.24719,-21.56,128
2670,1002670000000,1002675611019,5.61102,-103.27,128
2671,1002671000000,1002675814083,4.814084,-119.92,128
2672,1002672000000,1002676954548,4.954548,-52.15,128
2673,1002673000000,1002678412890,5.412891,44.87,128
2674,1002674000000,1002678671306,4.671307,44.21,128
2675,1002675000000,1002680182036,5.182037,143.56,128
2676,1002676000000,1002680480744,4.480745,-2.02,128
2677,1002677000000,1002681420405,4.420405,124.76,128
2678,1002678000000,1002682171609,4.17161,203.19,128
2679,1002679000000,1002683831646,4.831646,-22.78,128
2680,1002680000000,1002686265128,6.265129,-37.57,128
2681,1002681000000,1002686937873,5.937874,-8.16,128
2682,1002682000000,1002687517834,5.517835,-183.2,128
2683,1002683000000,1002687657474,4.657475,-23.57,128
2684,1002684000000,1002688944232,4.944232,-62.5,128
2685,1002685000000,1002690749073,5.749074,100.51,128
2686,1002686000000,1002691687042,5.687042,-69.32,128
2687,1002687000000,1002691658937,4.658938,57.12,128
2688,1002688000000,1002692657737,4.657737,53.9,128
2689,1002689000000,1002694118050,5.118051,-21.12,128
2690,1002690000000,1002695246188,5.246188,174.31,128
2691,1002691000000,1002696180055,5.180056,30.92,128
2692,1002692000000,1002696766138,4.766139,-99.29,128
2693,1002693000000,1002697860149,4.860149,13.06,128
2694,1002694000000,1002699987186,5.987187,-12.02,128
2695,1002695000000,1002700105505,5.105506,-60.24,128
2696,1002696000000,1002701411645,5.411646,41.75,128
2697,1002697000000,1002701643887,4.643887,-0.08,128
2698,1002698000000,1002703418979,5.41898,-33.14,128
2699,1002699000000,1002704952431,5.952432,57.13,128
2700,1002700000000,1002704772646,4.772647,-11.28,128
2701,1002701000000,1002705979148,4.979149,71.44,128
2702,1002702000000,1002706529495,4.529495,35.13,128
2703,1002703000000,1002708277209,5.27721,54.12,128
2704,1002704000000,1002708586047,4.586048,72.48,128
2705,1002705000000,1002709561909,4.56191,23.16,128
2706,1002706000000,1002710202474,4.202475,-54.61,128
2707,1002707000000,1002711510366,4.510366,67.43,128
2708,1002708000000,1002713266667,5.266667,3.73,128
2709,1002709000000,1002714412595,5.412596,13.95,128
2710,1002710000000,1002715098704,5.098704,-160.8,128
2711,1002711000000,1002715969287,4.969288,-175.8,128
2712,1002712000000,1002716860052,4.860053,50.67,128
2713,1002713000000,1002717622523,4.622524,-153.53,128
2714,1002714000000,1002719017885,5.017886,-130.37,128
2715,1002715000000,1002720849155,5.849156,-155.77,128
2716,1002716000000,1002721154864,5.154864,69.77,128
2717,1002717000000,1002720848349,3.848349,-67.23,128
2718,1002718000000,1002722023977,4.023978,-59.01,128
2719,1002719000000,1002724630704,5.630705,104.82,128
2720,1002720000000,1002724533229,4.53323,-17.41,128
2721,1002721000000,1002727363237,6.363238,72.54,128
2722,1002722000000,1002726507837,4.507837,156.36,128
2723,1002723000000,1002728281134,5.281134,-106.28,128
2724,1002724000000,1002728373351,4.373352,162.29,128
2725,1002725000000,1002729570699,4.570699,113.62,128
2726,1002726000000,1002731412084,5.412085,34.42,128
2727,1002727000000,1002732558746,5.558746,90.5,128
2728,1002728000000,1002732494803,4.494803,10.21,128
2729,1002729000000,1002733436621,4.436622,134.3,128
2730,1002730000000,1002735113922,5.113922,-123.56,128
2731,1002731000000,1002736289435,5.289436,-107.13,128
2732,1002732000000,1002737154055,5.154056,-4.06,128
2733,1002733000000,1002738330086,5.330086,65.15,128
2734,1002734000000,1002738692473,4.692473,54.65,128
2735,1002735000000,1002740003346,5.003346,-63.91,128
2736,1002736000000,1002740836244,4.836244,98.16,128
2737,1002737000000,1002741768120,4.76812,93.91,128
2738,1002738000000,1002743233808,5.233808,-111.7,128
2739,1002739000000,1002744475726,5.475727,20.66,128
2740,1002740000000,1002745152302,5.152303,80.86,128
2741,1002741000000,1002745738549,4.73855,-37.16,128
2742,1002742000000,1002747084160,5.084161,-123.28,128
2743,1002743000000,1002747985054,4.985055,259.36,128
2744,1002744000000,1002748668791,4.668792,-75.75,128
2745,1002745000000,1002749354617,4.354618,49.84,128
2746,1002746000000,1002751593192,5.593193,182.89,128
2747,1002747000000,1002752288925,5.288926,159.76,128
2748,1002748000000,1002753399304,5.399304,67.3,128
2749,1002749000000,1002754524850,5.52485,-118.44,128
2750,1002750000000,1002754792825,4.792825,14.49,128
2751,1002751000000,1002756275792,5.275792,138.64,128
2752,1002752000000,1002758517307,6.517308,-6.14,128
2753,1002753000000,1002758818285,5.818286,-103.83,128
2754,1002754000000,1002759656825,5.656826,37.29,128
2755,1002755000000,1002760970898,5.970899,151.81,128
2756,1002756000000,1002761122188,5.122188,-18.68,128
2757,1002757000000,1002761571718,4.571719,3.36,128
2758,1002758000000,1002762782925,4.782926,-60.28,128
2759,1002759000000,1002764637098,5.637099,-22.88,128
2760,1002760000000,1002764559051,4.559051,88.17,128
2761,1002761000000,1002765812147,4.812148,149.06,128
2762,1002762000000,1002766692720,4.69272,66.47,128
2763,1002763000000,1002768237683,5.237684,-95.94,128
2764,1002764000000,1002769094673,5.094674,163.89,128
2765,1002765000000,1002769453379,4.45338,5.15,128
2766,1002766000000,1002770707390,4.70739,90.16,128
2767,1002767000000,1002771889449,4.889449,-105.17,128
2768,1002768000000,1002773711220,5.71122,168.22,128
2769,1002769000000,1002774505747,5.505748,37.83,128
2770,1002770000000,1002775210930,5.21093,61.41,128
2771,1002771000000,1002776016876,5.016876,136.53,128
2772,1002772000000,1002776721341,4.721342,-64.6,128
2773,1002773000000,1002778572232,5.572232,76.68,128
2774,1002774000000,1002778324374,4.324375,23.36,128
2775,1002775000000,1002779657845,4.657845,19.96,128
2776,1002776000000,1002780388410,4.388411,-133.71,128
2777,1002777000000,1002782716114,5.716115,-43.61,128
2778,1002778000000,1002783253655,5.253655,-44.49,128
2779,1002779000000,1002784388509,5.388509,179.71,128
2780,1002780000000,1002784339154,4.339154,-64.23,128
2781,1002781000000,1002785838227,4.838227,-106.14,128
2782,1002782000000,1002786892247,4.892247,61.23,128
2783,1002783000000,1002788102742,5.102742,-49.7,128
2784,1002784000000,1002788267981,4.267982,-38.24,128
2785,1002785000000,1002790981040,5.981041,143.92,128
2786,1002786000000,1002791588581,5.588581,-67.54,128
2787,1002787000000,1002791653497,4.653497,-113.42,128
2788,1002788000000,1002793070164,5.070164,95.89,128
2789,1002789000000,1002793769245,4.769246,-211.08,128
2790,1002790000000,1002794929129,4.929129,70.85,128
2791,1002791000000,1002795544769,4.54477,-34.3,128
2792,1002792000000,1002796417865,4.417866,22.79,128
2793,1002793000000,1002798355841,5.355841,23.45,128
2794,1002794000000,1002799047162,5.047162,-49.59,128
2795,1002795000000,1002800458538,5.458539,-82.79,128
2796,1002796000000,1002800994233,4.994233,52.87,128
2797,1002797000000,1002802027240,5.027241,9.05,128
2798,1002798000000,1002802471922,4.471922,-73.23,128
2799,1002799000000,1002804057950,5.05795,54.9,128
2800,1002800000000,1002806053517,6.053517,-121.61,128
2801,1002801000000,1002805660107,4.660107,51.35,128
2802,1002802000000,1002807236180,5.236181,120.26,128
2803,1002803000000,1002809273326,6.273326,-106.07,128
2804,1002804000000,1002808880434,4.880435,-26.37,128
2805,1002805000000,1002810736973,5.736974,-68.84,128
2806,1002806000000,1002811500293,5.500294,17.49,128
2807,1002807000000,1002811860732,4.860732,113.18,128
2808,1002808000000,1002812781673,4.781674,220.41,128
2809,1002809000000,1002814016722,5.016722,-101.57,128
2810,1002810000000,1002815493149,5.49315,95.06,128
2811,1002811000000,1002814903479,3.903479,-89.85,128
2812,1002812000000,1002816804396,4.804397,-102.92,128
2813,1002813000000,1002818454720,5.45472,-75.85,128
2814,1002814000000,1002818904333,4.904333,-38.62,128
2815,1002815000000,1002819989877,4.989878,-124.08,128
2816,1002816000000,1002820978588,4.978588,40.66,128
2817,1002817000000,1002822563647,5.563648,102.39,128
2818,1002818000000,1002823341727,5.341727,66.98,128
2819,1002819000000,1002823838561,4.838562,-210.56,128
2820,1002820000000,1002825241824,5.241825,-67.54,128
2821,1002821000000,1002825589583,4.589583,48.28,128
2822,1002822000000,1002827004544,5.004544,27.85,128
2823,1002823000000,1002828264512,5.264512,46.92,128
2824,1002824000000,1002828328316,4.328316,-61.48,128
2825,1002825000000,1002829762564,4.762565,97.87,128
2826,1002826000000,1002830573878,4.573879,23.08,128
2827,1002827000000,1002831755008,4.755008,-74.37,128
2828,1002828000000,1002832826392,4.826392,68.86,128
2829,1002829000000,1002834328001,5.328002,-2.21,128
2830,1002830000000,1002835423367,5.423367,135.16,128
2831,1002831000000,1002836287790,5.28779,-139.67,128
2832,1002832000000,1002837404472,5.404473,94.48,128
2833,1002833000000,1002838521350,5.52135,-25.49,128
2834,1002834000000,1002838696090,4.696091,-47.16,128
2835,1002835000000,1002840251790,5.251791,-164.07,128
2836,1002836000000,1002841639620,5.63962,-42.82,128
2837,1002837000000,1002842628649,5.628649,-55.06,128
2838,1002838000000,1002843560878,5.560879,62.21,128
2839,1002839000000,1002844725830,5.72583,-16.16,128
2840,1002840000000,1002846007140,6.00714,-147.94,128
2841,1002841000000,1002847646226,6.646227,-70.88,128
2842,1002842000000,1002847468138,5.468139,-2.51,128
2843,1002843000000,1002848217222,5.217223,104.1,128
2844,1002844000000,1002849762129,5.762129,37.84,128
2845,1002845000000,1002849656519,4.65652,-86.24,128
2846,1002846000000,1002851084040,5.08404,76.45,128
2847,1002847000000,1002851933942,4.933942,107.17,128
2848,1002848000000,1002852556176,4.556176,-61.23,128
2849,1002849000000,1002853241794,4.241795,6.51,128
2850,1002850000000,1002855026341,5.026341,-6.82,128
2851,1002851000000,1002855040765,4.040765,146.11,128
2852,1002852000000,1002857026753,5.026754,145.08,128
2853,1002853000000,1002858612336,5.612336,-48.53,128
2854,1002854000000,1002859544462,5.544462,95.03,128
2855,1002855000000,1002860804439,5.804439,94.0,128
2856,1002856000000,1002860635494,4.635494,-13.7,128
2857,1002857000000,1002861684157,4.684158,-35.29,128
2858,1002858000000,1002862783581,4.783581,-14.7,128
2859,1002859000000,1002863462714,4.462715,42.76,128
2860,1002860000000,1002863598295,3.598296,-122.66,128
2861,1002861000000,1002865422284,4.422284,-10.88,128
2862,1002862000000,1002866910942,4.910943,-64.74,128
2863,1002863000000,1002867986583,4.986584,-17.27,128
2864,1002864000000,1002869933435,5.933435,-2.02,128
2865,1002865000000,1002869516478,4.516478,-111.8,128
2866,1002866000000,1002871878082,5.878082,89.0,128
2867,1002867000000,1002872562042,5.562043,103.1,128
2868,1002868000000,1002873103052,5.103052,105.66,128
2869,1002869000000,1002873522294,4.522294,-118.91,128
2870,1002870000000,1002874879064,4.879065,-24.76,128
2871,1002871000000,1002875585248,4.585249,60.4,128
2872,1002872000000,1002878208461,6.208462,-42.83,128
2873,1002873000000,1002877715998,4.715998,-4.06,128
2874,1002874000000,1002878575744,4.575744,28.11,128
2875,1002875000000,1002880119097,5.119098,27.02,128
2876,1002876000000,1002881334057,5.334057,6.46,128
2877,1002877000000,1002881587137,4.587138,-44.16,128
2878,1002878000000,1002883091700,5.0917,212.19,128
2879,1002879000000,1002883640033,4.640034,-7.69,128
2880,1002880000000,1002885546675,5.546675,112.46,128
2881,1002881000000,1002885487561,4.487562,124.16,128
2882,1002882000000,1002886579076,4.579076,93.23,128
2883,1002883000000,1002888577102,5.577102,156.21,128
2884,1002884000000,1002888787592,4.787593,-81.09,128
2885,1002885000000,1002890095867,5.095867,-15.37,128
2886,1002886000000,1002890773306,4.773307,-29.65,128
2887,1002887000000,1002892365816,5.365816,-8.65,128
2888,1002888000000,1002893637115,5.637116,-92.87,128
2889,1002889000000,1002893996461,4.996462,-71.33,128
2890,1002890000000,1002895093047,5.093048,-48.34,128
2891,1002891000000,1002896501923,5.501924,187.22,128
2892,1002892000000,1002896817136,4.817137,-24.6,128
2893,1002893000000,1002898017244,5.017245,105.48,128
2894,1002894000000,1002899201332,5.201332,56.49,128
2895,1002895000000,1002899847880,4.84788,34.69,128
2896,1002896000000,1002900491427,4.491428,84.07,128
2897,1002897000000,1002901559118,4.559118,-7.88,128
2898,1002898000000,1002902690013,4.690013,-89.84,128
2899,1002899000000,1002903761201,4.761202,-47.62,128
2900,1002900000000,1002905231577,5.231578,-65.09,128
2901,1002901000000,1002905655226,4.655226,21.05,128
2902,1002902000000,1002906851420,4.85142,-112.42,128
2903,1002903000000,1002907308392,4.308393,-19.9,128
2904,1002904000000,1002908740816,4.740817,-95.32,128
2905,1002905000000,1002909880346,4.880347,105.48,128
2906,1002906000000,1002910537342,4.537343,60.61,128
2907,1002907000000,1002912453890,5.45389,156.24,128
2908,1002908000000,1002912971913,4.971913,-21.22,128
2909,1002909000000,1002913715688,4.715689,-64.74,128
2910,1002910000000,1002915385676,5.385677,-119.55,128
2911,1002911000000,1002916998726,5.998726,197.45,128
2912,1002912000000,1002917248456,5.248456,72.78,128
2913,1002913000000,1002918610904,5.610904,33.71,128
2914,1002914000000,1002918732033,4.732033,103.09,128
2915,1002915000000,1002920239192,5.239192,-278.32,128
2916,1002916000000,1002921083122,5.083122,18.66,128
2917,1002917000000,1002921523305,4.523306,52.58,128
2918,1002918000000,1002922880791,4.880791,-69.4,128
2919,1002919000000,1002923481030,4.48103,139.25,128
2920,1002920000000,1002924947150,4.94715,-143.01,128
2921,1002921000000,1002925197945,4.197945,-127.56,128
2922,1002922000000,1002927310943,5.310943,60.41,128
2923,1002923000000,1002928409848,5.409848,55.84,128
2924,1002924000000,1002929287034,5.287035,15.61,128
2925,1002925000000,1002929241092,4.241093,-33.91,128
2926,1002926000000,1002930841915,4.841916,-33.13,128
2927,1002927000000,1002931826399,4.8264,-61.28,128
2928,1002928000000,1002933199948,5.199949,3.56,128
2929,1002929000000,1002934656158,5.656159,226.02,128
2930,1002930000000,1002934627636,4.627637,47.46,128
2931,1002931000000,1002936522220,5.52222,215.86,128
2932,1002932000000,1002936149120,4.14912,-212.89,128
2933,1002933000000,1002938287444,5.287445,-165.51,128
2934,1002934000000,1002938960955,4.960955,73.41,128
2935,1002935000000,1002939595498,4.595498,-172.85,128
2936,1002936000000,1002940314187,4.314187,25.52,128
2937,1002937000000,1002942565364,5.565365,-42.59,128
2938,1002938000000,1002943564507,5.564507,-64.55,128
2939,1002939000000,1002944067383,5.067384,87.36,128
2940,1002940000000,1002945132393,5.132394,-8.61,128
2941,1002941000000,1002945874325,4.874326,104.27,128
2942,1002942000000,1002948489650,6.48965,18.07,128
2943,1002943000000,1002947860185,4.860185,162.45,128
2944,1002944000000,1002949690317,5.690318,-33.68,128
2945,1002945000000,1002949730929,4.73093,73.94,128
2946,1002946000000,1002950726910,4.72691,-22.26,128
2947,1002947000000,1002953324632,6.324633,17.15,128
2948,1002948000000,1002952559057,4.559058,-56.34,128
2949,1002949000000,1002953408491,4.408492,31.79,128
2950,1002950000000,1002955652539,5.65254,-149.3,128
2951,1002951000000,1002955827718,4.827719,35.57,128
2952,1002952000000,1002957406557,5.406557,-52.45,128
2953,1002953000000,1002958224509,5.22451,183.83,128
2954,1002954000000,1002959224075,5.224075,8.89,128
2955,1002955000000,1002960098243,5.098243,-32.97,128
2956,1002956000000,1002961373057,5.373057,-52.25,128
2957,1002957000000,1002961747840,4.74784,13.18,128
2958,1002958000000,1002962807401,4.807401,-118.92,128
2959,1002959000000,1002964184186,5.184186,-56.14,128
2960,1002960000000,1002965779229,5.779229,4.97,128
2961,1002961000000,1002966327927,5.327927,38.6,128
2962,1002962000000,1002967488296,5.488297,-225.0,128
2963,1002963000000,1002967612868,4.612868,-67.22,128
2964,1002964000000,1002968898066,4.898066,124.23,128
2965,1002965000000,1002970591110,5.591111,-121.55,128
2966,1002966000000,1002971580596,5.580596,62.99,128
2967,1002967000000,1002972832048,5.832048,-18.11,128
2968,1002968000000,1002972410948,4.410949,-150.11,128
2969,1002969000000,1002974103029,5.10303,-87.94,128
2970,1002970000000,1002974100235,4.100235,120.44,128
2971,1002971000000,1002976238401,5.238402,32.24,128
2972,1002972000000,1002976711148,4.711149,133.83,128
2973,1002973000000,1002978486226,5.486226,-31.45,128
2974,1002974000000,1002979807595,5.807596,66.32,128
2975,1002975000000,1002979406796,4.406797,32.43,128
2976,1002976000000,1002981855891,5.855891,87.18,128
2977,1002977000000,1002981246806,4.246807,169.99,128
2978,1002978000000,1002983162721,5.162722,183.53,128
2979,1002979000000,1002984019958,5.019959,-21.17,128
2980,1002980000000,1002985575253,5.575253,51.6,128
2981,1002981000000,1002985295310,4.29531,151.33,128
2982,1002982000000,1002986939812,4.939812,33.26,128
2983,1002983000000,1002987833668,4.833669,-17.39,128
2984,1002984000000,1002989319899,5.319899,265.64,128
2985,1002985000000,1002990048684,5.048685,-172.58,128
2986,1002986000000,1002991315444,5.315444,-34.77,128
2987,1002987000000,1002991621805,4.621805,108.2,128
2988,1002988000000,1002993128128,5.128128,30.21,128
2989,1002989000000,1002994291349,5.29135,-64.86,128
2990,1002990000000,1002995362283,5.362283,-173.54,128
2991,1002991000000,1002995552072,4.552073,-26.68,128
2992,1002992000000,1002997314228,5.314229,-96.23,128
2993,1002993000000,1002998283062,5.283063,-68.48,128
2994,1002994000000,1002998532885,4.532885,-128.94,128
2995,1002995000000,1003000176301,5.176301,171.7,128
2996,1002996000000,1003001469555,5.469556,-219.68,128
2997,1002997000000,1003001517478,4.517478,215.64,128
2998,1002998000000,1003004400201,6.400201,69.98,128
2999,1002999000000,1003003393034,4.393035,33.61,128
3000,1003000000000,1003005985856,5.985857,50.33,128
3001,1003001000000,1003006703269,5.70327,-87.73,128
3002,1003002000000,1003007115684,5.115685,-170.57,128
3003,1003003000000,1003008037172,5.037173,-26.19,128
3004,1003004000000,1003008219564,4.219565,192.09,128
3005,1003005000000,1003010426501,5.426501,-30.31,128
3006,1003006000000,1003010825048,4.825048,112.47,128
3007,1003007000000,1003012764289,5.764289,-30.99,128
3008,1003008000000,1003013025411,5.025411,-23.44,128
3009,1003009000000,1003014088524,5.088525,32.95,128
3010,1003010000000,1003015177510,5.17751,-66.9,128
3011,1003011000000,1003015564931,4.564932,-102.19,128
3012,1003012000000,1003016619229,4.61923,24.68,128
3013,1003013000000,1003017577460,4.57746,-83.27,128
3014,1003014000000,1003019090272,5.090272,221.38,128
3015,1003015000000,1003019428520,4.428521,-26.81,128
3016,1003016000000,1003020719147,4.719147,-82.92,128
3017,1003017000000,1003021889361,4.889361,-41.2,128
3018,1003018000000,1003022742252,4.742252,9.27,128
3019,1003019000000,1003023855154,4.855154,-129.19,128
3020,1003020000000,1003024763215,4.763216,78.1,128
3021,1003021000000,1003025985089,4.985089,-142.93,128
3022,1003022000000,1003027018842,5.018842,37.97,128
3023,1003023000000,1003027828194,4.828195,9.19,128
3024,1003024000000,1003029035280,5.035281,-61.71,128
3025,1003025000000,1003029150521,4.150521,20.7,128
3026,1003026000000,1003030562539,4.562539,-249.33,128
3027,1003027000000,1003031791367,4.791368,-51.12,128
3028,1003028000000,1003033111924,5.111924,-30.35,128
3029,1003029000000,1003034681710,5.681711,-117.45,128
3030,1003030000000,1003034910521,4.910522,146.09,128
3031,1003031000000,1003036585412,5.585412,86.02,128
3032,1003032000000,1003036829607,4.829607,-0.8,128
3033,1003033000000,1003039345658,6.345658,-54.82,128
3034,1003034000000,1003038799141,4.799141,61.49,128
3035,1003035000000,1003039752600,4.752601,25.5,128
3036,1003036000000,1003040376107,4.376107,-92.38,128
3037,1003037000000,1003041659379,4.659379,-0.61,128
3038,1003038000000,1003042475405,4.475406,16.4,128
3039,1003039000000,1003044157719,5.15772,-168.49,128
3040,1003040000000,1003044721653,4.721654,1.44,128
3041,1003041000000,1003046404172,5.404173,-63.66,128
3042,1003042000000,1003046378213,4.378213,-6.23,128
3043,1003043000000,1003048163167,5.163168,-108.17,128
3044,1003044000000,1003049308063,5.308063,-93.07,128
3045,1003045000000,1003049755146,4.755147,227.3,128
3046,1003046000000,1003050900735,4.900736,79.32,128
3047,1003047000000,1003051530127,4.530128,34.84,128
3048,1003048000000,1003053038219,5.03822,154.8,128
3049,1003049000000,1003054371515,5.371516,77.36,128
3050,1003050000000,1003054963945,4.963945,33.18,128
3051,1003051000000,1003055592784,4.592784,-107.78,128
3052,1003052000000,1003057041147,5.041148,94.75,128
3053,1003053000000,1003058270413,5.270414,92.97,128
3054,1003054000000,1003059031857,5.031857,-44.23,128
3055,1003055000000,1003059442950,4.442951,4.92,128
3056,1003056000000,1003061074608,5.074609,-32.76,128
3057,1003057000000,1003061069883,4.069883,13.48,128
3058,1003058000000,1003062851861,4.851862,-60.13,128
3059,1003059000000,1003063997164,4.997164,30.99,128
3060,1003060000000,1003064860158,4.860159,-50.27,128
3061,1003061000000,1003066842127,5.842128,-63.25,128
3062,1003062000000,1003067200123,5.200124,33.91,128
3063,1003063000000,1003068264517,5.264517,-14.55,128
3064,1003064000000,1003069328757,5.328757,-78.82,128
3065,1003065000000,1003069660714,4.660714,-6.62,128
3066,1003066000000,1003071669430,5.669431,11.94,128
3067,1003067000000,1003071430471,4.430471,30.2,128
3068,1003068000000,1003073855075,5.855075,136.62,128
3069,1003069000000,1003073392810,4.39281,-44.48,128
3070,1003070000000,1003075897295,5.897296,21.3,128
3071,1003071000000,1003076116366,5.116366,10.52,128
3072,1003072000000,1003076743690,4.743691,-100.27,128
3073,1003073000000,1003077631601,4.631602,-132.01,128
3074,1003074000000,1003080343007,6.343007,22.19,128
3075,1003075000000,1003079353362,4.353362,54.5,128
3076,1003076000000,1003081861963,5.861964,-64.45,128
3077,1003077000000,1003081574349,4.57435,150.94,128
3078,1003078000000,1003083179965,5.179965,-118.59,128
3079,1003079000000,1003084187105,5.187105,194.0,128
3080,1003080000000,1003085474360,5.47436,-41.25,128
3081,1003081000000,1003086084592,5.084593,61.73,128
3082,1003082000000,1003086837169,4.837169,-31.61,128
3083,1003083000000,1003088233799,5.2338,-305.39,128
3084,1003084000000,1003088924443,4.924444,13.09,128
3085,1003085000000,1003090095753,5.095753,-132.09,128
3086,1003086000000,1003091716150,5.71615,147.95,128
3087,1003087000000,1003091299926,4.299927,-75.62,128
3088,1003088000000,1003092735754,4.735755,89.85,128
3089,1003089000000,1003094871827,5.871827,-35.15,128
3090,1003090000000,1003094897673,4.897673,65.67,128
3091,1003091000000,1003095850310,4.85031,178.41,128
3092,1003092000000,1003096503816,4.503816,-48.52,128
3093,1003093000000,1003096996773,3.996774,-157.15,128
3094,1003094000000,1003099177554,5.177554,-35.24,128
3095,1003095000000,1003099540047,4.540047,-39.49,128
3096,1003096000000,1003101023782,5.023782,-21.41,128
3097,1003097000000,1003101569285,4.569286,201.81,128
3098,1003098000000,1003103216295,5.216296,84.27,128
3099,1003099000000,1003105012752,6.012752,130.32,128
3100,1003100000000,1003104254404,4.254404,153.69,128
3101,1003101000000,1003105959753,4.959754,-11.65,128
3102,1003102000000,1003106630620,4.630621,-131.98,128
3103,1003103000000,1003108100094,5.100094,115.27,128
3104,1003104000000,1003107881308,3.881309,193.12,128
3105,1003105000000,1003109564969,4.564969,17.64,128
3106,1003106000000,1003111332711,5.332711,102.68,128
3107,1003107000000,1003111847630,4.84763,68.36,128
3108,1003108000000,1003113585717,5.585718,1.98,128
3109,1003109000000,1003113742115,4.742116,-57.53,128
3110,1003110000000,1003115006486,5.006487,-60.26,128
3111,1003111000000,1003116168772,5.168772,-37.48,128
3112,1003112000000,1003116671272,4.671273,-31.84,128
3113,1003113000000,1003117668958,4.668958,128.68,128
3114,1003114000000,1003118641094,4.641094,131.72,128
3115,1003115000000,1003120686136,5.686136,-146.59,128
3116,1003116000000,1003121400770,5.40077,-48.59,128
3117,1003117000000,1003121734118,4.734118,-6.14,128
3118,1003118000000,1003122687364,4.687364,2.65,128
3119,1003119000000,1003123781966,4.781966,-84.19,128
3120,1003120000000,1003125212374,5.212375,-63.86,128
3121,1003121000000,1003126553144,5.553145,61.68,128
3122,1003122000000,1003126518362,4.518362,-36.69,128
3123,1003123000000,1003128821302,5.821302,-96.93,128
3124,1003124000000,1003129786152,5.786153,-173.22,128
3125,1003125000000,1003129956631,4.956632,-169.21,128
3126,1003126000000,1003130929754,4.929754,-93.44,128
3127,1003127000000,1003131496617,4.496618,101.56,128
3128,1003128000000,1003133307344,5.307345,10.36,128
3129,1003129000000,1003134316035,5.316036,100.99,128
3130,1003130000000,1003134601212,4.601212,-27.08,128
3131,1003131000000,1003137238387,6.238387,-31.25,128
3132,1003132000000,1003136834867,4.834868,90.71,128
3133,1003133000000,1003137960726,4.960726,-112.01,128
3134,1003134000000,1003138864082,4.864082,146.71,128
3135,1003135000000,1003140378668,5.378668,113.79,128
3136,1003136000000,1003140712490,4.71249,41.34,128
3137,1003137000000,1003142122389,5.122389,-67.77,128
3138,1003138000000,1003143044242,5.044242,102.69,128
3139,1003139000000,1003143875682,4.875682,150.92,128
3140,1003140000000,1003145556972,5.556973,-90.35,128
3141,1003141000000,1003146113308,5.113308,59.36,128
3142,1003142000000,1003146192652,4.192653,102.36,128
3143,1003143000000,1003148184870,5.18487,330.34,128
3144,1003144000000,1003149178048,5.178048,-134.51,128
3145,1003145000000,1003149911824,4.911825,-14.72,128
3146,1003146000000,1003150472415,4.472416,22.84,128
3147,1003147000000,1003151722814,4.722814,47.74,128
3148,1003148000000,1003152799817,4.799818,27.92,128
3149,1003149000000,1003153692222,4.692222,-142.26,128
3150,1003150000000,1003155010640,5.01064,-160.12,128
3151,1003151000000,1003156710725,5.710726,234.19,128
3152,1003152000000,1003156576682,4.576683,38.67,128
3153,1003153000000,1003157395810,4.39581,-205.88,128
3154,1003154000000,1003159444972,5.444972,125.55,128
3155,1003155000000,1003160471976,5.471976,31.34,128
3156,1003156000000,1003161270627,5.270627,-86.11,128
3157,1003157000000,1003163480454,6.480455,-5.48,128
3158,1003158000000,1003163363412,5.363412,72.04,128
3159,1003159000000,1003163582229,4.58223,-13.75,128
3160,1003160000000,1003164426153,4.426154,75.74,128
3161,1003161000000,1003165655362,4.655362,-211.26,128
3162,1003162000000,1003166512961,4.512961,100.46,128
3163,1003163000000,1003168024389,5.02439,148.52,128
3164,1003164000000,1003168585728,4.585729,80.9,128
3165,1003165000000,1003169247243,4.247243,-232.62,128
3166,1003166000000,1003171803094,5.803095,84.81,128
3167,1003167000000,1003171659727,4.659727,-29.01,128
3168,1003168000000,1003172116400,4.1164,-3.73,128
3169,1003169000000,1003173433010,4.433011,-105.79,128
3170,1003170000000,1003174909692,4.909693,141.07,128
3171,1003171000000,1003176433781,5.433781,18.96,128
3172,1003172000000,1003177937577,5.937578,-152.43,128
3173,1003173000000,1003178054986,5.054986,-95.56,128
3174,1003174000000,1003178625103,4.625103,-103.86,128
3175,1003175000000,1003180654264,5.654264,-18.38,128
3176,1003176000000,1003181338827,5.338827,33.04,128
3177,1003177000000,1003182722869,5.722869,69.55,128
3178,1003178000000,1003182302341,4.302341,-110.93,128
3179,1003179000000,1003184261118,5.261118,230.07,128
3180,1003180000000,1003185157294,5.157294,-11.14,128
3181,1003181000000,1003185973913,4.973913,73.45,128
3182,1003182000000,1003186685020,4.68502,90.96,128
3183,1003183000000,1003187489154,4.489155,-150.25,128
3184,1003184000000,1003188123196,4.123196,61.48,128
3185,1003185000000,1003190394777,5.394777,125.46,128
3186,1003186000000,1003191087985,5.087986,179.73,128
3187,1003187000000,1003192538179,5.538179,77.82,128
3188,1003188000000,1003193491198,5.491198,-59.25,128
3189,1003189000000,1003193557807,4.557808,-29.79,128
3190,1003190000000,1003194794375,4.794376,-60.79,128
3191,1003191000000,1003196200483,5.200484,-53.11,128
3192,1003192000000,1003196099273,4.099274,-112.59,128
3193,1003193000000,1003198192126,5.192126,20.26,128
3194,1003194000000,1003199248041,5.248041,-26.49,128
3195,1003195000000,1003199999266,4.999267,88.0,128
3196,1003196000000,1003201155392,5.155393,54.49,128
3197,1003197000000,1003201916041,4.916041,-76.93,128
3198,1003198000000,1003202716381,4.716381,-84.77,128
3199,1003199000000,1003204911935,5.911935,74.79,128
3200,1003200000000,1003204924867,4.924867,211.86,128
3201,1003201000000,1003205697078,4.697078,-19.34,128
3202,1003202000000,1003207112397,5.112397,-132.91,128
3203,1003203000000,1003208532723,5.532724,37.74,128
3204,1003204000000,1003209262512,5.262512,14.91,128
3205,1003205000000,1003209792061,4.792062,-67.05,128
3206,1003206000000,1003211572785,5.572785,-26.19,128
3207,1003207000000,1003212096729,5.096729,-48.26,128
3208,1003208000000,1003213465260,5.465261,53.72,128
3209,1003209000000,1003213535203,4.535203,188.8,128
3210,1003210000000,1003215483172,5.483172,78.38,128
3211,1003211000000,1003216111290,5.11129,11.51,128
3212,1003212000000,1003217662372,5.662372,-62.19,128
3213,1003213000000,1003218330584,5.330585,58.19,128
3214,1003214000000,1003219110869,5.11087,33.82,128
3215,1003215000000,1003220601696,5.601697,251.82,128
3216,1003216000000,1003220979336,4.979336,159.18,128
3217,1003217000000,1003223120510,6.12051,23.14,128
3218,1003218000000,1003222866678,4.866678,-12.73,128
3219,1003219000000,1003223817793,4.817793,177.54,128
3220,1003220000000,1003224595937,4.595938,176.73,128
3221,1003221000000,1003226061683,5.061684,-99.75,128
3222,1003222000000,1003226442917,4.442917,21.11,128
3223,1003223000000,1003228002597,5.002597,-152.55,128
3224,1003224000000,1003229862362,5.862362,141.31,128
3225,1003225000000,1003230295938,5.295938,-52.67,128
3226,1003226000000,1003230957920,4.95792,10.39,128
3227,1003227000000,1003232231631,5.231632,-82.16,128
3228,1003228000000,1003232728442,4.728442,-31.72,128
3229,1003229000000,1003234562000,5.562001,-55.03,128
3230,1003230000000,1003235500008,5.500009,61.7,128
3231,1003231000000,1003236355437,5.355437,-68.68,128
3232,1003232000000,1003237140220,5.140221,-125.48,128
3233,1003233000000,1003237630202,4.630202,81.06,128
3234,1003234000000,1003238760329,4.760329,-46.07,128
3235,1003235000000,1003240552195,5.552196,-41.01,128
3236,1003236000000,1003240502759,4.502759,50.56,128
3237,1003237000000,1003240908513,3.908513,81.33,128
3238,1003238000000,1003243090401,5.090401,-76.01,128
3239,1003239000000,1003243990860,4.990861,44.21,128
3240,1003240000000,1003245061739,5.06174,121.61,128
3241,1003241000000,1003245649906,4.649906,28.45,128
3242,1003242000000,1003246689621,4.689621,-4.07,128
3243,1003243000000,1003247709749,4.709749,40.65,128
3244,1003244000000,1003249734935,5.734936,-115.24,128
3245,1003245000000,1003250445396,5.445397,-87.63,128
3246,1003246000000,1003250922745,4.922745,-9.79,128
3247,1003247000000,1003251931283,4.931284,32.31,128
3248,1003248000000,1003252981050,4.98105,-37.68,128
3249,1003249000000,1003254002122,5.002122,-27.19,128
3250,1003250000000,1003254647867,4.647867,-117.77,128
3251,1003251000000,1003257667795,6.667795,-165.21,128
3252,1003252000000,1003257138524,5.138525,50.49,128
3253,1003253000000,1003258090352,5.090352,146.89,128
3254,1003254000000,1003258685860,4.685861,-53.68,128
3255,1003255000000,1003260474411,5.474411,-12.98,128
3256,1003256000000,1003261006182,5.006182,-45.44,128
3257,1003257000000,1003262215895,5.215896,-1.54,128
3258,1003258000000,1003262976825,4.976825,229.87,128
3259,1003259000000,1003263776155,4.776156,44.05,128
3260,1003260000000,1003265511939,5.511939,-48.81,128
3261,1003261000000,1003265909055,4.909055,21.11,128
3262,1003262000000,1003267060308,5.060309,49.79,128
3263,1003263000000,1003267949494,4.949495,-182.83,128
3264,1003264000000,1003269957710,5.957711,7.89,128
3265,1003265000000,1003270108124,5.108124,135.81,128
3266,1003266000000,1003271114981,5.114982,-121.62,128
3267,1003267000000,1003271896807,4.896807,23.65,128
3268,1003268000000,1003271994531,3.994532,86.83,128
3269,1003269000000,1003274368616,5.368617,110.76,128
3270,1003270000000,1003275305481,5.305481,116.54,128
3271,1003271000000,1003275911585,4.911585,18.98,128
3272,1003272000000,1003277216929,5.21693,68.04,128
3273,1003273000000,1003278860412,5.860413,-211.88,128
3274,1003274000000,1003278522488,4.522489,-28.93,128
3275,1003275000000,1003279111245,4.111246,60.44,128
3276,1003276000000,1003280468232,4.468232,-172.91,128
3277,1003277000000,1003281838591,4.838592,-13.6,128
3278,1003278000000,1003281997626,3.997626,3.48,128
3279,1003279000000,1003284310857,5.310857,-112.58,128
3280,1003280000000,1003284462307,4.462308,-178.69,128
3281,1003281000000,1003285267928,4.267928,-5.97,128
3282,1003282000000,1003287281731,5.281731,105.27,128
3283,1003283000000,1003287118077,4.118078,182.4,128
3284,1003284000000,1003288945385,4.945386,-51.41,128
3285,1003285000000,1003289683393,4.683394,-93.79,128
3286,1003286000000,1003291527121,5.527121,166.59,128
3287,1003287000000,1003291324264,4.324264,77.18,128
3288,1003288000000,1003293113139,5.11314,30.51,128
3289,1003289000000,1003293254189,4.25419,-214.47,128
3290,1003290000000,1003295378180,5.378181,195.64,128
3291,1003291000000,1003296009230,5.00923,-94.78,128
3292,1003292000000,1003296447576,4.447576,-195.16,128
3293,1003293000000,1003297530688,4.530689,7.58,128
3294,1003294000000,1003298323806,4.323807,110.94,128
3295,1003295000000,1003300243932,5.243932,18.61,128
3296,1003296000000,1003300757267,4.757267,201.53,128
3297,1003297000000,1003301705670,4.705671,48.38,128
3298,1003298000000,1003303263059,5.263059,-24.45,128
3299,1003299000000,1003303829188,4.829189,13.44,128
3300,1003300000000,1003304994772,4.994772,-94.65,128
3301,1003301000000,1003304950450,3.95045,44.39,128
3302,1003302000000,1003306929761,4.929761,-79.49,128
3303,1003303000000,1003308025270,5.025271,-99.97,128
3304,1003304000000,1003308190758,4.190759,-88.06,128
3305,1003305000000,1003310402338,5.402339,123.96,128
3306,1003306000000,1003310508071,4.508072,-53.24,128
3307,1003307000000,1003311882055,4.882055,146.44,128
3308,1003308000000,1003312908328,4.908328,5.72,128
3309,1003309000000,1003313680704,4.680704,-78.32,128
3310,1003310000000,1003314974857,4.974858,-16.4,128
3311,1003311000000,1003315355953,4.355953,-146.37,128
3312,1003312000000,1003317127015,5.127015,-175.14,128
3313,1003313000000,1003317876506,4.876506,-82.88,128
3314,1003314000000,1003319070849,5.070849,-19.34,128
3315,1003315000000,1003319670208,4.670209,19.47,128
3316,1003316000000,1003321386735,5.386735,85.56,128
3317,1003317000000,1003321882079,4.882079,2.22,128
3318,1003318000000,1003323155605,5.155605,-107.93,128
3319,1003319000000,1003323849988,4.849989,128.81,128
3320,1003320000000,1003325200857,5.200857,64.86,128
3321,1003321000000,1003325725978,4.725978,147.41,128
3322,1003322000000,1003326832366,4.832366,112.61,128
3323,1003323000000,1003328127909,5.127909,-117.71,128
3324,1003324000000,1003329067887,5.067887,-79.08,128
3325,1003325000000,1003330331584,5.331585,-19.4,128
3326,1003326000000,1003330764633,4.764634,150.59,128
3327,1003327000000,1003331738585,4.738586,-83.24,128
3328,1003328000000,1003333756933,5.756934,-119.83,128
3329,1003329000000,1003333519465,4.519466,-181.15,128
3330,1003330000000,1003334934253,4.934254,-99.18,128
3331,1003331000000,1003336642943,5.642943,-45.5,128
3332,1003332000000,1003336977716,4.977716,-199.28,128
3333,1003333000000,1003338105352,5.105353,58.28,128
3334,1003334000000,1003339286921,5.286922,115.63,128
3335,1003335000000,1003340752602,5.752603,-142.45,128
3336,1003336000000,1003341136383,5.136383,153.81,128
3337,1003337000000,1003342476137,5.476137,-116.36,128
3338,1003338000000,1003343185035,5.185036,62.33,128
3339,1003339000000,1003344187502,5.187503,95.06,128
3340,1003340000000,1003344917980,4.91798,118.74,128
3341,1003341000000,1003345791796,4.791797,34.25,128
3342,1003342000000,1003347551738,5.551739,-18.51,128
3343,1003343000000,1003347420047,4.420048,23.96,128
3344,1003344000000,1003349376831,5.376831,-240.83,128
3345,1003345000000,1003350273993,5.273993,-26.45,128
3346,1003346000000,1003351177064,5.177064,-121.63,128
3347,1003347000000,1003352245098,5.245099,35.64,128
3348,1003348000000,1003352940227,4.940227,41.68,128
3349,1003349000000,1003354444741,5.444742,176.34,128
3350,1003350000000,1003355156982,5.156983,41.37,128
3351,1003351000000,1003355971173,4.971174,49.82,128
3352,1003352000000,1003357705401,5.705402,-42.61,128
3353,1003353000000,1003357923568,4.923568,168.38,128
3354,1003354000000,1003359733022,5.733022,83.64,128
3355,1003355000000,1003359457012,4.457013,52.42,128
3356,1003356000000,1003360408311,4.408311,-177.63,128
3357,1003357000000,1003362710454,5.710455,-7.98,128
3358,1003358000000,1003363218372,5.218373,-82.26,128
3359,1003359000000,1003365041132,6.041132,72.04,128
3360,1003360000000,1003364926115,4.926115,47.73,128
3361,1003361000000,1003365652200,4.652201,102.76,128
3362,1003362000000,1003366421060,4.421061,-56.65,128
3363,1003363000000,1003367601655,4.601655,-250.02,128
3364,1003364000000,1003368320707,4.320708,47.78,128
3365,1003365000000,1003369818607,4.818607,-28.71,128
3366,1003366000000,1003371121071,5.121072,-90.34,128
3367,1003367000000,1003371813032,4.813032,-59.9,128
3368,1003368000000,1003373264919,5.264919,134.28,128
3369,1003369000000,1003374422893,5.422894,15.85,128
3370,1003370000000,1003374483163,4.483163,-39.48,128
3371,1003371000000,1003376099374,5.099375,-20.69,128
3372,1003372000000,1003377253157,5.253157,-215.56,128
3373,1003373000000,1003377859638,4.859639,43.79,128
3374,1003374000000,1003379610842,5.610842,23.46,128
3375,1003375000000,1003379684427,4.684428,-33.22,128
3376,1003376000000,1003381032758,5.032759,34.32,128
3377,1003377000000,1003382447178,5.447178,91.94,128
3378,1003378000000,1003382322447,4.322448,75.72,128
3379,1003379000000,1003383835418,4.835419,-3.3,128
3380,1003380000000,1003384622055,4.622055,3.31,128
3381,1003381000000,1003386367252,5.367253,116.32,128
3382,1003382000000,1003386630284,4.630284,-17.04,128
3383,1003383000000,1003388137197,5.137198,-53.33,128
3384,1003384000000,1003389470782,5.470782,11.1,128
3385,1003385000000,1003390233616,5.233616,120.9,128
3386,1003386000000,1003390959118,4.959119,-74.02,128
3387,1003387000000,1003392073320,5.07332,-196.51,128
3388,1003388000000,1003392548824,4.548824,86.35,128
3389,1003389000000,1003394288429,5.288429,-69.73,128
3390,1003390000000,1003395436952,5.436953,-102.09,128
3391,1003391000000,1003395023320,4.023321,-132.94,128
3392,1003392000000,1003397468828,5.468829,25.19,128
3393,1003393000000,1003397181302,4.181303,110.26,128
3394,1003394000000,1003399070988,5.070988,53.03,128
3395,1003395000000,1003400553349,5.55335,74.35,128
3396,1003396000000,1003401540162,5.540163,-81.18,128
3397,1003397000000,1003402171069,5.171069,272.99,128
3398,1003398000000,1003403796824,5.796825,10.39,128
3399,1003399000000,1003403729643,4.729643,55.89,128
3400,1003400000000,1003403701651,3.701651,121.44,128
3401,1003401000000,1003405958889,4.95889,-15.92,128
3402,1003402000000,1003406403247,4.403247,-64.72,128
3403,1003403000000,1003407318783,4.318784,-75.06,128
3404,1003404000000,1003409654852,5.654853,-68.01,128
3405,1003405000000,1003409286785,4.286785,26.77,128
3406,1003406000000,1003410800993,4.800994,61.73,128
3407,1003407000000,1003411887242,4.887243,-69.39,128
3408,1003408000000,1003413216764,5.216765,-148.55,128
3409,1003409000000,1003414442516,5.442517,-46.44,128
3410,1003410000000,1003414661089,4.661089,-82.76,128
3411,1003411000000,1003416306990,5.306991,-24.59,128
3412,1003412000000,1003417094103,5.094103,135.76,128
3413,1003413000000,1003418127890,5.127891,97.68,128
3414,1003414000000,1003419127001,5.127001,-73.22,128
3415,1003415000000,1003419988946,4.988947,-52.98,128
3416,1003416000000,1003420800906,4.800907,-78.66,128
3417,1003417000000,1003423717762,6.717762,38.92,128
3418,1003418000000,1003422235591,4.235591,-92.08,128
3419,1003419000000,1003425080518,6.080518,73.74,128
3420,1003420000000,1003425404595,5.404595,35.83,128
3421,1003421000000,1003426156629,5.156629,-42.89,128
3422,1003422000000,1003427068433,5.068433,59.1,128
3423,1003423000000,1003428838909,5.83891,100.74,128
3424,1003424000000,1003429499479,5.499479,61.13,128
3425,1003425000000,1003429555954,4.555954,130.06,128
3426,1003426000000,1003430867816,4.867817,-52.36,128
3427,1003427000000,1003431799453,4.799453,76.8,128
3428,1003428000000,1003431837848,3.837848,-71.7,128
3429,1003429000000,1003433575030,4.57503,107.62,128
3430,1003430000000,1003435336643,5.336644,-5.28,128
3431,1003431000000,1003436188114,5.188115,49.82,128
3432,1003432000000,1003436595248,4.595249,22.1,128
3433,1003433000000,1003437852398,4.852398,33.31,128
3434,1003434000000,1003438870025,4.870025,11.82,128
3435,1003435000000,1003440015643,5.015644,-30.14,128
3436,1003436000000,1003440783433,4.783434,-4.74,128
3437,1003437000000,1003441957424,4.957425,-132.26,128
3438,1003438000000,1003442960172,4.960172,-102.59,128
3439,1003439000000,1003444054483,5.054483,-129.14,128
3440,1003440000000,1003445415020,5.41502,96.54,128
3441,1003441000000,1003445544030,4.544031,144.42,128
3442,1003442000000,1003447052672,5.052673,37.05,128
3443,1003443000000,1003447504161,4.504161,-33.73,128
3444,1003444000000,1003448932960,4.932961,-54.56,128
3445,1003445000000,1003450458625,5.458626,22.67,128
3446,1003446000000,1003451051573,5.051574,-84.03,128
3447,1003447000000,1003451459160,4.459161,-23.74,128
3448,1003448000000,1003452935402,4.935402,-13.36,128
3449,1003449000000,1003454287928,5.287928,-18.54,128
3450,1003450000000,1003454754611,4.754612,-136.87,128
3451,1003451000000,1003457176538,6.176538,228.63,128
3452,1003452000000,1003457877407,5.877408,-30.4,128
3453,1003453000000,1003457885728,4.885728,37.44,128
3454,1003454000000,1003458458080,4.45808,11.66,128
3455,1003455000000,1003460114479,5.11448,-72.31,128
3456,1003456000000,1003461636455,5.636456,-68.63,128
3457,1003457000000,1003461269600,4.2696,-14.75,128
3458,1003458000000,1003462861483,4.861484,157.37,128
3459,1003459000000,1003464183379,5.183379,-23.66,128
3460,1003460000000,1003465172959,5.17296,49.37,128
3461,1003461000000,1003465840904,4.840904,51.77,128
3462,1003462000000,1003468121595,6.121596,-18.36,128
3463,1003463000000,1003468316773,5.316773,65.26,128
3464,1003464000000,1003468994893,4.994894,-8.43,128
3465,1003465000000,1003469750339,4.750339,40.17,128
3466,1003466000000,1003470602043,4.602043,-11.05,128
3467,1003467000000,1003471282977,4.282978,-114.66,128
3468,1003468000000,1003473941505,5.941505,285.89,128
3469,1003469000000,1003474763394,5.763394,133.47,128
3470,1003470000000,1003474791602,4.791602,-14.5,128
3471,1003471000000,1003476669403,5.669403,-44.7,128
3472,1003472000000,1003477111250,5.11125,128.21,128
3473,1003473000000,1003477899968,4.899968,147.99,128
3474,1003474000000,1003478693436,4.693436,-78.34,128
3475,1003475000000,1003480466632,5.466632,169.37,128
3476,1003476000000,1003481227284,5.227284,-155.73,128
3477,1003477000000,1003482693961,5.693962,-34.83,128
3478,1003478000000,1003482427191,4.427192,127.07,128
3479,1003479000000,1003483857051,4.857051,-95.63,128
3480,1003480000000,1003484905719,4.90572,-36.07,128
3481,1003481000000,1003485453193,4.453193,-154.15,128
3482,1003482000000,1003487222515,5.222516,-5.6,128
3483,1003483000000,1003487620921,4.620921,70.8,128
3484,1003484000000,1003489454473,5.454474,13.4,128
3485,1003485000000,1003491174665,6.174666,128.84,128
3486,1003486000000,1003490526855,4.526855,-194.0,128
3487,1003487000000,1003491350223,4.350223,39.34,128
3488,1003488000000,1003493086834,5.086835,-25.96,128
3489,1003489000000,1003493739094,4.739095,-203.09,128
3490,1003490000000,1003494608506,4.608506,-14.76,128
3491,1003491000000,1003495636675,4.636675,161.69,128
3492,1003492000000,1003496903107,4.903108,91.35,128
3493,1003493000000,1003498509453,5.509454,178.91,128
3494,1003494000000,1003498810209,4.81021,104.26,128
3495,1003495000000,1003500106684,5.106684,30.71,128
3496,1003496000000,1003500512505,4.512505,136.88,128
3497,1003497000000,1003501667452,4.667453,21.15,128
3498,1003498000000,1003502946471,4.946471,44.38,128
3499,1003499000000,1003504820851,5.820852,137.85,128
3500,1003500000000,1003505445962,5.445962,131.01,128
3501,1003501000000,1003505896482,4.896482,-84.91,128
3502,1003502000000,1003507854843,5.854844,107.14,128
3503,1003503000000,1003507248130,4.248131,108.08,128
3504,1003504000000,1003508454343,4.454344,-75.46,128
3505,1003505000000,1003510060296,5.060297,242.76,128
3506,1003506000000,1003511546110,5.546111,-20.74,128
3507,1003507000000,1003511910372,4.910372,130.11,128
3508,1003508000000,1003513187405,5.187405,-1.51,128
3509,1003509000000,1003513546087,4.546087,55.89,128
3510,1003510000000,1003514330632,4.330632,240.6,128
3511,1003511000000,1003515523251,4.523252,-73.84,128
3512,1003512000000,1003517897531,5.897531,15.18,128
3513,1003513000000,1003518751937,5.751937,-158.67,128
3514,1003514000000,1003519243526,5.243526,-55.57,128
3515,1003515000000,1003520137925,5.137925,-72.43,128
3516,1003516000000,1003521690389,5.69039,19.37,128
3517,1003517000000,1003522173746,5.173747,13.74,128
3518,1003518000000,1003523499124,5.499124,110.11,128
3519,1003519000000,1003523252514,4.252515,-116.57,128
3520,1003520000000,1003524939896,4.939896,8.32,128
3521,1003521000000,1003525128969,4.12897,70.85,128
3522,1003522000000,1003527715982,5.715983,20.33,128
3523,1003523000000,1003528154411,5.154411,-0.31,128
3524,1003524000000,1003529278001,5.278001,29.25,128
3525,1003525000000,1003529822735,4.822735,0.68,128
3526,1003526000000,1003531184789,5.184789,61.66,128
3527,1003527000000,1003532941609,5.941609,-184.23,128
3528,1003528000000,1003533048706,5.048706,147.79,128
3529,1003529000000,1003533678327,4.678328,-34.53,128
3530,1003530000000,1003534227172,4.227172,-44.56,128
3531,1003531000000,1003535786479,4.78648,75.26,128
3532,1003532000000,1003538011683,6.011683,83.16,128
3533,1003533000000,1003537481545,4.481546,-15.18,128
3534,1003534000000,1003539017650,5.01765,88.94,128
3535,1003535000000,1003540559412,5.559413,-122.58,128
3536,1003536000000,1003540896275,4.896276,78.25,128
3537,1003537000000,1003541475954,4.475955,-66.86,128
3538,1003538000000,1003542428952,4.428953,156.48,128
3539,1003539000000,1003543760126,4.760126,-10.75,128
3540,1003540000000,1003545302326,5.302327,-8.44,128
3541,1003541000000,1003545393773,4.393774,-19.67,128
3542,1003542000000,1003546360903,4.360904,-140.7,128
3543,1003543000000,1003548678055,5.678055,124.18,128
3544,1003544000000,1003548900530,4.900531,-10.08,128
3545,1003545000000,1003549800423,4.800423,51.83,128
3546,1003546000000,1003550826094,4.826094,-102.6,128
3547,1003547000000,1003550788352,3.788352,72.18,128
3548,1003548000000,1003553284736,5.284736,-36.25,128
3549,1003549000000,1003553831294,4.831295,35.62,128
3550,1003550000000,1003555095130,5.09513,33.09,128
3551,1003551000000,1003556696944,5.696945,-62.22,128
3552,1003552000000,1003556759738,4.759739,-146.82,128
3553,1003553000000,1003558147869,5.14787,44.81,128
3554,1003554000000,1003558493313,4.493314,103.1,128
3555,1003555000000,1003561025303,6.025303,-182.0,128
3556,1003556000000,1003560957358,4.957359,16.4,128
3557,1003557000000,1003561616692,4.616693,25.74,128
3558,1003558000000,1003562494685,4.494686,-23.35,128
3559,1003559000000,1003563530242,4.530242,-173.85,128
3560,1003560000000,1003565396098,5.396099,-81.2,128
3561,1003561000000,1003565823227,4.823227,253.95,128
3562,1003562000000,1003567685270,5.68527,95.65,128
3563,1003563000000,1003567903334,4.903334,-32.77,128
3564,1003564000000,1003569554608,5.554609,49.72,128
3565,1003565000000,1003569730861,4.730862,-32.99,128
3566,1003566000000,1003571742003,5.742003,15.04,128
3567,1003567000000,1003572111146,5.111146,37.0,128
3568,1003568000000,1003572599252,4.599252,-31.63,128
3569,1003569000000,1003573899059,4.899059,-138.97,128
3570,1003570000000,1003575253905,5.253905,-59.4,128
3571,1003571000000,1003575806252,4.806253,53.54,128
3572,1003572000000,1003577122076,5.122077,-62.46,128
3573,1003573000000,1003578221282,5.221282,-58.07,128
3574,1003574000000,1003578334335,4.334335,-30.95,128
3575,1003575000000,1003579414363,4.414364,-104.26,128
3576,1003576000000,1003582140968,6.140969,-86.63,128
3577,1003577000000,1003581318202,4.318203,44.86,128
3578,1003578000000,1003583136918,5.136919,36.76,128
3579,1003579000000,1003583312206,4.312207,-3.43,128
3580,1003580000000,1003585169277,5.169277,68.66,128
3581,1003581000000,1003586470430,5.47043,30.92,128
3582,1003582000000,1003586480093,4.480093,61.76,128
3583,1003583000000,1003589060155,6.060155,-44.49,128
3584,1003584000000,1003589185285,5.185286,-8.86,128
3585,1003585000000,1003589852107,4.852108,68.05,128
3586,1003586000000,1003590788922,4.788923,99.1,128
3587,1003587000000,1003591339906,4.339907,-103.51,128
3588,1003588000000,1003592976154,4.976154,23.28,128
3589,1003589000000,1003594809663,5.809664,-88.84,128
3590,1003590000000,1003594597897,4.597898,141.37,128
3591,1003591000000,1003595692567,4.692568,-31.9,128
3592,1003592000000,1003597042487,5.042487,-73.15,128
3593,1003593000000,1003597744931,4.744931,71.86,128
3594,1003594000000,1003598720469,4.720469,40.35,128
3595,1003595000000,1003600049058,5.049058,-18.75,128
3596,1003596000000,1003601070367,5.070368,-42.22,128
3597,1003597000000,1003601796573,4.796573,16.32,128
3598,1003598000000,1003603530136,5.530136,0.65,128
3599,1003599000000,1003604334443,5.334443,91.11,128
3600,1003600000000,1003605220108,5.220109,22.94,128
3601,1003601000000,1003605890815,4.890816,-52.61,128
3602,1003602000000,1003606667407,4.667408,-90.15,128
3603,1003603000000,1003606820081,3.820082,5.6,128
3604,1003604000000,1003608758082,4.758083,193.19,128
3605,1003605000000,1003609392691,4.392691,34.8,128
3606,1003606000000,1003610837380,4.837381,90.51,128
3607,1003607000000,1003612325888,5.325888,-122.51,128
3608,1003608000000,1003614069248,6.069249,-34.73,128
3609,1003609000000,1003613615332,4.615332,50.23,128
3610,1003610000000,1003615456820,5.45682,-137.4,128
3611,1003611000000,1003617137429,6.137429,126.55,128
3612,1003612000000,1003616958271,4.958271,161.43,128
3613,1003613000000,1003618146382,5.146383,6.03,128
3614,1003614000000,1003619257884,5.257884,-55.39,128
3615,1003615000000,1003620113312,5.113313,8.46,128
3616,1003616000000,1003621184588,5.184588,-23.58,128
3617,1003617000000,1003623280516,6.280516,-69.65,128
3618,1003618000000,1003622665464,4.665465,-77.99,128
3619,1003619000000,1003622764483,3.764483,-39.05,128
3620,1003620000000,1003625009617,5.009617,-47.75,128
3621,1003621000000,1003626687588,5.687588,13.78,128
3622,1003622000000,1003626370850,4.370851,-21.28,128
3623,1003623000000,1003628193030,5.19303,-140.49,128
3624,1003624000000,1003628344880,4.344881,-153.49,128
3625,1003625000000,1003629102826,4.102827,-7.82,128
3626,1003626000000,1003630500197,4.500198,-39.59,128
3627,1003627000000,1003631779076,4.779076,288.18,128
3628,1003628000000,1003633905748,5.905749,90.93,128
3629,1003629000000,1003634500298,5.500299,-10.0,128
3630,1003630000000,1003634999941,4.999941,8.89,128
3631,1003631000000,1003636408638,5.408638,-92.25,128
3632,1003632000000,1003637370675,5.370676,45.5,128
3633,1003633000000,1003638363949,5.36395,-1.52,128
3634,1003634000000,1003639187056,5.187057,-1.16,128
3635,1003635000000,1003639902733,4.902734,-140.19,128
3636,1003636000000,1003640962187,4.962188,118.13,128
3637,1003637000000,1003642058690,5.058691,57.3,128
3638,1003638000000,1003642839669,4.839669,-77.86,128
3639,1003639000000,1003644244124,5.244124,27.76,128
3640,1003640000000,1003645069926,5.069926,26.83,128
3641,1003641000000,1003646303653,5.303654,-80.66,128
3642,1003642000000,1003646375095,4.375095,52.06,128
3643,1003643000000,1003646873174,3.873174,151.57,128
3644,1003644000000,1003648573083,4.573084,39.7,128
3645,1003645000000,1003649688582,4.688583,-132.43,128
3646,1003646000000,1003651860681,5.860681,34.45,128
3647,1003647000000,1003651165834,4.165834,-164.68,128
3648,1003648000000,1003652941880,4.94188,-11.79,128
3649,1003649000000,1003653473828,4.473828,148.27,128
3650,1003650000000,1003654639365,4.639366,-92.49,128
3651,1003651000000,1003655188471,4.188471,-78.59,128
3652,1003652000000,1003656532983,4.532984,-143.2,128
3653,1003653000000,1003659349482,6.349482,70.09,128
3654,1003654000000,1003659048284,5.048285,-12.68,128
3655,1003655000000,1003660409067,5.409067,-24.77,128
3656,1003656000000,1003661789674,5.789674,-7.3,128
3657,1003657000000,1003662379722,5.379723,-42.35,128
3658,1003658000000,1003662533210,4.53321,-8.32,128
3659,1003659000000,1003665080644,6.080645,174.35,128
3660,1003660000000,1003665607262,5.607263,-5.33,128
3661,1003661000000,1003665727558,4.727558,-5.17,128
3662,1003662000000,1003667020616,5.020616,177.64,128
3663,1003663000000,1003667365519,4.36552,27.91,128
3664,1003664000000,1003668961076,4.961077,166.85,128
3665,1003665000000,1003670569205,5.569206,-10.84,128
3666,1003666000000,1003671366209,5.36621,-48.52,128
3667,1003667000000,1003671880154,4.880154,-139.41,128
3668,1003668000000,1003672661408,4.661409,0.41,128
3669,1003669000000,1003673928093,4.928094,90.65,128
3670,1003670000000,1003674923460,4.923461,-98.13,128
3671,1003671000000,1003676013144,5.013144,74.11,128
3672,1003672000000,1003677107449,5.10745,109.88,128
3673,1003673000000,1003678080995,5.080996,159.17,128
3674,1003674000000,1003678519619,4.519619,-121.54,128
3675,1003675000000,1003679470297,4.470298,233.89,128
3676,1003676000000,1003680546718,4.546719,-54.38,128
3677,1003677000000,1003681699927,4.699928,-127.43,128
3678,1003678000000,1003683870109,5.870109,128.75,128
3679,1003679000000,1003685791099,6.7911,231.53,128
3680,1003680000000,1003684949879,4.94988,73.89,128
3681,1003681000000,1003687157159,6.15716,185.33,128
3682,1003682000000,1003687415879,5.41588,-58.9,128
3683,1003683000000,1003688615638,5.615639,52.5,128
3684,1003684000000,1003689388876,5.388877,-13.88,128
3685,1003685000000,1003689609978,4.609979,-77.29,128
3686,1003686000000,1003691468849,5.46885,-40.14,128
3687,1003687000000,1003691980941,4.980942,-179.82,128
3688,1003688000000,1003692932510,4.932511,-116.83,128
3689,1003689000000,1003693817938,4.817938,-18.25,128
3690,1003690000000,1003696262311,6.262312,-127.21,128
3691,1003691000000,1003696631829,5.63183,-97.54,128
3692,1003692000000,1003697406774,5.406775,98.58,128
3693,1003693000000,1003698234017,5.234018,-24.51,128
3694,1003694000000,1003698786061,4.786061,-36.27,128
3695,1003695000000,1003700348471,5.348472,-71.76,128
3696,1003696000000,1003700401997,4.401998,-128.6,128
3697,1003697000000,1003702627615,5.627616,6.46,128
3698,1003698000000,1003702691563,4.691564,-100.61,128
3699,1003699000000,1003703321794,4.321794,4.6,128
3700,1003700000000,1003705195973,5.195973,81.03,128
3701,1003701000000,1003705877406,4.877407,-68.48,128
3702,1003702000000,1003706200806,4.200806,-207.28,128
3703,1003703000000,1003707454056,4.454057,39.2,128
3704,1003704000000,1003709871209,5.87121,0.13,128
3705,1003705000000,1003709428517,4.428517,-146.24,128
3706,1003706000000,1003711379668,5.379668,73.4,128
3707,1003707000000,1003711518006,4.518007,-132.47,128
3708,1003708000000,1003712925003,4.925004,-114.21,128
3709,1003709000000,1003713924872,4.924872,207.94,128
3710,1003710000000,1003715484142,5.484143,175.2,128
3711,1003711000000,1003716678251,5.678251,-167.67,128
3712,1003712000000,1003716828655,4.828655,77.93,128
3713,1003713000000,1003717633608,4.633609,-132.83,128
3714,1003714000000,1003718754264,4.754265,-64.04,128
3715,1003715000000,1003719711207,4.711208,33.77,128
3716,1003716000000,1003721485412,5.485412,-117.34,128
3717,1003717000000,1003722240068,5.240069,17.53,128
3718,1003718000000,1003721770558,3.770558,-149.0,128
3719,1003719000000,1003724098083,5.098084,-32.02,128
3720,1003720000000,1003725083913,5.083914,-167.61,128
3721,1003721000000,1003725973972,4.973973,-32.29,128
3722,1003722000000,1003727226320,5.22632,-53.91,128
3723,1003723000000,1003728201847,5.201848,-305.87,128
3724,1003724000000,1003729516025,5.516026,182.6,128
3725,1003725000000,1003730094619,5.094619,-68.19,128
3726,1003726000000,1003731001063,5.001063,54.99,128
3727,1003727000000,1003731495417,4.495418,-106.78,128
3728,1003728000000,1003733295103,5.295104,-79.87,128
3729,1003729000000,1003733768708,4.768708,177.06,128
3730,1003730000000,1003734773613,4.773614,78.16,128
3731,1003731000000,1003735203478,4.203479,-4.87,128
3732,1003732000000,1003736951358,4.951358,-65.24,128
3733,1003733000000,1003738231811,5.231812,116.79,128
3734,1003734000000,1003739014739,5.014739,34.14,128
3735,1003735000000,1003740726707,5.726707,-0.3,128
3736,1003736000000,1003741030045,5.030046,34.39,128
3737,1003737000000,1003742527886,5.527886,-10.78,128
3738,1003738000000,1003742490558,4.490559,127.12,128
3739,1003739000000,1003743076941,4.076941,98.84,128
3740,1003740000000,1003745344348,5.344349,48.27,128
3741,1003741000000,1003746364382,5.364383,-21.17,128
3742,1003742000000,1003747218541,5.218541,-28.65,128
3743,1003743000000,1003747521888,4.521888,-12.16,128
3744,1003744000000,1003748182833,4.182833,-30.63,128
3745,1003745000000,1003750746762,5.746762,-7.83,128
3746,1003746000000,1003750703888,4.703888,-1.6,128
3747,1003747000000,1003751817836,4.817836,149.99,128
3748,1003748000000,1003753302618,5.302618,169.89,128
3749,1003749000000,1003753833224,4.833225,48.27,128
3750,1003750000000,1003755016230,5.016231,-36.69,128
3751,1003751000000,1003756312282,5.312283,99.7,128
3752,1003752000000,1003757275826,5.275826,92.13,128
3753,1003753000000,1003758115659,5.115659,132.84,128
3754,1003754000000,1003757696777,3.696778,-57.11,128
3755,1003755000000,1003759678725,4.678726,113.07,128
3756,1003756000000,1003760393061,4.393061,162.82,128
3757,1003757000000,1003761094328,4.094329,-32.13,128
3758,1003758000000,1003763925758,5.925758,80.97,128
3759,1003759000000,1003764236640,5.23664,-10.37,128
3760,1003760000000,1003764561473,4.561473,226.74,128
3761,1003761000000,1003764857440,3.85744,-26.2,128
3762,1003762000000,1003767015511,5.015511,46.17,128
3763,1003763000000,1003767916631,4.916632,-112.06,128
3764,1003764000000,1003768462081,4.462081,55.22,128
3765,1003765000000,1003770023311,5.023312,34.96,128
3766,1003766000000,1003770811297,4.811297,120.87,128
3767,1003767000000,1003771374991,4.374992,-0.15,128
3768,1003768000000,1003773722210,5.722211,122.62,128
3769,1003769000000,1003773491709,4.491709,34.4,128
3770,1003770000000,1003775916156,5.916157,99.46,128
3771,1003771000000,1003776200882,5.200883,66.6,128
3772,1003772000000,1003776194707,4.194707,-45.73,128
3773,1003773000000,1003778127813,5.127814,-204.69,128
3774,1003774000000,1003779687345,5.687346,-38.6,128
3775,1003775000000,1003780159050,5.159051,-113.98,128
3776,1003776000000,1003781258858,5.258858,-119.79,128
3777,1003777000000,1003781499667,4.499667,-9.73,128
3778,1003778000000,1003784238632,6.238633,84.73,128
3779,1003779000000,1003783605019,4.605019,95.48,128
3780,1003780000000,1003785763734,5.763735,78.0,128
3781,1003781000000,1003786560573,5.560573,-6.42,128
3782,1003782000000,1003787278378,5.278379,-89.57,128
3783,1003783000000,1003788180456,5.180456,161.39,128
3784,1003784000000,1003789760774,5.760775,-88.79,128
3785,1003785000000,1003789779388,4.779388,-16.35,128
3786,1003786000000,1003792284150,6.284151,37.8,128
3787,1003787000000,1003791857289,4.857289,86.32,128
3788,1003788000000,1003793170937,5.170938,39.3,128
3789,1003789000000,1003794094678,5.094678,47.31,128
3790,1003790000000,1003796326425,6.326426,146.68,128
3791,1003791000000,1003795463516,4.463517,-204.82,128
3792,1003792000000,1003796587040,4.58704,18.39,128
3793,1003793000000,1003798369665,5.369665,142.49,128
3794,1003794000000,1003799493220,5.49322,-64.28,128
3795,1003795000000,1003799785174,4.785175,160.17,128
3796,1003796000000,1003800727485,4.727486,-132.14,128
3797,1003797000000,1003802253501,5.253502,98.51,128
3798,1003798000000,1003803340974,5.340975,107.91,128
3799,1003799000000,1003803838904,4.838905,-49.53,128
3800,1003800000000,1003805108189,5.108189,111.99,128
3801,1003801000000,1003806562868,5.562868,-8.0,128
3802,1003802000000,1003807080680,5.080681,-78.24,128
3803,1003803000000,1003808499678,5.499679,-54.29,128
3804,1003804000000,1003809938555,5.938555,103.71,128
3805,1003805000000,1003811361432,6.361433,66.81,128
3806,1003806000000,1003811598662,5.598662,77.09,128
3807,1003807000000,1003811967155,4.967156,-29.2,128
3808,1003808000000,1003813939986,5.939986,62.52,128
3809,1003809000000,1003814271763,5.271764,141.66,128
3810,1003810000000,1003814413138,4.413138,136.93,128
3811,1003811000000,1003816937379,5.93738,194.22,128
3812,1003812000000,1003817025409,5.025409,-16.99,128
3813,1003813000000,1003818261816,5.261817,44.06,128
3814,1003814000000,1003819022690,5.02269,-65.09,128
3815,1003815000000,1003819290893,4.290894,18.55,128
3816,1003816000000,1003820390942,4.390942,-199.01,128
3817,1003817000000,1003822143967,5.143967,233.0,128
3818,1003818000000,1003823107181,5.107181,-107.87,128
3819,1003819000000,1003823974158,4.974159,-44.5,128
3820,1003820000000,1003825008764,5.008765,-105.0,128
3821,1003821000000,1003825672517,4.672517,-29.76,128
3822,1003822000000,1003826621312,4.621313,26.9,128
3823,1003823000000,1003828998547,5.998547,26.52,128
3824,1003824000000,1003829208362,5.208362,1.25,128
3825,1003825000000,1003830043575,5.043575,54.02,128
3826,1003826000000,1003830724652,4.724652,20.52,128
3827,1003827000000,1003832290593,5.290594,87.87,128
3828,1003828000000,1003832973996,4.973996,-69.69,128
3829,1003829000000,1003833783860,4.78386,6.65,128
3830,1003830000000,1003834602029,4.60203,-64.57,128
3831,1003831000000,1003836177788,5.177789,-86.01,128
3832,1003832000000,1003837045422,5.045423,-143.11,128
3833,1003833000000,1003837538569,4.538569,-4.12,128
3834,1003834000000,1003838689196,4.689197,-67.42,128
3835,1003835000000,1003840048058,5.048059,246.02,128
3836,1003836000000,1003840730549,4.730549,-97.98,128
3837,1003837000000,1003842407610,5.40761,-208.97,128
3838,1003838000000,1003843556259,5.556259,32.34,128
3839,1003839000000,1003843440995,4.440996,-139.21,128
3840,1003840000000,1003846736452,6.736453,-60.19,128
3841,1003841000000,1003846132453,5.132453,72.59,128
3842,1003842000000,1003846286873,4.286874,-231.99,128
3843,1003843000000,1003848253300,5.253301,-35.36,128
3844,1003844000000,1003849178655,5.178655,-78.34,128
3845,1003845000000,1003849787279,4.78728,98.51,128
3846,1003846000000,1003851760192,5.760193,11.01,128
3847,1003847000000,1003852641318,5.641318,184.38,128
3848,1003848000000,1003852681832,4.681833,91.64,128
3849,1003849000000,1003854383975,5.383975,206.99,128
3850,1003850000000,1003854602976,4.602976,-217.63,128
3851,1003851000000,1003855990296,4.990297,57.38,128
3852,1003852000000,1003856768603,4.768603,-15.8,128
3853,1003853000000,1003858212068,5.212069,-93.55,128
3854,1003854000000,1003859789569,5.78957,-32.5,128
3855,1003855000000,1003860855684,5.855684,-10.9,128
3856,1003856000000,1003860758588,4.758589,-85.37,128
3857,1003857000000,1003862212251,5.212251,50.87,128
3858,1003858000000,1003863443520,5.44352,-47.87,128
3859,1003859000000,1003863721048,4.721048,106.14,128
3860,1003860000000,1003865425964,5.425964,248.15,128
3861,1003861000000,1003866159701,5.159701,-42.35,128
3862,1003862000000,1003866607006,4.607006,91.78,128
3863,1003863000000,1003867465643,4.465644,59.48,128
3864,1003864000000,1003868705148,4.705149,-30.72,128
3865,1003865000000,1003869575510,4.57551,81.76,128
3866,1003866000000,1003870249276,4.249277,28.49,128
3867,1003867000000,1003872433741,5.433742,-83.6,128
3868,1003868000000,1003872238495,4.238495,-165.51,128
3869,1003869000000,1003874478897,5.478898,-105.59,128
3870,1003870000000,1003875281169,5.28117,-10.17,128
3871,1003871000000,1003876044360,5.044361,-198.4,128
3872,1003872000000,1003876795817,4.795818,-90.42,128
3873,1003873000000,1003878150573,5.150574,-1.54,128
3874,1003874000000,1003879949572,5.949572,41.6,128
3875,1003875000000,1003880626073,5.626074,-72.93,128
3876,1003876000000,1003880527000,4.527,57.26,128
3877,1003877000000,1003881293640,4.29364,-93.54,128
3878,1003878000000,1003882971303,4.971304,14.42,128
3879,1003879000000,1003884062505,5.062505,-68.83,128
3880,1003880000000,1003884231535,4.231536,53.49,128
3881,1003881000000,1003886156955,5.156956,-59.5,128
3882,1003882000000,1003886558218,4.558218,308.82,128
3883,1003883000000,1003888413624,5.413625,-210.17,128
3884,1003884000000,1003889328991,5.328992,-6.24,128
3885,1003885000000,1003890569922,5.569923,-19.38,128
3886,1003886000000,1003890828577,4.828578,-78.44,128
3887,1003887000000,1003892311424,5.311425,136.4,128
3888,1003888000000,1003893327984,5.327984,-157.86,128
3889,1003889000000,1003893937265,4.937266,143.0,128
3890,1003890000000,1003895808110,5.808111,73.83,128
3891,1003891000000,1003895743120,4.743121,107.62,128
3892,1003892000000,1003897166237,5.166238,-12.88,128
3893,1003893000000,1003897402865,4.402865,50.02,128
3894,1003894000000,1003898943063,4.943063,-125.14,128
3895,1003895000000,1003900274348,5.274348,-18.22,128
3896,1003896000000,1003900901933,4.901933,-111.15,128
3897,1003897000000,1003901078182,4.078183,114.55,128
3898,1003898000000,1003902828597,4.828598,80.52,128
3899,1003899000000,1003904445107,5.445108,113.8,128
3900,1003900000000,1003904338540,4.338541,-58.94,128
3901,1003901000000,1003906020350,5.02035,127.62,128
3902,1003902000000,1003907199681,5.199681,109.21,128
3903,1003903000000,1003908385146,5.385147,200.89,128
3904,1003904000000,1003909460762,5.460762,-22.17,128
3905,1003905000000,1003909668122,4.668122,-122.77,128
3906,1003906000000,1003910770977,4.770978,75.91,128
3907,1003907000000,1003911786893,4.786894,-239.21,128
3908,1003908000000,1003913067271,5.067272,-188.07,128
3909,1003909000000,1003914303123,5.303124,-92.61,128
3910,1003910000000,1003914622033,4.622034,-14.83,128
3911,1003911000000,1003916246898,5.246899,-194.54,128
3912,1003912000000,1003917382463,5.382464,69.9,128
3913,1003913000000,1003917939800,4.9398,16.42,128
3914,1003914000000,1003919679758,5.679759,8.67,128
3915,1003915000000,1003919834085,4.834086,70.6,128
3916,1003916000000,1003921002891,5.002891,72.13,128
3917,1003917000000,1003922785027,5.785028,219.28,128
3918,1003918000000,1003922950729,4.95073,172.39,128
3919,1003919000000,1003923388325,4.388325,-0.47,128
3920,1003920000000,1003923964177,3.964178,38.67,128
3921,1003921000000,1003926391551,5.391552,9.85,128
3922,1003922000000,1003926916955,4.916956,-140.84,128
3923,1003923000000,1003927685382,4.685382,-20.91,128
3924,1003924000000,1003929267327,5.267328,-19.77,128
3925,1003925000000,1003929467800,4.467801,5.95,128
3926,1003926000000,1003931152680,5.15268,2.83,128
3927,1003927000000,1003932404037,5.404038,131.19,128
3928,1003928000000,1003933057928,5.057929,87.05,128
3929,1003929000000,1003934100927,5.100927,-153.07,128
3930,1003930000000,1003934567151,4.567151,-39.66,128
3931,1003931000000,1003935921675,4.921676,-121.04,128
3932,1003932000000,1003938267871,6.267871,-162.01,128
3933,1003933000000,1003938252724,5.252724,86.64,128
3934,1003934000000,1003940251488,6.251488,-29.52,128
3935,1003935000000,1003940976248,5.976249,1.4,128
3936,1003936000000,1003941280929,5.28093,-71.77,128
3937,1003937000000,1003941964817,4.964817,115.34,128
3938,1003938000000,1003943623548,5.623548,-47.14,128
3939,1003939000000,1003944993970,5.99397,-5.36,128
3940,1003940000000,1003944842202,4.842203,-23.94,128
3941,1003941000000,1003946148891,5.148892,82.31,128
3942,1003942000000,1003947963106,5.963107,228.72,128
3943,1003943000000,1003948527348,5.527348,-155.33,128
3944,1003944000000,1003948348240,4.348241,-148.63,128
3945,1003945000000,1003950329468,5.329468,-66.33,128
3946,1003946000000,1003951109553,5.109554,215.2,128
3947,1003947000000,1003951411565,4.411565,8.67,128
3948,1003948000000,1003952734169,4.73417,49.32,128
3949,1003949000000,1003954552402,5.552403,-49.83,128
3950,1003950000000,1003955535897,5.535898,62.4,128
3951,1003951000000,1003956788243,5.788243,7.82,128
3952,1003952000000,1003957536484,5.536485,-141.16,128
3953,1003953000000,1003957923825,4.923825,-173.05,128
3954,1003954000000,1003959966548,5.966549,111.39,128
3955,1003955000000,1003960273281,5.273281,-86.08,128
3956,1003956000000,1003961769254,5.769255,-124.01,128
3957,1003957000000,1003962767092,5.767092,-154.94,128
3958,1003958000000,1003963122445,5.122445,-20.04,128
3959,1003959000000,1003963425547,4.425547,157.37,128
3960,1003960000000,1003965079930,5.079931,145.47,128
3961,1003961000000,1003965493775,4.493775,39.55,128
3962,1003962000000,1003967098635,5.098635,-19.76,128
3963,1003963000000,1003968370403,5.370404,27.6,128
3964,1003964000000,1003968805652,4.805653,54.27,128
3965,1003965000000,1003970999001,5.999002,-201.33,128
3966,1003966000000,1003970866529,4.866529,-122.81,128
3967,1003967000000,1003971811050,4.811051,208.99,128
3968,1003968000000,1003973952812,5.952812,-90.82,128
3969,1003969000000,1003973593170,4.59317,45.13,128
3970,1003970000000,1003974877203,4.877203,23.69,128
3971,1003971000000,1003975984314,4.984315,68.55,128
3972,1003972000000,1003977074139,5.074139,24.51,128
3973,1003973000000,1003977934604,4.934605,-17.4,128
3974,1003974000000,1003978805616,4.805616,126.49,128
3975,1003975000000,1003979260362,4.260363,7.28,128
3976,1003976000000,1003980667193,4.667193,-63.7,128
3977,1003977000000,1003981704297,4.704298,27.97,128
3978,1003978000000,1003982426641,4.426642,65.22,128
3979,1003979000000,1003984393540,5.393541,-162.17,128
3980,1003980000000,1003985041318,5.041319,45.47,128
3981,1003981000000,1003985893636,4.893636,144.74,128
3982,1003982000000,1003987176243,5.176244,144.59,128
3983,1003983000000,1003988509697,5.509697,-104.39,128
3984,1003984000000,1003988763684,4.763684,90.43,128
3985,1003985000000,1003990537701,5.537702,-34.77,128
3986,1003986000000,1003990292371,4.292371,-62.79,128
3987,1003987000000,1003991962828,4.962829,-1.3,128
3988,1003988000000,1003993427013,5.427013,121.91,128
3989,1003989000000,1003994579589,5.579589,57.31,128
3990,1003990000000,1003994706218,4.706219,-15.87,128
3991,1003991000000,1003996505763,5.505763,68.43,128
3992,1003992000000,1003997591352,5.591352,29.58,128
3993,1003993000000,1003997373609,4.37361,15.95,128
3994,1003994000000,1003998766009,4.76601,110.06,128
3995,1003995000000,1004000440026,5.440026,-1.87,128
3996,1003996000000,1004001730615,5.730616,-9.64,128
3997,1003997000000,1004002430800,5.430801,57.53,128
3998,1003998000000,1004003016499,5.0165,49.78,128
3999,1003999000000,1004003665761,4.665761,100.92,128
4000,1004000000000,1004004606891,4.606891,3.05,128
4001,1004001000000,1004005910742,4.910742,-237.39,128
4002,1004002000000,1004006890813,4.890814,-99.74,128
4003,1004003000000,1004007940215,4.940215,35.65,128
4004,1004004000000,1004008406379,4.40638,32.59,128
4005,1004005000000,1004009640699,4.640699,-30.08,128
4006,1004006000000,1004010525558,4.525559,-86.42,128
4007,1004007000000,1004011133403,4.133403,46.9,128
4008,1004008000000,1004013192617,5.192618,22.9,128
4009,1004009000000,1004013847025,4.847026,-20.66,128
4010,1004010000000,1004016116093,6.116093,135.96,128
4011,1004011000000,1004016567415,5.567415,-17.39,128
4012,1004012000000,1004017463124,5.463124,-164.23,128
4013,1004013000000,1004017493724,4.493725,-35.81,128
4014,1004014000000,1004019241220,5.24122,-42.38,128
4015,1004015000000,1004020330927,5.330927,1.29,128
4016,1004016000000,1004019960899,3.960899,-111.46,128
4017,1004017000000,1004021701945,4.701946,17.38,128
4018,1004018000000,1004022342376,4.342376,-22.03,128
4019,1004019000000,1004023805067,4.805067,77.33,128
4020,1004020000000,1004025300537,5.300538,164.18,128
4021,1004021000000,1004025839239,4.839239,159.67,128
4022,1004022000000,1004027514489,5.51449,13.98,128
4023,1004023000000,1004027599570,4.599571,196.61,128
4024,1004024000000,1004029538295,5.538296,-32.0,128
4025,1004025000000,1004030244099,5.2441,-121.21,128
4026,1004026000000,1004030839591,4.839592,85.41,128
4027,1004027000000,1004031684607,4.684607,12.03,128
4028,1004028000000,1004032836106,4.836106,-16.53,128
4029,1004029000000,1004033774444,4.774444,132.66,128
4030,1004030000000,1004035139033,5.139034,22.19,128
4031,1004031000000,1004035516723,4.516724,-70.77,128
4032,1004032000000,1004037215390,5.21539,-75.85,128
4033,1004033000000,1004038561467,5.561468,0.87,128
4034,1004034000000,1004038802223,4.802224,20.34,128
4035,1004035000000,1004039942716,4.942717,22.39,128
4036,1004036000000,1004041279895,5.279895,56.18,128
4037,1004037000000,1004041886599,4.8866,61.59,128
4038,1004038000000,1004043455604,5.455604,-10.93,128
4039,1004039000000,1004043879246,4.879247,40.83,128
4040,1004040000000,1004044627799,4.6278,-77.71,128
4041,1004041000000,1004045814956,4.814957,-85.63,128
4042,1004042000000,1004046639432,4.639432,-42.12,128
4043,1004043000000,1004048119274,5.119275,197.11,128
4044,1004044000000,1004049313963,5.313964,-64.77,128
4045,1004045000000,1004049941774,4.941774,-7.87,128
4046,1004046000000,1004051081248,5.081249,-18.31,128
4047,1004047000000,1004051424169,4.42417,2.71,128
4048,1004048000000,1004053214522,5.214522,92.83,128
4049,1004049000000,1004054705050,5.70505,62.45,128
4050,1004050000000,1004054946410,4.94641,-53.2,128
4051,1004051000000,1004056032027,5.032027,123.18,128
4052,1004052000000,1004057176366,5.176367,8.12,128
4053,1004053000000,1004057079829,4.079829,64.2,128
4054,1004054000000,1004059101902,5.101903,-150.41,128
4055,1004055000000,1004059023564,4.023565,-92.38,128
4056,1004056000000,1004061299941,5.299942,-55.53,128
4057,1004057000000,1004061605147,4.605147,-35.87,128
4058,1004058000000,1004062842584,4.842584,32.15,128
4059,1004059000000,1004064567497,5.567498,-84.91,128
4060,1004060000000,1004064782468,4.782469,144.7,128
4061,1004061000000,1004065582674,4.582675,-28.9,128
4062,1004062000000,1004066747039,4.747039,-39.63,128
4063,1004063000000,1004068083432,5.083432,-102.82,128
4064,1004064000000,1004068952902,4.952903,72.95,128
4065,1004065000000,1004070344798,5.344799,66.79,128
4066,1004066000000,1004072023185,6.023185,-261.73,128
4067,1004067000000,1004072402783,5.402783,132.41,128
4068,1004068000000,1004073211877,5.211877,-191.28,128
4069,1004069000000,1004073865044,4.865044,-52.89,128
4070,1004070000000,1004075838565,5.838565,-24.78,128
4071,1004071000000,1004075334481,4.334482,-119.07,128
4072,1004072000000,1004076564741,4.564742,144.12,128
4073,1004073000000,1004078282531,5.282532,-84.42,128
4074,1004074000000,1004078980942,4.980942,20.09,128
4075,1004075000000,1004080389319,5.38932,0.99,128
4076,1004076000000,1004080904026,4.904026,42.74,128
4077,1004077000000,1004081996313,4.996314,23.63,128
4078,1004078000000,1004082273542,4.273542,16.28,128
4079,1004079000000,1004083845918,4.845919,-200.48,128
4080,1004080000000,1004084617317,4.617317,137.91,128
4081,1004081000000,1004085301122,4.301123,-104.5,128
4082,1004082000000,1004087693464,5.693465,-39.45,128
4083,1004083000000,1004088310195,5.310195,44.24,128
4084,1004084000000,1004088715395,4.715395,-7.08,128
4085,1004085000000,1004088863800,3.863801,215.94,128
4086,1004086000000,1004091483107,5.483108,148.54,128
4087,1004087000000,1004092842927,5.842928,22.57,128
4088,1004088000000,1004093473620,5.47362,82.06,128
4089,1004089000000,1004094353773,5.353773,71.31,128
4090,1004090000000,1004095347166,5.347167,161.27,128
4091,1004091000000,1004096052873,5.052873,22.17,128
4092,1004092000000,1004097184504,5.184505,-86.19,128
4093,1004093000000,1004097808935,4.808936,72.06,128
4094,1004094000000,1004099506291,5.506292,24.6,128
4095,1004095000000,1004099333239,4.33324,19.89,128
4096,1004096000000,1004101310407,5.310408,-40.71,128
4097,1004097000000,1004102651122,5.651122,-2.11,128
4098,1004098000000,1004102280162,4.280162,-55.92,128
4099,1004099000000,1004104676552,5.676552,24.77,128
4100,1004100000000,1004104749530,4.749531,-20.7,128
4101,1004101000000,1004106342428,5.342428,-31.88,128
4102,1004102000000,1004106944716,4.944717,51.46,128
4103,1004103000000,1004107682378,4.682379,55.84,128
4104,1004104000000,1004109676973,5.676974,154.6,128
4105,1004105000000,1004109845602,4.845603,53.05,128
4106,1004106000000,1004111124874,5.124874,21.3,128
4107,1004107000000,1004112397554,5.397555,-2.46,128
4108,1004108000000,1004113408417,5.408418,-114.81,128
4109,1004109000000,1004113330113,4.330114,56.07,128
4110,1004110000000,1004114668112,4.668113,-79.93,128
4111,1004111000000,1004116062758,5.062758,-233.82,128
4112,1004112000000,1004117638616,5.638617,-10.1,128
4113,1004113000000,1004118198213,5.198213,-12.32,128
4114,1004114000000,1004118602907,4.602907,-131.92,128
4115,1004115000000,1004119788546,4.788547,72.96,128
4116,1004116000000,1004121330468,5.330469,89.62,128
4117,1004117000000,1004122017529,5.017529,-67.44,128
4118,1004118000000,1004123377170,5.377171,31.58,128
4119,1004119000000,1004125339942,6.339942,23.62,128
4120,1004120000000,1004126951478,6.951479,-86.13,128
4121,1004121000000,1004126137834,5.137834,-32.57,128
4122,1004122000000,1004126584834,4.584834,-5.69,128
4123,1004123000000,1004128153248,5.153248,45.39,128
4124,1004124000000,1004128406681,4.406682,-32.37,128
4125,1004125000000,1004130333005,5.333006,-0.8,128
4126,1004126000000,1004131422426,5.422426,-20.16,128
4127,1004127000000,1004131807980,4.80798,-36.64,128
4128,1004128000000,1004133936431,5.936432,24.49,128
4129,1004129000000,1004133264331,4.264331,31.72,128
4130,1004130000000,1004135119550,5.119551,65.35,128
4131,1004131000000,1004136044613,5.044613,-145.22,128
4132,1004132000000,1004136837707,4.837707,123.72,128
4133,1004133000000,1004138699801,5.699801,99.72,128
4134,1004134000000,1004139866808,5.866808,252.93,128
4135,1004135000000,1004140418168,5.418169,-50.65,128
4136,1004136000000,1004141582810,5.582811,14.76,128
4137,1004137000000,1004142438614,5.438614,3.42,128
4138,1004138000000,1004142366521,4.366522,9.52,128
4139,1004139000000,1004144207747,5.207747,-31.15,128
4140,1004140000000,1004144213972,4.213973,26.37,128
4141,1004141000000,1004146018635,5.018635,-18.22,128
4142,1004142000000,1004147423761,5.423761,-68.47,128
4143,1004143000000,1004148775839,5.775839,-13.73,128
4144,1004144000000,1004149452243,5.452244,-58.67,128
4145,1004145000000,1004149601531,4.601532,29.2,128
4146,1004146000000,1004151086548,5.086549,142.67,128
4147,1004147000000,1004151366036,4.366037,-1.17,128
4148,1004148000000,1004151969684,3.969685,36.35,128
4149,1004149000000,1004154530194,5.530194,120.91,128
4150,1004150000000,1004154313136,4.313136,148.56,128
4151,1004151000000,1004156295715,5.295716,25.48,128
4152,1004152000000,1004157077861,5.077862,56.71,128
4153,1004153000000,1004158102023,5.102024,50.02,128
4154,1004154000000,1004159383063,5.383063,43.48,128
4155,1004155000000,1004159773040,4.77304,-24.32,128
4156,1004156000000,1004161131555,5.131556,-114.94,128
4157,1004157000000,1004161361308,4.361309,-197.05,128
4158,1004158000000,1004163803855,5.803855,-114.7,128
4159,1004159000000,1004163683442,4.683443,-13.51,128
4160,1004160000000,1004165005419,5.005419,-20.44,128
4161,1004161000000,1004165509688,4.509689,-287.98,128
4162,1004162000000,1004166355207,4.355208,-78.03,128
4163,1004163000000,1004168382087,5.382088,-52.05,128
4164,1004164000000,1004168136762,4.136762,-56.29,128
4165,1004165000000,1004169632840,4.63284,-82.57,128
4166,1004166000000,1004171058671,5.058671,57.03,128
4167,1004167000000,1004171191632,4.191633,99.14,128
4168,1004168000000,1004173660013,5.660014,-139.9,128
4169,1004169000000,1004174682817,5.682818,-170.06,128
4170,1004170000000,1004174974196,4.974196,63.05,128
4171,1004171000000,1004175732025,4.732026,-40.71,128
4172,1004172000000,1004176372608,4.372609,31.2,128
4173,1004173000000,1004177640779,4.64078,-116.25,128
4174,1004174000000,1004178173184,4.173185,-35.52,128
4175,1004175000000,1004180122862,5.122862,33.94,128
4176,1004176000000,1004180888592,4.888593,-23.29,128
4177,1004177000000,1004181965769,4.965769,-43.35,128
4178,1004178000000,1004182696215,4.696215,45.38,128
4179,1004179000000,1004183267527,4.267527,164.02,128
4180,1004180000000,1004185402255,5.402256,-80.8,128
4181,1004181000000,1004186386438,5.386438,-76.38,128
4182,1004182000000,1004187103551,5.103552,119.83,128
4183,1004183000000,1004187478829,4.478829,37.65,128
4184,1004184000000,1004188846909,4.846909,-39.25,128
4185,1004185000000,1004190893479,5.89348,97.57,128
4186,1004186000000,1004190600140,4.600141,-140.87,128
4187,1004187000000,1004191375553,4.375553,-60.36,128
4188,1004188000000,1004193200874,5.200874,-128.52,128
4189,1004189000000,1004194464955,5.464955,-182.07,128
4190,1004190000000,1004194185942,4.185942,33.19,128
4191,1004191000000,1004195300840,4.300841,52.25,128
4192,1004192000000,1004197755489,5.755489,-191.78,128
4193,1004193000000,1004198187951,5.187952,-12.21,128
4194,1004194000000,1004198729793,4.729793,-81.57,128
4195,1004195000000,1004199391572,4.391573,-27.51,128
4196,1004196000000,1004200888252,4.888253,70.58,128
4197,1004197000000,1004202383569,5.383569,-33.03,128
4198,1004198000000,1004202835627,4.835627,5.94,128
4199,1004199000000,1004204000600,5.000601,-129.48,128
4200,1004200000000,1004206076689,6.07669,29.94,128
4201,1004201000000,1004206283844,5.283845,-15.88,128
4202,1004202000000,1004206825974,4.825974,28.61,128
4203,1004203000000,1004207933249,4.93325,56.0,128
4204,1004204000000,1004209108772,5.108772,-32.26,128
4205,1004205000000,1004210212901,5.212901,-32.03,128
4206,1004206000000,1004210961829,4.96183,1.2,128
4207,1004207000000,1004211716484,4.716485,28.17,128
4208,1004208000000,1004212828632,4.828632,-18.71,128
4209,1004209000000,1004214078533,5.078533,-93.9,128
4210,1004210000000,1004214931669,4.93167,-30.17,128
4211,1004211000000,1004215855352,4.855353,12.49,128
4212,1004212000000,1004217045899,5.0459,125.63,128
4213,1004213000000,1004218008198,5.008198,-3.64,128
4214,1004214000000,1004219988723,5.988723,-100.08,128
4215,1004215000000,1004219635378,4.635378,65.12,128
4216,1004216000000,1004221506863,5.506863,-44.8,128
4217,1004217000000,1004221649622,4.649623,-110.95,128
4218,1004218000000,1004223513687,5.513687,-107.28,128
4219,1004219000000,1004223722341,4.722342,26.76,128
4220,1004220000000,1004224943770,4.943771,54.03,128
4221,1004221000000,1004225303964,4.303965,-41.79,128
4222,1004222000000,1004228281877,6.281877,52.95,128
4223,1004223000000,1004227834926,4.834926,-23.32,128
4224,1004224000000,1004229161864,5.161865,-155.04,128
4225,1004225000000,1004230258028,5.258029,88.49,128
4226,1004226000000,1004230508883,4.508883,-3.48,128
4227,1004227000000,1004231681646,4.681646,-3.76,128
4228,1004228000000,1004233118997,5.118998,124.4,128
4229,1004229000000,1004234292406,5.292406,-111.05,128
4230,1004230000000,1004235265694,5.265695,-95.66,128
4231,1004231000000,1004236278516,5.278516,-145.67,128
4232,1004232000000,1004236959485,4.959486,-10.37,128
4233,1004233000000,1004238474581,5.474582,248.05,128
4234,1004234000000,1004239614457,5.614457,-79.59,128
4235,1004235000000,1004239888076,4.888076,145.67,128
4236,1004236000000,1004240217969,4.21797,-19.62,128
4237,1004237000000,1004241186120,4.18612,26.71,128
4238,1004238000000,1004244182502,6.182503,9.45,128
4239,1004239000000,1004244323442,5.323442,-174.93,128
4240,1004240000000,1004245354547,5.354547,-81.79,128
4241,1004241000000,1004245403687,4.403688,11.51,128
4242,1004242000000,1004246245082,4.245083,-72.49,128
4243,1004243000000,1004247614212,4.614213,118.4,128
4244,1004244000000,1004248155352,4.155352,-43.96,128
4245,1004245000000,1004250675776,5.675777,50.54,128
4246,1004246000000,1004251069373,5.069374,-5.82,128
4247,1004247000000,1004252389679,5.38968,-106.64,128
4248,1004248000000,1004253817627,5.817628,-10.57,128
4249,1004249000000,1004254421764,5.421764,0.53,128
4250,1004250000000,1004254860906,4.860907,-14.33,128
4251,1004251000000,1004255315783,4.315784,198.89,128
4252,1004252000000,1004257159757,5.159758,-56.7,128
4253,1004253000000,1004258269908,5.269909,-10.24,128
4254,1004254000000,1004258175775,4.175775,113.77,128
4255,1004255000000,1004259953340,4.95334,52.25,128
4256,1004256000000,1004260643317,4.643317,-130.64,128
4257,1004257000000,1004261919984,4.919985,-89.74,128
4258,1004258000000,1004263373656,5.373657,-97.42,128
4259,1004259000000,1004264712002,5.712003,77.49,128
4260,1004260000000,1004264940514,4.940515,26.16,128
4261,1004261000000,1004266097798,5.097799,58.27,128
4262,1004262000000,1004267655304,5.655304,-121.52,128
4263,1004263000000,1004268174231,5.174231,-114.7,128
4264,1004264000000,1004269887767,5.887767,39.78,128
4265,1004265000000,1004270325544,5.325544,43.85,128
4266,1004266000000,1004271485674,5.485674,30.14,128
4267,1004267000000,1004272170463,5.170464,146.7,128
4268,1004268000000,1004273032617,5.032618,27.01,128
4269,1004269000000,1004273318257,4.318257,57.3,128
4270,1004270000000,1004274582526,4.582527,43.4,128
4271,1004271000000,1004276291087,5.291087,-1.63,128
4272,1004272000000,1004276615128,4.615128,114.08,128
4273,1004273000000,1004277940650,4.940651,-58.88,128
4274,1004274000000,1004278742638,4.742638,-44.0,128
4275,1004275000000,1004280418152,5.418153,-113.97,128
4276,1004276000000,1004281243196,5.243196,200.32,128
4277,1004277000000,1004282182706,5.182707,-52.82,128
4278,1004278000000,1004283338131,5.338132,-228.88,128
4279,1004279000000,1004283796701,4.796702,-65.83,128
4280,1004280000000,1004283970366,3.970367,-54.25,128
4281,1004281000000,1004285900452,4.900453,-103.29,128
4282,1004282000000,1004287278077,5.278077,-40.6,128
4283,1004283000000,1004288185355,5.185356,-86.73,128
4284,1004284000000,1004289103495,5.103495,92.73,128
4285,1004285000000,1004290353430,5.35343,-48.16,128
4286,1004286000000,1004290164857,4.164857,-162.28,128
4287,1004287000000,1004292751663,5.751664,-131.19,128
4288,1004288000000,1004292904867,4.904867,-83.83,128
4289,1004289000000,1004293433521,4.433521,122.25,128
4290,1004290000000,1004294583478,4.583478,74.37,128
4291,1004291000000,1004295720011,4.720012,-109.56,128
4292,1004292000000,1004296218031,4.218032,-16.69,128
4293,1004293000000,1004298128090,5.12809,-50.25,128
4294,1004294000000,1004298980843,4.980843,-63.41,128
4295,1004295000000,1004300624732,5.624733,29.65,128
4296,1004296000000,1004301010418,5.010418,-53.2,128
4297,1004297000000,1004301786486,4.786487,-62.26,128
4298,1004298000000,1004302780977,4.780978,-216.63,128
4299,1004299000000,1004304539956,5.539957,-12.02,128
4300,1004300000000,1004304798544,4.798544,-75.77,128
4301,1004301000000,1004305956411,4.956411,-44.03,128
4302,1004302000000,1004306912611,4.912611,2.41,128
4303,1004303000000,1004307845937,4.845938,51.36,128
4304,1004304000000,1004308809801,4.809802,-37.42,128
4305,1004305000000,1004310825689,5.825689,-95.32,128
4306,1004306000000,1004311367860,5.367861,149.22,128
4307,1004307000000,1004312298076,5.298077,-68.76,128
4308,1004308000000,1004312307268,4.307269,-32.06,128
4309,1004309000000,1004312546358,3.546359,80.23,128
4310,1004310000000,1004315755956,5.755957,-24.53,128
4311,1004311000000,1004316469042,5.469042,-115.76,128
4312,1004312000000,1004317050577,5.050577,106.32,128
4313,1004313000000,1004317786539,4.78654,-28.5,128
4314,1004314000000,1004319857106,5.857106,28.48,128
4315,1004315000000,1004319756886,4.756886,36.56,128
4316,1004316000000,1004320619782,4.619783,-165.33,128
4317,1004317000000,1004322309912,5.309913,11.13,128
4318,1004318000000,1004321956798,3.956799,-209.45,128
4319,1004319000000,1004324051121,5.051122,-30.31,128
4320,1004320000000,1004325929356,5.929356,47.12,128
4321,1004321000000,1004325625315,4.625315,143.93,128
4322,1004322000000,1004327259722,5.259722,48.52,128
4323,1004323000000,1004328254752,5.254753,47.94,128
4324,1004324000000,1004328551061,4.551062,-87.31,128
4325,1004325000000,1004330666130,5.66613,120.77,128
4326,1004326000000,1004331773226,5.773227,-123.65,128
4327,1004327000000,1004332506915,5.506915,-182.6,128
4328,1004328000000,1004332988310,4.98831,-25.21,128
4329,1004329000000,1004334409249,5.40925,269.05,128
4330,1004330000000,1004335423223,5.423224,220.05,128
4331,1004331000000,1004336358483,5.358484,-121.08,128
4332,1004332000000,1004337404602,5.404602,-67.29,128
4333,1004333000000,1004337623063,4.623064,-156.45,128
4334,1004334000000,1004338304745,4.304746,-23.29,128
4335,1004335000000,1004339952515,4.952515,-43.36,128
4336,1004336000000,1004342096029,6.096029,134.0,128
4337,1004337000000,1004341284839,4.284839,78.81,128
4338,1004338000000,1004343094958,5.094959,15.43,128
4339,1004339000000,1004344225348,5.225349,18.01,128
4340,1004340000000,1004344747793,4.747794,30.43,128
4341,1004341000000,1004345459484,4.459485,12.86,128
4342,1004342000000,1004346978855,4.978855,-21.52,128
4343,1004343000000,1004347931893,4.931893,18.98,128
4344,1004344000000,1004349172853,5.172853,-49.41,128
4345,1004345000000,1004350261863,5.261864,-105.53,128
4346,1004346000000,1004350364740,4.36474,-129.83,128
4347,1004347000000,1004351847717,4.847718,-50.9,128
4348,1004348000000,1004353401680,5.40168,92.32,128
4349,1004349000000,1004354191582,5.191582,-38.21,128
4350,1004350000000,1004355405021,5.405021,97.45,128
4351,1004351000000,1004355480963,4.480963,54.44,128
4352,1004352000000,1004356923925,4.923926,-55.88,128
4353,1004353000000,1004358277769,5.277769,150.9,128
4354,1004354000000,1004359409204,5.409204,140.1,128
4355,1004355000000,1004360462842,5.462842,-89.09,128
4356,1004356000000,1004361270624,5.270625,155.09,128
4357,1004357000000,1004362800530,5.80053,43.23,128
4358,1004358000000,1004362244446,4.244447,143.06,128
4359,1004359000000,1004364469128,5.469129,54.7,128
4360,1004360000000,1004364571273,4.571273,47.56,128
4361,1004361000000,1004365869686,4.869686,-96.1,128
4362,1004362000000,1004366431239,4.431239,185.72,128
4363,1004363000000,1004367818431,4.818431,1.86,128
4364,1004364000000,1004369084397,5.084397,140.12,128
4365,1004365000000,1004370571522,5.571523,-210.51,128
4366,1004366000000,1004371002922,5.002923,46.17,128
4367,1004367000000,1004372621214,5.621214,-217.41,128
4368,1004368000000,1004372398959,4.39896,-16.39,128
4369,1004369000000,1004374616568,5.616569,16.7,128
4370,1004370000000,1004375941987,5.941987,-4.17,128
4371,1004371000000,1004375833964,4.833965,158.38,128
4372,1004372000000,1004377598022,5.598022,-137.03,128
4373,1004373000000,1004377247657,4.247657,138.15,128
4374,1004374000000,1004378449946,4.449947,-11.45,128
4375,1004375000000,1004379562300,4.562301,107.57,128
4376,1004376000000,1004380830440,4.830441,-22.7,128
4377,1004377000000,1004381701751,4.701751,57.47,128
4378,1004378000000,1004383800415,5.800415,-33.6,128
4379,1004379000000,1004384875731,5.875732,-77.71,128
4380,1004380000000,1004385249855,5.249856,22.5,128
4381,1004381000000,1004385891494,4.891494,148.64,128
4382,1004382000000,1004387089164,5.089165,168.33,128
4383,1004383000000,1004388208330,5.208331,40.72,128
4384,1004384000000,1004389414194,5.414194,-36.43,128
4385,1004385000000,1004389949168,4.949169,55.33,128
4386,1004386000000,1004391378441,5.378441,-59.26,128
4387,1004387000000,1004393525126,6.525127,-37.99,128
4388,1004388000000,1004393163753,5.163754,116.58,128
4389,1004389000000,1004394665337,5.665338,-27.92,128
4390,1004390000000,1004395757349,5.75735,-145.76,128
4391,1004391000000,1004396449911,5.449911,148.5,128
4392,1004392000000,1004397074875,5.074875,-65.74,128
4393,1004393000000,1004398058469,5.05847,-3.94,128
4394,1004394000000,1004398435926,4.435927,58.22,128
4395,1004395000000,1004399651803,4.651804,-118.62,128
4396,1004396000000,1004402081699,6.0817,80.48,128
4397,1004397000000,1004401926674,4.926674,30.67,128
4398,1004398000000,1004403659866,5.659867,81.02,128
4399,1004399000000,1004403938570,4.93857,143.09,128
4400,1004400000000,1004404589542,4.589543,92.1,128
4401,1004401000000,1004406220101,5.220102,-2.72,128
4402,1004402000000,1004407649231,5.649232,-20.27,128
4403,1004403000000,1004407331663,4.331663,-38.0,128
4404,1004404000000,1004408787970,4.78797,95.52,128
4405,1004405000000,1004410168772,5.168773,108.27,128
4406,1004406000000,1004410849866,4.849867,173.96,128
4407,1004407000000,1004411886122,4.886123,-18.32,128
4408,1004408000000,1004412415450,4.415451,-33.8,128
4409,1004409000000,1004414070917,5.070918,-126.59,128
4410,1004410000000,1004414050935,4.050936,-59.17,128
4411,1004411000000,1004415454276,4.454277,-57.77,128
4412,1004412000000,1004416972282,4.972283,63.04,128
4413,1004413000000,1004418004964,5.004964,-69.07,128
4414,1004414000000,1004418332921,4.332922,-59.23,128
4415,1004415000000,1004420101445,5.101446,20.94,128
4416,1004416000000,1004421125763,5.125764,-41.49,128
4417,1004417000000,1004421466211,4.466211,-86.11,128
4418,1004418000000,1004423288795,5.288795,-83.79,128
4419,1004419000000,1004423984227,4.984227,42.32,128
4420,1004420000000,1004425623390,5.62339,50.4,128
4421,1004421000000,1004426020215,5.020215,-8.24,128
4422,1004422000000,1004426676516,4.676517,30.59,128
4423,1004423000000,1004427510648,4.510649,276.51,128
4424,1004424000000,1004428593466,4.593467,57.04,128
4425,1004425000000,1004429560514,4.560515,10.89,128
4426,1004426000000,1004431594817,5.594817,98.86,128
4427,1004427000000,1004432953658,5.953659,59.86,128
4428,1004428000000,1004434071285,6.071285,22.2,128
4429,1004429000000,1004434226536,5.226536,-177.07,128
4430,1004430000000,1004434540306,4.540306,-72.8,128
4431,1004431000000,1004435772062,4.772063,51.68,128
4432,1004432000000,1004436511262,4.511263,-5.73,128
4433,1004433000000,1004438246543,5.246544,-202.96,128
4434,1004434000000,1004439121914,5.121915,-28.44,128
4435,1004435000000,1004439586204,4.586204,-76.5,128
4436,1004436000000,1004440118232,4.118233,-17.32,128
4437,1004437000000,1004441117119,4.11712,8.05,128
4438,1004438000000,1004442939190,4.939191,134.51,128
4439,1004439000000,1004444199733,5.199734,-14.09,128
4440,1004440000000,1004445613898,5.613899,237.68,128
4441,1004441000000,1004445688174,4.688174,113.97,128
4442,1004442000000,1004446598275,4.598276,-164.33,128
4443,1004443000000,1004447504712,4.504712,-223.2,128
4444,1004444000000,1004449582211,5.582212,68.21,128
4445,1004445000000,1004449390441,4.390442,75.55,128
4446,1004446000000,1004450041082,4.041083,148.31,128
4447,1004447000000,1004452228262,5.228262,14.29,128
4448,1004448000000,1004452781724,4.781724,108.51,128
4449,1004449000000,1004453976616,4.976616,18.86,128
4450,1004450000000,1004454557894,4.557894,-125.27,128
4451,1004451000000,1004455671486,4.671486,-110.22,128
4452,1004452000000,1004456907213,4.907214,60.61,128
4453,1004453000000,1004457597649,4.597649,-56.19,128
4454,1004454000000,1004459350347,5.350348,-84.47,128
4455,1004455000000,1004459248544,4.248545,27.31,128
4456,1004456000000,1004460953091,4.953091,96.24,128
4457,1004457000000,1004461982577,4.982578,166.34,128
4458,1004458000000,1004463622196,5.622197,-5.56,128
4459,1004459000000,1004463733341,4.733341,-71.68,128
4460,1004460000000,1004465286057,5.286058,143.82,128
4461,1004461000000,1004465685152,4.685153,13.37,128
4462,1004462000000,1004467486736,5.486737,-4.83,128
4463,1004463000000,1004467586292,4.586292,40.48,128
4464,1004464000000,1004468752198,4.752199,205.37,128
4465,1004465000000,1004470399074,5.399075,16.74,128
4466,1004466000000,1004471537008,5.537009,137.6,128
4467,1004467000000,1004472397864,5.397864,28.01,128
4468,1004468000000,1004472928645,4.928646,-1.48,128
4469,1004469000000,1004473550842,4.550842,-80.58,128
4470,1004470000000,1004474928304,4.928305,-43.17,128
4471,1004471000000,1004476298909,5.29891,-55.46,128
4472,1004472000000,1004477078286,5.078287,-0.65,128
4473,1004473000000,1004478401579,5.40158,-46.02,128
4474,1004474000000,1004478500301,4.500302,142.87,128
4475,1004475000000,1004479595107,4.595108,36.74,128
4476,1004476000000,1004481421127,5.421127,87.6,128
4477,1004477000000,1004481909582,4.909583,-85.93,128
4478,1004478000000,1004483808450,5.808451,-99.32,128
4479,1004479000000,1004483628119,4.628119,73.91,128
4480,1004480000000,1004485104094,5.104094,75.38,128
4481,1004481000000,1004486203059,5.20306,-212.89,128
4482,1004482000000,1004487157610,5.157611,-26.39,128
4483,1004483000000,1004488060566,5.060566,54.01,128
4484,1004484000000,1004489080503,5.080503,-20.32,128
4485,1004485000000,1004489952671,4.952672,118.74,128
4486,1004486000000,1004490716295,4.716295,-37.04,128
4487,1004487000000,1004492612945,5.612945,-247.66,128
4488,1004488000000,1004493404191,5.404191,-78.81,128
4489,1004489000000,1004494122935,5.122935,80.91,128
4490,1004490000000,1004494741271,4.741272,-5.06,128
4491,1004491000000,1004496523280,5.52328,87.51,128
4492,1004492000000,1004498689048,6.689049,69.21,128
4493,1004493000000,1004497958034,4.958034,5.72,128
4494,1004494000000,1004498634243,4.634243,-3.95,128
4495,1004495000000,1004500544911,5.544911,-45.91,128
4496,1004496000000,1004500371522,4.371522,38.26,128
4497,1004497000000,1004501922586,4.922587,30.39,128
4498,1004498000000,1004503727027,5.727028,25.19,128
4499,1004499000000,1004503692541,4.692542,5.33,128
4500,1004500000000,1004505596228,5.596229,-117.25,128
4501,1004501000000,1004506897851,5.897851,14.69,128
4502,1004502000000,1004507307584,5.307584,38.3,128
4503,1004503000000,1004507700519,4.70052,25.31,128
4504,1004504000000,1004508560596,4.560596,-110.77,128
4505,1004505000000,1004509677241,4.677241,-124.08,128
4506,1004506000000,1004511457532,5.457532,-53.21,128
4507,1004507000000,1004511790483,4.790483,-8.58,128
4508,1004508000000,1004512266385,4.266385,-68.44,128
4509,1004509000000,1004514927154,5.927154,-120.42,128
4510,1004510000000,1004514926893,4.926893,33.54,128
4511,1004511000000,1004516100232,5.100232,32.22,128
4512,1004512000000,1004517288154,5.288154,-56.27,128
4513,1004513000000,1004517762976,4.762976,-80.34,128
4514,1004514000000,1004518967831,4.967832,-40.24,128
4515,1004515000000,1004520244154,5.244155,22.54,128
4516,1004516000000,1004520647931,4.647931,10.63,128
4517,1004517000000,1004521441245,4.441246,-27.69,128
4518,1004518000000,1004523411655,5.411656,-36.55,128
4519,1004519000000,1004524840797,5.840798,-18.66,128
4520,1004520000000,1004524673871,4.673872,18.1,128
4521,1004521000000,1004527132605,6.132606,73.22,128
4522,1004522000000,1004526916742,4.916743,151.03,128
4523,1004523000000,1004528574777,5.574778,-135.29,128
4524,1004524000000,1004528700856,4.700856,51.33,128
4525,1004525000000,1004530242241,5.242242,-59.58,128
4526,1004526000000,1004530660152,4.660152,-15.5,128
4527,1004527000000,1004531740444,4.740444,-43.23,128
4528,1004528000000,1004533300172,5.300172,29.44,128
4529,1004529000000,1004534344230,5.34423,187.55,128
4530,1004530000000,1004535495758,5.495758,19.67,128
4531,1004531000000,1004537078584,6.078584,-76.11,128
4532,1004532000000,1004537293019,5.293019,-16.82,128
4533,1004533000000,1004538138549,5.13855,-9.14,128
4534,1004534000000,1004539040410,5.040411,-85.5,128
4535,1004535000000,1004540718173,5.718173,-62.1,128
4536,1004536000000,1004542060562,6.060563,-12.29,128
4537,1004537000000,1004541685436,4.685437,-140.39,128
4538,1004538000000,1004542657129,4.657129,-108.72,128
4539,1004539000000,1004544528034,5.528035,-89.9,128
4540,1004540000000,1004545269527,5.269528,-37.06,128
4541,1004541000000,1004546103719,5.10372,-73.69,128
4542,1004542000000,1004546336826,4.336826,-21.1,128
4543,1004543000000,1004547744589,4.744589,57.78,128
4544,1004544000000,1004548620844,4.620844,-99.06,128
4545,1004545000000,1004550011702,5.011702,143.76,128
4546,1004546000000,1004550415089,4.41509,-49.11,128
4547,1004547000000,1004552070214,5.070214,10.57,128
4548,1004548000000,1004552556409,4.55641,100.17,128
4549,1004549000000,1004554618837,5.618838,-13.04,128
4550,1004550000000,1004555932329,5.93233,-163.55,128
4551,1004551000000,1004555941371,4.941372,-81.5,128
4552,1004552000000,1004557452007,5.452008,137.8,128
4553,1004553000000,1004557901118,4.901119,-99.16,128
4554,1004554000000,1004558647309,4.64731,90.09,128
4555,1004555000000,1004559027042,4.027042,216.33,128
4556,1004556000000,1004560876338,4.876338,23.46,128
4557,1004557000000,1004562171219,5.171219,148.72,128
4558,1004558000000,1004562883042,4.883042,2.41,128
4559,1004559000000,1004564811589,5.811589,121.4,128
4560,1004560000000,1004564702248,4.702249,71.67,128
4561,1004561000000,1004566246012,5.246013,-72.38,128
4562,1004562000000,1004567431394,5.431394,209.21,128
4563,1004563000000,1004568301285,5.301286,-116.77,128
4564,1004564000000,1004568486103,4.486104,-53.59,128
4565,1004565000000,1004569974155,4.974155,-1.81,128
4566,1004566000000,1004571373614,5.373615,150.93,128
4567,1004567000000,1004571789553,4.789553,2.65,128
4568,1004568000000,1004573213588,5.213589,39.49,128
4569,1004569000000,1004573937109,4.93711,-27.41,128
4570,1004570000000,1004574300917,4.300918,-97.86,128
4571,1004571000000,1004576555739,5.55574,177.9,128
4572,1004572000000,1004577104643,5.104644,-110.94,128
4573,1004573000000,1004577976001,4.976001,-7.89,128
4574,1004574000000,1004580041957,6.041957,-80.31,128
4575,1004575000000,1004580457804,5.457804,99.95,128
4576,1004576000000,1004580047706,4.047706,-150.34,128
4577,1004577000000,1004581404387,4.404387,145.85,128
4578,1004578000000,1004582310493,4.310493,-96.52,128
4579,1004579000000,1004583856666,4.856666,27.92,128
4580,1004580000000,1004585746682,5.746683,-6.28,128
4581,1004581000000,1004586961682,5.961682,173.4,128
4582,1004582000000,1004587445787,5.445787,10.27,128
4583,1004583000000,1004589094466,6.094467,-39.24,128
4584,1004584000000,1004589160883,5.160883,134.6,128
4585,1004585000000,1004590112278,5.112279,-22.62,128
4586,1004586000000,1004590383729,4.383729,19.17,128
4587,1004587000000,1004591373428,4.373429,131.46,128
4588,1004588000000,1004593666513,5.666513,0.67,128
4589,1004589000000,1004593794726,4.794726,-48.97,128
4590,1004590000000,1004595581621,5.581622,-110.99,128
4591,1004591000000,1004595711758,4.711759,-10.51,128
4592,1004592000000,1004597802820,5.80282,34.48,128
4593,1004593000000,1004597509299,4.5093,-66.23,128
4594,1004594000000,1004598095777,4.095777,163.06,128
4595,1004595000000,1004600055203,5.055204,-142.72,128
4596,1004596000000,1004600677799,4.6778,-26.19,128
4597,1004597000000,1004602330526,5.330527,-15.49,128
4598,1004598000000,1004601797476,3.797477,-28.1,128
4599,1004599000000,1004603876645,4.876645,66.97,128
4600,1004600000000,1004605583059,5.583059,-111.52,128
4601,1004601000000,1004605851659,4.851659,-136.65,128
4602,1004602000000,1004606885673,4.885673,91.92,128
4603,1004603000000,1004607030244,4.030244,199.65,128
4604,1004604000000,1004610321157,6.321158,-25.59,128
4605,1004605000000,1004609862300,4.862301,-8.31,128
4606,1004606000000,1004611292954,5.292954,167.82,128
4607,1004607000000,1004611777801,4.777801,-35.27,128
4608,1004608000000,1004613010154,5.010155,-40.5,128
4609,1004609000000,1004614497949,5.49795,-43.16,128
4610,1004610000000,1004615031787,5.031788,-110.22,128
4611,1004611000000,1004615771666,4.771666,131.33,128
4612,1004612000000,1004617302744,5.302744,18.81,128
4613,1004613000000,1004617972473,4.972473,-11.55,128
4614,1004614000000,1004618573904,4.573904,-273.73,128
4615,1004615000000,1004619800677,4.800677,-33.67,128
4616,1004616000000,1004620909140,4.90914,25.96,128
4617,1004617000000,1004622424032,5.424032,53.18,128
4618,1004618000000,1004623037566,5.037566,128.22,128
4619,1004619000000,1004622837733,3.837733,-197.24,128
4620,1004620000000,1004625110829,5.11083,-30.0,128
4621,1004621000000,1004625811883,4.811883,17.7,128
4622,1004622000000,1004626791968,4.791969,-189.55,128
4623,1004623000000,1004627299297,4.299298,25.65,128
4624,1004624000000,1004629755575,5.755575,66.23,128
4625,1004625000000,1004629787916,4.787916,-67.97,128
4626,1004626000000,1004630569728,4.569729,61.36,128
4627,1004627000000,1004632773314,5.773315,-20.07,128
4628,1004628000000,1004633145989,5.145989,-288.85,128
4629,1004629000000,1004632949048,3.949049,167.09,128
4630,1004630000000,1004634145717,4.145717,66.08,128
4631,1004631000000,1004636455887,5.455888,-56.11,128
4632,1004632000000,1004636153815,4.153816,-188.61,128
4633,1004633000000,1004638419402,5.419403,36.07,128
4634,1004634000000,1004639258922,5.258923,-73.97,128
4635,1004635000000,1004640266107,5.266107,101.08,128
4636,1004636000000,1004640763871,4.763871,-4.63,128
4637,1004637000000,1004642090192,5.090193,44.23,128
4638,1004638000000,1004642775987,4.775988,39.0,128
4639,1004639000000,1004644088517,5.088517,-90.34,128
4640,1004640000000,1004644877156,4.877156,164.8,128
4641,1004641000000,1004646025484,5.025484,-83.63,128
4642,1004642000000,1004646293132,4.293133,-19.74,128
4643,1004643000000,1004648249857,5.249857,-1.09,128
4644,1004644000000,1004648422576,4.422577,18.52,128
4645,1004645000000,1004649481821,4.481822,-78.12,128
4646,1004646000000,1004651413519,5.413519,116.56,128
4647,1004647000000,1004651837360,4.837361,7.71,128
4648,1004648000000,1004653551782,5.551783,37.14,128
4649,1004649000000,1004653621395,4.621395,-150.88,128
4650,1004650000000,1004655566320,5.56632,-11.56,128
4651,1004651000000,1004656197037,5.197038,-31.0,128
4652,1004652000000,1004656347991,4.347991,-22.13,128
4653,1004653000000,1004658211245,5.211246,-78.21,128
4654,1004654000000,1004658647965,4.647966,33.95,128
4655,1004655000000,1004660258785,5.258785,-88.08,128
4656,1004656000000,1004660141157,4.141158,86.2,128
4657,1004657000000,1004662326892,5.326892,-78.84,128
4658,1004658000000,1004663611208,5.611209,49.48,128
4659,1004659000000,1004664244529,5.24453,-81.61,128
4660,1004660000000,1004665339417,5.339417,49.3,128
4661,1004661000000,1004666114523,5.114523,-7.88,128
4662,1004662000000,1004666234972,4.234972,41.71,128
4663,1004663000000,1004667404489,4.40449,53.67,128
4664,1004664000000,1004669281172,5.281173,45.86,128
4665,1004665000000,1004670592000,5.592,142.9,128
4666,1004666000000,1004670720759,4.72076,-59.62,128
4667,1004667000000,1004671326526,4.326526,212.81,128
4668,1004668000000,1004673588115,5.588116,-36.17,128
4669,1004669000000,1004673393206,4.393206,122.07,128
4670,1004670000000,1004674518940,4.518941,-225.75,128
4671,1004671000000,1004675917071,4.917071,180.49,128
4672,1004672000000,1004676340544,4.340545,-168.69,128
4673,1004673000000,1004677718412,4.718412,71.22,128
4674,1004674000000,1004678669368,4.669369,-105.3,128
4675,1004675000000,1004679550788,4.550788,47.81,128
4676,1004676000000,1004680169748,4.169749,118.68,128
4677,1004677000000,1004682998170,5.998171,-64.51,128
4678,1004678000000,1004683072162,5.072162,-151.91,128
4679,1004679000000,1004683717950,4.717951,-11.06,128
4680,1004680000000,1004684835543,4.835543,107.17,128
4681,1004681000000,1004686824970,5.82497,38.59,128
4682,1004682000000,1004686910182,4.910183,-13.42,128
4683,1004683000000,1004688130846,5.130847,82.78,128
4684,1004684000000,1004688925079,4.92508,-33.2,128
4685,1004685000000,1004689689786,4.689787,-19.35,128
4686,1004686000000,1004691637231,5.637231,133.87,128
4687,1004687000000,1004691696317,4.696317,-33.64,128
4688,1004688000000,1004693314667,5.314668,13.36,128
4689,1004689000000,1004694638101,5.638102,-46.26,128
4690,1004690000000,1004695532161,5.532161,17.3,128
4691,1004691000000,1004696030051,5.030052,121.44,128
4692,1004692000000,1004696403502,4.403502,145.29,128
4693,1004693000000,1004698266382,5.266383,-52.77,128
4694,1004694000000,1004699410786,5.410786,-187.67,128
4695,1004695000000,1004700113580,5.113581,151.35,128
4696,1004696000000,1004701166961,5.166961,103.3,128
4697,1004697000000,1004702155646,5.155646,-4.42,128
4698,1004698000000,1004701886985,3.886986,-170.37,128
4699,1004699000000,1004705202099,6.202099,-73.53,128
4700,1004700000000,1004705286291,5.286291,-56.18,128
4701,1004701000000,1004705699840,4.69984,2.02,128
4702,1004702000000,1004706676836,4.676836,-287.52,128
4703,1004703000000,1004708316976,5.316977,42.76,128
4704,1004704000000,1004708619886,4.619886,62.11,128
4705,1004705000000,1004709962643,4.962643,23.86,128
4706,1004706000000,1004712174898,6.174898,193.43,128
4707,1004707000000,1004712168512,5.168513,78.6,128
4708,1004708000000,1004712120312,4.120313,22.78,128
4709,1004709000000,1004713891762,4.891763,154.45,128
4710,1004710000000,1004715841575,5.841576,66.09,128
4711,1004711000000,1004715512833,4.512833,4.44,128
4712,1004712000000,1004717260977,5.260977,-83.98,128
4713,1004713000000,1004718204899,5.204899,18.0,128
4714,1004714000000,1004719411232,5.411232,69.09,128
4715,1004715000000,1004720249470,5.24947,-55.85,128
4716,1004716000000,1004719897689,3.897689,115.27,128
4717,1004717000000,1004721812347,4.812347,-176.76,128
4718,1004718000000,1004723579205,5.579206,64.67,128
4719,1004719000000,1004724076328,5.076329,15.69,128
4720,1004720000000,1004725369418,5.369418,99.36,128
4721,1004721000000,1004725984225,4.984226,-69.7,128
4722,1004722000000,1004726683214,4.683214,-75.03,128
4723,1004723000000,1004727171844,4.171845,-167.8,128
4724,1004724000000,1004728927510,4.927511,49.54,128
4725,1004725000000,1004730295254,5.295255,15.29,128
4726,1004726000000,1004730571298,4.571298,-164.9,128
4727,1004727000000,1004731458733,4.458734,43.07,128
4728,1004728000000,1004732853724,4.853724,94.55,128
4729,1004729000000,1004733545126,4.545127,109.0,128
4730,1004730000000,1004735211702,5.211702,88.48,128
4731,1004731000000,1004735287959,4.287959,7.3,128
4732,1004732000000,1004737053247,5.053248,101.16,128
4733,1004733000000,1004737467273,4.467273,-94.9,128
4734,1004734000000,1004739437840,5.437841,-117.52,128
4735,1004735000000,1004740189303,5.189304,152.06,128
4736,1004736000000,1004740930237,4.930237,67.42,128
4737,1004737000000,1004742610539,5.610539,43.33,128
4738,1004738000000,1004742551017,4.551017,-54.68,128
4739,1004739000000,1004743728677,4.728677,-11.32,128
4740,1004740000000,1004745518417,5.518418,166.44,128
4741,1004741000000,1004745990603,4.990603,19.19,128
4742,1004742000000,1004746354257,4.354257,-57.35,128
4743,1004743000000,1004747153554,4.153555,-17.26,128
4744,1004744000000,1004749715195,5.715196,7.46,128
4745,1004745000000,1004749641241,4.641242,17.47,128
4746,1004746000000,1004751099502,5.099503,-24.52,128
4747,1004747000000,1004751825098,4.825098,180.77,128
4748,1004748000000,1004751995588,3.995589,59.15,128
4749,1004749000000,1004753710019,4.71002,-203.29,128
4750,1004750000000,1004754656657,4.656657,-7.52,128
4751,1004751000000,1004755493975,4.493976,344.82,128
4752,1004752000000,1004757480745,5.480746,-15.18,128
4753,1004753000000,1004758164944,5.164944,0.9,128
4754,1004754000000,1004758551610,4.55161,29.9,128
4755,1004755000000,1004759969060,4.969061,-106.09,128
4756,1004756000000,1004760957936,4.957936,137.67,128
4757,1004757000000,1004762252950,5.252951,-10.4,128
4758,1004758000000,1004763500315,5.500316,80.58,128
4759,1004759000000,1004763854934,4.854934,-103.61,128
4760,1004760000000,1004764217407,4.217407,87.9,128
4761,1004761000000,1004765266365,4.266365,-68.75,128
4762,1004762000000,1004767973160,5.97316,12.77,128
4763,1004763000000,1004768187233,5.187234,-132.56,128
4764,1004764000000,1004769206020,5.20602,98.74,128
4765,1004765000000,1004770681154,5.681154,-50.2,128
4766,1004766000000,1004770851204,4.851204,123.68,128
4767,1004767000000,1004771121125,4.121126,119.7,128
4768,1004768000000,1004772265734,4.265734,-29.54,128
4769,1004769000000,1004773798345,4.798345,7.5,128
4770,1004770000000,1004775397251,5.397252,-61.09,128
4771,1004771000000,1004776753617,5.753617,90.13,128
4772,1004772000000,1004776440847,4.440848,305.48,128
4773,1004773000000,1004777206734,4.206734,79.44,128
4774,1004774000000,1004778624574,4.624574,-72.1,128
4775,1004775000000,1004778836328,3.836329,-70.91,128
4776,1004776000000,1004780826258,4.826258,71.09,128
4777,1004777000000,1004781384803,4.384804,223.34,128
4778,1004778000000,1004783419939,5.41994,-9.5,128
4779,1004779000000,1004783942119,4.94212,-163.29,128
4780,1004780000000,1004784840856,4.840856,-30.32,128
4781,1004781000000,1004785619521,4.619522,13.58,128
4782,1004782000000,1004787097071,5.097072,33.25,128
4783,1004783000000,1004788126399,5.126399,-34.99,128
4784,1004784000000,1004789089513,5.089514,-109.17,128
4785,1004785000000,1004789780904,4.780904,83.31,128
4786,1004786000000,1004791726267,5.726267,101.51,128
4787,1004787000000,1004791644067,4.644067,-19.61,128
4788,1004788000000,1004791916957,3.916957,-22.69,128
4789,1004789000000,1004794763731,5.763732,105.14,128
4790,1004790000000,1004795963481,5.963482,10.66,128
4791,1004791000000,1004796061839,5.06184,-179.08,128
4792,1004792000000,1004797712753,5.712753,1.13,128
4793,1004793000000,1004797696604,4.696604,-110.72,128
4794,1004794000000,1004799540740,5.54074,118.38,128
4795,1004795000000,1004800230629,5.230629,-174.99,128
4796,1004796000000,1004801198012,5.198013,53.72,128
4797,1004797000000,1004802351043,5.351044,-65.69,128
4798,1004798000000,1004803213851,5.213852,60.53,128
4799,1004799000000,1004804011514,5.011515,-51.03,128
4800,1004800000000,1004804784670,4.784671,-76.61,128
4801,1004801000000,1004805617790,4.617791,-7.09,128
4802,1004802000000,1004807019844,5.019844,15.59,128
4803,1004803000000,1004807002742,4.002743,33.01,128
4804,1004804000000,1004809071953,5.071953,29.22,128
4805,1004805000000,1004809188900,4.188901,-42.84,128
4806,1004806000000,1004810344765,4.344766,13.26,128
4807,1004807000000,1004811749898,4.749898,47.21,128
4808,1004808000000,1004812867871,4.867871,98.9,128
4809,1004809000000,1004813481625,4.481625,-4.59,128
4810,1004810000000,1004814853986,4.853987,-215.47,128
4811,1004811000000,1004816039985,5.039986,-97.4,128
4812,1004812000000,1004817083751,5.083751,68.84,128
4813,1004813000000,1004817236152,4.236153,142.49,128
4814,1004814000000,1004818235379,4.235379,81.63,128
4815,1004815000000,1004819052213,4.052214,173.79,128
4816,1004816000000,1004821330276,5.330276,87.74,128
4817,1004817000000,1004821878157,4.878157,193.23,128
4818,1004818000000,1004822960561,4.960561,82.79,128
4819,1004819000000,1004823989859,4.98986,-26.38,128
4820,1004820000000,1004825333730,5.333731,-135.25,128
4821,1004821000000,1004827511172,6.511173,-100.79,128
4822,1004822000000,1004827377145,5.377145,-210.86,128
4823,1004823000000,1004827724371,4.724372,-56.86,128
4824,1004824000000,1004828376236,4.376237,-98.45,128
4825,1004825000000,1004830021260,5.021261,97.05,128
4826,1004826000000,1004831540962,5.540962,-112.82,128
4827,1004827000000,1004831414058,4.414058,-29.15,128
4828,1004828000000,1004833091127,5.091128,-86.81,128
4829,1004829000000,1004833646318,4.646319,169.73,128
4830,1004830000000,1004834394341,4.394342,-22.01,128
4831,1004831000000,1004835853919,4.85392,-3.14,128
4832,1004832000000,1004837355898,5.355898,-27.56,128
4833,1004833000000,1004838071283,5.071284,-78.38,128
4834,1004834000000,1004839026781,5.026781,-50.03,128
4835,1004835000000,1004840156027,5.156028,-18.82,128
4836,1004836000000,1004840589016,4.589016,61.44,128
4837,1004837000000,1004841017750,4.01775,139.6,128
4838,1004838000000,1004842911950,4.911951,255.79,128
4839,1004839000000,1004843686951,4.686952,-170.21,128
4840,1004840000000,1004844829753,4.829753,-26.3,128
4841,1004841000000,1004847003026,6.003026,103.17,128
4842,1004842000000,1004847098550,5.09855,-6.15,128
4843,1004843000000,1004848376736,5.376736,156.91,128
4844,1004844000000,1004848716248,4.716249,-45.7,128
4845,1004845000000,1004850819686,5.819687,-163.78,128
4846,1004846000000,1004850542955,4.542956,-143.24,128
4847,1004847000000,1004852593120,5.59312,-67.17,128
4848,1004848000000,1004852457052,4.457053,103.62,128
4849,1004849000000,1004853603027,4.603027,180.47,128
4850,1004850000000,1004854495897,4.495897,-102.75,128
4851,1004851000000,1004855641606,4.641606,-3.94,128
4852,1004852000000,1004856750850,4.750851,-113.47,128
4853,1004853000000,1004858414043,5.414043,-35.26,128
4854,1004854000000,1004858421456,4.421456,33.79,128
4855,1004855000000,1004859658166,4.658167,-119.83,128
4856,1004856000000,1004861851173,5.851173,114.31,128
4857,1004857000000,1004861177341,4.177341,39.92,128
4858,1004858000000,1004862771701,4.771702,-47.96,128
4859,1004859000000,1004864160944,5.160945,-56.31,128
4860,1004860000000,1004865611306,5.611307,-36.05,128
4861,1004861000000,1004866564170,5.564171,-60.5,128
4862,1004862000000,1004867426744,5.426745,186.51,128
4863,1004863000000,1004867584536,4.584537,187.88,128
4864,1004864000000,1004868783568,4.783568,-63.64,128
4865,1004865000000,1004870402390,5.402391,-0.42,128
4866,1004866000000,1004870713908,4.713908,49.2,128
4867,1004867000000,1004871925898,4.925899,46.05,128
4868,1004868000000,1004873541943,5.541943,67.36,128
4869,1004869000000,1004874214306,5.214306,-58.82,128
4870,1004870000000,1004874521173,4.521174,61.23,128
4871,1004871000000,1004877087762,6.087762,-59.5,128
4872,1004872000000,1004876991853,4.991854,40.72,128
4873,1004873000000,1004877713710,4.71371,208.82,128
4874,1004874000000,1004878820085,4.820086,47.22,128
4875,1004875000000,1004880207151,5.207152,-129.57,128
4876,1004876000000,1004880200735,4.200736,269.86,128
4877,1004877000000,1004881020497,4.020497,9.51,128
4878,1004878000000,1004883651985,5.651986,138.1,128
4879,1004879000000,1004883863614,4.863615,-21.94,128
4880,1004880000000,1004884738244,4.738245,25.48,128
4881,1004881000000,1004885850080,4.850081,38.43,128
4882,1004882000000,1004886667509,4.66751,82.39,128
4883,1004883000000,1004888851572,5.851573,-81.74,128
4884,1004884000000,1004888662685,4.662686,5.19,128
4885,1004885000000,1004889875547,4.875548,14.18,128
4886,1004886000000,1004892034904,6.034904,80.63,128
4887,1004887000000,1004892278246,5.278246,-128.35,128
4888,1004888000000,1004893015203,5.015204,-71.5,128
4889,1004889000000,1004893817399,4.8174,158.84,128
4890,1004890000000,1004896020134,6.020135,-199.59,128
4891,1004891000000,1004895794098,4.794099,27.07,128
4892,1004892000000,1004897454353,5.454354,119.14,128
4893,1004893000000,1004899266840,6.26684,-30.71,128
4894,1004894000000,1004899256885,5.256885,-64.56,128
4895,1004895000000,1004900360758,5.360759,-34.05,128
4896,1004896000000,1004901292475,5.292475,-0.27,128
4897,1004897000000,1004901250044,4.250045,-192.92,128
4898,1004898000000,1004902850762,4.850762,63.33,128
4899,1004899000000,1004903698722,4.698723,-14.23,128
4900,1004900000000,1004904985608,4.985609,26.95,128
4901,1004901000000,1004905682281,4.682281,-200.46,128
4902,1004902000000,1004907796052,5.796052,180.08,128
4903,1004903000000,1004908232407,5.232408,11.09,128
4904,1004904000000,1004910105959,6.10596,-129.42,128
4905,1004905000000,1004909930852,4.930853,-22.73,128
4906,1004906000000,1004910390297,4.390298,185.69,128
4907,1004907000000,1004912082916,5.082916,-88.18,128
4908,1004908000000,1004912603585,4.603585,76.86,128
4909,1004909000000,1004913843554,4.843554,86.37,128
4910,1004910000000,1004915012131,5.012132,-47.4,128
4911,1004911000000,1004915640638,4.640639,-147.05,128
4912,1004912000000,1004916363023,4.363023,-47.76,128
4913,1004913000000,1004917577344,4.577344,-72.35,128
4914,1004914000000,1004919322509,5.32251,-114.11,128
4915,1004915000000,1004919553692,4.553693,87.45,128
4916,1004916000000,1004920212862,4.212862,63.23,128
4917,1004917000000,1004921543622,4.543622,182.77,128
4918,1004918000000,1004923642228,5.642229,122.09,128
4919,1004919000000,1004924061840,5.061841,-35.41,128
4920,1004920000000,1004925063504,5.063505,20.29,128
4921,1004921000000,1004926212618,5.212618,-4.98,128
4922,1004922000000,1004927665787,5.665788,12.3,128
4923,1004923000000,1004927877569,4.87757,155.45,128
4924,1004924000000,1004929157579,5.157579,-80.59,128
4925,1004925000000,1004929604709,4.604709,-72.29,128
4926,1004926000000,1004930912382,4.912382,-81.34,128
4927,1004927000000,1004931720188,4.720188,71.37,128
4928,1004928000000,1004932779813,4.779814,-24.96,128
4929,1004929000000,1004933990510,4.99051,87.02,128
4930,1004930000000,1004934705408,4.705408,15.84,128
4931,1004931000000,1004936873576,5.873577,-60.06,128
4932,1004932000000,1004936495575,4.495576,41.06,128
4933,1004933000000,1004938092391,5.092391,-1.25,128
4934,1004934000000,1004939654937,5.654938,-3.18,128
4935,1004935000000,1004939967739,4.967739,-86.85,128
4936,1004936000000,1004939928357,3.928357,4.91,128
4937,1004937000000,1004941642260,4.642261,67.07,128
4938,1004938000000,1004942956764,4.956764,-82.08,128
4939,1004939000000,1004943871321,4.871322,-168.88,128
4940,1004940000000,1004945972845,5.972846,-10.24,128
4941,1004941000000,1004946899528,5.899528,-50.97,128
4942,1004942000000,1004946455358,4.455359,80.78,128
4943,1004943000000,1004947698704,4.698705,129.24,128
4944,1004944000000,1004948749293,4.749293,14.2,128
4945,1004945000000,1004950156610,5.156611,-110.87,128
4946,1004946000000,1004951323776,5.323777,12.91,128
4947,1004947000000,1004951401677,4.401677,-110.93,128
4948,1004948000000,1004952956550,4.95655,53.09,128
4949,1004949000000,1004953899029,4.89903,40.52,128
4950,1004950000000,1004954963080,4.96308,-53.84,128
4951,1004951000000,1004956237509,5.23751,46.26,128
4952,1004952000000,1004957034698,5.034699,-74.23,128
4953,1004953000000,1004957817398,4.817398,109.02,128
4954,1004954000000,1004958960774,4.960774,78.54,128
4955,1004955000000,1004959753675,4.753676,-44.28,128
4956,1004956000000,1004961696084,5.696084,15.27,128
4957,1004957000000,1004962748538,5.748539,-0.99,128
4958,1004958000000,1004963795745,5.795745,10.21,128
4959,1004959000000,1004963815874,4.815875,176.09,128
4960,1004960000000,1004965248106,5.248107,-58.75,128
4961,1004961000000,1004966858187,5.858188,-84.1,128
4962,1004962000000,1004967340797,5.340797,74.7,128
4963,1004963000000,1004967823885,4.823886,182.12,128
4964,1004964000000,1004969398977,5.398977,214.84,128
4965,1004965000000,1004970023903,5.023904,-32.47,128
4966,1004966000000,1004971224407,5.224407,81.93,128
4967,1004967000000,1004971297177,4.297178,-3.72,128
4968,1004968000000,1004972412277,4.412277,83.81,128
4969,1004969000000,1004975254116,6.254116,1.87,128
4970,1004970000000,1004974195968,4.195968,-55.73,128
4971,1004971000000,1004975915283,4.915283,-145.19,128
4972,1004972000000,1004976929555,4.929556,31.28,128
4973,1004973000000,1004977618629,4.618629,37.87,128
4974,1004974000000,1004978703350,4.703351,160.83,128
4975,1004975000000,1004980128438,5.128439,-93.78,128
4976,1004976000000,1004980797546,4.797546,93.62,128
4977,1004977000000,1004981831730,4.83173,9.03,128
4978,1004978000000,1004983249334,5.249334,146.43,128
4979,1004979000000,1004983735170,4.73517,83.19,128
4980,1004980000000,1004984996635,4.996636,-38.44,128
4981,1004981000000,1004986780857,5.780858,-36.77,128
4982,1004982000000,1004986660518,4.660519,-23.96,128
4983,1004983000000,1004988638470,5.638471,-79.65,128
4984,1004984000000,1004989264766,5.264767,35.3,128
4985,1004985000000,1004990119804,5.119804,65.15,128
4986,1004986000000,1004991150968,5.150969,58.62,128
4987,1004987000000,1004992202722,5.202722,-97.83,128
4988,1004988000000,1004992374268,4.374269,-112.45,128
4989,1004989000000,1004992842155,3.842156,-88.0,128
4990,1004990000000,1004995251147,5.251147,-156.85,128
4991,1004991000000,1004995664054,4.664054,-100.88,128
4992,1004992000000,1004997346711,5.346712,-67.33,128
4993,1004993000000,1004998671225,5.671226,-0.09,128
4994,1004994000000,1004998343568,4.343568,-2.28,128
4995,1004995000000,1005000444896,5.444896,-15.62,128
4996,1004996000000,1005001660781,5.660782,-41.44,128
4997,1004997000000,1005001464389,4.46439,88.59,128
4998,1004998000000,1005003593283,5.593284,73.26,128
4999,1004999000000,1005004355147,5.355148,-36.01,128
